Followers,Following,Posts,Engagement Rate (%),Avg Likes per Post,Avg Comments per Post,Verified,Account Age (Years),Bio Text,Account Type
4473,1188,360,5.12,911,54,0,11,Foodie | Reviews and recipes,Real
3509,189,172,5.61,583,67,1,6,Foodie | Reviews and recipes,Fake
36038,2837,54,2.48,705,39,0,8,Entrepreneur & lifestyle blogger,Real
48584,1809,179,2.55,631,96,0,9,Aspiring artist | Drawing my dreams,Real
6953,4031,281,4.56,170,25,0,11,Photographer and content creator 📸,Fake
39483,1042,50,3.35,121,96,0,6,DM for collaborations or inquiries!,Real
13267,4628,427,4.2,240,67,0,4,Follow for daily inspiration 🌟,Real
19516,4539,53,2.92,559,94,0,3,Business inquiries? Contact below 👇,Real
23734,3233,273,0.24,231,63,0,4,Sharing moments from my journey,Real
19885,3534,179,2.66,41,95,0,5,Passionate traveler and food lover,Real
38724,506,316,2.44,725,80,0,7,Business inquiries? Contact below 👇,Fake
7212,1389,334,1.79,920,24,0,2,DM for collaborations or inquiries!,Fake
4811,2771,346,7.44,768,93,0,7,Entrepreneur & lifestyle blogger,Real
36031,1158,41,1.57,575,82,0,6,Nature lover | Saving the planet 🌍,Fake
44551,131,104,4.08,581,95,0,10,Love exploring new places 🌎,Real
27670,871,244,8.47,89,69,0,3,Sharing moments from my journey,Real
4858,82,426,0.33,370,40,0,11,Passionate traveler and food lover,Real
17071,4236,153,9.97,584,86,0,2,Aspiring artist | Drawing my dreams,Fake
7933,3831,409,4.04,313,67,0,3,Photographer and content creator 📸,Real
23687,1823,228,8.21,880,3,0,9,Nature lover | Saving the planet 🌍,Fake
12830,4420,212,4.89,208,61,0,8,Business inquiries? Contact below 👇,Real
12664,2519,300,6.18,982,33,0,2,Sharing moments from my journey,Real
33942,4019,147,1.48,207,11,0,6,Fitness enthusiast 💪 | Health advocate,Real
35167,4752,312,5.4,78,35,0,4,Photographer and content creator 📸,Fake
11465,4327,178,6.46,106,46,0,7,Business inquiries? Contact below 👇,Fake
5326,1072,56,9.35,273,37,0,5,Aspiring artist | Drawing my dreams,Fake
15824,4815,299,5.06,132,36,0,11,Entrepreneur & lifestyle blogger,Real
8216,479,167,9.24,896,85,0,4,Passionate traveler and food lover,Real
6784,2647,77,0.41,521,74,1,10,Follow for daily inspiration 🌟,Real
46864,2798,145,2.26,708,98,0,7,Sharing moments from my journey,Real
25325,1315,72,0.03,575,8,1,10,Entrepreneur & lifestyle blogger,Fake
37234,1298,446,4.23,837,92,0,2,DM for collaborations or inquiries!,Real
7002,1665,284,2.13,675,97,0,7,Check out my website for more updates!,Real
42934,3329,34,5.13,58,3,0,7,Passionate traveler and food lover,Fake
7917,3392,197,0.96,626,45,0,7,Fitness enthusiast 💪 | Health advocate,Real
18382,1711,239,5.11,273,2,0,5,Aspiring artist | Drawing my dreams,Real
25289,3341,6,8.78,485,9,0,4,Personal blog | Stay positive ✨,Fake
42075,2251,324,2.96,411,46,0,9,Business inquiries? Contact below 👇,Real
2429,4554,308,2.88,287,60,0,2,Digital nomad living my best life 🌴,Real
31309,417,213,8.08,827,78,0,1,DM for collaborations or inquiries!,Real
48659,1897,375,0.06,489,15,1,5,Sharing moments from my journey,Real
16507,2175,339,2.29,101,81,0,10,Love exploring new places 🌎,Real
35877,3110,7,1.31,757,58,0,4,Sharing moments from my journey,Fake
15782,954,180,7.37,190,15,0,9,Foodie | Reviews and recipes,Fake
32666,3834,105,7.49,313,17,0,8,Digital nomad living my best life 🌴,Fake
32322,1239,67,5.23,780,85,0,2,Check out my website for more updates!,Real
47562,1685,340,3.96,787,36,0,4,Passionate traveler and food lover,Fake
39911,241,227,6.39,522,71,0,2,Personal blog | Stay positive ✨,Real
9364,2610,427,4.54,553,33,0,11,Follow for daily inspiration 🌟,Fake
35163,1283,45,3.85,450,8,0,8,Photographer and content creator 📸,Fake
37615,4084,359,3.5,78,72,1,8,Nature lover | Saving the planet 🌍,Fake
17886,2289,339,5.1,159,36,0,3,Entrepreneur & lifestyle blogger,Fake
29718,4115,224,1.02,750,30,0,9,Passionate traveler and food lover,Fake
26854,2005,46,4.54,32,63,0,7,Photographer and content creator 📸,Fake
13765,157,153,9.07,219,59,0,8,Aspiring artist | Drawing my dreams,Real
36048,3961,362,6.04,948,94,0,6,Aspiring artist | Drawing my dreams,Fake
913,3650,7,9.08,881,4,0,10,Check out my website for more updates!,Fake
32993,2683,406,1.7,260,98,0,11,Entrepreneur & lifestyle blogger,Fake
12960,1182,293,5.02,857,81,0,6,Sharing moments from my journey,Real
27010,3437,249,3.79,363,56,0,10,Digital nomad living my best life 🌴,Real
49976,2055,245,6.34,156,45,0,8,Follow for daily inspiration 🌟,Fake
14240,1957,346,4.59,654,9,0,10,Love exploring new places 🌎,Fake
7654,2474,356,4.41,333,67,0,1,Follow for daily inspiration 🌟,Real
8217,4748,55,0.09,830,42,0,4,Nature lover | Saving the planet 🌍,Real
5997,3135,274,0.73,358,70,0,7,Digital nomad living my best life 🌴,Fake
49063,4163,471,1.58,81,20,0,7,Fitness enthusiast 💪 | Health advocate,Fake
16587,2226,374,3.37,843,71,0,3,Passionate traveler and food lover,Fake
17971,4288,53,5.76,179,8,1,4,Business inquiries? Contact below 👇,Real
35108,1122,256,4.06,279,54,1,5,Entrepreneur & lifestyle blogger,Fake
35197,3796,451,2.94,294,48,0,7,Nature lover | Saving the planet 🌍,Real
20067,2824,477,5.01,955,65,0,11,Sharing moments from my journey,Real
36053,2996,142,5.13,731,52,0,11,Love exploring new places 🌎,Fake
43827,3597,155,7.5,249,6,0,3,Fitness enthusiast 💪 | Health advocate,Real
46738,1082,348,7.79,256,43,0,8,Business inquiries? Contact below 👇,Real
9070,128,271,2.45,174,84,0,7,Business inquiries? Contact below 👇,Fake
37499,898,400,1.67,707,63,0,4,Nature lover | Saving the planet 🌍,Fake
40511,2818,242,6.5,179,91,0,10,Fitness enthusiast 💪 | Health advocate,Real
21500,3552,140,6.57,6,35,0,8,Nature lover | Saving the planet 🌍,Fake
31611,1353,21,2.49,489,1,0,8,Digital nomad living my best life 🌴,Fake
22702,11,317,6.11,792,38,0,9,Check out my website for more updates!,Fake
15282,380,394,7.24,369,47,0,4,Photographer and content creator 📸,Real
1241,1151,369,1.29,765,15,0,10,Follow for daily inspiration 🌟,Real
35733,1999,290,6.64,282,5,0,11,Fitness enthusiast 💪 | Health advocate,Real
19276,3946,364,7.3,217,6,0,6,Photographer and content creator 📸,Real
23621,815,248,2.75,620,25,0,2,Passionate traveler and food lover,Fake
30230,4854,388,3.51,620,44,0,8,Personal blog | Stay positive ✨,Real
4758,454,13,3.29,225,4,0,11,Check out my website for more updates!,Real
9832,4561,204,1.08,619,12,0,4,Love exploring new places 🌎,Fake
23979,361,245,1.45,601,62,0,10,Foodie | Reviews and recipes,Real
36258,2347,188,3.17,554,11,0,8,Fitness enthusiast 💪 | Health advocate,Real
26545,1861,165,4.04,318,87,1,10,Photographer and content creator 📸,Fake
28332,2210,174,0.13,165,63,0,10,Sharing moments from my journey,Real
19930,2599,272,4.2,438,43,0,6,Business inquiries? Contact below 👇,Fake
48443,1167,107,9.03,312,66,0,3,Passionate traveler and food lover,Fake
32464,2542,341,4.02,451,18,0,9,Personal blog | Stay positive ✨,Real
39489,3016,272,5.11,626,85,0,4,Check out my website for more updates!,Fake
159,4294,147,3.56,497,72,0,9,Nature lover | Saving the planet 🌍,Fake
23316,3003,168,5.24,277,37,0,6,Passionate traveler and food lover,Real
42197,699,382,0.88,652,83,0,4,Sharing moments from my journey,Real
3439,342,307,2.6,78,74,0,10,Love exploring new places 🌎,Fake
17257,637,176,4.0,919,55,0,3,Digital nomad living my best life 🌴,Fake
45280,3767,362,6.47,195,45,0,1,Follow for daily inspiration 🌟,Real
16213,129,92,7.74,251,12,1,3,DM for collaborations or inquiries!,Real
40521,206,106,6.33,262,91,0,3,Nature lover | Saving the planet 🌍,Real
2536,4530,233,0.01,276,76,0,4,Photographer and content creator 📸,Fake
49590,491,392,5.63,434,39,1,6,Digital nomad living my best life 🌴,Fake
7697,826,471,5.87,699,18,0,6,Entrepreneur & lifestyle blogger,Fake
44315,2162,374,1.36,886,97,0,7,Personal blog | Stay positive ✨,Real
38381,1675,294,6.96,757,67,1,7,Personal blog | Stay positive ✨,Fake
43409,4663,470,7.75,206,30,0,5,DM for collaborations or inquiries!,Fake
9985,1246,462,7.09,524,97,1,4,Personal blog | Stay positive ✨,Fake
39141,1054,284,5.34,425,3,0,8,DM for collaborations or inquiries!,Real
34414,4688,229,6.02,336,21,0,5,Entrepreneur & lifestyle blogger,Real
38499,1977,30,0.86,454,41,0,6,Passionate traveler and food lover,Real
38070,4846,56,8.26,792,73,1,4,Passionate traveler and food lover,Real
43744,4252,177,2.59,443,46,1,4,Check out my website for more updates!,Real
42551,139,412,9.95,534,63,0,3,Digital nomad living my best life 🌴,Fake
47609,4632,174,0.12,635,33,0,2,Check out my website for more updates!,Real
30543,3729,321,3.86,184,92,0,4,Love exploring new places 🌎,Real
40144,1223,44,4.4,895,31,0,7,Business inquiries? Contact below 👇,Fake
31034,4017,415,7.11,157,92,0,3,Passionate traveler and food lover,Fake
2236,3710,174,7.66,197,6,0,10,Entrepreneur & lifestyle blogger,Real
29966,2394,57,5.83,64,83,0,9,Business inquiries? Contact below 👇,Real
7352,4796,468,7.72,898,49,0,8,Love exploring new places 🌎,Fake
37628,3512,429,9.58,571,54,0,7,Foodie | Reviews and recipes,Fake
20126,1294,323,0.45,170,15,0,7,Sharing moments from my journey,Fake
26787,770,73,5.08,527,10,0,2,Follow for daily inspiration 🌟,Fake
7360,2315,186,5.77,509,33,0,8,Digital nomad living my best life 🌴,Fake
3774,445,381,2.47,310,41,0,7,Aspiring artist | Drawing my dreams,Real
23855,1580,376,1.43,862,29,0,8,Follow for daily inspiration 🌟,Real
2020,2177,81,8.43,490,68,0,3,Love exploring new places 🌎,Fake
45980,894,228,9.75,73,31,0,11,Nature lover | Saving the planet 🌍,Fake
27389,686,229,5.06,837,74,0,5,Foodie | Reviews and recipes,Fake
13888,660,339,5.96,222,72,0,4,Check out my website for more updates!,Fake
41199,1233,471,2.58,10,2,0,6,Check out my website for more updates!,Real
44427,3112,306,3.02,10,27,0,10,Business inquiries? Contact below 👇,Real
47233,3048,185,5.25,599,12,0,10,Love exploring new places 🌎,Real
28267,793,170,5.78,747,77,0,4,Aspiring artist | Drawing my dreams,Fake
28771,359,104,8.11,282,43,0,6,Business inquiries? Contact below 👇,Fake
44859,3475,9,3.52,490,47,0,5,Follow for daily inspiration 🌟,Fake
6654,2437,346,5.57,912,74,1,11,Check out my website for more updates!,Real
32148,3466,86,9.32,56,32,0,4,Aspiring artist | Drawing my dreams,Real
15711,3132,351,8.41,323,57,0,2,Passionate traveler and food lover,Real
42721,1382,71,8.48,370,20,0,11,Aspiring artist | Drawing my dreams,Fake
30350,3724,395,6.85,68,21,0,2,DM for collaborations or inquiries!,Real
22412,1503,110,6.61,671,0,0,2,Photographer and content creator 📸,Fake
37855,4874,258,2.25,671,3,0,4,Aspiring artist | Drawing my dreams,Fake
47812,3570,128,3.79,75,54,0,6,Digital nomad living my best life 🌴,Fake
43218,2378,314,10.0,806,37,0,7,Aspiring artist | Drawing my dreams,Real
23802,3963,152,9.8,861,46,0,4,Nature lover | Saving the planet 🌍,Real
43372,2147,0,1.3,155,58,0,11,Entrepreneur & lifestyle blogger,Real
35875,4251,420,3.95,0,19,0,9,Sharing moments from my journey,Fake
18446,892,400,9.57,592,74,0,3,Personal blog | Stay positive ✨,Real
31161,1187,187,2.81,772,40,0,10,Personal blog | Stay positive ✨,Real
48086,408,452,7.99,57,44,0,9,Check out my website for more updates!,Fake
3585,1803,201,8.78,676,51,0,9,Nature lover | Saving the planet 🌍,Fake
3316,614,198,0.97,890,67,1,10,Fitness enthusiast 💪 | Health advocate,Fake
23314,578,397,9.07,699,76,0,4,Photographer and content creator 📸,Real
30438,3723,109,9.88,999,57,0,8,Check out my website for more updates!,Fake
26989,1771,484,8.47,495,80,0,3,Personal blog | Stay positive ✨,Fake
14399,2318,415,3.75,141,3,0,8,Entrepreneur & lifestyle blogger,Fake
21199,2300,257,0.02,66,98,0,5,Personal blog | Stay positive ✨,Real
33092,665,329,2.38,273,24,0,3,Aspiring artist | Drawing my dreams,Fake
5727,4169,148,7.14,350,46,0,3,Business inquiries? Contact below 👇,Real
3235,1465,343,8.31,500,61,0,8,Business inquiries? Contact below 👇,Fake
46770,4019,249,3.11,700,96,0,10,DM for collaborations or inquiries!,Fake
29503,3428,405,2.3,292,59,0,5,Photographer and content creator 📸,Fake
48896,897,105,0.5,910,27,0,11,Sharing moments from my journey,Real
4437,1467,258,5.48,981,60,0,6,Digital nomad living my best life 🌴,Fake
26241,433,263,4.96,356,0,0,11,Check out my website for more updates!,Fake
345,1657,306,2.97,596,57,0,10,Love exploring new places 🌎,Fake
24244,2881,328,8.36,530,74,0,2,Entrepreneur & lifestyle blogger,Fake
13498,3631,443,3.15,450,86,0,6,Photographer and content creator 📸,Fake
41542,1131,409,8.71,783,44,1,10,Entrepreneur & lifestyle blogger,Real
44838,1588,143,4.72,138,34,0,10,DM for collaborations or inquiries!,Real
12740,2105,169,5.9,966,25,0,2,Entrepreneur & lifestyle blogger,Real
20692,3604,8,2.17,862,48,0,3,Foodie | Reviews and recipes,Fake
20734,4879,289,2.27,936,29,0,7,Nature lover | Saving the planet 🌍,Real
12664,1094,451,6.6,515,89,0,3,Fitness enthusiast 💪 | Health advocate,Fake
19127,4579,276,4.35,3,69,0,2,Fitness enthusiast 💪 | Health advocate,Real
36768,175,453,5.59,342,30,1,8,Nature lover | Saving the planet 🌍,Fake
22881,2368,256,3.41,724,12,0,11,Follow for daily inspiration 🌟,Fake
22536,2714,358,3.52,710,46,0,7,Sharing moments from my journey,Real
25099,3272,254,3.15,474,69,0,9,Aspiring artist | Drawing my dreams,Real
35590,2151,25,8.4,348,21,0,7,Sharing moments from my journey,Real
38525,1513,153,3.04,115,23,0,5,Personal blog | Stay positive ✨,Real
9688,3190,265,0.2,730,85,0,10,Entrepreneur & lifestyle blogger,Real
49405,3615,395,2.63,880,99,0,11,Digital nomad living my best life 🌴,Real
35029,3059,361,2.98,646,25,0,10,Foodie | Reviews and recipes,Fake
35065,3509,483,4.05,183,91,0,3,Photographer and content creator 📸,Fake
34144,2658,493,9.7,508,8,1,6,Love exploring new places 🌎,Real
23202,1985,114,0.93,920,77,0,9,Follow for daily inspiration 🌟,Real
33071,1994,134,4.25,755,85,0,2,Aspiring artist | Drawing my dreams,Real
12818,2751,110,0.95,186,45,0,7,Personal blog | Stay positive ✨,Fake
3215,4361,45,6.41,764,12,0,5,Check out my website for more updates!,Real
34093,3204,59,7.64,181,11,0,4,Fitness enthusiast 💪 | Health advocate,Real
23708,1893,447,6.24,265,1,0,10,Aspiring artist | Drawing my dreams,Fake
19376,2505,5,5.73,345,13,0,9,Aspiring artist | Drawing my dreams,Fake
2808,1028,317,5.81,858,51,0,3,Photographer and content creator 📸,Fake
38935,4336,180,8.59,789,92,0,2,Check out my website for more updates!,Fake
6394,1459,467,0.03,539,53,0,2,Follow for daily inspiration 🌟,Fake
36088,2888,426,9.06,881,1,0,10,Business inquiries? Contact below 👇,Real
48876,21,498,1.06,540,64,0,4,Aspiring artist | Drawing my dreams,Real
23307,2108,343,6.17,679,12,0,5,Nature lover | Saving the planet 🌍,Fake
20737,2740,223,6.42,598,11,0,6,Passionate traveler and food lover,Real
32145,4574,295,8.38,594,71,0,11,Follow for daily inspiration 🌟,Real
19142,3828,240,0.23,158,91,0,11,Check out my website for more updates!,Fake
34333,2792,195,8.21,517,55,0,6,Sharing moments from my journey,Fake
16308,1761,311,9.33,199,2,0,7,Sharing moments from my journey,Fake
15745,986,424,5.39,254,63,1,7,Entrepreneur & lifestyle blogger,Fake
43669,953,296,1.13,889,81,0,8,Business inquiries? Contact below 👇,Real
8268,4318,475,1.46,280,6,0,2,Fitness enthusiast 💪 | Health advocate,Real
36547,4872,55,6.04,730,52,0,11,Photographer and content creator 📸,Real
42405,545,448,5.04,404,68,0,3,Follow for daily inspiration 🌟,Real
27261,3181,161,9.83,105,70,0,6,Check out my website for more updates!,Real
37803,4135,223,9.87,532,19,0,2,Foodie | Reviews and recipes,Fake
49015,1424,0,4.05,259,27,0,1,Aspiring artist | Drawing my dreams,Fake
28000,1843,9,2.39,331,19,0,3,Foodie | Reviews and recipes,Fake
46396,116,118,7.61,183,45,1,10,DM for collaborations or inquiries!,Real
29537,3239,276,7.0,829,97,0,9,Sharing moments from my journey,Real
9427,2586,472,3.14,398,58,0,3,Follow for daily inspiration 🌟,Real
35389,1946,177,2.93,128,15,0,2,Aspiring artist | Drawing my dreams,Fake
49513,1231,243,6.63,645,71,0,8,Personal blog | Stay positive ✨,Real
25219,4344,482,7.39,879,73,0,8,Photographer and content creator 📸,Real
24928,2351,427,9.42,209,56,0,8,Follow for daily inspiration 🌟,Fake
49979,1214,384,1.25,323,12,0,3,Sharing moments from my journey,Real
33224,509,494,6.58,384,66,0,11,Digital nomad living my best life 🌴,Real
18722,1896,80,2.28,257,4,0,2,Follow for daily inspiration 🌟,Fake
14894,428,255,0.26,923,4,0,7,Personal blog | Stay positive ✨,Fake
35652,574,327,5.62,565,6,0,1,Digital nomad living my best life 🌴,Fake
9605,1324,166,5.71,366,42,0,4,Aspiring artist | Drawing my dreams,Fake
40216,3925,57,7.66,567,86,0,3,Personal blog | Stay positive ✨,Real
2180,2218,215,1.63,494,16,0,11,Digital nomad living my best life 🌴,Fake
21460,3963,354,3.62,159,37,0,4,Love exploring new places 🌎,Fake
3252,2138,9,6.37,256,66,1,7,Passionate traveler and food lover,Fake
29535,4460,21,3.08,461,10,0,1,Digital nomad living my best life 🌴,Real
43684,2926,360,3.33,425,68,0,9,Nature lover | Saving the planet 🌍,Real
28618,415,56,8.05,900,87,0,5,Passionate traveler and food lover,Fake
12267,4445,32,6.74,497,30,0,1,Photographer and content creator 📸,Real
25920,3018,166,9.05,339,75,0,4,Fitness enthusiast 💪 | Health advocate,Real
36034,4812,461,7.01,202,46,0,8,Nature lover | Saving the planet 🌍,Fake
36240,4709,38,5.26,907,82,0,9,Foodie | Reviews and recipes,Fake
41356,4666,191,0.11,508,12,0,5,Aspiring artist | Drawing my dreams,Fake
4519,2272,398,5.54,613,71,0,9,Entrepreneur & lifestyle blogger,Real
47692,2671,48,6.75,236,12,0,7,Business inquiries? Contact below 👇,Fake
23399,2947,105,5.5,770,63,0,7,Photographer and content creator 📸,Fake
42341,3645,186,5.78,708,17,0,2,DM for collaborations or inquiries!,Real
32408,165,5,2.06,828,94,0,3,Love exploring new places 🌎,Fake
28396,1406,394,4.21,922,75,0,10,Follow for daily inspiration 🌟,Real
37732,2204,438,3.93,329,3,0,6,Love exploring new places 🌎,Real
21295,3343,305,3.18,556,4,0,2,Aspiring artist | Drawing my dreams,Fake
46983,2038,296,2.41,1,72,0,1,Passionate traveler and food lover,Real
47162,2791,471,8.45,520,22,0,11,Love exploring new places 🌎,Fake
4122,1892,19,2.3,544,40,0,4,Business inquiries? Contact below 👇,Real
33832,263,417,8.87,558,20,0,10,Follow for daily inspiration 🌟,Fake
46054,1770,491,1.53,887,67,0,4,Entrepreneur & lifestyle blogger,Real
11171,179,495,0.31,883,92,0,8,Personal blog | Stay positive ✨,Real
2598,1744,345,6.18,552,79,0,8,DM for collaborations or inquiries!,Real
26608,3450,460,8.56,426,84,0,9,Follow for daily inspiration 🌟,Real
46541,1396,283,5.58,881,85,0,8,Business inquiries? Contact below 👇,Real
7684,3251,0,8.77,265,22,0,9,Check out my website for more updates!,Fake
39106,4216,228,8.36,63,74,0,7,Personal blog | Stay positive ✨,Fake
31681,1310,452,6.94,853,28,0,4,Nature lover | Saving the planet 🌍,Fake
32650,3116,227,9.87,204,11,0,2,Fitness enthusiast 💪 | Health advocate,Fake
19057,312,175,5.09,14,15,0,10,Business inquiries? Contact below 👇,Fake
29227,2215,113,8.09,931,18,0,11,Photographer and content creator 📸,Fake
43866,1804,151,1.32,564,42,0,2,Photographer and content creator 📸,Real
45467,3374,376,8.78,672,86,0,11,Business inquiries? Contact below 👇,Fake
29201,4754,261,2.98,986,9,0,9,Follow for daily inspiration 🌟,Real
49143,4514,483,2.54,702,57,0,2,Entrepreneur & lifestyle blogger,Fake
5439,1345,67,9.52,620,44,0,7,Business inquiries? Contact below 👇,Real
31995,1485,49,1.03,137,65,0,8,Follow for daily inspiration 🌟,Real
35520,1464,175,6.27,823,14,0,4,Sharing moments from my journey,Fake
28589,4368,4,2.86,21,38,0,8,Foodie | Reviews and recipes,Fake
29908,1335,391,4.82,460,78,0,11,Fitness enthusiast 💪 | Health advocate,Fake
13058,4036,345,8.05,726,17,0,2,DM for collaborations or inquiries!,Real
18041,1415,317,3.27,338,93,0,1,DM for collaborations or inquiries!,Real
11488,3874,366,9.23,49,25,0,2,Check out my website for more updates!,Real
32604,3643,258,5.78,504,0,0,1,Follow for daily inspiration 🌟,Real
19758,76,204,7.72,804,2,1,8,Personal blog | Stay positive ✨,Real
46342,4340,453,6.15,450,13,0,7,DM for collaborations or inquiries!,Fake
42060,3320,391,4.59,377,92,0,4,Follow for daily inspiration 🌟,Fake
37446,3098,358,6.03,642,32,0,4,Foodie | Reviews and recipes,Fake
3212,3694,91,2.75,338,80,0,4,Digital nomad living my best life 🌴,Fake
34884,1415,220,7.85,724,82,0,10,Photographer and content creator 📸,Fake
24349,3942,265,8.95,465,73,1,2,Foodie | Reviews and recipes,Fake
17555,3817,126,9.52,304,60,0,3,Love exploring new places 🌎,Fake
334,2565,134,6.79,329,68,0,2,DM for collaborations or inquiries!,Fake
1723,697,402,3.36,604,33,0,3,Digital nomad living my best life 🌴,Real
10910,3776,343,7.19,880,46,0,4,DM for collaborations or inquiries!,Fake
42602,3540,28,9.0,930,49,0,2,Aspiring artist | Drawing my dreams,Real
14898,15,268,7.51,412,63,0,7,Digital nomad living my best life 🌴,Real
28772,1588,417,3.77,961,10,0,6,Fitness enthusiast 💪 | Health advocate,Real
17511,536,29,4.53,337,21,0,2,Aspiring artist | Drawing my dreams,Fake
16582,2444,88,8.85,518,8,0,7,DM for collaborations or inquiries!,Real
26006,939,8,4.6,338,73,1,8,Photographer and content creator 📸,Fake
29396,4580,440,8.29,178,43,0,3,Business inquiries? Contact below 👇,Fake
41980,3632,424,0.37,649,54,0,6,Business inquiries? Contact below 👇,Fake
16127,1947,181,8.71,21,43,0,9,Aspiring artist | Drawing my dreams,Real
9613,1575,318,3.64,261,22,1,9,Photographer and content creator 📸,Fake
40814,4320,365,4.02,632,80,0,10,Entrepreneur & lifestyle blogger,Fake
2713,2534,17,8.98,546,12,0,7,Business inquiries? Contact below 👇,Fake
31953,3557,457,9.16,784,40,0,4,Digital nomad living my best life 🌴,Fake
48264,1662,96,9.44,949,27,0,7,Fitness enthusiast 💪 | Health advocate,Fake
6359,4137,410,5.21,565,26,0,11,Follow for daily inspiration 🌟,Real
26550,1708,448,8.41,282,74,0,3,Photographer and content creator 📸,Real
10691,3936,88,1.62,787,83,0,2,Passionate traveler and food lover,Real
30312,2116,364,4.21,726,81,0,4,Personal blog | Stay positive ✨,Fake
9751,3570,41,1.98,262,61,0,4,Sharing moments from my journey,Fake
44907,3985,112,6.89,56,85,0,4,Passionate traveler and food lover,Fake
40034,1079,29,3.1,623,28,0,3,Follow for daily inspiration 🌟,Real
47014,776,55,6.97,515,48,0,9,Love exploring new places 🌎,Fake
5017,2556,188,4.05,512,32,0,9,Passionate traveler and food lover,Real
12279,4415,144,2.24,142,61,1,8,Entrepreneur & lifestyle blogger,Fake
42838,1471,32,1.43,101,53,0,3,Photographer and content creator 📸,Real
7364,579,214,2.76,503,84,0,3,Personal blog | Stay positive ✨,Fake
13343,2420,104,9.19,222,68,0,3,Business inquiries? Contact below 👇,Real
12959,4554,303,3.39,882,4,0,9,Entrepreneur & lifestyle blogger,Fake
30470,3057,45,2.95,384,32,0,10,Personal blog | Stay positive ✨,Real
33125,1484,476,2.49,42,19,0,2,Follow for daily inspiration 🌟,Fake
20688,4037,321,6.2,287,89,0,8,Business inquiries? Contact below 👇,Fake
16220,1038,373,6.51,843,62,0,9,Fitness enthusiast 💪 | Health advocate,Real
19209,1608,490,7.48,194,13,1,6,Passionate traveler and food lover,Fake
28637,2365,451,9.38,400,20,0,10,Follow for daily inspiration 🌟,Fake
22208,4813,486,3.23,36,68,0,5,DM for collaborations or inquiries!,Real
30108,1499,481,1.27,357,58,0,9,Sharing moments from my journey,Real
49198,4258,273,1.52,419,15,0,9,Love exploring new places 🌎,Fake
44028,4221,74,1.4,442,14,0,5,Fitness enthusiast 💪 | Health advocate,Fake
22895,1900,374,7.11,316,88,0,7,Nature lover | Saving the planet 🌍,Fake
17376,2092,158,7.02,529,3,0,11,Fitness enthusiast 💪 | Health advocate,Fake
19325,3009,91,6.3,124,94,0,10,Foodie | Reviews and recipes,Fake
24736,4491,375,2.3,757,20,0,11,Aspiring artist | Drawing my dreams,Fake
15466,1351,240,4.33,358,68,0,4,Personal blog | Stay positive ✨,Fake
27488,3252,369,6.38,270,95,0,7,Love exploring new places 🌎,Real
17954,854,495,9.95,961,91,0,5,Love exploring new places 🌎,Fake
27256,4858,143,0.22,973,70,0,10,Personal blog | Stay positive ✨,Real
36647,3042,222,8.72,650,99,0,4,Check out my website for more updates!,Real
9262,4563,356,6.67,758,35,1,9,Personal blog | Stay positive ✨,Fake
41616,4171,445,2.96,751,9,0,2,Check out my website for more updates!,Fake
4561,2598,491,4.48,997,11,0,7,DM for collaborations or inquiries!,Real
44086,3123,378,7.97,708,60,0,4,Digital nomad living my best life 🌴,Fake
15245,4264,217,5.46,309,57,1,5,Aspiring artist | Drawing my dreams,Real
220,4895,435,7.23,525,41,0,4,Follow for daily inspiration 🌟,Fake
28001,118,249,2.33,169,19,0,4,Follow for daily inspiration 🌟,Real
24912,1692,201,7.69,577,14,0,3,Digital nomad living my best life 🌴,Real
33416,3575,382,2.13,890,92,0,5,Sharing moments from my journey,Real
34370,1888,492,2.17,457,31,0,10,Entrepreneur & lifestyle blogger,Real
23168,222,145,9.58,945,15,0,8,Love exploring new places 🌎,Fake
13892,3616,477,0.62,638,51,0,10,Love exploring new places 🌎,Fake
750,4627,130,6.31,474,60,0,2,Nature lover | Saving the planet 🌍,Fake
11086,3603,108,6.33,196,76,0,8,DM for collaborations or inquiries!,Real
27242,3324,137,5.57,600,6,0,2,Passionate traveler and food lover,Real
44640,2464,359,1.61,39,46,0,3,Sharing moments from my journey,Real
38353,4442,476,3.05,412,56,1,6,Fitness enthusiast 💪 | Health advocate,Real
4492,17,254,1.31,415,1,0,3,Photographer and content creator 📸,Real
4911,4695,193,0.64,663,11,0,10,Aspiring artist | Drawing my dreams,Fake
37279,36,145,4.39,563,37,0,11,DM for collaborations or inquiries!,Fake
9227,4040,397,8.97,832,35,0,4,Sharing moments from my journey,Fake
16576,4510,269,4.51,164,81,0,11,Passionate traveler and food lover,Real
20551,1283,470,5.72,182,73,0,8,Aspiring artist | Drawing my dreams,Real
29615,399,339,4.81,95,11,1,8,Fitness enthusiast 💪 | Health advocate,Real
7663,3896,325,3.07,158,61,1,6,Check out my website for more updates!,Real
29261,4043,192,8.42,938,47,1,7,Entrepreneur & lifestyle blogger,Fake
48954,2077,380,6.41,483,77,0,9,Sharing moments from my journey,Fake
10088,2459,119,2.06,241,45,0,6,Digital nomad living my best life 🌴,Fake
21249,4714,179,1.01,615,57,0,3,Love exploring new places 🌎,Real
43495,2251,399,3.33,73,24,0,7,DM for collaborations or inquiries!,Real
6900,1172,301,3.16,750,21,1,2,Follow for daily inspiration 🌟,Fake
36712,2422,150,0.42,442,57,0,9,Sharing moments from my journey,Fake
32505,571,297,6.1,84,31,0,7,Photographer and content creator 📸,Fake
22452,2585,179,9.54,820,93,0,7,Passionate traveler and food lover,Fake
18391,2480,12,0.89,142,12,0,4,Nature lover | Saving the planet 🌍,Fake
49180,3939,228,7.74,301,50,0,3,DM for collaborations or inquiries!,Real
49665,2484,218,5.38,567,15,0,2,Foodie | Reviews and recipes,Real
45736,3305,457,2.42,574,15,0,10,Sharing moments from my journey,Real
40686,3848,443,6.45,615,58,1,4,Entrepreneur & lifestyle blogger,Real
36192,2197,199,0.97,462,39,0,8,Foodie | Reviews and recipes,Fake
41618,765,493,8.72,250,96,0,11,Digital nomad living my best life 🌴,Real
16439,3775,246,7.37,625,67,0,11,Foodie | Reviews and recipes,Fake
33633,208,60,4.1,652,46,0,3,Foodie | Reviews and recipes,Fake
44554,3007,337,0.13,705,56,1,5,Photographer and content creator 📸,Fake
12075,17,429,6.56,848,74,0,6,Foodie | Reviews and recipes,Real
11774,2826,402,5.78,813,36,0,3,Aspiring artist | Drawing my dreams,Real
18777,81,208,0.9,761,25,0,5,Personal blog | Stay positive ✨,Real
34842,1496,354,3.33,53,73,0,11,Foodie | Reviews and recipes,Real
23029,115,168,8.75,606,42,0,7,Personal blog | Stay positive ✨,Fake
35773,1916,27,9.74,611,58,0,7,DM for collaborations or inquiries!,Real
29309,4935,39,4.83,389,66,0,11,Photographer and content creator 📸,Real
31402,4941,397,8.11,672,43,0,2,Fitness enthusiast 💪 | Health advocate,Fake
27149,3263,484,2.7,867,96,0,11,Aspiring artist | Drawing my dreams,Real
1445,1451,465,5.13,367,89,0,5,Nature lover | Saving the planet 🌍,Fake
10987,1971,43,8.1,972,3,0,5,DM for collaborations or inquiries!,Fake
26841,3556,293,5.25,109,29,0,9,Foodie | Reviews and recipes,Fake
30884,4837,396,1.97,400,66,0,2,DM for collaborations or inquiries!,Fake
2807,2340,232,1.13,288,77,0,10,DM for collaborations or inquiries!,Fake
8525,3906,119,0.64,72,28,0,10,Photographer and content creator 📸,Fake
38530,3057,369,7.52,448,29,0,9,Sharing moments from my journey,Real
12343,4311,371,8.33,193,41,0,3,DM for collaborations or inquiries!,Real
49139,2645,321,5.64,92,75,0,6,Business inquiries? Contact below 👇,Real
29899,4684,73,4.0,401,1,1,10,Business inquiries? Contact below 👇,Real
19691,416,237,7.0,156,91,0,7,Personal blog | Stay positive ✨,Real
48204,732,43,3.64,426,95,0,7,Foodie | Reviews and recipes,Real
29836,1091,108,0.6,288,1,0,3,Sharing moments from my journey,Real
33099,67,460,3.04,673,84,0,2,Business inquiries? Contact below 👇,Fake
32990,500,480,3.09,346,58,0,9,Personal blog | Stay positive ✨,Real
25215,547,310,8.82,126,70,0,2,Digital nomad living my best life 🌴,Real
30584,3347,436,2.95,823,62,0,2,Fitness enthusiast 💪 | Health advocate,Real
25890,3777,373,3.51,339,69,1,5,DM for collaborations or inquiries!,Real
18251,1461,248,6.58,603,34,1,5,Entrepreneur & lifestyle blogger,Fake
41517,1987,353,6.8,775,72,1,4,Personal blog | Stay positive ✨,Fake
40818,3589,451,3.61,545,91,0,7,Love exploring new places 🌎,Fake
45793,391,3,5.39,23,24,0,11,Fitness enthusiast 💪 | Health advocate,Fake
18154,1724,31,5.79,324,68,0,4,Photographer and content creator 📸,Fake
17668,770,240,3.38,518,27,0,5,Fitness enthusiast 💪 | Health advocate,Real
34328,2292,148,4.49,627,39,0,3,Foodie | Reviews and recipes,Fake
24433,1689,100,5.95,605,30,1,2,Fitness enthusiast 💪 | Health advocate,Real
40022,1735,38,9.81,680,77,0,6,Business inquiries? Contact below 👇,Real
20464,4879,199,4.11,20,2,0,5,Nature lover | Saving the planet 🌍,Fake
12105,2425,296,8.34,823,46,1,9,Check out my website for more updates!,Real
42838,1987,16,3.86,823,27,0,7,Photographer and content creator 📸,Real
42320,3944,471,2.87,400,24,0,11,Follow for daily inspiration 🌟,Real
24081,1176,53,7.1,721,88,0,7,Check out my website for more updates!,Real
45845,1595,48,5.38,815,79,0,3,DM for collaborations or inquiries!,Fake
7395,2170,231,4.56,572,69,0,4,Photographer and content creator 📸,Fake
45046,321,106,3.3,310,77,0,9,Passionate traveler and food lover,Real
10258,4606,161,8.88,922,84,0,6,Follow for daily inspiration 🌟,Fake
38778,3172,471,6.86,453,64,0,10,Aspiring artist | Drawing my dreams,Real
20342,763,3,4.43,610,24,0,5,Foodie | Reviews and recipes,Real
29781,554,234,5.75,667,65,1,7,Love exploring new places 🌎,Real
32884,4950,456,2.33,558,45,0,8,Fitness enthusiast 💪 | Health advocate,Fake
1257,3541,428,0.92,194,10,0,5,Photographer and content creator 📸,Real
7985,3151,198,8.57,620,9,0,9,Follow for daily inspiration 🌟,Real
23994,199,217,6.18,277,55,0,6,Photographer and content creator 📸,Fake
892,697,333,0.14,797,97,0,7,Follow for daily inspiration 🌟,Fake
21984,3109,262,3.94,497,38,0,7,Digital nomad living my best life 🌴,Real
1721,2828,62,3.87,9,23,0,10,Entrepreneur & lifestyle blogger,Fake
24568,3773,479,8.72,643,87,0,4,Nature lover | Saving the planet 🌍,Real
14620,4839,24,9.29,898,15,0,8,Fitness enthusiast 💪 | Health advocate,Real
30817,3561,401,3.64,927,65,0,2,Photographer and content creator 📸,Fake
26476,119,235,5.94,31,51,0,8,Check out my website for more updates!,Real
11617,113,250,6.86,127,83,0,9,Photographer and content creator 📸,Fake
2968,2331,262,9.76,886,74,0,4,Personal blog | Stay positive ✨,Fake
27148,1518,132,1.5,442,16,0,8,Follow for daily inspiration 🌟,Fake
46513,3572,323,7.05,849,40,0,4,Personal blog | Stay positive ✨,Fake
23500,1617,170,4.27,117,69,1,10,Digital nomad living my best life 🌴,Real
22277,4429,346,4.71,267,75,0,7,Personal blog | Stay positive ✨,Fake
13844,1462,336,7.31,661,19,0,7,DM for collaborations or inquiries!,Real
26077,4734,49,6.06,888,62,0,5,Follow for daily inspiration 🌟,Fake
34995,1013,138,9.35,878,29,0,10,Follow for daily inspiration 🌟,Real
36978,3520,290,1.11,411,3,0,3,Business inquiries? Contact below 👇,Real
18451,2838,146,5.75,267,43,0,4,Business inquiries? Contact below 👇,Real
357,2246,270,1.21,947,34,0,8,DM for collaborations or inquiries!,Fake
12496,435,146,3.57,699,47,0,7,Love exploring new places 🌎,Fake
12753,2190,95,5.21,25,13,0,9,Digital nomad living my best life 🌴,Fake
42480,3353,328,5.7,269,73,0,3,Business inquiries? Contact below 👇,Real
32917,4287,225,5.47,924,20,0,3,Digital nomad living my best life 🌴,Fake
13984,2948,263,2.44,547,33,0,9,Fitness enthusiast 💪 | Health advocate,Real
3600,4000,113,5.58,477,75,0,5,Follow for daily inspiration 🌟,Real
5952,1822,50,2.88,60,28,0,7,Fitness enthusiast 💪 | Health advocate,Real
4635,1556,269,6.8,575,55,0,7,Fitness enthusiast 💪 | Health advocate,Real
8244,3496,375,6.63,13,46,0,1,Personal blog | Stay positive ✨,Fake
14739,3857,73,4.13,305,82,1,2,DM for collaborations or inquiries!,Real
1160,537,377,0.12,911,92,0,5,Foodie | Reviews and recipes,Real
25463,3410,78,1.73,805,98,0,10,Fitness enthusiast 💪 | Health advocate,Real
7642,1565,400,6.04,663,39,0,10,Love exploring new places 🌎,Fake
28880,859,29,6.67,645,98,0,1,Follow for daily inspiration 🌟,Fake
9791,3984,204,9.76,568,15,0,9,Check out my website for more updates!,Fake
13638,737,111,7.1,325,83,0,3,Check out my website for more updates!,Fake
19409,3298,158,6.78,782,28,0,7,Aspiring artist | Drawing my dreams,Fake
4583,2759,92,3.14,405,14,0,5,Nature lover | Saving the planet 🌍,Fake
3020,1335,233,1.31,553,69,0,4,Entrepreneur & lifestyle blogger,Real
15377,1209,240,7.14,906,61,0,7,Passionate traveler and food lover,Real
15118,2904,436,7.21,161,79,0,6,Passionate traveler and food lover,Real
20845,2573,336,0.34,985,95,0,3,Entrepreneur & lifestyle blogger,Fake
36302,2734,104,0.1,152,41,0,6,Foodie | Reviews and recipes,Real
16749,2856,202,8.48,805,89,0,10,DM for collaborations or inquiries!,Fake
5485,2243,432,9.99,869,84,0,7,Foodie | Reviews and recipes,Real
21261,35,224,2.92,780,10,0,8,Aspiring artist | Drawing my dreams,Fake
46345,2590,254,1.78,471,43,0,3,Business inquiries? Contact below 👇,Fake
25085,1509,134,0.17,7,3,0,9,Nature lover | Saving the planet 🌍,Real
33625,730,236,5.13,614,99,0,2,Nature lover | Saving the planet 🌍,Real
23830,3720,23,0.52,435,61,0,10,Foodie | Reviews and recipes,Real
35352,4341,47,3.98,798,28,0,10,Personal blog | Stay positive ✨,Fake
16358,261,205,1.61,212,69,0,10,Business inquiries? Contact below 👇,Real
2714,1434,253,9.88,768,63,0,7,Foodie | Reviews and recipes,Fake
4178,1035,108,5.57,930,29,0,6,Nature lover | Saving the planet 🌍,Fake
49902,2769,118,2.04,461,52,0,6,DM for collaborations or inquiries!,Real
37764,4460,450,2.48,726,44,0,3,Aspiring artist | Drawing my dreams,Real
35665,1044,134,2.45,480,0,1,8,DM for collaborations or inquiries!,Real
23588,687,332,7.57,195,7,0,8,Love exploring new places 🌎,Real
721,1008,32,4.04,455,87,1,3,DM for collaborations or inquiries!,Real
40033,2160,28,7.38,902,2,0,3,Business inquiries? Contact below 👇,Real
5941,4093,433,3.28,151,77,0,9,Entrepreneur & lifestyle blogger,Fake
49333,3010,303,4.06,533,20,0,9,Aspiring artist | Drawing my dreams,Fake
24238,886,73,5.5,25,49,0,5,Foodie | Reviews and recipes,Fake
45285,402,229,4.83,292,3,0,10,Love exploring new places 🌎,Fake
35183,4174,333,0.41,145,95,0,4,DM for collaborations or inquiries!,Real
1371,3966,370,1.58,520,80,0,4,Nature lover | Saving the planet 🌍,Fake
13697,1713,94,1.73,811,20,0,6,Check out my website for more updates!,Fake
9287,4050,199,6.42,620,83,0,4,Nature lover | Saving the planet 🌍,Fake
15268,4191,338,3.74,940,19,0,3,Business inquiries? Contact below 👇,Fake
17692,4453,396,4.52,11,54,0,5,Foodie | Reviews and recipes,Fake
8860,2145,56,0.06,529,13,0,4,Photographer and content creator 📸,Real
45707,3757,323,2.05,3,90,1,8,Digital nomad living my best life 🌴,Real
32531,2512,322,0.0,523,83,0,7,Entrepreneur & lifestyle blogger,Fake
2325,696,395,0.17,926,26,0,9,Foodie | Reviews and recipes,Real
23997,1686,424,2.96,617,31,0,4,Fitness enthusiast 💪 | Health advocate,Real
46311,2930,58,3.67,395,40,0,2,Foodie | Reviews and recipes,Real
40983,4779,471,3.73,591,63,1,11,Aspiring artist | Drawing my dreams,Fake
11241,1931,65,5.98,780,90,0,4,Check out my website for more updates!,Real
37052,4370,320,9.88,762,66,1,7,Check out my website for more updates!,Real
8244,1259,374,5.12,243,89,0,5,Nature lover | Saving the planet 🌍,Fake
24726,3101,132,8.41,761,19,0,6,Check out my website for more updates!,Fake
21827,899,497,4.75,546,29,0,7,Check out my website for more updates!,Real
11752,3745,296,1.6,160,5,0,3,Follow for daily inspiration 🌟,Real
1141,2659,374,0.4,200,49,0,11,Love exploring new places 🌎,Real
44907,2609,371,9.7,928,76,1,4,Love exploring new places 🌎,Real
1787,1115,198,8.17,844,70,0,3,Entrepreneur & lifestyle blogger,Fake
20922,1099,49,4.08,480,17,0,8,Digital nomad living my best life 🌴,Real
34084,2226,382,4.82,381,2,0,2,Foodie | Reviews and recipes,Real
10922,134,272,6.79,943,75,0,3,Passionate traveler and food lover,Fake
12159,1122,41,4.78,336,14,0,10,Follow for daily inspiration 🌟,Real
31558,2711,218,4.62,294,83,0,11,Entrepreneur & lifestyle blogger,Fake
14211,3265,440,5.93,92,27,0,1,Sharing moments from my journey,Fake
3926,501,164,9.47,144,88,0,4,DM for collaborations or inquiries!,Fake
20774,1809,60,0.5,840,34,0,11,Check out my website for more updates!,Fake
8578,4146,189,9.77,329,43,0,2,Entrepreneur & lifestyle blogger,Fake
17577,414,50,6.77,659,14,0,9,Aspiring artist | Drawing my dreams,Fake
8528,4795,63,3.83,57,34,0,11,Foodie | Reviews and recipes,Real
44559,558,1,8.82,291,33,0,3,Business inquiries? Contact below 👇,Fake
21048,3542,159,4.12,997,57,0,7,Business inquiries? Contact below 👇,Fake
15904,126,85,4.06,862,59,0,10,Foodie | Reviews and recipes,Fake
4328,230,245,4.72,875,2,0,3,Entrepreneur & lifestyle blogger,Real
44460,1451,462,4.64,301,91,0,5,Digital nomad living my best life 🌴,Real
22176,1979,294,2.69,641,41,0,3,Follow for daily inspiration 🌟,Fake
46310,1226,123,0.01,155,86,1,11,Fitness enthusiast 💪 | Health advocate,Fake
7500,1437,409,6.36,489,53,0,2,Passionate traveler and food lover,Real
2398,2733,453,1.73,182,22,0,9,Personal blog | Stay positive ✨,Real
2494,3792,236,0.2,666,59,0,4,Check out my website for more updates!,Fake
37954,4391,413,8.22,69,77,0,9,DM for collaborations or inquiries!,Real
33072,114,425,7.68,73,57,1,3,Check out my website for more updates!,Real
41377,4483,412,5.75,995,90,0,4,Sharing moments from my journey,Fake
20092,4418,278,2.34,733,7,1,8,Follow for daily inspiration 🌟,Fake
9576,339,142,7.36,719,78,0,2,Entrepreneur & lifestyle blogger,Real
6932,1718,312,8.27,912,96,0,4,Love exploring new places 🌎,Real
24494,3920,270,0.92,189,37,0,7,Check out my website for more updates!,Real
32454,2014,430,7.69,994,56,0,4,Passionate traveler and food lover,Fake
34796,3323,448,7.22,58,76,0,7,Entrepreneur & lifestyle blogger,Fake
39557,50,371,6.61,772,48,0,2,Fitness enthusiast 💪 | Health advocate,Real
12393,3232,36,0.17,99,47,0,2,Check out my website for more updates!,Fake
26546,3486,301,5.58,403,59,0,9,Passionate traveler and food lover,Fake
34727,1159,216,8.84,653,94,1,8,Check out my website for more updates!,Real
12199,2284,275,5.06,421,64,0,2,Aspiring artist | Drawing my dreams,Real
3355,1838,182,4.8,300,92,0,5,Business inquiries? Contact below 👇,Fake
14048,4157,303,4.63,109,9,0,5,Entrepreneur & lifestyle blogger,Fake
48832,2700,36,6.41,493,72,0,2,Entrepreneur & lifestyle blogger,Fake
891,674,261,7.68,160,47,1,10,Aspiring artist | Drawing my dreams,Real
34449,2465,110,5.02,671,5,0,5,Fitness enthusiast 💪 | Health advocate,Real
11059,96,344,7.23,129,31,0,7,Digital nomad living my best life 🌴,Fake
38095,2242,87,7.56,879,41,0,3,Follow for daily inspiration 🌟,Real
13353,4463,167,4.94,511,25,0,9,Follow for daily inspiration 🌟,Fake
11141,3173,20,2.86,337,63,0,6,Follow for daily inspiration 🌟,Fake
38391,1702,237,5.94,422,13,1,7,Passionate traveler and food lover,Fake
31016,625,126,3.77,868,88,0,5,Follow for daily inspiration 🌟,Real
46244,998,497,6.58,206,93,1,9,Nature lover | Saving the planet 🌍,Real
16452,4496,327,2.86,871,52,0,4,Passionate traveler and food lover,Fake
7912,2213,351,0.15,582,39,0,8,Foodie | Reviews and recipes,Real
41339,356,271,0.61,858,46,1,8,Fitness enthusiast 💪 | Health advocate,Fake
46025,3754,38,6.17,375,10,0,7,Business inquiries? Contact below 👇,Real
889,4534,12,0.32,610,63,0,1,Sharing moments from my journey,Fake
22046,403,239,1.0,346,29,0,5,Nature lover | Saving the planet 🌍,Fake
43515,4836,321,4.81,567,17,1,5,Foodie | Reviews and recipes,Real
44072,2377,219,2.16,395,19,0,6,Nature lover | Saving the planet 🌍,Real
20163,4418,326,0.22,959,91,0,6,Passionate traveler and food lover,Fake
13285,4187,485,3.02,57,97,0,9,DM for collaborations or inquiries!,Real
1820,3640,225,6.92,179,8,0,8,Entrepreneur & lifestyle blogger,Fake
26685,1468,297,2.46,949,21,0,6,Foodie | Reviews and recipes,Real
16464,2220,477,2.3,878,82,0,8,DM for collaborations or inquiries!,Fake
46229,1222,95,4.35,928,68,0,11,Sharing moments from my journey,Real
21550,4246,63,3.38,300,49,0,2,Nature lover | Saving the planet 🌍,Real
12498,394,178,2.77,614,51,0,4,Digital nomad living my best life 🌴,Real
10705,379,349,3.66,963,19,0,2,Check out my website for more updates!,Real
30393,3256,76,9.91,976,57,0,3,Love exploring new places 🌎,Fake
42265,2875,379,6.09,83,17,0,8,Foodie | Reviews and recipes,Fake
27364,696,315,3.65,918,2,0,8,Foodie | Reviews and recipes,Fake
10450,208,248,8.92,268,50,0,4,Digital nomad living my best life 🌴,Real
3867,650,177,3.88,103,46,0,7,Love exploring new places 🌎,Real
26946,4642,314,0.77,261,28,0,10,Digital nomad living my best life 🌴,Real
10427,1166,368,4.39,138,10,0,11,Love exploring new places 🌎,Fake
22841,3635,195,7.44,495,99,0,2,Follow for daily inspiration 🌟,Real
44245,282,33,3.57,577,27,0,7,Fitness enthusiast 💪 | Health advocate,Fake
8400,4354,151,3.92,434,31,0,9,Business inquiries? Contact below 👇,Fake
2107,4276,58,2.52,785,63,0,4,Nature lover | Saving the planet 🌍,Fake
25960,4051,169,0.72,349,25,0,4,Fitness enthusiast 💪 | Health advocate,Fake
27689,3326,237,3.16,777,58,0,5,Entrepreneur & lifestyle blogger,Real
5422,2736,252,4.02,131,71,0,3,Fitness enthusiast 💪 | Health advocate,Fake
3606,4631,49,7.68,520,6,0,3,Follow for daily inspiration 🌟,Fake
12465,402,435,9.46,328,55,0,10,DM for collaborations or inquiries!,Real
5007,1665,158,6.21,763,71,0,11,Sharing moments from my journey,Real
45142,2745,40,0.81,577,83,0,7,Foodie | Reviews and recipes,Fake
32261,2740,108,9.13,45,30,0,10,Business inquiries? Contact below 👇,Fake
10053,450,394,7.38,628,2,0,5,Nature lover | Saving the planet 🌍,Fake
17585,1319,27,7.97,858,8,0,4,Follow for daily inspiration 🌟,Fake
48400,611,143,4.2,903,46,0,5,Business inquiries? Contact below 👇,Real
26325,507,179,4.85,447,57,0,2,Sharing moments from my journey,Real
17033,2123,73,5.31,550,26,0,6,Follow for daily inspiration 🌟,Real
8523,2757,203,3.42,360,34,0,10,Fitness enthusiast 💪 | Health advocate,Fake
28861,4102,351,6.3,57,68,0,6,Entrepreneur & lifestyle blogger,Real
38007,4834,269,2.06,879,87,0,3,DM for collaborations or inquiries!,Real
33291,1854,71,9.97,419,24,0,9,Check out my website for more updates!,Fake
39545,1205,270,1.66,943,58,0,9,Sharing moments from my journey,Fake
47025,1553,140,9.09,307,70,0,10,DM for collaborations or inquiries!,Fake
5948,4021,217,8.35,443,60,1,9,Personal blog | Stay positive ✨,Real
14748,137,414,9.26,531,69,0,5,Fitness enthusiast 💪 | Health advocate,Fake
13038,3406,452,0.18,524,70,0,6,DM for collaborations or inquiries!,Fake
13731,2274,244,1.31,667,38,0,8,Entrepreneur & lifestyle blogger,Real
9352,2846,268,2.07,446,90,0,7,Business inquiries? Contact below 👇,Fake
17669,4071,371,3.93,574,28,0,3,Check out my website for more updates!,Fake
7406,3872,367,9.92,242,22,1,10,Photographer and content creator 📸,Fake
11250,3381,249,5.08,238,99,0,11,Fitness enthusiast 💪 | Health advocate,Real
36749,3235,395,8.65,691,33,0,7,Aspiring artist | Drawing my dreams,Fake
23533,3780,290,7.07,371,3,0,4,Sharing moments from my journey,Real
18437,4966,70,5.24,85,53,0,9,Passionate traveler and food lover,Real
39686,483,448,7.66,54,73,0,5,Photographer and content creator 📸,Fake
35833,2214,56,7.74,45,26,0,5,Foodie | Reviews and recipes,Fake
1630,1300,241,6.8,385,16,0,2,Follow for daily inspiration 🌟,Real
25329,1647,445,4.64,232,96,0,8,Photographer and content creator 📸,Fake
10807,1884,347,8.63,235,47,0,4,Aspiring artist | Drawing my dreams,Fake
44689,276,190,8.51,535,80,0,2,Nature lover | Saving the planet 🌍,Real
46718,2831,457,5.96,16,24,0,7,Entrepreneur & lifestyle blogger,Fake
10871,4472,87,8.33,131,41,0,8,Foodie | Reviews and recipes,Real
3731,3064,367,8.69,409,89,0,3,Sharing moments from my journey,Fake
46792,2737,333,2.84,288,20,0,4,Love exploring new places 🌎,Fake
12640,4666,248,6.46,745,38,0,10,Follow for daily inspiration 🌟,Real
21307,2591,59,6.02,225,37,0,8,Check out my website for more updates!,Real
21803,3873,292,2.9,52,90,0,10,Nature lover | Saving the planet 🌍,Real
3631,628,375,0.14,376,78,0,2,Foodie | Reviews and recipes,Real
29297,2448,134,4.6,271,57,0,11,Passionate traveler and food lover,Real
34291,329,460,5.68,468,68,0,1,Foodie | Reviews and recipes,Real
6318,1750,9,4.43,285,53,0,5,Passionate traveler and food lover,Real
38226,1716,496,5.9,83,56,0,7,Check out my website for more updates!,Real
15408,4034,359,6.05,805,8,0,6,DM for collaborations or inquiries!,Real
4096,1415,126,4.54,700,42,1,10,Foodie | Reviews and recipes,Fake
10621,3180,211,4.57,972,95,0,10,Fitness enthusiast 💪 | Health advocate,Real
6206,4269,338,0.41,239,57,0,8,Check out my website for more updates!,Fake
25832,1543,60,7.25,573,42,0,10,Digital nomad living my best life 🌴,Fake
42414,3809,169,9.6,562,41,0,4,Entrepreneur & lifestyle blogger,Fake
25821,4134,178,9.36,834,76,0,5,Entrepreneur & lifestyle blogger,Fake
6846,3897,46,7.63,948,0,0,3,Check out my website for more updates!,Fake
46181,296,195,4.68,208,76,0,8,Personal blog | Stay positive ✨,Real
38563,675,78,2.44,157,97,0,10,Business inquiries? Contact below 👇,Fake
6385,2527,342,5.09,195,17,0,6,Personal blog | Stay positive ✨,Real
40490,1235,278,6.51,920,20,0,9,Follow for daily inspiration 🌟,Real
18530,34,288,3.28,492,47,0,9,Entrepreneur & lifestyle blogger,Real
31283,1593,427,2.69,949,80,0,3,Fitness enthusiast 💪 | Health advocate,Fake
45124,1638,103,7.12,734,70,1,10,Foodie | Reviews and recipes,Real
48590,529,1,3.97,585,73,0,4,Business inquiries? Contact below 👇,Real
37901,860,20,1.21,775,83,0,5,Passionate traveler and food lover,Fake
20446,2637,398,3.34,610,39,0,3,Entrepreneur & lifestyle blogger,Real
26308,3009,363,2.03,352,65,0,9,Check out my website for more updates!,Fake
41860,1070,303,5.28,892,67,0,3,Love exploring new places 🌎,Real
10226,4779,348,2.0,497,26,0,3,Sharing moments from my journey,Real
49608,169,418,3.27,15,22,0,10,DM for collaborations or inquiries!,Real
42380,4176,93,5.39,440,30,0,10,Love exploring new places 🌎,Fake
11539,3877,177,8.92,989,60,0,7,DM for collaborations or inquiries!,Real
17372,1105,135,8.58,892,49,0,11,Fitness enthusiast 💪 | Health advocate,Real
22828,1352,225,2.66,363,27,0,8,Fitness enthusiast 💪 | Health advocate,Real
31021,2448,402,9.17,853,57,0,5,Check out my website for more updates!,Fake
20104,3673,374,8.22,989,78,0,5,Entrepreneur & lifestyle blogger,Fake
8798,3211,351,1.69,549,79,0,7,Business inquiries? Contact below 👇,Real
47803,442,172,7.3,964,53,0,7,Follow for daily inspiration 🌟,Fake
3859,4979,388,4.94,875,15,0,7,Entrepreneur & lifestyle blogger,Fake
20920,2159,302,0.31,357,91,0,5,Check out my website for more updates!,Real
28564,3126,141,4.92,168,7,1,9,Follow for daily inspiration 🌟,Fake
4069,4840,379,3.73,528,21,0,9,Business inquiries? Contact below 👇,Fake
38302,3050,236,3.81,794,80,0,10,Photographer and content creator 📸,Real
17431,3426,173,5.51,806,89,0,8,Digital nomad living my best life 🌴,Fake
21503,1736,117,4.21,70,30,0,9,Photographer and content creator 📸,Real
42521,4181,79,8.96,345,47,0,11,Digital nomad living my best life 🌴,Real
43315,2065,157,3.61,48,58,0,9,Passionate traveler and food lover,Real
11375,2593,110,1.69,86,64,0,3,Foodie | Reviews and recipes,Fake
41553,4441,418,7.55,79,14,0,8,Digital nomad living my best life 🌴,Fake
9966,4674,475,8.07,363,36,0,9,Digital nomad living my best life 🌴,Fake
33330,4231,438,0.97,107,91,0,9,Business inquiries? Contact below 👇,Real
21153,2125,245,4.3,19,19,0,11,Sharing moments from my journey,Real
47783,2138,96,0.99,985,57,1,9,Photographer and content creator 📸,Real
20171,3318,174,4.03,109,17,0,2,DM for collaborations or inquiries!,Real
21782,3722,92,8.09,686,68,0,3,Digital nomad living my best life 🌴,Fake
45779,3075,374,5.61,221,34,0,7,Photographer and content creator 📸,Fake
23569,1090,122,4.79,94,5,0,4,Foodie | Reviews and recipes,Fake
11449,2108,122,8.08,755,84,0,6,Business inquiries? Contact below 👇,Fake
2909,1038,137,3.43,134,36,0,7,Digital nomad living my best life 🌴,Real
22571,81,121,4.36,471,12,1,7,DM for collaborations or inquiries!,Real
35313,1755,54,0.08,111,55,0,9,Business inquiries? Contact below 👇,Fake
28765,2606,184,1.87,278,83,0,2,Photographer and content creator 📸,Fake
49816,3550,132,5.6,22,27,0,9,Love exploring new places 🌎,Fake
41294,3998,245,6.98,89,56,0,7,Check out my website for more updates!,Real
33490,2715,456,5.69,810,51,0,2,Passionate traveler and food lover,Fake
38143,2586,111,1.28,31,62,0,3,Personal blog | Stay positive ✨,Fake
10038,4624,283,9.45,506,53,0,3,Digital nomad living my best life 🌴,Real
18143,4805,459,8.15,249,56,0,7,DM for collaborations or inquiries!,Fake
24452,3792,180,2.6,687,23,0,5,Personal blog | Stay positive ✨,Real
13958,4821,324,1.98,527,75,0,3,Photographer and content creator 📸,Fake
2234,2210,455,8.75,525,49,1,9,Love exploring new places 🌎,Real
27577,3039,318,6.64,740,82,0,7,Passionate traveler and food lover,Fake
14982,1773,335,0.75,245,47,0,4,Follow for daily inspiration 🌟,Real
18056,529,258,4.46,706,9,0,5,Fitness enthusiast 💪 | Health advocate,Real
12378,3917,254,3.41,607,37,0,7,Foodie | Reviews and recipes,Fake
12909,1461,96,3.54,437,71,1,8,Passionate traveler and food lover,Real
27545,2474,40,3.36,992,68,0,3,DM for collaborations or inquiries!,Fake
17627,3894,113,9.06,776,25,0,3,Fitness enthusiast 💪 | Health advocate,Real
15001,584,204,6.16,630,74,0,10,Digital nomad living my best life 🌴,Fake
41431,3135,81,6.34,834,6,0,11,Love exploring new places 🌎,Fake
48309,594,5,3.5,24,13,0,6,Personal blog | Stay positive ✨,Real
9246,2390,430,8.34,60,30,0,4,Nature lover | Saving the planet 🌍,Fake
23464,1445,36,9.81,581,61,0,9,Digital nomad living my best life 🌴,Real
33141,4150,244,6.3,725,67,0,10,Personal blog | Stay positive ✨,Fake
31650,3854,428,0.73,299,41,0,2,Sharing moments from my journey,Fake
2396,144,192,2.22,120,57,0,3,Check out my website for more updates!,Real
11420,4305,88,4.85,271,51,0,10,Follow for daily inspiration 🌟,Real
40007,501,161,1.61,594,26,0,6,Photographer and content creator 📸,Fake
22259,1931,160,4.72,375,5,1,9,DM for collaborations or inquiries!,Real
49013,3161,104,6.75,739,85,0,3,Personal blog | Stay positive ✨,Fake
49382,1196,64,0.31,261,13,0,3,Business inquiries? Contact below 👇,Fake
31959,275,212,0.58,147,77,0,6,Personal blog | Stay positive ✨,Fake
42995,1830,37,2.73,324,80,0,8,Sharing moments from my journey,Real
11275,2488,223,8.1,109,6,0,10,Sharing moments from my journey,Fake
34021,3266,248,6.19,541,78,0,8,Love exploring new places 🌎,Fake
3701,4853,272,4.25,565,64,0,11,Nature lover | Saving the planet 🌍,Fake
8061,1231,168,0.21,832,44,0,3,Love exploring new places 🌎,Fake
32424,3071,302,6.23,7,73,0,5,Passionate traveler and food lover,Real
20033,3241,460,3.66,762,69,0,7,Passionate traveler and food lover,Fake
19584,265,492,3.61,914,26,0,8,Aspiring artist | Drawing my dreams,Real
9171,830,87,1.28,328,75,1,4,DM for collaborations or inquiries!,Real
5290,274,378,1.76,212,29,0,8,Fitness enthusiast 💪 | Health advocate,Real
24858,2080,357,0.53,641,25,0,7,Passionate traveler and food lover,Real
42291,1429,397,3.44,245,66,0,4,Business inquiries? Contact below 👇,Real
26034,570,159,7.81,585,90,0,2,Love exploring new places 🌎,Real
2414,4211,238,2.43,743,47,0,2,Fitness enthusiast 💪 | Health advocate,Real
2641,2252,333,2.2,118,52,0,10,Foodie | Reviews and recipes,Real
47231,279,224,5.63,472,48,0,10,DM for collaborations or inquiries!,Real
11045,3010,230,3.19,49,48,0,10,Fitness enthusiast 💪 | Health advocate,Real
3551,4524,449,2.84,972,99,0,4,Sharing moments from my journey,Fake
14454,227,316,9.68,413,34,0,8,Check out my website for more updates!,Real
23579,353,147,3.35,416,7,0,3,Foodie | Reviews and recipes,Fake
43888,3325,431,3.47,294,53,0,11,Digital nomad living my best life 🌴,Fake
39932,2476,373,4.57,202,52,0,10,Sharing moments from my journey,Fake
13709,49,235,2.76,611,7,1,9,Follow for daily inspiration 🌟,Fake
45623,3515,348,5.6,113,9,0,9,Sharing moments from my journey,Real
21563,2513,356,3.06,383,85,0,8,Fitness enthusiast 💪 | Health advocate,Fake
8296,724,19,6.03,346,32,1,5,Check out my website for more updates!,Fake
7440,3216,494,4.87,274,28,0,2,Digital nomad living my best life 🌴,Real
27599,4892,417,7.05,148,77,0,5,Nature lover | Saving the planet 🌍,Real
31345,2778,299,9.71,817,92,1,7,Personal blog | Stay positive ✨,Fake
8989,4743,258,8.51,610,25,0,11,Entrepreneur & lifestyle blogger,Real
8873,2254,156,5.23,529,74,0,8,Personal blog | Stay positive ✨,Real
45394,1922,253,6.84,162,3,0,5,Nature lover | Saving the planet 🌍,Fake
9491,1626,310,5.26,85,5,0,8,Business inquiries? Contact below 👇,Fake
47349,4090,74,8.58,575,99,0,3,Personal blog | Stay positive ✨,Real
10870,2070,169,1.95,955,79,0,3,Photographer and content creator 📸,Fake
24673,1615,43,3.73,118,25,0,4,Fitness enthusiast 💪 | Health advocate,Fake
41546,3905,219,9.3,625,39,0,7,Passionate traveler and food lover,Fake
32935,3382,102,6.24,656,13,1,10,Personal blog | Stay positive ✨,Real
37752,1315,169,4.05,446,34,0,7,Check out my website for more updates!,Fake
48020,2502,265,2.87,743,30,0,3,Check out my website for more updates!,Real
8985,1320,244,1.21,258,40,0,7,Foodie | Reviews and recipes,Fake
9289,276,428,6.9,739,62,1,11,Nature lover | Saving the planet 🌍,Real
26554,3766,88,2.17,542,59,0,7,Entrepreneur & lifestyle blogger,Fake
22075,2863,1,1.23,960,24,0,10,Entrepreneur & lifestyle blogger,Real
35714,1693,165,6.25,532,6,0,8,Nature lover | Saving the planet 🌍,Fake
36146,774,178,4.41,419,98,0,2,Personal blog | Stay positive ✨,Real
36027,201,473,6.81,613,52,0,7,Aspiring artist | Drawing my dreams,Fake
42477,2078,253,4.05,143,9,0,5,Love exploring new places 🌎,Fake
22672,241,275,2.41,264,82,0,5,Foodie | Reviews and recipes,Real
8961,4358,94,0.56,264,94,0,6,Love exploring new places 🌎,Fake
8306,876,492,2.8,506,32,0,6,Nature lover | Saving the planet 🌍,Real
35734,3015,60,9.86,856,33,0,6,Digital nomad living my best life 🌴,Real
6297,2666,202,4.31,645,3,0,4,DM for collaborations or inquiries!,Real
31355,2020,176,3.85,84,48,0,2,Photographer and content creator 📸,Real
18368,3412,399,8.16,735,82,0,10,Personal blog | Stay positive ✨,Fake
13701,2221,430,3.29,919,75,0,3,Nature lover | Saving the planet 🌍,Fake
35421,2825,470,3.45,441,93,0,9,Nature lover | Saving the planet 🌍,Real
7828,140,415,7.27,446,97,0,2,Business inquiries? Contact below 👇,Real
15207,3859,6,2.34,50,29,0,7,Digital nomad living my best life 🌴,Fake
31600,263,339,0.0,732,63,0,7,Love exploring new places 🌎,Real
13057,924,442,1.64,333,34,0,7,Nature lover | Saving the planet 🌍,Fake
18916,3551,273,6.46,724,23,0,7,Fitness enthusiast 💪 | Health advocate,Fake
10386,4892,65,8.09,662,18,0,5,Foodie | Reviews and recipes,Fake
35751,1431,50,5.33,365,17,0,5,Photographer and content creator 📸,Real
8493,4157,184,4.56,236,59,0,5,Passionate traveler and food lover,Fake
26393,3074,269,5.31,857,0,0,9,Foodie | Reviews and recipes,Fake
32077,1270,69,8.57,215,25,0,2,Aspiring artist | Drawing my dreams,Fake
34679,1777,488,0.93,969,0,0,4,DM for collaborations or inquiries!,Fake
44238,3397,120,6.5,332,65,0,2,Fitness enthusiast 💪 | Health advocate,Fake
41420,4949,223,4.83,321,12,0,8,Entrepreneur & lifestyle blogger,Real
3376,4622,396,4.37,535,70,0,5,Nature lover | Saving the planet 🌍,Fake
5923,897,381,4.95,153,81,0,6,Photographer and content creator 📸,Fake
29484,1277,432,3.57,432,37,0,9,Sharing moments from my journey,Fake
43065,1582,493,2.69,689,62,1,11,Entrepreneur & lifestyle blogger,Fake
35070,3370,420,0.66,40,40,0,9,Foodie | Reviews and recipes,Real
29647,627,492,7.26,167,17,0,10,Entrepreneur & lifestyle blogger,Fake
28340,2918,134,6.65,530,50,0,7,Follow for daily inspiration 🌟,Fake
37118,3138,9,3.79,940,75,0,3,Check out my website for more updates!,Real
2155,3657,408,2.77,45,41,0,8,Sharing moments from my journey,Real
11056,1462,272,0.24,390,58,0,6,Personal blog | Stay positive ✨,Fake
4451,1014,291,3.63,940,39,0,6,Business inquiries? Contact below 👇,Fake
32552,641,341,8.89,338,22,0,9,DM for collaborations or inquiries!,Real
21452,232,2,4.36,690,52,0,10,Entrepreneur & lifestyle blogger,Real
24974,4880,433,0.49,547,5,0,10,Sharing moments from my journey,Real
49626,4214,124,4.39,185,16,0,3,Nature lover | Saving the planet 🌍,Fake
21790,4936,52,9.64,469,88,0,6,Sharing moments from my journey,Fake
26710,2998,469,3.92,647,23,0,3,Sharing moments from my journey,Real
11223,2182,199,5.76,400,61,0,9,Aspiring artist | Drawing my dreams,Fake
2426,2620,94,8.14,439,4,0,7,DM for collaborations or inquiries!,Fake
29031,4132,40,9.63,475,97,0,5,Sharing moments from my journey,Fake
4638,3482,439,5.08,405,64,0,2,Nature lover | Saving the planet 🌍,Real
16166,2178,215,1.32,162,24,0,11,DM for collaborations or inquiries!,Fake
48737,142,251,5.41,912,36,0,4,Foodie | Reviews and recipes,Real
15658,116,466,0.39,493,79,0,4,Follow for daily inspiration 🌟,Real
6059,3599,499,2.76,228,57,1,10,Sharing moments from my journey,Fake
8894,119,78,4.46,926,82,1,4,Entrepreneur & lifestyle blogger,Fake
13684,3523,113,0.22,764,52,0,3,Fitness enthusiast 💪 | Health advocate,Fake
3106,4501,20,8.86,39,72,0,10,Passionate traveler and food lover,Fake
30099,1158,65,3.41,399,68,0,1,Photographer and content creator 📸,Real
25688,2178,108,2.99,368,81,1,2,Passionate traveler and food lover,Real
35331,2181,480,9.63,871,44,0,2,Photographer and content creator 📸,Real
42341,2256,429,2.62,659,82,0,8,Entrepreneur & lifestyle blogger,Real
34109,2952,276,4.1,4,79,0,5,Sharing moments from my journey,Fake
48471,753,467,9.55,669,51,1,8,Check out my website for more updates!,Fake
5951,2550,123,4.42,233,1,0,4,Personal blog | Stay positive ✨,Fake
19072,2791,317,7.09,297,33,0,2,Photographer and content creator 📸,Fake
49753,3127,354,0.33,367,41,0,11,Passionate traveler and food lover,Fake
5036,618,155,2.17,260,68,0,11,Entrepreneur & lifestyle blogger,Real
22311,2850,17,4.43,316,31,0,8,Aspiring artist | Drawing my dreams,Real
22106,999,388,4.41,31,77,0,10,Personal blog | Stay positive ✨,Fake
1916,2323,97,8.67,904,53,0,9,Nature lover | Saving the planet 🌍,Fake
25337,2037,301,1.02,371,73,0,3,Foodie | Reviews and recipes,Real
12549,3942,436,8.03,505,26,0,7,Check out my website for more updates!,Fake
40816,4573,119,5.14,322,88,0,6,Nature lover | Saving the planet 🌍,Fake
6947,1327,157,9.87,533,8,0,10,Love exploring new places 🌎,Fake
18691,4809,114,7.23,824,76,0,10,Love exploring new places 🌎,Real
5838,2766,252,3.11,122,30,0,2,Sharing moments from my journey,Real
13716,2656,281,6.71,790,90,0,11,Follow for daily inspiration 🌟,Real
33896,1520,13,8.01,967,76,0,8,Photographer and content creator 📸,Fake
43773,3583,214,4.95,288,85,0,11,Follow for daily inspiration 🌟,Real
29324,1591,102,5.48,707,23,0,2,Photographer and content creator 📸,Real
5212,2931,22,8.6,473,98,0,4,Foodie | Reviews and recipes,Fake
6134,1992,43,1.16,986,92,1,5,Photographer and content creator 📸,Fake
25412,734,207,5.94,386,34,0,6,Passionate traveler and food lover,Real
34718,4249,5,0.56,611,66,1,3,Love exploring new places 🌎,Real
17056,2176,327,6.97,989,43,0,1,Digital nomad living my best life 🌴,Fake
5517,3755,138,6.71,438,40,0,3,Sharing moments from my journey,Real
13801,4942,425,9.09,825,62,0,2,Sharing moments from my journey,Real
39304,1598,353,4.88,267,56,0,9,Business inquiries? Contact below 👇,Real
9190,3731,250,8.83,577,13,0,6,Entrepreneur & lifestyle blogger,Fake
41946,2563,68,8.46,486,13,0,1,Check out my website for more updates!,Real
17523,1398,26,4.15,726,8,0,4,Sharing moments from my journey,Fake
30702,3267,317,9.47,732,51,0,7,Fitness enthusiast 💪 | Health advocate,Fake
14186,3843,285,0.27,483,48,0,2,Follow for daily inspiration 🌟,Real
14982,3349,395,0.85,408,21,0,2,Fitness enthusiast 💪 | Health advocate,Real
44876,2815,244,4.53,835,50,0,7,Check out my website for more updates!,Real
6904,179,73,9.24,717,93,0,8,Sharing moments from my journey,Real
26459,4642,336,7.45,959,15,0,8,DM for collaborations or inquiries!,Real
26304,1178,108,3.54,964,34,0,11,Fitness enthusiast 💪 | Health advocate,Real
18263,1908,261,2.79,265,4,0,8,Nature lover | Saving the planet 🌍,Fake
29769,2278,181,5.66,721,94,0,3,Check out my website for more updates!,Fake
7895,4992,145,6.66,57,89,0,7,Love exploring new places 🌎,Fake
5844,2697,251,4.03,181,68,0,8,Follow for daily inspiration 🌟,Fake
12254,2511,246,8.87,395,36,0,5,Follow for daily inspiration 🌟,Fake
41136,4197,351,9.02,334,76,0,3,Foodie | Reviews and recipes,Real
31158,1934,276,3.23,26,27,0,10,Follow for daily inspiration 🌟,Real
2749,1099,400,9.18,268,69,0,6,Aspiring artist | Drawing my dreams,Real
5353,1673,123,1.04,144,80,0,5,Personal blog | Stay positive ✨,Real
24491,2158,189,4.74,887,93,0,10,Nature lover | Saving the planet 🌍,Real
8103,2666,183,6.16,179,11,1,5,Aspiring artist | Drawing my dreams,Fake
2602,966,242,1.63,219,59,0,6,Digital nomad living my best life 🌴,Fake
27847,4302,185,0.15,939,53,0,3,Passionate traveler and food lover,Fake
23539,1401,464,4.48,633,71,0,11,Aspiring artist | Drawing my dreams,Fake
7095,1858,422,2.15,730,39,0,8,Business inquiries? Contact below 👇,Real
11906,1445,96,9.71,692,26,1,4,Check out my website for more updates!,Fake
15274,3162,99,2.9,635,5,0,2,DM for collaborations or inquiries!,Fake
21922,885,352,3.39,343,39,0,2,Photographer and content creator 📸,Fake
14752,4408,78,6.17,547,56,0,2,DM for collaborations or inquiries!,Fake
40642,3475,164,1.17,915,35,0,6,Love exploring new places 🌎,Fake
36163,2249,476,9.08,537,42,1,8,Foodie | Reviews and recipes,Real
4487,4013,409,2.62,36,91,0,3,Aspiring artist | Drawing my dreams,Real
45819,884,393,2.23,528,84,0,8,Follow for daily inspiration 🌟,Real
48842,3656,479,9.01,502,97,0,1,Fitness enthusiast 💪 | Health advocate,Real
1357,2905,295,2.33,826,35,0,6,Nature lover | Saving the planet 🌍,Real
35840,2385,42,7.4,129,42,0,7,Foodie | Reviews and recipes,Real
10214,3794,406,4.26,444,20,0,10,Follow for daily inspiration 🌟,Fake
24809,846,284,0.26,902,80,0,9,DM for collaborations or inquiries!,Fake
3817,1454,307,3.0,252,2,0,9,DM for collaborations or inquiries!,Real
7528,2588,345,8.75,416,66,0,6,Aspiring artist | Drawing my dreams,Real
35119,3773,311,0.33,849,95,0,10,Check out my website for more updates!,Real
48076,2237,89,0.65,648,70,0,4,Business inquiries? Contact below 👇,Real
534,2884,209,0.7,810,49,1,5,Business inquiries? Contact below 👇,Fake
30483,1583,84,5.4,556,61,0,8,Foodie | Reviews and recipes,Real
17606,4395,373,3.34,285,22,0,9,Business inquiries? Contact below 👇,Real
13917,1345,147,8.4,906,71,0,6,Passionate traveler and food lover,Fake
16692,2128,457,7.46,374,4,0,4,Foodie | Reviews and recipes,Fake
28982,4302,407,1.28,563,19,1,8,Passionate traveler and food lover,Real
25481,3889,409,0.47,481,29,0,4,Photographer and content creator 📸,Real
281,1369,444,8.82,605,64,0,9,Passionate traveler and food lover,Real
42950,4124,407,2.37,373,45,0,7,Check out my website for more updates!,Real
1049,4182,439,9.29,206,28,0,11,Nature lover | Saving the planet 🌍,Fake
8685,2403,32,9.72,304,61,0,3,Love exploring new places 🌎,Fake
27362,3969,81,3.22,895,29,0,3,Business inquiries? Contact below 👇,Real
5488,4010,373,3.64,575,73,0,2,Foodie | Reviews and recipes,Fake
7817,4975,330,7.31,434,9,0,6,Aspiring artist | Drawing my dreams,Real
39818,3447,334,3.65,337,78,0,5,Aspiring artist | Drawing my dreams,Real
46092,588,442,9.73,708,15,0,6,Personal blog | Stay positive ✨,Fake
1911,1494,420,4.84,589,13,0,2,Personal blog | Stay positive ✨,Fake
17499,106,160,4.26,52,53,0,3,Nature lover | Saving the planet 🌍,Fake
45454,1513,383,1.65,933,47,0,9,Check out my website for more updates!,Fake
19067,767,370,0.67,201,50,1,3,Follow for daily inspiration 🌟,Real
33441,4605,469,9.96,764,84,1,7,Foodie | Reviews and recipes,Fake
16782,4478,351,0.52,670,59,0,10,Check out my website for more updates!,Fake
37146,974,176,3.9,670,59,0,2,Sharing moments from my journey,Real
41038,4924,7,9.2,937,43,0,3,Personal blog | Stay positive ✨,Fake
29450,1555,372,2.71,311,63,1,2,Aspiring artist | Drawing my dreams,Real
40628,2475,395,4.8,258,80,0,9,Aspiring artist | Drawing my dreams,Real
24797,1258,135,4.79,950,16,0,6,Photographer and content creator 📸,Fake
33654,2213,85,6.85,975,30,0,5,Fitness enthusiast 💪 | Health advocate,Fake
289,1683,131,5.92,517,52,0,3,Nature lover | Saving the planet 🌍,Real
46134,1085,89,3.05,584,87,0,8,Sharing moments from my journey,Fake
42818,3438,319,9.16,238,95,1,3,Follow for daily inspiration 🌟,Real
23603,524,297,4.78,303,50,0,7,Photographer and content creator 📸,Fake
24623,3360,79,1.18,398,80,0,3,Love exploring new places 🌎,Fake
36154,4224,157,8.11,765,33,0,6,Sharing moments from my journey,Fake
5274,1341,20,1.73,999,18,0,9,Digital nomad living my best life 🌴,Fake
1849,420,149,9.33,736,1,0,8,Digital nomad living my best life 🌴,Real
20113,1269,11,2.15,431,21,0,2,Check out my website for more updates!,Real
25810,1921,236,5.47,425,15,0,8,Photographer and content creator 📸,Real
22644,3897,6,7.81,267,44,0,9,Entrepreneur & lifestyle blogger,Fake
28001,1408,379,3.81,256,14,0,9,Love exploring new places 🌎,Fake
46095,1519,77,7.34,931,13,0,8,Aspiring artist | Drawing my dreams,Real
13468,1454,255,3.76,805,78,0,8,Love exploring new places 🌎,Real
18643,3526,488,4.87,970,65,0,6,Passionate traveler and food lover,Fake
29501,1806,140,2.5,997,42,0,7,Personal blog | Stay positive ✨,Real
28483,3418,455,4.6,542,0,0,3,Nature lover | Saving the planet 🌍,Fake
31031,1174,157,0.24,517,47,0,11,Sharing moments from my journey,Fake
1322,1674,147,8.9,479,10,0,9,Nature lover | Saving the planet 🌍,Real
21435,2586,381,8.26,139,98,0,3,Aspiring artist | Drawing my dreams,Real
17001,4149,133,0.96,130,29,0,7,Passionate traveler and food lover,Real
29133,4941,49,0.57,686,42,0,3,Foodie | Reviews and recipes,Real
6352,3441,217,6.88,394,98,0,5,Business inquiries? Contact below 👇,Real
35689,2043,176,9.58,98,11,0,10,Fitness enthusiast 💪 | Health advocate,Real
43233,2669,173,3.4,443,30,0,7,Love exploring new places 🌎,Fake
45614,3052,102,3.43,685,94,0,7,DM for collaborations or inquiries!,Real
9171,2178,302,8.25,855,26,0,11,Sharing moments from my journey,Fake
13393,1261,56,5.63,225,88,0,3,Aspiring artist | Drawing my dreams,Fake
22442,2499,487,9.44,395,90,0,3,Aspiring artist | Drawing my dreams,Real
49453,2506,96,3.39,689,6,1,4,Personal blog | Stay positive ✨,Real
48177,3058,203,7.23,438,56,0,4,Aspiring artist | Drawing my dreams,Real
7104,944,434,6.87,460,42,0,6,Follow for daily inspiration 🌟,Real
32676,2825,85,2.41,389,54,0,8,Fitness enthusiast 💪 | Health advocate,Fake
40183,3415,461,1.43,449,89,0,5,Personal blog | Stay positive ✨,Real
14336,738,474,9.6,212,75,0,6,Fitness enthusiast 💪 | Health advocate,Real
35111,1837,319,1.73,610,46,0,8,Check out my website for more updates!,Real
37307,2999,294,5.16,580,53,0,5,Entrepreneur & lifestyle blogger,Real
37236,3154,122,2.16,562,16,0,10,Digital nomad living my best life 🌴,Fake
12087,3396,81,9.94,258,82,0,6,Photographer and content creator 📸,Fake
26749,1351,230,8.3,448,8,0,9,Check out my website for more updates!,Real
22790,958,258,8.01,537,62,0,10,Love exploring new places 🌎,Fake
5222,1404,343,3.9,190,3,0,4,Personal blog | Stay positive ✨,Fake
33403,4104,101,0.98,87,94,0,4,Entrepreneur & lifestyle blogger,Real
32723,101,201,9.86,866,69,0,3,Business inquiries? Contact below 👇,Fake
39784,3523,142,6.51,686,6,1,4,Nature lover | Saving the planet 🌍,Fake
9402,4110,20,8.11,883,33,0,5,Passionate traveler and food lover,Fake
32673,1419,126,0.08,63,47,0,6,Passionate traveler and food lover,Fake
9572,2664,409,7.9,786,38,0,3,Business inquiries? Contact below 👇,Real
31812,284,405,7.52,247,64,0,5,Check out my website for more updates!,Real
47880,2399,340,4.69,743,94,0,10,Personal blog | Stay positive ✨,Fake
1561,2347,161,5.16,827,5,0,5,DM for collaborations or inquiries!,Fake
31299,3620,266,0.48,900,1,0,5,Love exploring new places 🌎,Real
24614,2961,199,5.23,566,40,0,5,Passionate traveler and food lover,Real
7543,4325,8,6.42,584,74,0,3,Foodie | Reviews and recipes,Real
22933,497,395,0.35,584,42,0,9,Fitness enthusiast 💪 | Health advocate,Real
19759,724,13,2.95,507,90,0,8,Digital nomad living my best life 🌴,Fake
30529,3758,248,5.04,945,67,0,9,Love exploring new places 🌎,Real
45163,384,88,2.83,972,97,0,8,Love exploring new places 🌎,Fake
46385,4629,151,5.19,983,46,0,4,DM for collaborations or inquiries!,Fake
43054,1320,33,2.52,109,4,0,2,Entrepreneur & lifestyle blogger,Fake
5451,765,38,7.42,227,43,0,6,Entrepreneur & lifestyle blogger,Fake
34638,93,213,6.05,656,42,0,5,Personal blog | Stay positive ✨,Real
33521,4892,279,4.47,923,29,0,2,Entrepreneur & lifestyle blogger,Fake
38724,1714,498,9.88,960,79,0,4,Check out my website for more updates!,Real
36561,3616,317,3.15,455,80,0,5,Follow for daily inspiration 🌟,Real
36305,1848,217,7.75,138,65,0,2,Passionate traveler and food lover,Fake
38605,4131,30,4.01,363,83,1,8,Entrepreneur & lifestyle blogger,Fake
31622,380,445,1.35,940,55,0,2,Digital nomad living my best life 🌴,Fake
43843,4329,181,9.98,875,81,0,4,DM for collaborations or inquiries!,Real
38303,4920,376,8.72,426,57,0,10,Digital nomad living my best life 🌴,Real
40596,1021,328,8.87,434,30,0,3,Aspiring artist | Drawing my dreams,Fake
34345,125,323,7.51,816,67,0,8,Digital nomad living my best life 🌴,Fake
24446,1124,370,5.3,402,96,0,3,Foodie | Reviews and recipes,Real
3514,1656,169,8.69,988,93,0,6,Fitness enthusiast 💪 | Health advocate,Fake
19206,687,488,6.51,85,78,0,5,Nature lover | Saving the planet 🌍,Fake
10086,1056,201,6.67,633,70,0,10,Follow for daily inspiration 🌟,Fake
19705,4902,364,7.17,686,59,0,3,Entrepreneur & lifestyle blogger,Fake
7565,1556,389,0.37,119,69,0,7,Entrepreneur & lifestyle blogger,Fake
8284,4054,55,4.59,864,2,0,3,Nature lover | Saving the planet 🌍,Fake
48736,2640,243,2.06,938,55,1,7,Love exploring new places 🌎,Real
31936,2003,77,5.39,661,64,0,11,Business inquiries? Contact below 👇,Real
38409,4934,364,9.75,289,88,0,9,Sharing moments from my journey,Real
6029,2979,308,4.96,515,12,0,4,DM for collaborations or inquiries!,Fake
11353,77,415,9.16,87,31,0,6,Check out my website for more updates!,Real
29214,1930,430,8.12,805,37,1,1,Foodie | Reviews and recipes,Fake
35062,2612,56,7.93,983,18,0,6,Foodie | Reviews and recipes,Fake
36987,1684,83,6.47,175,46,0,8,Check out my website for more updates!,Real
29636,598,403,4.71,511,39,0,11,Sharing moments from my journey,Fake
10964,1014,257,5.43,94,15,0,10,Follow for daily inspiration 🌟,Fake
47244,3853,438,1.71,141,80,0,1,Entrepreneur & lifestyle blogger,Fake
35805,4239,46,0.25,661,64,0,2,Foodie | Reviews and recipes,Fake
48798,2873,52,0.89,923,85,1,4,Love exploring new places 🌎,Fake
36107,479,343,1.46,694,75,0,11,Personal blog | Stay positive ✨,Real
35588,436,165,3.83,722,97,0,7,Fitness enthusiast 💪 | Health advocate,Fake
45562,3033,124,5.63,936,89,0,4,Passionate traveler and food lover,Real
35933,679,64,7.48,827,67,0,2,Passionate traveler and food lover,Fake
14117,4514,116,1.64,943,73,0,6,Digital nomad living my best life 🌴,Real
43815,4350,304,5.22,324,96,0,10,Business inquiries? Contact below 👇,Fake
25358,3452,415,8.95,286,90,0,2,Business inquiries? Contact below 👇,Fake
8787,4642,468,2.6,907,95,0,6,Follow for daily inspiration 🌟,Real
48745,1411,254,6.14,154,91,0,3,Passionate traveler and food lover,Fake
6528,715,446,9.85,755,77,0,5,Sharing moments from my journey,Fake
19758,2933,26,4.95,701,39,0,10,Personal blog | Stay positive ✨,Real
21939,3349,432,3.8,292,90,0,3,Check out my website for more updates!,Fake
32581,4597,297,8.91,709,65,0,8,Check out my website for more updates!,Fake
22495,1976,273,8.06,565,8,0,9,Fitness enthusiast 💪 | Health advocate,Fake
24545,4097,206,7.32,571,79,0,2,Passionate traveler and food lover,Fake
27338,2600,347,4.18,980,49,0,8,Business inquiries? Contact below 👇,Real
19961,1122,315,2.93,615,15,0,5,Passionate traveler and food lover,Real
3424,427,69,8.6,62,49,0,6,Love exploring new places 🌎,Real
2591,788,415,6.7,952,1,0,10,Follow for daily inspiration 🌟,Real
29379,4128,11,9.14,931,19,0,11,Aspiring artist | Drawing my dreams,Fake
17107,592,117,8.03,235,90,0,10,Foodie | Reviews and recipes,Real
9482,3456,380,1.69,640,27,0,2,Photographer and content creator 📸,Fake
36909,1069,406,7.44,197,8,0,6,Love exploring new places 🌎,Real
18130,2977,145,5.55,776,82,0,5,Fitness enthusiast 💪 | Health advocate,Real
26183,2889,230,9.16,770,3,0,9,Nature lover | Saving the planet 🌍,Real
38296,3005,346,4.97,695,85,0,9,Passionate traveler and food lover,Fake
16571,537,66,4.12,58,23,0,9,Business inquiries? Contact below 👇,Fake
37903,4669,260,0.0,155,7,1,5,Digital nomad living my best life 🌴,Fake
35630,4591,410,9.87,974,52,0,6,Business inquiries? Contact below 👇,Fake
7000,1765,230,1.74,722,47,0,11,Photographer and content creator 📸,Fake
9068,3038,41,8.23,930,42,0,3,Follow for daily inspiration 🌟,Fake
18853,4050,3,0.16,577,95,0,5,Fitness enthusiast 💪 | Health advocate,Real
44268,1539,493,1.63,602,44,0,3,Follow for daily inspiration 🌟,Real
355,333,245,0.07,256,96,0,4,Passionate traveler and food lover,Fake
11510,3773,459,4.76,525,89,0,8,Aspiring artist | Drawing my dreams,Real
39782,1044,125,9.77,477,21,1,2,Passionate traveler and food lover,Real
18413,395,224,7.39,277,1,0,2,Digital nomad living my best life 🌴,Fake
37709,197,51,8.59,518,8,0,9,Photographer and content creator 📸,Fake
20654,2323,278,6.78,412,29,0,7,Photographer and content creator 📸,Fake
41692,759,252,3.78,762,5,1,6,Follow for daily inspiration 🌟,Fake
30920,2041,275,3.2,344,49,0,3,Foodie | Reviews and recipes,Real
38762,4743,266,6.88,606,66,0,2,Check out my website for more updates!,Fake
3178,3513,122,9.12,177,84,0,6,Entrepreneur & lifestyle blogger,Real
44936,2685,59,5.93,170,28,0,1,Fitness enthusiast 💪 | Health advocate,Fake
9096,3234,2,7.17,48,65,0,4,Fitness enthusiast 💪 | Health advocate,Fake
2437,4114,407,0.11,675,18,0,6,Love exploring new places 🌎,Fake
28825,2433,476,9.14,166,71,0,8,Entrepreneur & lifestyle blogger,Real
38187,1915,35,3.2,723,19,0,5,Follow for daily inspiration 🌟,Fake
42656,2901,220,8.05,932,20,0,9,Nature lover | Saving the planet 🌍,Fake
10569,1045,28,7.56,38,21,0,3,Aspiring artist | Drawing my dreams,Real
22251,2735,113,0.16,742,72,0,10,Entrepreneur & lifestyle blogger,Real
21491,1882,135,7.89,9,34,0,9,Aspiring artist | Drawing my dreams,Fake
30145,4561,71,1.6,949,31,0,6,Fitness enthusiast 💪 | Health advocate,Real
13739,808,216,9.59,596,63,0,6,Sharing moments from my journey,Real
38568,4633,199,8.14,315,82,0,10,Passionate traveler and food lover,Real
7448,4963,449,7.95,172,64,0,5,Passionate traveler and food lover,Real
19121,4468,194,6.41,315,46,0,11,Photographer and content creator 📸,Fake
29072,305,199,4.07,141,1,0,5,Check out my website for more updates!,Fake
45294,2170,3,7.97,45,58,0,4,DM for collaborations or inquiries!,Fake
24253,2837,343,9.1,761,23,0,10,Check out my website for more updates!,Real
38598,1969,406,9.1,471,25,0,2,Love exploring new places 🌎,Fake
44307,4647,464,9.54,165,68,0,6,Fitness enthusiast 💪 | Health advocate,Real
4574,741,38,4.57,196,72,0,5,Check out my website for more updates!,Real
44877,4191,15,4.37,432,18,0,8,Love exploring new places 🌎,Real
26569,476,5,6.57,933,96,0,10,Sharing moments from my journey,Real
8372,658,0,7.66,724,13,0,3,Foodie | Reviews and recipes,Real
19741,3556,1,3.6,130,69,0,4,Check out my website for more updates!,Real
42870,4622,288,3.57,801,46,0,1,Entrepreneur & lifestyle blogger,Fake
20258,579,135,9.68,19,2,0,4,Foodie | Reviews and recipes,Real
17423,1753,306,4.49,965,99,0,1,Follow for daily inspiration 🌟,Fake
36925,3368,197,6.93,42,0,0,7,Sharing moments from my journey,Real
28232,4816,202,1.43,853,73,0,7,Business inquiries? Contact below 👇,Fake
14432,3352,322,9.63,798,84,0,10,Follow for daily inspiration 🌟,Fake
28412,3364,489,8.45,789,58,0,8,Entrepreneur & lifestyle blogger,Fake
45786,273,488,2.53,845,81,0,8,Digital nomad living my best life 🌴,Real
38980,4744,395,5.56,46,66,0,2,Personal blog | Stay positive ✨,Real
27758,4733,222,6.02,493,20,0,11,Aspiring artist | Drawing my dreams,Fake
31577,4845,175,7.24,835,42,0,8,Personal blog | Stay positive ✨,Real
34845,4740,228,3.71,838,43,0,4,Fitness enthusiast 💪 | Health advocate,Real
48322,3641,342,8.17,199,55,0,10,DM for collaborations or inquiries!,Real
30641,4679,305,5.14,608,45,0,3,Love exploring new places 🌎,Fake
31670,3883,149,2.19,307,99,1,6,Sharing moments from my journey,Fake
48333,4824,423,6.97,244,72,1,2,Aspiring artist | Drawing my dreams,Real
10850,4418,38,0.13,531,42,1,5,Entrepreneur & lifestyle blogger,Fake
6446,1004,128,0.99,251,19,0,7,Entrepreneur & lifestyle blogger,Real
30614,1535,186,8.05,998,83,1,4,Check out my website for more updates!,Real
34356,3570,350,4.69,243,79,0,9,Business inquiries? Contact below 👇,Fake
28472,2874,279,0.99,40,69,0,2,Fitness enthusiast 💪 | Health advocate,Real
29829,4622,139,9.55,635,86,1,3,Digital nomad living my best life 🌴,Real
42247,2257,7,3.11,842,90,0,6,Nature lover | Saving the planet 🌍,Fake
45552,4519,140,3.97,345,13,1,8,Foodie | Reviews and recipes,Fake
44326,2340,289,1.39,729,25,1,10,Check out my website for more updates!,Fake
12507,4878,192,5.71,855,84,0,6,Aspiring artist | Drawing my dreams,Fake
14972,1658,161,6.26,552,95,0,3,Love exploring new places 🌎,Real
20862,1045,365,4.69,967,72,1,3,Passionate traveler and food lover,Real
3321,1160,315,1.23,303,91,0,10,Entrepreneur & lifestyle blogger,Real
5728,1727,368,2.42,296,99,0,6,Personal blog | Stay positive ✨,Real
34924,2409,360,8.9,641,68,0,3,Personal blog | Stay positive ✨,Real
9032,1706,132,7.74,665,61,0,3,Foodie | Reviews and recipes,Fake
16009,4197,374,2.46,18,59,0,4,Foodie | Reviews and recipes,Fake
37342,1227,130,9.03,449,83,0,7,Digital nomad living my best life 🌴,Fake
25999,1815,484,8.1,268,38,0,9,Personal blog | Stay positive ✨,Fake
25294,749,244,0.49,731,44,0,7,DM for collaborations or inquiries!,Real
41439,3580,481,9.96,988,56,0,4,Love exploring new places 🌎,Real
27564,1494,144,9.63,439,91,0,9,Passionate traveler and food lover,Real
46853,295,387,4.11,778,11,0,4,Nature lover | Saving the planet 🌍,Real
13113,4007,33,4.46,228,48,0,1,Business inquiries? Contact below 👇,Real
36864,3831,273,2.7,330,97,0,8,Entrepreneur & lifestyle blogger,Fake
29134,4459,112,7.97,819,88,0,5,Foodie | Reviews and recipes,Real
34473,4408,470,5.33,287,47,0,7,Entrepreneur & lifestyle blogger,Real
16629,1816,308,9.81,295,56,0,2,Passionate traveler and food lover,Fake
43133,892,427,7.82,607,18,1,7,Foodie | Reviews and recipes,Fake
41855,162,398,3.91,962,96,0,11,Business inquiries? Contact below 👇,Real
24802,1866,362,2.66,77,62,0,2,Photographer and content creator 📸,Fake
33318,179,297,1.81,337,22,0,7,Fitness enthusiast 💪 | Health advocate,Fake
25291,1418,80,9.1,392,15,0,1,Love exploring new places 🌎,Real
35067,2549,347,9.08,897,25,0,6,Check out my website for more updates!,Fake
24470,4207,482,8.41,51,5,0,8,Love exploring new places 🌎,Real
32179,4772,258,0.02,441,1,0,2,Digital nomad living my best life 🌴,Real
49717,2639,4,1.48,706,10,0,8,Nature lover | Saving the planet 🌍,Fake
6933,4938,477,1.18,868,28,0,10,Passionate traveler and food lover,Real
49262,4070,32,1.35,939,54,0,5,Digital nomad living my best life 🌴,Real
31631,2789,379,5.48,945,72,0,6,DM for collaborations or inquiries!,Real
22914,3880,24,4.04,238,43,0,6,Business inquiries? Contact below 👇,Real
21495,1914,294,5.82,564,37,0,7,Business inquiries? Contact below 👇,Fake
29181,3820,281,9.09,444,17,0,11,Nature lover | Saving the planet 🌍,Fake
31353,4133,486,0.5,771,41,0,5,Love exploring new places 🌎,Fake
34673,4626,276,9.02,830,67,0,5,Fitness enthusiast 💪 | Health advocate,Real
46532,1953,411,8.58,165,53,0,8,Photographer and content creator 📸,Real
30051,2247,217,5.89,830,50,0,10,Nature lover | Saving the planet 🌍,Fake
15245,4939,60,5.17,546,52,0,6,Love exploring new places 🌎,Real
11864,503,367,0.57,910,85,0,11,Passionate traveler and food lover,Real
29105,1641,2,6.85,12,38,0,9,Entrepreneur & lifestyle blogger,Fake
22483,1954,358,5.44,22,28,0,9,Digital nomad living my best life 🌴,Real
5767,3026,166,6.21,782,89,0,10,Foodie | Reviews and recipes,Fake
11353,1710,4,0.97,262,12,0,5,Entrepreneur & lifestyle blogger,Fake
27742,158,276,1.11,975,48,0,9,Photographer and content creator 📸,Real
11098,851,55,3.53,673,34,0,4,Passionate traveler and food lover,Fake
2884,1978,104,1.03,911,41,0,4,Digital nomad living my best life 🌴,Fake
29395,3740,348,0.19,509,28,0,5,Photographer and content creator 📸,Fake
38888,3225,313,2.15,818,13,0,6,Passionate traveler and food lover,Real
6163,2756,399,0.14,554,64,0,9,Love exploring new places 🌎,Fake
6835,644,359,9.0,507,29,0,8,Sharing moments from my journey,Real
33738,1634,149,1.56,185,48,0,8,Entrepreneur & lifestyle blogger,Real
35549,674,120,0.52,764,43,0,5,Entrepreneur & lifestyle blogger,Fake
19000,3943,38,7.01,170,71,0,9,Business inquiries? Contact below 👇,Fake
25500,1256,486,8.94,262,29,1,11,DM for collaborations or inquiries!,Fake
37830,2406,478,6.65,652,80,0,10,Sharing moments from my journey,Fake
21883,2391,111,6.51,69,71,0,3,DM for collaborations or inquiries!,Real
25946,966,157,3.97,224,61,0,10,Foodie | Reviews and recipes,Real
46722,4878,166,1.32,391,24,1,10,Love exploring new places 🌎,Fake
41793,4215,79,7.18,751,53,0,6,Sharing moments from my journey,Real
33325,98,132,5.05,418,81,0,8,Foodie | Reviews and recipes,Fake
42936,1411,223,2.91,770,82,0,4,Love exploring new places 🌎,Real
33861,3033,364,6.18,983,91,0,9,Digital nomad living my best life 🌴,Fake
21321,792,16,7.13,429,25,0,9,Personal blog | Stay positive ✨,Real
15311,4448,199,6.77,455,56,0,4,Passionate traveler and food lover,Fake
42959,4124,239,2.41,551,59,0,6,Foodie | Reviews and recipes,Real
42346,2809,50,1.99,889,84,1,3,Love exploring new places 🌎,Real
32804,425,129,3.93,933,97,0,4,Aspiring artist | Drawing my dreams,Real
34781,2998,268,1.06,373,73,0,2,Entrepreneur & lifestyle blogger,Fake
9726,1064,360,2.27,397,69,0,2,Business inquiries? Contact below 👇,Fake
14289,4861,53,0.55,452,65,0,4,Check out my website for more updates!,Fake
38866,3363,59,5.72,488,77,0,5,Fitness enthusiast 💪 | Health advocate,Real
12084,356,352,0.47,410,76,0,8,Nature lover | Saving the planet 🌍,Fake
24723,226,136,7.41,427,45,0,2,Personal blog | Stay positive ✨,Fake
34189,1191,176,6.43,721,10,0,9,Sharing moments from my journey,Real
35926,3385,457,7.11,287,65,0,10,DM for collaborations or inquiries!,Fake
48289,4485,140,4.73,399,76,0,5,Aspiring artist | Drawing my dreams,Real
42967,2243,442,0.86,976,6,1,7,Entrepreneur & lifestyle blogger,Real
35539,1010,33,8.31,115,83,0,5,Aspiring artist | Drawing my dreams,Fake
4393,1948,352,0.85,394,35,0,4,Photographer and content creator 📸,Fake
35364,1573,282,1.06,89,30,0,7,Business inquiries? Contact below 👇,Real
14436,14,247,6.94,327,65,0,8,Passionate traveler and food lover,Real
48925,4962,460,4.61,22,17,0,9,Photographer and content creator 📸,Real
27552,906,211,1.87,488,50,0,2,Check out my website for more updates!,Fake
6761,2997,112,0.98,767,20,0,4,Fitness enthusiast 💪 | Health advocate,Fake
37396,1101,458,1.16,511,12,0,6,Passionate traveler and food lover,Fake
35733,3729,91,7.78,876,16,1,10,Personal blog | Stay positive ✨,Fake
5930,4326,324,5.15,32,39,0,7,Personal blog | Stay positive ✨,Real
43536,3012,400,5.05,525,20,0,6,Foodie | Reviews and recipes,Fake
35097,824,198,9.57,99,20,0,2,Aspiring artist | Drawing my dreams,Fake
8997,103,209,9.96,294,7,0,2,Follow for daily inspiration 🌟,Fake
896,974,205,2.2,713,78,0,2,Foodie | Reviews and recipes,Fake
7264,4050,376,5.73,747,99,0,4,Entrepreneur & lifestyle blogger,Fake
34858,82,144,6.96,753,61,0,2,Digital nomad living my best life 🌴,Real
13323,3517,313,5.53,957,97,1,2,Love exploring new places 🌎,Fake
28594,368,459,8.57,72,78,0,3,Foodie | Reviews and recipes,Fake
31876,3446,31,2.19,652,67,0,3,Love exploring new places 🌎,Fake
27018,2479,377,9.57,214,16,0,9,Love exploring new places 🌎,Fake
27300,1504,473,5.15,503,84,0,2,Fitness enthusiast 💪 | Health advocate,Fake
49961,4500,427,1.89,531,50,0,2,DM for collaborations or inquiries!,Real
14081,2456,402,9.5,934,3,1,9,Sharing moments from my journey,Fake
24993,3260,371,1.71,547,73,0,4,Check out my website for more updates!,Real
41327,4439,429,5.45,632,84,0,3,Love exploring new places 🌎,Fake
41533,4534,428,0.46,234,82,0,8,Sharing moments from my journey,Real
30733,3403,192,9.89,811,68,0,11,Fitness enthusiast 💪 | Health advocate,Fake
29478,798,83,2.18,790,80,0,10,Photographer and content creator 📸,Real
23668,3336,181,8.8,756,75,0,3,Foodie | Reviews and recipes,Real
39391,1951,265,0.67,906,12,0,4,Foodie | Reviews and recipes,Real
23039,2177,301,3.53,598,63,0,6,Business inquiries? Contact below 👇,Real
33421,1739,197,8.33,862,45,0,5,Entrepreneur & lifestyle blogger,Real
22210,2934,287,9.62,107,70,0,8,Passionate traveler and food lover,Fake
25975,2594,77,4.06,161,45,0,5,Foodie | Reviews and recipes,Fake
39130,2772,397,2.24,810,85,0,7,DM for collaborations or inquiries!,Real
9742,955,114,4.98,941,70,0,4,Nature lover | Saving the planet 🌍,Fake
47226,1501,210,2.54,492,65,0,11,Check out my website for more updates!,Fake
27638,1056,200,1.65,390,54,0,11,Passionate traveler and food lover,Fake
46009,1786,51,5.0,917,54,0,4,Foodie | Reviews and recipes,Fake
44997,2653,493,5.61,419,11,0,2,DM for collaborations or inquiries!,Real
25012,4872,422,0.22,943,35,0,3,Foodie | Reviews and recipes,Real
14997,308,111,7.98,651,56,0,7,Digital nomad living my best life 🌴,Real
5940,87,426,6.66,222,93,0,2,Photographer and content creator 📸,Fake
48493,1951,462,1.09,547,58,0,9,Foodie | Reviews and recipes,Fake
22005,334,466,6.27,341,3,0,1,DM for collaborations or inquiries!,Real
12350,4269,377,9.05,408,30,0,5,Business inquiries? Contact below 👇,Fake
44120,2616,448,7.43,459,79,0,7,Aspiring artist | Drawing my dreams,Real
16351,755,447,5.6,496,88,0,9,Digital nomad living my best life 🌴,Fake
12568,4470,498,1.49,266,12,0,8,Check out my website for more updates!,Real
31028,3534,15,4.39,886,63,0,2,Follow for daily inspiration 🌟,Real
49107,4068,142,1.5,441,83,0,5,Business inquiries? Contact below 👇,Fake
19389,3489,2,9.63,590,54,0,5,Love exploring new places 🌎,Real
7137,422,108,9.02,285,43,0,4,Nature lover | Saving the planet 🌍,Real
46609,47,407,2.28,635,48,0,1,Entrepreneur & lifestyle blogger,Real
42300,2569,68,4.45,614,2,0,8,Passionate traveler and food lover,Real
13048,268,52,8.84,150,13,0,10,Digital nomad living my best life 🌴,Real
34669,2634,364,5.7,596,67,0,11,Fitness enthusiast 💪 | Health advocate,Fake
24222,815,37,1.79,454,94,0,8,Entrepreneur & lifestyle blogger,Fake
44067,2828,283,5.41,585,90,0,3,Business inquiries? Contact below 👇,Fake
561,3646,482,0.49,366,53,0,5,Sharing moments from my journey,Real
22172,656,93,8.45,923,96,0,11,Passionate traveler and food lover,Fake
26019,4277,49,9.66,321,49,0,4,Entrepreneur & lifestyle blogger,Fake
20794,1490,325,2.8,213,23,1,9,Personal blog | Stay positive ✨,Fake
46641,2906,15,2.82,405,17,0,9,Personal blog | Stay positive ✨,Real
28354,2876,495,3.52,448,97,0,5,Personal blog | Stay positive ✨,Real
34473,2279,90,1.0,675,37,0,8,Fitness enthusiast 💪 | Health advocate,Fake
7493,3667,139,4.82,431,30,0,2,DM for collaborations or inquiries!,Real
29886,1673,311,6.34,56,36,0,2,Digital nomad living my best life 🌴,Fake
29353,489,192,7.44,856,95,0,2,Passionate traveler and food lover,Real
22300,3538,164,2.17,370,12,0,7,Follow for daily inspiration 🌟,Real
33190,172,401,9.89,957,75,0,8,Foodie | Reviews and recipes,Fake
21566,1347,158,5.96,58,96,0,3,Nature lover | Saving the planet 🌍,Fake
9381,3701,124,5.16,593,31,0,3,DM for collaborations or inquiries!,Real
18648,708,479,5.86,997,47,0,2,Foodie | Reviews and recipes,Real
42607,1119,169,6.61,451,9,0,2,Entrepreneur & lifestyle blogger,Fake
4480,2695,486,2.73,776,49,0,9,Entrepreneur & lifestyle blogger,Real
30433,3971,60,1.28,576,34,0,4,Love exploring new places 🌎,Real
45818,2351,215,6.0,38,70,0,2,Aspiring artist | Drawing my dreams,Real
49119,4495,100,3.39,286,59,0,9,Business inquiries? Contact below 👇,Fake
506,569,419,3.95,506,23,0,3,Fitness enthusiast 💪 | Health advocate,Fake
24777,2097,235,9.28,70,94,1,3,Digital nomad living my best life 🌴,Real
1934,875,269,1.83,55,42,0,1,Fitness enthusiast 💪 | Health advocate,Fake
29876,4580,456,2.71,146,65,0,5,Personal blog | Stay positive ✨,Real
25303,1664,324,0.86,214,83,0,5,Love exploring new places 🌎,Fake
45558,4703,397,9.06,350,66,0,4,Fitness enthusiast 💪 | Health advocate,Real
14940,1666,418,0.39,171,99,0,9,Entrepreneur & lifestyle blogger,Fake
22182,1988,237,4.79,43,2,0,2,Passionate traveler and food lover,Real
43434,2075,415,4.42,296,69,0,2,Check out my website for more updates!,Fake
45925,3863,311,9.08,11,27,0,2,Nature lover | Saving the planet 🌍,Real
840,3998,303,8.39,443,24,0,10,DM for collaborations or inquiries!,Fake
22480,2170,190,5.76,505,86,1,2,Photographer and content creator 📸,Real
5436,2549,351,1.19,265,17,0,7,Aspiring artist | Drawing my dreams,Real
38355,1318,151,3.54,278,5,0,3,Personal blog | Stay positive ✨,Real
36211,3421,363,1.13,756,89,0,8,Digital nomad living my best life 🌴,Fake
38071,3706,453,2.06,53,89,0,3,Entrepreneur & lifestyle blogger,Real
33606,4704,204,7.89,629,42,0,6,Foodie | Reviews and recipes,Fake
40001,3204,475,0.58,417,1,0,10,Check out my website for more updates!,Real
2561,3772,159,3.15,538,7,1,3,Love exploring new places 🌎,Real
9831,4765,360,2.1,799,10,0,4,Follow for daily inspiration 🌟,Fake
42760,2206,262,2.99,17,66,0,5,Sharing moments from my journey,Real
2715,3218,431,7.48,875,81,0,2,Nature lover | Saving the planet 🌍,Fake
19728,675,239,4.25,464,90,0,8,Photographer and content creator 📸,Fake
35064,2486,111,8.09,685,61,0,8,Fitness enthusiast 💪 | Health advocate,Real
3251,4974,380,5.96,983,41,0,8,Foodie | Reviews and recipes,Fake
5030,2254,398,1.0,74,44,0,4,Check out my website for more updates!,Fake
20558,3113,192,6.04,179,82,0,11,Passionate traveler and food lover,Real
35585,2695,47,1.36,639,70,0,6,DM for collaborations or inquiries!,Real
24029,3410,309,0.37,804,64,0,7,Check out my website for more updates!,Real
49978,2554,203,2.27,676,44,0,6,Personal blog | Stay positive ✨,Fake
49598,2714,265,2.17,188,5,0,3,Check out my website for more updates!,Fake
36568,982,266,2.79,821,31,0,6,Digital nomad living my best life 🌴,Real
29452,1074,38,1.8,85,66,0,5,Sharing moments from my journey,Fake
43894,2761,111,0.95,496,79,0,9,DM for collaborations or inquiries!,Fake
28200,3090,229,9.52,213,78,0,5,Photographer and content creator 📸,Fake
31773,3959,373,8.75,671,66,0,3,Sharing moments from my journey,Real
4270,3133,217,6.63,288,34,0,3,DM for collaborations or inquiries!,Fake
47816,3938,492,8.86,134,13,1,8,Nature lover | Saving the planet 🌍,Fake
26672,526,245,3.74,579,13,1,8,Love exploring new places 🌎,Real
28445,2837,497,0.16,109,77,0,3,Entrepreneur & lifestyle blogger,Fake
13705,3964,380,6.34,25,70,0,10,DM for collaborations or inquiries!,Fake
41609,1809,251,5.72,79,78,0,10,Photographer and content creator 📸,Fake
33837,3963,137,7.81,18,28,0,10,Business inquiries? Contact below 👇,Real
26487,3320,4,5.6,295,36,0,8,Business inquiries? Contact below 👇,Real
22578,1034,123,2.18,851,14,0,6,Fitness enthusiast 💪 | Health advocate,Fake
23009,2655,205,8.65,813,43,0,5,Photographer and content creator 📸,Real
5134,290,221,1.93,104,24,0,8,Aspiring artist | Drawing my dreams,Fake
37126,2304,135,6.06,861,38,0,3,Check out my website for more updates!,Real
39583,3337,379,2.74,298,32,0,9,Photographer and content creator 📸,Fake
20155,2096,236,4.28,150,38,0,5,Personal blog | Stay positive ✨,Real
23808,1981,315,8.58,25,84,0,5,Follow for daily inspiration 🌟,Fake
35016,945,449,9.99,259,17,0,6,DM for collaborations or inquiries!,Fake
28660,803,112,5.32,85,90,0,7,Foodie | Reviews and recipes,Fake
44252,1455,277,1.99,122,30,0,3,Sharing moments from my journey,Real
34039,4264,377,0.6,868,87,0,8,Personal blog | Stay positive ✨,Fake
7489,1447,169,8.61,637,10,0,5,Sharing moments from my journey,Real
6348,4574,118,4.38,45,9,0,11,Check out my website for more updates!,Real
13307,2466,392,1.57,188,91,0,3,Fitness enthusiast 💪 | Health advocate,Real
43847,1221,87,1.65,491,10,0,10,Digital nomad living my best life 🌴,Fake
49998,1941,455,5.77,620,46,0,7,Fitness enthusiast 💪 | Health advocate,Real
46301,201,447,8.65,21,75,0,7,Fitness enthusiast 💪 | Health advocate,Fake
30402,2817,12,2.46,567,8,0,8,Personal blog | Stay positive ✨,Fake
6975,2728,380,0.78,438,85,0,6,Entrepreneur & lifestyle blogger,Fake
27851,400,114,2.2,153,73,0,7,Check out my website for more updates!,Real
40741,4035,215,0.05,130,84,0,4,Sharing moments from my journey,Fake
18632,2715,359,1.08,318,84,0,10,Sharing moments from my journey,Fake
39094,1994,69,9.14,161,81,0,4,Check out my website for more updates!,Real
19513,17,327,2.21,471,71,0,3,Fitness enthusiast 💪 | Health advocate,Real
18170,3172,112,6.36,480,88,0,6,Fitness enthusiast 💪 | Health advocate,Real
36596,3269,417,9.63,237,94,0,3,Fitness enthusiast 💪 | Health advocate,Real
32949,1881,345,8.13,348,73,0,8,Entrepreneur & lifestyle blogger,Fake
49698,3518,265,8.84,300,64,0,5,Business inquiries? Contact below 👇,Fake
38850,469,373,1.45,632,1,0,2,Entrepreneur & lifestyle blogger,Fake
42750,4825,393,2.97,35,27,1,4,Sharing moments from my journey,Real
36193,2610,86,8.89,287,88,0,8,Foodie | Reviews and recipes,Fake
9576,4679,98,5.22,204,51,0,2,Business inquiries? Contact below 👇,Fake
5756,2524,478,5.58,83,77,0,11,Love exploring new places 🌎,Fake
19088,2685,137,3.16,624,83,0,4,Nature lover | Saving the planet 🌍,Real
27029,1555,273,0.66,155,86,0,11,Follow for daily inspiration 🌟,Real
32909,1128,65,0.46,696,64,0,6,Digital nomad living my best life 🌴,Real
31289,1828,351,7.64,322,92,0,4,Photographer and content creator 📸,Fake
10275,889,316,6.21,172,98,0,4,DM for collaborations or inquiries!,Fake
12225,692,25,1.25,38,52,0,7,Foodie | Reviews and recipes,Real
27912,3145,271,3.35,138,89,0,10,Aspiring artist | Drawing my dreams,Real
29849,483,71,4.11,674,42,0,10,Fitness enthusiast 💪 | Health advocate,Real
8848,3881,121,1.72,535,64,0,6,Nature lover | Saving the planet 🌍,Real
10065,1881,499,4.55,588,68,0,5,Follow for daily inspiration 🌟,Real
42700,4907,317,0.13,368,59,1,6,Aspiring artist | Drawing my dreams,Real
23889,1002,269,4.44,284,7,1,7,Entrepreneur & lifestyle blogger,Fake
1424,4704,485,1.45,361,68,0,3,Photographer and content creator 📸,Real
28011,389,472,6.02,330,96,1,6,Digital nomad living my best life 🌴,Real
3193,4461,412,8.27,847,30,0,8,Love exploring new places 🌎,Real
46706,834,101,9.83,375,49,0,6,Follow for daily inspiration 🌟,Real
13807,176,137,7.94,667,30,0,9,Aspiring artist | Drawing my dreams,Real
43485,4352,400,6.39,156,11,0,10,Photographer and content creator 📸,Fake
49727,3666,101,4.13,246,58,0,8,Foodie | Reviews and recipes,Fake
13996,2059,476,8.72,283,12,0,11,Personal blog | Stay positive ✨,Fake
20772,3961,308,6.01,251,18,0,5,Nature lover | Saving the planet 🌍,Fake
35114,608,118,6.41,906,98,0,3,Personal blog | Stay positive ✨,Real
22974,503,226,6.12,566,37,0,4,Passionate traveler and food lover,Fake
12373,4722,33,1.56,879,16,0,9,Nature lover | Saving the planet 🌍,Fake
23671,4862,102,0.02,960,89,0,10,Business inquiries? Contact below 👇,Fake
45228,4076,235,0.7,153,93,0,8,Check out my website for more updates!,Fake
9993,3876,452,1.74,116,24,0,3,Follow for daily inspiration 🌟,Fake
12335,2405,122,9.61,26,26,0,1,Love exploring new places 🌎,Real
43286,4936,27,5.97,397,15,1,7,Fitness enthusiast 💪 | Health advocate,Fake
15215,1456,318,6.61,251,88,1,7,Check out my website for more updates!,Real
176,2029,371,4.74,746,90,0,11,Foodie | Reviews and recipes,Real
31844,3064,31,3.32,985,71,0,4,Nature lover | Saving the planet 🌍,Real
25221,2242,326,9.93,653,15,0,5,Nature lover | Saving the planet 🌍,Fake
5284,2748,33,3.25,939,75,0,8,Photographer and content creator 📸,Fake
7509,2526,416,4.52,490,49,0,3,Love exploring new places 🌎,Fake
32706,773,218,3.04,157,39,0,5,Business inquiries? Contact below 👇,Real
82,4683,56,6.38,788,37,0,6,Sharing moments from my journey,Fake
30939,2036,329,2.17,938,55,0,10,Passionate traveler and food lover,Fake
37227,1556,51,5.82,346,89,1,11,Photographer and content creator 📸,Real
27632,3252,249,5.54,356,26,0,7,Digital nomad living my best life 🌴,Fake
19278,3473,429,8.7,154,56,0,4,Personal blog | Stay positive ✨,Fake
37800,3493,73,0.87,53,25,0,8,Foodie | Reviews and recipes,Fake
3497,2628,264,5.4,952,82,0,10,Foodie | Reviews and recipes,Fake
25839,4283,289,7.4,596,88,0,2,DM for collaborations or inquiries!,Real
10572,3946,495,8.58,428,89,0,3,Love exploring new places 🌎,Real
27783,2495,17,1.39,586,8,1,5,DM for collaborations or inquiries!,Real
23126,4641,336,3.64,57,52,0,11,Sharing moments from my journey,Fake
29271,2624,48,7.9,721,47,0,7,Check out my website for more updates!,Real
34510,2453,104,9.33,343,96,0,3,Love exploring new places 🌎,Real
32150,4846,16,4.98,569,78,0,10,Love exploring new places 🌎,Real
16292,1444,30,8.49,165,97,0,5,Fitness enthusiast 💪 | Health advocate,Real
29167,1163,315,7.44,848,21,0,10,Personal blog | Stay positive ✨,Fake
48218,4638,314,3.47,306,30,0,3,Personal blog | Stay positive ✨,Real
25133,255,430,0.15,408,23,0,3,Entrepreneur & lifestyle blogger,Real
34336,2533,63,5.96,172,35,1,1,Personal blog | Stay positive ✨,Real
5348,2657,160,0.71,583,76,0,8,Business inquiries? Contact below 👇,Fake
31097,3338,469,7.07,83,10,0,5,Digital nomad living my best life 🌴,Real
30831,2094,201,7.34,518,80,0,7,Nature lover | Saving the planet 🌍,Fake
24659,2794,265,4.38,498,91,0,6,Fitness enthusiast 💪 | Health advocate,Real
45573,3081,337,2.54,818,48,0,11,Entrepreneur & lifestyle blogger,Fake
23622,2118,49,8.63,826,38,0,2,Fitness enthusiast 💪 | Health advocate,Fake
43690,4379,75,5.23,178,12,0,8,Digital nomad living my best life 🌴,Real
35836,4535,119,4.68,829,28,0,3,Fitness enthusiast 💪 | Health advocate,Fake
3309,4547,89,2.85,912,40,0,2,Personal blog | Stay positive ✨,Real
28822,3027,74,9.24,17,45,0,4,Photographer and content creator 📸,Fake
43126,671,417,5.92,103,64,0,8,Love exploring new places 🌎,Real
8534,4871,466,2.83,859,89,0,4,Fitness enthusiast 💪 | Health advocate,Real
24337,2769,497,3.15,538,24,0,7,Aspiring artist | Drawing my dreams,Real
18387,1436,63,7.33,495,89,0,9,Passionate traveler and food lover,Real
34102,3230,327,1.07,469,32,0,9,Photographer and content creator 📸,Real
8187,4806,191,3.63,678,27,0,9,Check out my website for more updates!,Fake
17306,4071,469,4.81,10,0,0,9,Love exploring new places 🌎,Fake
14557,743,62,9.74,957,7,0,4,Business inquiries? Contact below 👇,Real
16987,1435,50,8.42,19,17,0,1,Check out my website for more updates!,Fake
10543,860,140,2.26,173,95,0,9,Entrepreneur & lifestyle blogger,Real
6900,660,284,1.7,717,24,0,5,Nature lover | Saving the planet 🌍,Real
24122,1085,324,3.93,703,90,0,4,DM for collaborations or inquiries!,Fake
18657,164,497,5.41,923,7,1,8,Sharing moments from my journey,Real
25925,3587,155,9.86,414,48,0,3,Follow for daily inspiration 🌟,Real
44928,2438,167,5.32,764,9,0,9,Passionate traveler and food lover,Fake
10861,630,271,1.72,621,33,0,10,Business inquiries? Contact below 👇,Real
32326,979,314,7.54,141,55,1,11,Photographer and content creator 📸,Real
8159,1113,14,8.95,356,37,1,6,Personal blog | Stay positive ✨,Fake
43968,2984,101,5.43,699,57,0,3,Foodie | Reviews and recipes,Fake
19693,2041,362,3.63,169,66,0,3,Love exploring new places 🌎,Fake
3318,4088,421,0.9,141,58,0,4,Love exploring new places 🌎,Fake
33977,3144,315,4.73,29,98,0,10,Love exploring new places 🌎,Real
16231,1595,486,6.75,933,83,1,2,Love exploring new places 🌎,Fake
24514,1910,318,6.99,515,95,1,4,Nature lover | Saving the planet 🌍,Real
39484,844,136,7.74,269,0,0,11,Fitness enthusiast 💪 | Health advocate,Real
35614,3828,158,8.28,395,10,0,6,Nature lover | Saving the planet 🌍,Real
6838,498,69,9.51,872,17,0,9,Sharing moments from my journey,Real
40965,932,380,3.91,343,10,0,4,Follow for daily inspiration 🌟,Real
11429,2602,71,6.34,930,2,0,8,Sharing moments from my journey,Fake
2370,842,130,3.03,320,48,0,5,Business inquiries? Contact below 👇,Fake
22819,711,292,2.32,376,57,0,3,Check out my website for more updates!,Real
40446,362,323,9.09,581,5,0,1,Photographer and content creator 📸,Fake
731,1717,408,9.8,24,30,0,6,Entrepreneur & lifestyle blogger,Real
24266,2467,468,1.02,192,78,0,10,Passionate traveler and food lover,Fake
8161,460,128,9.45,701,42,0,5,Digital nomad living my best life 🌴,Fake
3555,3351,181,6.36,374,93,0,6,Sharing moments from my journey,Real
39765,2008,322,5.92,205,93,0,8,Passionate traveler and food lover,Real
12384,4198,15,0.35,862,40,0,7,Foodie | Reviews and recipes,Fake
2910,4155,23,0.09,636,87,0,6,Personal blog | Stay positive ✨,Fake
27673,1145,177,4.21,514,67,0,2,Passionate traveler and food lover,Real
49026,3487,411,7.88,370,75,0,9,Love exploring new places 🌎,Fake
25764,501,284,6.27,434,70,0,5,Foodie | Reviews and recipes,Fake
29956,2616,125,5.49,521,22,0,6,Business inquiries? Contact below 👇,Fake
25083,568,281,9.53,479,9,0,9,Business inquiries? Contact below 👇,Real
39282,299,406,1.29,116,77,0,6,DM for collaborations or inquiries!,Fake
18444,4001,264,8.1,983,24,0,10,Photographer and content creator 📸,Fake
11846,84,217,7.91,773,19,0,2,Foodie | Reviews and recipes,Fake
1626,2468,293,5.46,565,18,0,7,Entrepreneur & lifestyle blogger,Fake
37897,1104,488,2.55,789,36,0,10,Entrepreneur & lifestyle blogger,Fake
17133,3647,347,7.25,495,26,0,9,Follow for daily inspiration 🌟,Fake
9673,3286,390,1.99,23,30,0,11,Check out my website for more updates!,Fake
10314,4838,86,0.33,500,40,0,10,Business inquiries? Contact below 👇,Real
21263,3268,63,3.3,93,45,1,3,Fitness enthusiast 💪 | Health advocate,Fake
24632,3608,436,6.5,445,61,0,9,Passionate traveler and food lover,Fake
7080,3544,336,3.59,142,3,0,5,Entrepreneur & lifestyle blogger,Real
31018,4027,497,6.61,72,38,0,4,Entrepreneur & lifestyle blogger,Fake
19422,4822,153,0.02,176,98,0,6,Sharing moments from my journey,Real
49933,1540,197,1.19,864,40,0,8,Personal blog | Stay positive ✨,Real
11278,4846,4,9.48,250,10,0,5,Aspiring artist | Drawing my dreams,Fake
17480,1561,381,3.52,543,27,0,3,Nature lover | Saving the planet 🌍,Real
38378,3697,499,6.65,540,36,0,11,Check out my website for more updates!,Fake
42530,893,9,4.77,710,60,0,9,Photographer and content creator 📸,Real
48383,2123,79,8.73,66,88,0,6,Personal blog | Stay positive ✨,Fake
12545,1560,58,1.69,780,77,0,2,Check out my website for more updates!,Fake
1702,3897,216,4.0,428,67,0,11,Passionate traveler and food lover,Real
13449,1742,220,2.78,116,63,0,3,Digital nomad living my best life 🌴,Fake
14346,1861,477,9.93,865,48,0,8,Love exploring new places 🌎,Fake
38180,2227,442,8.08,595,61,0,8,Nature lover | Saving the planet 🌍,Real
14789,2498,352,1.72,365,30,0,10,Check out my website for more updates!,Fake
24270,909,279,1.51,892,7,0,10,Sharing moments from my journey,Fake
5867,179,108,3.0,483,10,0,6,Business inquiries? Contact below 👇,Real
1771,1983,94,9.46,282,13,0,4,Nature lover | Saving the planet 🌍,Real
19006,99,78,8.08,822,54,0,7,Aspiring artist | Drawing my dreams,Real
36147,2012,332,4.55,312,60,0,4,Aspiring artist | Drawing my dreams,Real
16498,2586,164,7.31,73,49,0,3,DM for collaborations or inquiries!,Fake
18828,3772,427,8.17,233,80,0,7,Digital nomad living my best life 🌴,Real
16658,4373,313,3.1,184,50,0,4,Personal blog | Stay positive ✨,Fake
34068,4385,374,0.91,480,47,0,11,Entrepreneur & lifestyle blogger,Real
12892,4683,244,7.97,953,49,0,10,Nature lover | Saving the planet 🌍,Real
9593,1113,371,7.15,499,9,1,10,Passionate traveler and food lover,Fake
1031,3727,227,6.35,978,91,0,5,Passionate traveler and food lover,Fake
3889,1165,109,2.59,773,24,0,3,Sharing moments from my journey,Real
29425,3805,201,3.73,668,97,0,6,Passionate traveler and food lover,Real
28017,698,27,7.64,502,87,1,2,Aspiring artist | Drawing my dreams,Real
49341,549,393,1.87,182,14,0,10,Personal blog | Stay positive ✨,Real
47339,3653,420,3.46,395,48,0,3,Entrepreneur & lifestyle blogger,Real
463,1607,164,5.69,934,20,0,9,Aspiring artist | Drawing my dreams,Real
16608,1070,75,4.57,268,90,1,2,Photographer and content creator 📸,Fake
39204,1538,454,0.75,955,45,0,11,Sharing moments from my journey,Fake
10652,2892,341,5.48,995,70,0,10,Nature lover | Saving the planet 🌍,Real
14913,4187,106,0.87,628,40,0,2,Aspiring artist | Drawing my dreams,Fake
16144,1051,479,9.72,730,28,0,3,Entrepreneur & lifestyle blogger,Fake
36477,3422,443,7.96,250,30,0,5,Aspiring artist | Drawing my dreams,Fake
3647,4593,309,6.32,724,65,0,3,Check out my website for more updates!,Fake
16137,948,206,0.99,699,36,0,3,Entrepreneur & lifestyle blogger,Fake
32454,4740,337,8.97,720,97,1,7,Aspiring artist | Drawing my dreams,Fake
13890,3688,241,4.75,495,51,0,10,Aspiring artist | Drawing my dreams,Real
49337,2494,288,0.07,328,85,0,11,Personal blog | Stay positive ✨,Real
12524,2659,477,3.77,948,88,0,6,Aspiring artist | Drawing my dreams,Real
2839,1595,92,4.55,916,46,0,10,Personal blog | Stay positive ✨,Real
20523,3943,15,3.47,77,46,0,2,Nature lover | Saving the planet 🌍,Fake
14391,1608,387,0.34,951,81,0,5,Check out my website for more updates!,Real
33456,3566,194,4.41,64,76,0,3,Business inquiries? Contact below 👇,Fake
2572,4008,114,5.57,619,67,0,4,DM for collaborations or inquiries!,Real
22661,4157,256,8.39,950,93,0,3,Foodie | Reviews and recipes,Fake
7675,56,451,1.65,519,55,0,3,Entrepreneur & lifestyle blogger,Real
40684,1320,439,5.29,626,80,0,2,Fitness enthusiast 💪 | Health advocate,Real
14618,2169,112,8.1,570,23,0,2,Personal blog | Stay positive ✨,Real
28332,4731,110,5.79,968,50,0,9,Foodie | Reviews and recipes,Fake
43132,1244,360,1.37,46,42,0,4,Nature lover | Saving the planet 🌍,Real
12678,2403,60,6.12,2,98,0,4,Photographer and content creator 📸,Fake
702,2227,252,2.05,49,59,0,1,Business inquiries? Contact below 👇,Fake
44664,136,101,8.64,632,13,0,11,Fitness enthusiast 💪 | Health advocate,Fake
29535,356,236,9.98,281,47,0,5,Photographer and content creator 📸,Fake
33146,1920,280,0.23,752,3,0,8,Passionate traveler and food lover,Fake
13574,443,16,1.77,46,11,1,5,Digital nomad living my best life 🌴,Real
38046,2228,440,1.16,552,82,0,6,DM for collaborations or inquiries!,Fake
33387,2479,241,7.85,581,47,0,8,Digital nomad living my best life 🌴,Fake
3760,2244,141,0.2,434,7,0,7,Check out my website for more updates!,Real
17376,150,32,2.59,784,56,0,9,DM for collaborations or inquiries!,Fake
166,4037,259,0.95,935,51,0,3,Fitness enthusiast 💪 | Health advocate,Fake
5296,4945,374,3.55,863,42,0,2,Follow for daily inspiration 🌟,Fake
38499,4245,142,2.94,694,6,0,5,Foodie | Reviews and recipes,Real
28399,2652,204,5.27,980,6,0,3,Sharing moments from my journey,Real
33157,3995,209,8.05,683,21,0,2,Entrepreneur & lifestyle blogger,Fake
4374,2898,350,6.67,27,9,0,8,Photographer and content creator 📸,Fake
16081,1574,463,4.28,671,74,0,5,Fitness enthusiast 💪 | Health advocate,Real
21359,2376,104,3.08,127,48,0,10,Foodie | Reviews and recipes,Real
23313,2868,428,0.93,14,0,0,11,Entrepreneur & lifestyle blogger,Real
49481,4096,69,8.05,767,86,0,5,Personal blog | Stay positive ✨,Fake
35514,3174,70,0.36,551,79,0,3,Love exploring new places 🌎,Fake
33950,180,252,9.83,440,25,0,11,Fitness enthusiast 💪 | Health advocate,Real
26613,3587,178,6.95,813,83,0,9,Check out my website for more updates!,Real
21038,1706,460,3.13,299,35,0,4,Passionate traveler and food lover,Fake
31155,1366,349,9.27,26,14,0,3,Aspiring artist | Drawing my dreams,Real
44504,1785,79,1.67,376,40,0,10,Personal blog | Stay positive ✨,Fake
39877,2622,130,6.55,76,23,0,5,Nature lover | Saving the planet 🌍,Real
7495,2015,358,7.93,372,46,0,6,Personal blog | Stay positive ✨,Fake
35356,1171,29,3.77,972,13,0,2,Check out my website for more updates!,Real
40811,914,453,7.99,272,3,1,7,Sharing moments from my journey,Real
21256,2495,322,3.65,915,48,1,4,Aspiring artist | Drawing my dreams,Fake
37447,1368,457,1.93,906,82,0,8,Personal blog | Stay positive ✨,Fake
47866,2965,281,2.63,317,60,0,4,Aspiring artist | Drawing my dreams,Real
40743,2525,219,5.09,233,1,0,9,Nature lover | Saving the planet 🌍,Real
45732,2621,189,0.51,312,46,0,4,Foodie | Reviews and recipes,Fake
8657,3725,335,0.07,119,68,0,10,Photographer and content creator 📸,Real
7680,113,90,7.18,301,31,0,3,Fitness enthusiast 💪 | Health advocate,Fake
22457,2067,79,9.81,141,61,0,5,Fitness enthusiast 💪 | Health advocate,Real
1299,2817,474,1.83,564,63,0,4,Follow for daily inspiration 🌟,Fake
6134,4141,193,2.4,26,10,0,5,DM for collaborations or inquiries!,Real
8533,237,146,7.98,673,16,0,2,Sharing moments from my journey,Fake
15369,1084,242,8.36,852,48,0,8,Business inquiries? Contact below 👇,Fake
21272,3740,349,5.36,214,10,0,1,Foodie | Reviews and recipes,Fake
13209,665,209,1.7,181,63,0,11,Love exploring new places 🌎,Fake
38899,3751,264,6.53,97,56,0,6,Fitness enthusiast 💪 | Health advocate,Fake
24694,691,352,9.29,738,57,0,5,Entrepreneur & lifestyle blogger,Real
17234,1326,360,7.82,354,28,0,7,Sharing moments from my journey,Real
14347,2262,485,1.37,546,0,0,10,Fitness enthusiast 💪 | Health advocate,Fake
47298,4233,39,3.35,587,70,0,4,Personal blog | Stay positive ✨,Fake
18075,431,441,9.13,853,51,1,2,Photographer and content creator 📸,Fake
6457,3727,49,2.79,417,10,0,7,Foodie | Reviews and recipes,Real
21906,3930,26,6.87,418,95,0,2,Check out my website for more updates!,Fake
11029,2154,163,4.71,55,84,0,2,Passionate traveler and food lover,Fake
5384,2804,355,3.89,513,16,0,10,Passionate traveler and food lover,Real
667,3491,3,8.29,837,79,0,7,DM for collaborations or inquiries!,Real
6436,3131,375,4.79,276,5,0,6,Passionate traveler and food lover,Fake
27098,3963,280,8.52,456,2,0,7,Entrepreneur & lifestyle blogger,Real
11750,633,168,6.7,389,40,0,10,Digital nomad living my best life 🌴,Fake
13659,3425,129,5.61,113,19,0,2,Business inquiries? Contact below 👇,Real
9308,2462,494,1.52,367,10,0,6,Sharing moments from my journey,Real
40433,3636,218,6.14,498,4,0,4,Fitness enthusiast 💪 | Health advocate,Fake
17914,2054,93,7.48,307,76,0,3,Foodie | Reviews and recipes,Real
17492,581,88,4.27,132,46,0,6,DM for collaborations or inquiries!,Real
24587,3471,231,1.33,36,7,0,10,Passionate traveler and food lover,Real
5598,4748,114,2.11,776,96,0,5,Business inquiries? Contact below 👇,Fake
30620,671,322,3.56,500,4,0,7,Fitness enthusiast 💪 | Health advocate,Fake
41934,367,1,6.88,844,83,0,5,Photographer and content creator 📸,Fake
35659,1324,355,5.2,972,47,0,4,Photographer and content creator 📸,Fake
33590,3724,165,3.65,881,87,0,2,Sharing moments from my journey,Real
34644,2505,99,5.72,918,54,0,2,Follow for daily inspiration 🌟,Fake
647,4390,329,3.49,128,32,0,4,Love exploring new places 🌎,Real
39545,1598,223,0.22,532,66,0,9,Digital nomad living my best life 🌴,Fake
38602,2645,193,3.26,79,71,1,11,Sharing moments from my journey,Fake
28449,2148,303,9.13,733,19,1,3,Entrepreneur & lifestyle blogger,Fake
6932,2682,6,0.48,299,59,0,7,Sharing moments from my journey,Real
8759,2362,299,10.0,678,75,0,3,Business inquiries? Contact below 👇,Real
33088,4797,282,3.51,937,69,0,4,Nature lover | Saving the planet 🌍,Real
6197,4498,41,4.36,496,49,0,3,Nature lover | Saving the planet 🌍,Real
32655,4318,386,7.73,458,77,0,6,DM for collaborations or inquiries!,Fake
26414,1670,336,0.44,750,46,0,11,Nature lover | Saving the planet 🌍,Real
37558,4633,247,6.49,848,99,1,11,Check out my website for more updates!,Real
10307,2778,0,9.18,804,25,0,3,Entrepreneur & lifestyle blogger,Fake
38199,4835,310,7.96,306,35,0,9,Nature lover | Saving the planet 🌍,Real
46962,2938,10,5.8,186,17,0,4,Love exploring new places 🌎,Fake
36505,3135,130,2.37,115,70,0,3,Photographer and content creator 📸,Fake
295,271,185,6.96,13,73,1,8,Love exploring new places 🌎,Fake
40775,1919,111,6.57,302,62,0,5,Aspiring artist | Drawing my dreams,Fake
13677,4699,263,0.38,987,77,0,1,Fitness enthusiast 💪 | Health advocate,Fake
22622,1768,108,6.51,903,89,0,10,Nature lover | Saving the planet 🌍,Real
11806,985,342,2.88,81,21,0,7,Business inquiries? Contact below 👇,Real
20926,282,289,6.59,616,4,0,4,Photographer and content creator 📸,Fake
358,2741,10,5.97,218,18,0,9,DM for collaborations or inquiries!,Real
29530,2319,36,1.92,658,8,0,2,DM for collaborations or inquiries!,Real
46837,2292,8,3.03,466,87,0,9,Photographer and content creator 📸,Real
41802,646,228,5.5,208,35,0,4,Passionate traveler and food lover,Fake
18041,463,357,8.52,918,24,0,3,Check out my website for more updates!,Fake
2423,1855,349,4.11,844,78,0,3,Check out my website for more updates!,Fake
16853,677,186,1.42,219,38,0,7,Personal blog | Stay positive ✨,Fake
8438,1879,424,9.05,1,8,0,2,Sharing moments from my journey,Fake
46390,3629,332,8.62,499,43,0,11,Aspiring artist | Drawing my dreams,Real
38889,688,347,2.05,938,19,0,5,Fitness enthusiast 💪 | Health advocate,Fake
21721,250,96,5.2,857,17,0,9,Business inquiries? Contact below 👇,Fake
46647,3780,378,1.2,518,78,0,5,Love exploring new places 🌎,Real
44038,2680,434,5.85,785,21,0,6,Aspiring artist | Drawing my dreams,Real
47670,3855,453,3.37,889,4,0,1,Aspiring artist | Drawing my dreams,Fake
37508,2049,24,5.09,150,51,0,10,DM for collaborations or inquiries!,Real
18360,4620,28,8.5,17,9,1,8,Digital nomad living my best life 🌴,Fake
3823,2149,422,6.98,409,39,0,8,Passionate traveler and food lover,Real
35333,108,54,2.64,91,43,0,4,Business inquiries? Contact below 👇,Fake
38572,2519,395,5.59,9,89,1,6,Foodie | Reviews and recipes,Fake
31252,4364,161,4.38,374,46,0,7,DM for collaborations or inquiries!,Fake
42240,1476,435,7.02,973,60,0,2,Fitness enthusiast 💪 | Health advocate,Real
6792,1619,157,8.62,108,78,0,4,Entrepreneur & lifestyle blogger,Fake
3167,4043,254,2.69,757,62,0,2,Business inquiries? Contact below 👇,Fake
27952,2719,196,7.38,886,83,0,10,Check out my website for more updates!,Real
29818,3615,428,2.26,673,44,0,10,Aspiring artist | Drawing my dreams,Fake
3193,4976,150,1.61,341,29,0,10,Personal blog | Stay positive ✨,Fake
3300,2422,379,3.82,208,36,0,6,Entrepreneur & lifestyle blogger,Real
31849,776,332,3.61,917,79,1,3,Foodie | Reviews and recipes,Real
35989,356,266,4.48,182,95,0,9,Nature lover | Saving the planet 🌍,Fake
8960,3550,206,0.14,747,58,0,8,Photographer and content creator 📸,Fake
42365,748,471,5.57,3,6,0,7,Personal blog | Stay positive ✨,Fake
27862,2100,291,3.42,648,92,0,9,Passionate traveler and food lover,Real
14185,2069,19,5.54,46,90,0,10,Foodie | Reviews and recipes,Fake
30335,3005,358,5.29,410,66,0,5,Aspiring artist | Drawing my dreams,Fake
21158,2834,257,7.41,723,28,0,2,Sharing moments from my journey,Fake
39449,4958,229,0.45,471,55,0,3,Follow for daily inspiration 🌟,Fake
43135,124,12,5.36,901,57,0,6,Nature lover | Saving the planet 🌍,Fake
10128,4466,351,2.31,97,70,0,6,Personal blog | Stay positive ✨,Real
44177,3619,452,8.59,179,11,0,1,Check out my website for more updates!,Real
19725,1840,401,2.21,440,12,0,1,Photographer and content creator 📸,Real
25689,43,474,7.04,756,26,0,4,Photographer and content creator 📸,Real
38515,2033,335,7.04,708,49,0,8,Check out my website for more updates!,Real
49293,560,428,1.56,347,0,0,6,DM for collaborations or inquiries!,Real
29732,338,31,8.42,792,50,0,8,Follow for daily inspiration 🌟,Real
35374,1120,331,2.49,781,50,0,7,Check out my website for more updates!,Real
4305,4485,438,4.86,293,64,0,4,DM for collaborations or inquiries!,Fake
13404,4054,19,1.95,905,63,0,8,Foodie | Reviews and recipes,Fake
37616,1097,346,7.29,160,9,0,3,DM for collaborations or inquiries!,Fake
38497,4078,168,6.49,674,71,0,4,DM for collaborations or inquiries!,Fake
5791,2417,46,4.6,365,95,0,7,DM for collaborations or inquiries!,Fake
27903,1016,168,8.24,251,36,1,10,Check out my website for more updates!,Real
33009,650,357,8.48,617,77,0,6,Check out my website for more updates!,Real
40633,2383,437,9.74,590,17,0,2,Check out my website for more updates!,Fake
14937,2890,305,7.91,433,13,0,2,Nature lover | Saving the planet 🌍,Fake
9786,4312,400,8.61,392,19,0,6,Digital nomad living my best life 🌴,Real
12660,4983,119,9.1,681,74,0,7,Entrepreneur & lifestyle blogger,Real
33732,97,377,4.82,900,6,0,9,Digital nomad living my best life 🌴,Fake
18728,609,451,2.35,907,66,0,7,Business inquiries? Contact below 👇,Fake
15373,4651,223,8.0,340,61,0,2,Digital nomad living my best life 🌴,Real
31046,2478,435,8.7,592,18,0,2,Entrepreneur & lifestyle blogger,Real
24465,675,64,2.93,234,84,0,2,Photographer and content creator 📸,Fake
24349,886,294,5.35,999,74,0,10,Love exploring new places 🌎,Fake
5664,4855,54,2.29,145,21,0,4,Foodie | Reviews and recipes,Real
44311,3019,436,0.71,855,48,0,6,Love exploring new places 🌎,Fake
42832,400,160,6.29,563,83,0,2,Passionate traveler and food lover,Fake
48977,4684,488,3.38,592,88,0,7,Foodie | Reviews and recipes,Real
7250,1203,346,6.07,436,54,0,7,Photographer and content creator 📸,Fake
25709,524,342,6.56,845,73,0,10,Nature lover | Saving the planet 🌍,Real
34178,313,444,4.6,411,9,0,10,Digital nomad living my best life 🌴,Fake
18138,4150,278,6.08,435,52,0,4,Love exploring new places 🌎,Real
19122,43,227,1.55,462,85,0,2,Digital nomad living my best life 🌴,Real
39579,2125,64,9.21,212,65,0,11,Follow for daily inspiration 🌟,Real
25000,2171,143,8.98,767,23,0,1,Sharing moments from my journey,Real
30049,4917,269,1.43,665,50,0,8,Nature lover | Saving the planet 🌍,Real
36533,3325,341,2.33,326,51,0,6,Fitness enthusiast 💪 | Health advocate,Real
23719,916,267,4.69,686,79,0,2,Passionate traveler and food lover,Real
47915,4708,29,1.91,543,12,1,5,Follow for daily inspiration 🌟,Real
48506,2626,371,4.34,224,26,0,7,Personal blog | Stay positive ✨,Real
11579,3903,187,5.84,200,51,0,5,Passionate traveler and food lover,Fake
46047,4330,46,8.05,552,77,0,6,Check out my website for more updates!,Real
17083,3532,82,3.72,193,37,0,10,Entrepreneur & lifestyle blogger,Fake
21634,2865,328,7.71,152,95,0,2,Photographer and content creator 📸,Fake
44395,4125,401,1.49,212,34,0,11,Digital nomad living my best life 🌴,Real
15328,34,114,2.7,192,67,1,3,Photographer and content creator 📸,Real
2117,4171,395,1.33,197,31,0,1,Aspiring artist | Drawing my dreams,Real
26370,746,326,1.26,963,61,0,3,Follow for daily inspiration 🌟,Fake
48861,3957,119,5.12,132,22,0,3,Passionate traveler and food lover,Real
28210,4953,343,4.36,149,25,0,4,DM for collaborations or inquiries!,Fake
25486,1155,70,5.59,121,58,0,1,DM for collaborations or inquiries!,Fake
24513,1647,462,9.22,262,75,0,5,Photographer and content creator 📸,Fake
40025,435,224,4.09,170,17,0,6,Business inquiries? Contact below 👇,Fake
27333,1771,441,0.25,278,76,0,3,Business inquiries? Contact below 👇,Fake
40628,908,414,8.64,721,45,0,2,Check out my website for more updates!,Fake
41162,3549,31,5.03,684,62,0,3,Entrepreneur & lifestyle blogger,Real
25247,3412,442,8.83,736,45,0,4,Aspiring artist | Drawing my dreams,Fake
33152,4743,268,0.67,493,44,0,9,Nature lover | Saving the planet 🌍,Real
33371,1171,63,7.06,728,33,0,6,Fitness enthusiast 💪 | Health advocate,Fake
5706,4035,316,2.24,450,90,0,9,Photographer and content creator 📸,Real
22193,2492,354,3.83,913,3,0,8,Check out my website for more updates!,Fake
3625,1457,338,5.89,887,32,1,3,Follow for daily inspiration 🌟,Fake
47054,1504,363,0.07,729,20,0,2,Digital nomad living my best life 🌴,Real
1728,2464,259,6.31,481,84,1,9,Sharing moments from my journey,Fake
19610,2147,144,7.69,615,65,0,10,Nature lover | Saving the planet 🌍,Fake
29142,1937,147,2.42,490,54,0,1,Check out my website for more updates!,Fake
1760,4334,24,7.03,234,55,0,4,Love exploring new places 🌎,Real
15099,553,213,6.05,599,46,0,2,Fitness enthusiast 💪 | Health advocate,Fake
30394,2811,258,5.33,782,68,0,9,Photographer and content creator 📸,Real
31158,1595,182,7.36,232,13,0,1,Fitness enthusiast 💪 | Health advocate,Fake
8877,4167,318,3.86,513,22,0,10,Fitness enthusiast 💪 | Health advocate,Real
30208,1711,314,1.28,200,84,0,7,Nature lover | Saving the planet 🌍,Real
2990,4526,330,1.1,805,11,0,11,Passionate traveler and food lover,Fake
20907,3624,169,7.4,212,19,0,8,Nature lover | Saving the planet 🌍,Real
3003,1768,201,7.81,628,63,0,5,Fitness enthusiast 💪 | Health advocate,Fake
26619,2614,212,5.47,110,2,0,8,Personal blog | Stay positive ✨,Real
31407,2584,342,3.44,648,27,0,2,Business inquiries? Contact below 👇,Real
6324,977,5,6.79,197,72,0,10,Aspiring artist | Drawing my dreams,Fake
47798,2732,115,0.22,666,62,0,6,DM for collaborations or inquiries!,Real
24267,318,6,2.54,594,31,0,7,Personal blog | Stay positive ✨,Fake
41691,497,123,5.56,804,68,0,10,Sharing moments from my journey,Fake
36296,1379,349,1.01,464,75,0,5,Sharing moments from my journey,Real
35714,4253,299,2.08,85,75,0,4,Personal blog | Stay positive ✨,Real
23107,2493,134,0.4,394,34,0,5,Passionate traveler and food lover,Fake
49792,4423,49,8.03,587,82,0,7,Follow for daily inspiration 🌟,Fake
42867,2103,102,6.77,733,27,0,2,Photographer and content creator 📸,Fake
35294,1959,48,4.55,969,59,0,5,Foodie | Reviews and recipes,Real
38125,2335,297,2.76,227,34,0,11,Digital nomad living my best life 🌴,Real
48812,2778,280,1.36,886,77,0,4,Entrepreneur & lifestyle blogger,Real
20832,685,411,2.29,173,64,0,7,Passionate traveler and food lover,Fake
33527,997,325,2.22,923,22,0,7,DM for collaborations or inquiries!,Real
21604,1254,407,5.27,333,30,0,3,Passionate traveler and food lover,Real
43597,3535,367,4.02,24,30,0,5,Business inquiries? Contact below 👇,Fake
15268,4782,196,0.07,45,15,0,10,Love exploring new places 🌎,Real
44874,3519,197,3.13,886,87,0,10,Photographer and content creator 📸,Fake
11398,4046,406,6.72,725,29,0,5,Photographer and content creator 📸,Real
27769,1270,433,1.73,246,25,0,11,Personal blog | Stay positive ✨,Fake
5145,1493,371,2.39,643,74,0,6,Follow for daily inspiration 🌟,Fake
978,3905,383,5.05,119,43,0,6,Entrepreneur & lifestyle blogger,Fake
10504,4465,190,5.97,983,29,0,3,Business inquiries? Contact below 👇,Fake
26858,1884,120,3.54,819,58,0,10,Entrepreneur & lifestyle blogger,Real
38066,4333,67,9.3,356,43,0,6,Sharing moments from my journey,Fake
17500,374,482,0.33,675,89,0,11,Foodie | Reviews and recipes,Fake
47590,2450,318,7.78,393,8,0,2,Aspiring artist | Drawing my dreams,Real
32386,4180,193,3.23,820,32,0,2,Personal blog | Stay positive ✨,Real
16857,679,231,7.79,382,13,0,10,Fitness enthusiast 💪 | Health advocate,Real
29257,4920,339,1.44,286,51,0,6,Fitness enthusiast 💪 | Health advocate,Fake
27319,215,195,9.77,731,4,0,3,Passionate traveler and food lover,Fake
36192,2229,222,6.87,301,97,0,10,Nature lover | Saving the planet 🌍,Real
5503,3162,81,5.23,656,80,0,6,Love exploring new places 🌎,Real
4620,3412,64,5.91,369,38,0,4,Foodie | Reviews and recipes,Fake
49203,4903,497,2.37,665,0,0,5,Foodie | Reviews and recipes,Fake
38384,3465,240,2.46,816,86,0,6,Aspiring artist | Drawing my dreams,Fake
36677,3038,105,0.04,704,28,0,4,Photographer and content creator 📸,Fake
48983,1570,27,0.2,551,85,0,6,Follow for daily inspiration 🌟,Fake
34311,4262,379,1.42,622,5,0,7,Love exploring new places 🌎,Fake
38117,1626,130,4.78,47,15,0,8,Aspiring artist | Drawing my dreams,Fake
31961,2157,303,6.56,604,66,0,3,Sharing moments from my journey,Fake
48435,4019,238,9.17,860,64,0,2,Check out my website for more updates!,Fake
27862,3447,207,4.63,855,14,0,5,DM for collaborations or inquiries!,Real
43990,4958,86,6.35,528,73,1,9,DM for collaborations or inquiries!,Real
3391,943,310,8.58,701,66,0,10,Entrepreneur & lifestyle blogger,Fake
31789,2281,74,3.14,773,75,0,3,Foodie | Reviews and recipes,Fake
36855,3692,174,3.06,72,61,1,6,DM for collaborations or inquiries!,Real
3745,4448,457,4.69,651,95,0,6,Sharing moments from my journey,Real
4283,3159,445,3.59,80,51,0,7,Check out my website for more updates!,Fake
44633,875,266,4.44,936,50,0,8,Follow for daily inspiration 🌟,Fake
33224,2322,254,7.72,558,59,0,11,Entrepreneur & lifestyle blogger,Fake
42994,1065,465,1.32,594,53,0,6,Personal blog | Stay positive ✨,Fake
49863,3450,413,8.67,473,78,0,8,Love exploring new places 🌎,Fake
30764,1177,30,8.25,518,76,0,2,Aspiring artist | Drawing my dreams,Real
14410,568,460,2.27,702,35,0,8,Follow for daily inspiration 🌟,Real
27729,2726,425,1.8,342,71,0,1,Passionate traveler and food lover,Fake
4326,334,154,5.2,36,45,0,6,Foodie | Reviews and recipes,Real
5758,267,200,3.13,772,35,0,3,DM for collaborations or inquiries!,Fake
20934,1682,232,9.5,523,84,0,4,Business inquiries? Contact below 👇,Fake
30659,4183,189,7.31,950,71,0,4,Passionate traveler and food lover,Real
36888,3731,494,8.81,562,92,0,7,Entrepreneur & lifestyle blogger,Fake
11646,1334,348,2.47,842,11,0,5,Digital nomad living my best life 🌴,Real
26545,3356,106,5.34,76,43,0,5,DM for collaborations or inquiries!,Fake
12132,4177,102,9.31,352,27,0,3,Business inquiries? Contact below 👇,Fake
48484,3501,378,1.8,47,93,0,10,Digital nomad living my best life 🌴,Fake
49207,2844,99,6.04,864,85,0,9,Follow for daily inspiration 🌟,Real
28295,2780,154,8.04,372,44,0,11,Personal blog | Stay positive ✨,Real
24326,732,167,8.08,664,38,0,1,Foodie | Reviews and recipes,Real
5157,3113,181,5.77,102,57,0,8,Follow for daily inspiration 🌟,Real
39068,1635,35,1.24,983,64,0,6,Love exploring new places 🌎,Real
28980,3309,115,7.12,418,35,0,7,Passionate traveler and food lover,Fake
38219,4027,379,2.95,767,97,0,11,Foodie | Reviews and recipes,Fake
16432,2058,267,0.62,896,34,0,2,Personal blog | Stay positive ✨,Fake
38910,1748,224,4.08,11,82,0,8,Love exploring new places 🌎,Fake
45114,2400,292,1.59,704,61,0,11,Follow for daily inspiration 🌟,Real
5084,2794,319,6.27,112,89,0,9,Foodie | Reviews and recipes,Real
32612,645,97,9.69,892,35,0,6,Aspiring artist | Drawing my dreams,Fake
13365,4011,126,9.23,594,65,0,7,Personal blog | Stay positive ✨,Fake
42713,4002,425,0.02,599,51,0,9,Business inquiries? Contact below 👇,Fake
22394,4748,454,4.32,608,96,0,3,Passionate traveler and food lover,Real
18478,3316,423,9.7,879,53,0,7,Personal blog | Stay positive ✨,Fake
48936,4491,266,0.96,470,65,0,9,Business inquiries? Contact below 👇,Fake
22470,4266,343,7.9,474,13,0,7,DM for collaborations or inquiries!,Fake
17810,958,51,0.72,258,78,0,5,Foodie | Reviews and recipes,Real
39587,2287,392,8.24,880,47,0,7,Photographer and content creator 📸,Real
47616,528,253,1.71,7,55,0,11,Foodie | Reviews and recipes,Real
16836,4288,441,9.57,219,72,0,5,Foodie | Reviews and recipes,Fake
27275,3811,304,1.03,54,42,1,7,Passionate traveler and food lover,Real
15229,3752,310,0.54,836,82,0,2,Foodie | Reviews and recipes,Fake
28412,606,374,2.53,456,60,0,8,Check out my website for more updates!,Fake
29247,4951,74,0.84,500,36,0,4,Passionate traveler and food lover,Fake
17921,3082,418,6.17,335,14,0,10,Personal blog | Stay positive ✨,Real
41656,835,433,2.13,893,52,0,2,Photographer and content creator 📸,Real
39085,300,231,5.92,560,73,0,3,Digital nomad living my best life 🌴,Real
47007,2973,349,4.9,171,28,0,10,Digital nomad living my best life 🌴,Fake
17663,4375,457,8.0,764,83,1,6,Fitness enthusiast 💪 | Health advocate,Real
48723,2203,360,0.42,321,36,0,3,Love exploring new places 🌎,Real
23504,4138,119,8.94,886,23,0,7,Personal blog | Stay positive ✨,Fake
9765,4599,113,9.49,871,43,0,8,DM for collaborations or inquiries!,Real
15795,4793,392,4.24,111,91,0,2,Photographer and content creator 📸,Fake
21626,942,216,1.37,911,61,0,3,Follow for daily inspiration 🌟,Fake
35391,487,10,4.62,803,85,0,3,Personal blog | Stay positive ✨,Real
49739,3621,81,7.21,369,3,0,3,Aspiring artist | Drawing my dreams,Fake
13284,3063,94,5.0,5,82,0,7,Check out my website for more updates!,Fake
44345,649,320,6.31,495,28,0,11,Nature lover | Saving the planet 🌍,Fake
15808,114,64,1.02,221,80,0,3,Nature lover | Saving the planet 🌍,Real
7365,4354,423,3.38,583,72,0,9,Fitness enthusiast 💪 | Health advocate,Fake
38089,4289,269,6.76,236,84,0,9,Digital nomad living my best life 🌴,Real
35652,2618,211,7.71,663,75,0,9,Digital nomad living my best life 🌴,Fake
2827,4231,129,7.42,478,70,0,9,Business inquiries? Contact below 👇,Fake
39279,3762,446,3.61,844,30,0,4,Nature lover | Saving the planet 🌍,Real
32379,3170,84,0.84,496,48,0,11,Entrepreneur & lifestyle blogger,Fake
30852,4549,215,5.12,830,8,0,11,Nature lover | Saving the planet 🌍,Real
42204,2922,119,3.57,839,3,0,6,Entrepreneur & lifestyle blogger,Fake
23628,699,464,7.86,774,72,0,4,Love exploring new places 🌎,Real
11946,731,305,2.49,255,14,0,10,Nature lover | Saving the planet 🌍,Real
35635,2033,120,3.44,37,24,0,7,Passionate traveler and food lover,Real
26675,3070,321,4.66,941,12,0,9,Check out my website for more updates!,Real
22601,4692,131,9.94,801,27,0,9,Passionate traveler and food lover,Real
6517,3680,3,6.57,378,93,1,9,Love exploring new places 🌎,Real
48259,1239,459,0.56,32,94,0,4,Personal blog | Stay positive ✨,Real
19025,4476,474,3.92,383,19,0,2,Personal blog | Stay positive ✨,Real
87,606,374,1.76,897,77,1,7,Digital nomad living my best life 🌴,Fake
38431,2430,437,4.66,268,94,0,9,Sharing moments from my journey,Real
4661,3340,341,2.22,234,30,0,9,Fitness enthusiast 💪 | Health advocate,Fake
33990,1881,186,1.18,968,31,0,5,Check out my website for more updates!,Real
26256,3582,120,7.44,815,75,0,8,Aspiring artist | Drawing my dreams,Fake
41380,3623,451,8.84,827,7,0,5,Check out my website for more updates!,Fake
30786,4486,156,6.94,549,0,0,2,Business inquiries? Contact below 👇,Real
44852,3526,16,7.21,661,96,0,9,Nature lover | Saving the planet 🌍,Fake
48072,1132,361,3.05,333,4,1,11,Digital nomad living my best life 🌴,Real
11177,1759,288,7.11,922,13,0,2,Digital nomad living my best life 🌴,Fake
6061,30,218,5.22,720,46,0,8,Follow for daily inspiration 🌟,Fake
16270,3583,355,9.83,382,41,0,1,Entrepreneur & lifestyle blogger,Fake
43067,293,118,5.71,198,18,0,4,Aspiring artist | Drawing my dreams,Real
9724,594,340,2.24,688,44,0,7,Aspiring artist | Drawing my dreams,Real
32485,1337,336,9.33,984,31,0,11,Sharing moments from my journey,Fake
23352,4381,291,0.21,273,72,1,9,Sharing moments from my journey,Real
38854,2195,92,2.22,140,68,0,5,Photographer and content creator 📸,Real
3019,103,208,4.6,966,30,0,7,Digital nomad living my best life 🌴,Fake
12343,473,85,7.6,238,77,0,6,Fitness enthusiast 💪 | Health advocate,Real
21848,4493,191,1.91,605,46,0,1,Digital nomad living my best life 🌴,Fake
6585,1048,4,3.95,772,78,0,3,Personal blog | Stay positive ✨,Real
40947,218,65,3.8,153,22,0,4,Aspiring artist | Drawing my dreams,Fake
10111,2972,33,1.03,747,18,0,2,Photographer and content creator 📸,Fake
32671,4148,2,1.7,473,46,0,1,Fitness enthusiast 💪 | Health advocate,Real
5913,1642,299,7.45,140,6,0,6,DM for collaborations or inquiries!,Real
23028,3962,186,8.5,97,18,0,3,Aspiring artist | Drawing my dreams,Real
31876,4012,31,3.53,824,83,0,11,Foodie | Reviews and recipes,Fake
39471,347,299,2.93,697,23,1,8,Fitness enthusiast 💪 | Health advocate,Real
6225,2731,296,4.25,764,84,0,7,Aspiring artist | Drawing my dreams,Fake
11269,2655,44,8.28,189,7,1,10,Business inquiries? Contact below 👇,Fake
43518,798,401,3.53,20,67,0,10,Digital nomad living my best life 🌴,Real
39932,2041,499,2.22,279,82,0,6,Foodie | Reviews and recipes,Fake
2793,2892,406,0.35,134,36,0,7,Personal blog | Stay positive ✨,Fake
12155,3968,403,5.79,55,90,0,4,DM for collaborations or inquiries!,Fake
9795,333,287,5.05,782,75,0,6,Check out my website for more updates!,Real
3312,1571,107,4.89,131,42,0,10,Love exploring new places 🌎,Real
46658,1571,185,0.61,497,24,1,8,Digital nomad living my best life 🌴,Real
4846,629,73,7.93,216,20,0,7,DM for collaborations or inquiries!,Real
29664,2047,398,6.7,859,32,0,9,Photographer and content creator 📸,Fake
11134,2027,376,3.32,421,77,0,8,Love exploring new places 🌎,Real
41856,1530,128,8.79,227,41,0,10,Digital nomad living my best life 🌴,Fake
9994,676,301,4.13,133,3,0,3,Aspiring artist | Drawing my dreams,Fake
10824,1330,173,5.74,583,33,1,11,Love exploring new places 🌎,Real
39541,2698,174,5.23,480,16,0,10,Foodie | Reviews and recipes,Fake
16668,4790,59,4.15,547,25,0,9,Follow for daily inspiration 🌟,Fake
49055,1400,382,5.42,858,5,0,5,Fitness enthusiast 💪 | Health advocate,Real
40951,4422,290,8.95,619,25,0,6,Business inquiries? Contact below 👇,Real
26295,4561,87,6.67,40,65,0,1,Business inquiries? Contact below 👇,Real
19746,75,36,4.02,54,33,0,8,Foodie | Reviews and recipes,Fake
28462,2875,6,7.46,286,60,0,10,Love exploring new places 🌎,Real
14161,2038,202,0.21,860,71,0,11,Personal blog | Stay positive ✨,Fake
18592,1287,1,3.92,477,0,0,8,Love exploring new places 🌎,Real
26497,4769,66,4.19,717,43,0,4,Entrepreneur & lifestyle blogger,Fake
39854,1608,126,0.07,997,67,0,6,Follow for daily inspiration 🌟,Fake
25005,3851,190,7.13,510,4,0,2,Digital nomad living my best life 🌴,Fake
47106,3587,458,2.64,576,62,0,7,Nature lover | Saving the planet 🌍,Real
3661,1532,98,5.11,446,76,0,3,Digital nomad living my best life 🌴,Real
13354,2717,448,8.54,647,38,0,2,DM for collaborations or inquiries!,Fake
30949,2078,166,4.63,429,96,0,6,Nature lover | Saving the planet 🌍,Fake
6115,474,219,6.4,803,19,0,3,Nature lover | Saving the planet 🌍,Fake
11299,541,173,4.51,378,15,0,4,Passionate traveler and food lover,Real
34841,1724,34,5.42,337,19,1,2,Business inquiries? Contact below 👇,Fake
42894,3526,233,9.36,455,48,0,11,Follow for daily inspiration 🌟,Fake
1599,2685,161,7.81,720,94,1,3,Nature lover | Saving the planet 🌍,Fake
21590,4266,406,4.79,452,47,0,9,Entrepreneur & lifestyle blogger,Real
35139,1021,450,4.03,795,1,0,3,Entrepreneur & lifestyle blogger,Real
8104,862,407,8.37,991,82,0,6,Photographer and content creator 📸,Fake
48062,1067,374,6.69,43,32,0,2,Sharing moments from my journey,Real
25028,3211,391,2.76,892,55,0,2,Foodie | Reviews and recipes,Real
18622,1766,461,2.99,641,0,0,8,DM for collaborations or inquiries!,Fake
29512,4706,390,2.6,794,29,0,1,Business inquiries? Contact below 👇,Fake
22577,2262,329,3.18,375,23,1,4,Love exploring new places 🌎,Fake
10523,4605,274,7.97,300,9,0,2,Follow for daily inspiration 🌟,Fake
47355,281,476,9.31,504,0,0,7,DM for collaborations or inquiries!,Fake
8620,4346,335,5.77,452,42,0,6,Foodie | Reviews and recipes,Fake
36981,841,350,4.73,390,0,0,8,Follow for daily inspiration 🌟,Real
45318,4887,142,5.86,807,53,0,5,Passionate traveler and food lover,Fake
44333,936,85,6.54,558,2,0,11,Aspiring artist | Drawing my dreams,Fake
49877,913,309,9.62,884,4,1,2,Love exploring new places 🌎,Fake
9176,3734,346,4.36,617,33,1,8,Passionate traveler and food lover,Fake
16286,2138,21,5.12,992,41,0,3,Entrepreneur & lifestyle blogger,Real
12112,1372,460,9.29,748,36,0,11,Personal blog | Stay positive ✨,Fake
40138,3162,480,9.97,250,35,0,2,Entrepreneur & lifestyle blogger,Fake
1135,912,258,3.86,255,10,0,9,DM for collaborations or inquiries!,Fake
337,3428,382,3.47,884,37,0,6,Foodie | Reviews and recipes,Fake
36169,3131,261,4.71,928,58,0,3,Business inquiries? Contact below 👇,Real
10348,4650,390,4.15,46,36,0,9,Business inquiries? Contact below 👇,Real
21098,300,202,5.75,187,88,0,11,Business inquiries? Contact below 👇,Fake
35325,3096,476,9.67,296,52,0,6,Entrepreneur & lifestyle blogger,Fake
14464,3843,439,2.07,854,60,0,6,Love exploring new places 🌎,Real
26815,1344,305,7.04,953,12,0,6,Check out my website for more updates!,Fake
47796,346,158,1.86,360,99,0,9,Personal blog | Stay positive ✨,Real
29960,3305,207,5.29,767,76,0,8,Follow for daily inspiration 🌟,Real
42472,4153,71,9.21,903,6,0,5,DM for collaborations or inquiries!,Fake
23052,1959,356,4.0,570,87,0,9,Personal blog | Stay positive ✨,Fake
47249,2859,363,8.87,448,43,0,5,Foodie | Reviews and recipes,Real
17929,4338,318,4.26,280,57,0,3,Love exploring new places 🌎,Real
4468,3070,54,7.95,295,36,0,10,Aspiring artist | Drawing my dreams,Real
26650,49,74,5.51,934,24,0,5,Passionate traveler and food lover,Real
22710,1593,327,1.3,986,72,0,7,DM for collaborations or inquiries!,Real
43035,1044,198,9.87,249,59,0,5,Business inquiries? Contact below 👇,Fake
37287,737,62,1.81,915,3,0,11,Fitness enthusiast 💪 | Health advocate,Real
570,850,60,7.54,8,89,0,11,Check out my website for more updates!,Real
34716,3040,388,8.54,817,15,1,9,Nature lover | Saving the planet 🌍,Fake
39163,1004,204,8.18,309,11,0,3,Follow for daily inspiration 🌟,Fake
4962,744,156,4.87,921,92,0,10,Fitness enthusiast 💪 | Health advocate,Real
18124,2289,301,9.15,833,16,0,5,Nature lover | Saving the planet 🌍,Real
43386,4243,288,9.64,398,54,0,11,Passionate traveler and food lover,Real
21533,2615,169,0.74,812,75,0,9,Sharing moments from my journey,Real
49149,1644,204,7.28,305,32,0,6,Check out my website for more updates!,Real
48945,4548,214,3.2,497,64,1,8,Nature lover | Saving the planet 🌍,Real
9766,2578,387,9.71,446,23,0,7,Foodie | Reviews and recipes,Fake
29157,3601,355,1.12,488,21,0,2,Foodie | Reviews and recipes,Real
4854,1058,442,7.88,321,14,0,8,Foodie | Reviews and recipes,Fake
5217,4393,119,9.27,59,10,0,10,Nature lover | Saving the planet 🌍,Fake
93,4591,208,3.17,930,87,1,8,Photographer and content creator 📸,Real
49892,3687,153,8.56,768,9,1,6,Nature lover | Saving the planet 🌍,Fake
22183,2491,162,7.84,456,58,0,5,DM for collaborations or inquiries!,Real
37614,3627,266,4.67,807,44,0,4,Business inquiries? Contact below 👇,Real
15970,2134,392,9.54,637,88,0,11,Digital nomad living my best life 🌴,Real
25377,1534,147,4.82,915,21,0,7,Follow for daily inspiration 🌟,Fake
5374,605,313,0.8,958,4,0,11,Aspiring artist | Drawing my dreams,Real
2283,916,222,6.24,956,20,0,4,Digital nomad living my best life 🌴,Fake
34798,2171,59,7.99,540,70,0,8,Check out my website for more updates!,Real
30480,1242,367,1.85,658,60,0,9,Foodie | Reviews and recipes,Fake
16661,900,230,8.87,347,31,0,6,Entrepreneur & lifestyle blogger,Fake
22086,1899,98,8.44,837,31,1,5,DM for collaborations or inquiries!,Fake
4850,683,276,4.49,609,78,0,3,Entrepreneur & lifestyle blogger,Real
27936,1977,155,1.1,68,66,0,10,Love exploring new places 🌎,Real
6053,1688,310,2.29,312,28,0,5,Love exploring new places 🌎,Fake
21972,2614,447,4.31,192,17,0,1,DM for collaborations or inquiries!,Fake
8242,2513,297,3.96,168,83,0,2,Fitness enthusiast 💪 | Health advocate,Real
47446,2082,419,3.0,389,63,0,2,Photographer and content creator 📸,Fake
39200,4269,189,6.55,225,59,1,9,Business inquiries? Contact below 👇,Real
32641,290,190,2.89,537,77,0,5,Foodie | Reviews and recipes,Real
46555,441,490,1.68,473,21,0,9,Love exploring new places 🌎,Real
24251,4201,241,7.6,402,82,0,2,Sharing moments from my journey,Real
19082,162,128,0.38,266,56,0,10,Digital nomad living my best life 🌴,Real
23888,3563,186,7.73,366,34,0,3,Foodie | Reviews and recipes,Fake
2795,4697,22,9.85,83,43,0,9,Sharing moments from my journey,Fake
6910,3725,168,6.31,477,15,0,3,Photographer and content creator 📸,Real
14314,3501,489,9.76,558,91,0,8,Personal blog | Stay positive ✨,Real
8647,1673,93,0.64,512,96,0,6,Check out my website for more updates!,Real
10314,1457,76,2.27,484,76,0,3,Fitness enthusiast 💪 | Health advocate,Real
6785,2708,306,5.55,966,98,0,2,Love exploring new places 🌎,Fake
471,3399,63,0.3,6,26,0,3,Follow for daily inspiration 🌟,Fake
32954,4216,66,0.31,33,78,0,2,Sharing moments from my journey,Real
18344,1103,455,9.88,479,89,0,2,Nature lover | Saving the planet 🌍,Fake
9479,2235,65,1.27,488,91,0,6,Personal blog | Stay positive ✨,Real
28456,4373,441,6.66,349,61,0,9,Love exploring new places 🌎,Fake
37593,852,65,2.94,157,13,0,6,Love exploring new places 🌎,Real
28745,764,277,0.51,96,23,0,11,Foodie | Reviews and recipes,Real
46008,1779,460,4.18,491,24,0,5,DM for collaborations or inquiries!,Real
8127,3816,279,7.1,536,86,0,1,Follow for daily inspiration 🌟,Real
6328,1362,131,0.99,593,13,0,8,Nature lover | Saving the planet 🌍,Fake
28882,485,350,1.24,66,89,0,7,Passionate traveler and food lover,Real
10988,4935,240,3.23,151,47,0,9,Love exploring new places 🌎,Fake
1446,2085,196,5.8,498,84,0,6,Business inquiries? Contact below 👇,Real
49023,4997,290,8.47,332,22,0,9,Passionate traveler and food lover,Real
876,4674,52,4.8,667,80,0,2,Fitness enthusiast 💪 | Health advocate,Fake
15841,4033,191,7.61,916,63,1,5,Business inquiries? Contact below 👇,Fake
48261,3473,193,8.31,514,78,0,7,DM for collaborations or inquiries!,Fake
19850,4656,132,0.75,108,38,0,6,Foodie | Reviews and recipes,Real
37818,1061,22,1.41,113,73,0,8,Passionate traveler and food lover,Fake
40388,4040,91,4.16,398,22,0,5,Foodie | Reviews and recipes,Real
29523,1366,305,9.92,757,4,0,11,Nature lover | Saving the planet 🌍,Real
130,1245,142,4.56,626,48,0,3,Entrepreneur & lifestyle blogger,Real
46495,996,358,4.02,899,10,0,10,DM for collaborations or inquiries!,Real
34510,460,107,9.79,201,19,0,3,Photographer and content creator 📸,Fake
32645,27,465,7.43,477,71,1,10,Check out my website for more updates!,Real
14583,293,119,3.07,266,87,0,7,DM for collaborations or inquiries!,Fake
25416,50,181,2.1,236,35,0,4,Business inquiries? Contact below 👇,Fake
25319,3957,456,4.41,973,39,0,3,Nature lover | Saving the planet 🌍,Fake
33455,4937,460,1.71,967,51,0,6,Love exploring new places 🌎,Real
11157,3430,357,6.66,876,65,0,6,Digital nomad living my best life 🌴,Real
36204,1937,59,5.76,101,0,0,6,Personal blog | Stay positive ✨,Fake
28957,2772,22,0.39,640,39,0,6,Foodie | Reviews and recipes,Real
7996,1096,325,5.88,769,18,0,4,Fitness enthusiast 💪 | Health advocate,Fake
14218,2817,323,1.39,145,6,0,9,Passionate traveler and food lover,Fake
11432,1661,318,2.85,773,38,0,10,Business inquiries? Contact below 👇,Fake
40572,3947,274,4.73,313,36,0,6,Passionate traveler and food lover,Real
11611,269,477,1.09,48,98,0,11,Personal blog | Stay positive ✨,Fake
39743,4875,161,1.79,956,67,0,6,Business inquiries? Contact below 👇,Fake
21268,251,238,2.29,421,0,0,11,Passionate traveler and food lover,Fake
42020,1295,40,1.85,454,26,0,8,Fitness enthusiast 💪 | Health advocate,Real
47286,22,287,7.15,609,49,0,7,Fitness enthusiast 💪 | Health advocate,Real
32110,3309,105,2.34,680,10,0,9,Check out my website for more updates!,Real
18663,3206,467,4.25,870,67,0,3,Aspiring artist | Drawing my dreams,Real
4734,620,326,6.32,942,68,0,11,Fitness enthusiast 💪 | Health advocate,Real
28261,3906,16,5.06,483,27,1,8,Foodie | Reviews and recipes,Fake
21628,2415,191,4.2,201,85,0,7,Sharing moments from my journey,Real
14376,3794,144,4.01,24,97,0,8,Follow for daily inspiration 🌟,Fake
45508,355,212,1.61,774,74,0,2,Business inquiries? Contact below 👇,Fake
10314,4895,360,9.43,667,84,0,7,Entrepreneur & lifestyle blogger,Fake
7945,93,261,5.33,743,33,1,8,Digital nomad living my best life 🌴,Fake
22749,143,358,6.42,157,34,0,8,DM for collaborations or inquiries!,Fake
16196,3061,432,2.7,440,35,0,5,DM for collaborations or inquiries!,Real
39345,4616,313,1.94,291,28,1,6,Foodie | Reviews and recipes,Fake
23028,2990,335,5.03,426,20,0,5,Personal blog | Stay positive ✨,Real
39121,4476,80,1.05,329,66,0,6,Check out my website for more updates!,Real
30596,2534,144,3.41,313,69,0,11,Personal blog | Stay positive ✨,Fake
21529,1774,148,7.66,367,25,0,2,DM for collaborations or inquiries!,Fake
23604,2498,279,8.23,262,35,0,8,Sharing moments from my journey,Real
47354,2770,386,5.76,359,57,1,6,Aspiring artist | Drawing my dreams,Real
33167,1960,86,4.65,982,93,0,2,Aspiring artist | Drawing my dreams,Fake
749,3527,147,6.46,917,74,0,5,Aspiring artist | Drawing my dreams,Real
10943,337,438,6.15,630,51,0,9,Aspiring artist | Drawing my dreams,Real
39086,932,360,8.81,85,42,0,2,Nature lover | Saving the planet 🌍,Real
22262,1001,131,7.5,811,79,0,7,Photographer and content creator 📸,Fake
47001,465,26,0.77,272,80,0,3,Nature lover | Saving the planet 🌍,Fake
4442,1705,467,2.33,854,70,1,2,Fitness enthusiast 💪 | Health advocate,Real
40774,4980,445,9.23,8,36,0,2,Fitness enthusiast 💪 | Health advocate,Fake
41803,1490,285,9.95,623,70,0,3,Fitness enthusiast 💪 | Health advocate,Fake
24570,1244,297,9.54,889,87,0,4,Business inquiries? Contact below 👇,Real
20078,515,409,7.72,331,40,0,8,Love exploring new places 🌎,Real
31958,115,316,8.28,135,95,0,3,Love exploring new places 🌎,Real
14993,2638,147,6.12,198,58,0,7,Passionate traveler and food lover,Real
43635,2836,253,9.07,650,42,0,11,Foodie | Reviews and recipes,Real
20939,3911,173,4.01,692,92,0,11,Follow for daily inspiration 🌟,Fake
40116,4485,226,7.35,835,36,0,10,Check out my website for more updates!,Real
19186,3507,19,2.88,426,59,0,6,Foodie | Reviews and recipes,Real
17715,1384,1,1.21,974,50,0,10,Photographer and content creator 📸,Real
42438,2186,343,7.4,851,39,0,11,Photographer and content creator 📸,Fake
12529,353,194,3.3,923,59,0,2,Check out my website for more updates!,Real
32643,4250,235,9.83,438,88,0,10,Photographer and content creator 📸,Real
796,3187,430,2.5,498,65,0,6,Check out my website for more updates!,Fake
31374,2990,151,0.16,108,94,0,5,Personal blog | Stay positive ✨,Fake
14721,1651,28,1.65,517,35,0,5,Aspiring artist | Drawing my dreams,Real
30556,4814,158,7.05,204,26,0,4,Love exploring new places 🌎,Real
580,4481,135,8.26,877,25,0,4,Love exploring new places 🌎,Fake
17459,513,13,0.93,574,83,0,11,DM for collaborations or inquiries!,Fake
21036,2032,293,2.53,1,13,0,2,Personal blog | Stay positive ✨,Real
13741,4739,387,2.44,457,86,0,3,Digital nomad living my best life 🌴,Real
6191,3937,53,9.93,245,57,0,11,Photographer and content creator 📸,Real
22132,2831,68,0.44,791,23,0,6,DM for collaborations or inquiries!,Real
31441,1808,24,6.13,212,95,0,3,Photographer and content creator 📸,Fake
30259,3264,128,5.21,978,78,0,4,DM for collaborations or inquiries!,Fake
16868,1689,33,5.56,329,13,0,4,Love exploring new places 🌎,Real
1647,1607,330,7.49,686,58,0,6,Business inquiries? Contact below 👇,Real
27175,4591,14,2.3,315,25,0,5,Foodie | Reviews and recipes,Real
24635,868,127,5.78,389,33,0,7,Nature lover | Saving the planet 🌍,Fake
34598,31,455,9.77,358,82,0,9,Foodie | Reviews and recipes,Fake
34227,1087,187,2.42,128,6,0,9,Digital nomad living my best life 🌴,Real
24786,4267,297,7.84,549,19,0,5,Digital nomad living my best life 🌴,Real
22074,775,141,6.93,156,0,0,8,Personal blog | Stay positive ✨,Fake
25144,4290,247,2.81,866,19,0,11,Nature lover | Saving the planet 🌍,Real
40812,1899,496,2.23,272,28,0,5,Follow for daily inspiration 🌟,Fake
4925,2885,426,4.19,981,56,0,8,Entrepreneur & lifestyle blogger,Real
18695,4215,415,7.62,224,7,0,4,DM for collaborations or inquiries!,Fake
5613,4807,233,1.71,273,83,0,8,Entrepreneur & lifestyle blogger,Fake
175,4572,367,3.31,706,37,0,6,Fitness enthusiast 💪 | Health advocate,Fake
28896,4799,152,4.11,523,58,0,7,Foodie | Reviews and recipes,Real
4112,2834,52,0.85,265,66,0,5,Aspiring artist | Drawing my dreams,Real
47916,2844,3,9.65,654,58,0,6,Foodie | Reviews and recipes,Fake
1321,3110,95,1.02,961,16,1,4,Digital nomad living my best life 🌴,Real
37191,4831,249,5.1,613,6,0,4,Entrepreneur & lifestyle blogger,Fake
22261,1693,482,3.9,220,14,0,3,Personal blog | Stay positive ✨,Fake
16397,2900,286,0.3,659,11,0,9,Aspiring artist | Drawing my dreams,Real
11194,2508,475,9.53,427,81,0,10,Business inquiries? Contact below 👇,Real
31793,2756,179,9.86,577,35,0,8,Photographer and content creator 📸,Fake
30694,3163,232,3.1,526,32,0,7,DM for collaborations or inquiries!,Real
37232,325,210,0.7,671,79,0,4,Nature lover | Saving the planet 🌍,Fake
34099,55,384,9.04,344,22,0,4,Fitness enthusiast 💪 | Health advocate,Fake
25784,916,1,9.37,678,19,0,9,DM for collaborations or inquiries!,Real
10538,1382,422,0.14,1,20,0,3,Follow for daily inspiration 🌟,Real
44864,1743,480,9.41,896,46,0,4,Love exploring new places 🌎,Fake
9984,340,273,1.5,461,49,0,9,Entrepreneur & lifestyle blogger,Real
20389,3318,132,0.28,752,57,0,6,Foodie | Reviews and recipes,Real
43400,741,209,1.65,510,80,1,4,Entrepreneur & lifestyle blogger,Real
38162,2131,333,5.37,419,51,0,5,Entrepreneur & lifestyle blogger,Real
40265,4778,434,7.69,362,64,0,10,Foodie | Reviews and recipes,Real
11948,2625,489,2.01,114,58,0,5,Follow for daily inspiration 🌟,Fake
5877,4650,106,3.95,355,39,0,4,Sharing moments from my journey,Real
46156,3211,334,3.35,970,25,0,5,Business inquiries? Contact below 👇,Real
2379,4410,395,6.14,725,15,0,9,Business inquiries? Contact below 👇,Fake
34311,814,13,8.65,675,19,0,5,DM for collaborations or inquiries!,Fake
29246,295,124,6.6,577,21,0,7,Foodie | Reviews and recipes,Real
27960,2208,499,6.1,61,77,0,8,Foodie | Reviews and recipes,Fake
11232,245,85,5.57,845,29,0,6,Passionate traveler and food lover,Fake
21744,1563,34,1.82,298,82,1,7,Business inquiries? Contact below 👇,Fake
19163,816,423,0.04,166,61,0,3,Check out my website for more updates!,Fake
21356,4563,300,2.65,463,40,0,5,Sharing moments from my journey,Fake
42967,4175,292,9.25,30,85,0,4,Passionate traveler and food lover,Real
48954,2886,28,2.27,318,65,0,5,Photographer and content creator 📸,Fake
34753,4940,165,3.3,135,65,0,6,Fitness enthusiast 💪 | Health advocate,Real
27528,3970,335,8.61,196,40,0,7,Follow for daily inspiration 🌟,Real
42379,2198,196,0.02,578,56,0,2,Check out my website for more updates!,Real
882,4670,37,9.71,740,80,0,6,Photographer and content creator 📸,Fake
40129,3763,305,9.15,488,50,0,2,Passionate traveler and food lover,Real
43841,2066,129,6.26,30,42,0,10,Follow for daily inspiration 🌟,Real
29899,3870,312,8.37,325,45,0,1,Passionate traveler and food lover,Real
34168,4002,6,0.1,575,37,0,2,Entrepreneur & lifestyle blogger,Real
40579,1276,131,5.99,724,64,0,3,Foodie | Reviews and recipes,Real
42199,3589,226,7.34,741,47,0,6,Aspiring artist | Drawing my dreams,Fake
10761,3206,194,2.01,45,38,1,7,Follow for daily inspiration 🌟,Fake
1945,2750,139,8.7,849,34,0,11,Fitness enthusiast 💪 | Health advocate,Fake
14980,2193,3,4.56,266,5,0,6,Check out my website for more updates!,Real
30012,3760,159,2.11,731,25,0,2,Business inquiries? Contact below 👇,Real
822,1467,200,6.91,720,50,0,4,Foodie | Reviews and recipes,Fake
39359,4933,271,4.22,368,49,0,8,DM for collaborations or inquiries!,Real
13524,2927,439,8.99,957,46,1,5,Photographer and content creator 📸,Fake
24330,1200,48,6.3,955,60,0,2,Sharing moments from my journey,Real
30470,264,172,3.43,533,44,0,7,Entrepreneur & lifestyle blogger,Fake
33729,1496,175,1.11,871,85,0,10,Follow for daily inspiration 🌟,Fake
8989,1937,139,9.6,883,32,0,5,Fitness enthusiast 💪 | Health advocate,Real
27354,2258,24,5.78,240,19,0,3,Personal blog | Stay positive ✨,Real
20254,3795,218,9.52,510,19,0,10,Digital nomad living my best life 🌴,Fake
48326,1882,234,0.1,732,30,0,8,Fitness enthusiast 💪 | Health advocate,Real
10364,734,204,4.84,481,6,0,3,Follow for daily inspiration 🌟,Real
44692,2679,214,6.62,17,55,0,3,DM for collaborations or inquiries!,Fake
38089,120,496,8.65,297,68,0,9,Entrepreneur & lifestyle blogger,Real
4715,4880,44,7.43,448,40,0,4,Business inquiries? Contact below 👇,Fake
33279,2981,171,7.24,889,47,0,8,Love exploring new places 🌎,Real
49042,2373,284,7.72,126,34,0,6,Entrepreneur & lifestyle blogger,Fake
17927,3222,312,2.31,739,66,0,2,Entrepreneur & lifestyle blogger,Real
37981,949,78,0.31,97,50,0,5,Check out my website for more updates!,Fake
14944,162,35,2.55,727,7,0,8,Follow for daily inspiration 🌟,Real
27921,4484,335,5.83,406,15,0,2,Foodie | Reviews and recipes,Fake
11856,1510,366,5.96,27,91,0,5,Check out my website for more updates!,Real
28033,1640,418,0.44,208,80,0,3,Digital nomad living my best life 🌴,Fake
8782,488,414,0.49,269,21,0,10,Entrepreneur & lifestyle blogger,Fake
27072,1860,319,3.97,953,69,0,11,Aspiring artist | Drawing my dreams,Real
42710,434,14,6.86,26,55,1,8,Check out my website for more updates!,Real
7319,2663,110,6.13,171,60,0,4,Nature lover | Saving the planet 🌍,Fake
12266,3225,274,1.16,453,26,0,8,Sharing moments from my journey,Fake
48048,932,300,3.57,449,90,0,5,Digital nomad living my best life 🌴,Fake
1139,2718,196,1.86,332,21,0,8,Foodie | Reviews and recipes,Fake
38941,1789,109,2.83,95,28,0,3,Entrepreneur & lifestyle blogger,Real
36763,775,12,7.43,879,32,0,5,Foodie | Reviews and recipes,Real
4329,761,222,2.62,45,56,0,10,Passionate traveler and food lover,Real
8262,3187,27,2.51,175,89,0,6,DM for collaborations or inquiries!,Real
41414,498,279,6.41,65,82,1,5,Follow for daily inspiration 🌟,Real
23177,13,223,8.36,168,69,0,7,Fitness enthusiast 💪 | Health advocate,Fake
17273,2336,268,6.13,226,59,1,5,Follow for daily inspiration 🌟,Fake
47278,507,183,4.65,99,76,0,2,Digital nomad living my best life 🌴,Real
49915,1480,227,6.03,235,58,0,11,Passionate traveler and food lover,Real
25006,252,477,4.16,297,88,0,1,Foodie | Reviews and recipes,Fake
18867,3570,339,8.12,143,89,0,2,Love exploring new places 🌎,Real
21931,2565,473,5.48,265,68,1,4,Foodie | Reviews and recipes,Real
19396,1035,7,0.74,972,16,1,7,Fitness enthusiast 💪 | Health advocate,Real
13121,1609,297,0.65,865,67,0,2,Passionate traveler and food lover,Real
40030,1993,85,7.52,103,51,0,2,Nature lover | Saving the planet 🌍,Real
31881,3341,119,3.73,572,0,0,1,Check out my website for more updates!,Real
35735,1982,361,3.57,623,6,0,10,Check out my website for more updates!,Real
4839,3283,188,9.22,763,79,0,4,Nature lover | Saving the planet 🌍,Fake
33311,3854,225,6.93,575,31,0,4,Fitness enthusiast 💪 | Health advocate,Real
47857,3258,316,4.09,772,87,0,2,Passionate traveler and food lover,Fake
21969,1972,230,2.6,555,96,0,8,Fitness enthusiast 💪 | Health advocate,Fake
38222,2306,248,2.11,840,22,0,9,Photographer and content creator 📸,Real
34713,1094,223,5.9,661,26,0,6,Foodie | Reviews and recipes,Real
33787,2476,129,1.9,608,56,0,7,DM for collaborations or inquiries!,Fake
43178,4812,10,7.17,482,13,0,2,Nature lover | Saving the planet 🌍,Fake
24463,2169,298,0.82,63,85,1,7,Love exploring new places 🌎,Real
38916,2659,201,2.09,913,18,1,4,Sharing moments from my journey,Real
21584,1492,165,1.62,794,25,0,10,Fitness enthusiast 💪 | Health advocate,Real
18156,1223,271,8.85,290,49,0,11,Photographer and content creator 📸,Real
7599,4077,332,4.58,844,14,0,6,Business inquiries? Contact below 👇,Real
35204,1188,386,8.56,209,7,0,5,Passionate traveler and food lover,Real
22368,1544,131,6.54,320,45,0,10,Entrepreneur & lifestyle blogger,Real
5391,4476,465,4.56,189,11,0,10,Passionate traveler and food lover,Fake
16523,3781,37,2.36,967,50,0,5,DM for collaborations or inquiries!,Real
45589,4811,27,2.88,798,83,0,8,Check out my website for more updates!,Real
14590,1158,432,4.61,528,66,0,4,Entrepreneur & lifestyle blogger,Fake
26503,4220,152,7.6,667,1,0,5,Digital nomad living my best life 🌴,Real
33544,2071,75,0.34,760,83,0,4,Passionate traveler and food lover,Real
47450,4036,326,6.3,861,5,0,8,Love exploring new places 🌎,Fake
37969,1019,69,2.24,530,42,0,8,Foodie | Reviews and recipes,Real
2762,3516,330,7.45,132,86,0,9,Photographer and content creator 📸,Fake
31488,4119,396,4.59,626,24,0,11,Photographer and content creator 📸,Real
868,3754,369,0.25,398,21,0,8,Fitness enthusiast 💪 | Health advocate,Real
22086,747,98,3.74,706,44,0,2,Business inquiries? Contact below 👇,Fake
3167,4260,31,7.6,732,97,0,5,Entrepreneur & lifestyle blogger,Fake
4568,897,86,6.09,227,66,0,4,Love exploring new places 🌎,Fake
9043,3980,277,1.14,256,0,0,6,Love exploring new places 🌎,Real
36631,2777,494,8.11,871,12,0,4,Nature lover | Saving the planet 🌍,Real
3304,3927,467,4.04,766,22,0,5,Digital nomad living my best life 🌴,Fake
40052,550,68,6.4,467,37,0,8,Entrepreneur & lifestyle blogger,Real
39421,2449,355,2.29,359,71,0,3,Photographer and content creator 📸,Fake
28497,342,353,3.67,610,69,0,1,Passionate traveler and food lover,Real
44013,2759,294,6.78,151,9,0,8,Business inquiries? Contact below 👇,Fake
32557,688,442,2.56,765,67,0,4,Personal blog | Stay positive ✨,Real
28607,4835,13,7.92,189,5,0,2,DM for collaborations or inquiries!,Real
30709,4511,226,8.05,526,75,0,2,Check out my website for more updates!,Real
40354,1076,11,5.39,126,2,0,4,DM for collaborations or inquiries!,Real
38081,3252,265,7.79,293,93,0,9,Fitness enthusiast 💪 | Health advocate,Real
34343,3394,177,9.67,407,54,0,5,Passionate traveler and food lover,Real
44104,1799,152,5.29,767,13,0,2,Love exploring new places 🌎,Real
10151,3980,86,8.79,847,68,0,10,DM for collaborations or inquiries!,Fake
18972,4699,162,9.52,196,85,0,9,Love exploring new places 🌎,Real
16741,4422,348,5.95,447,10,0,8,Love exploring new places 🌎,Real
8916,1550,137,3.58,731,14,1,9,Entrepreneur & lifestyle blogger,Real
32216,4132,413,0.62,497,37,0,10,Photographer and content creator 📸,Real
3113,646,13,1.12,20,12,0,7,Digital nomad living my best life 🌴,Fake
41066,2660,213,2.92,99,29,0,5,Photographer and content creator 📸,Real
14972,4800,147,6.45,116,58,0,8,Check out my website for more updates!,Real
29843,2761,393,3.42,723,75,0,5,Love exploring new places 🌎,Real
21498,2296,292,3.0,100,93,0,10,Follow for daily inspiration 🌟,Fake
34684,2388,389,0.32,67,28,0,8,Digital nomad living my best life 🌴,Fake
37037,2360,126,6.05,314,68,0,2,Sharing moments from my journey,Real
15329,3199,33,1.79,548,56,1,6,Passionate traveler and food lover,Fake
7136,2193,256,6.63,886,8,0,7,Passionate traveler and food lover,Fake
6803,4271,380,7.96,744,36,0,11,Digital nomad living my best life 🌴,Fake
36676,315,250,1.95,332,79,0,10,Entrepreneur & lifestyle blogger,Real
19660,1997,257,2.32,202,75,0,8,Sharing moments from my journey,Fake
31422,3765,10,7.52,300,70,0,2,DM for collaborations or inquiries!,Fake
410,415,448,8.83,884,45,0,9,Digital nomad living my best life 🌴,Real
13954,4194,378,8.47,872,27,0,5,Photographer and content creator 📸,Real
589,381,240,4.73,954,51,0,7,DM for collaborations or inquiries!,Fake
43072,3399,68,2.13,205,13,1,7,Fitness enthusiast 💪 | Health advocate,Fake
39735,4273,129,4.92,231,72,0,9,Personal blog | Stay positive ✨,Fake
22833,1570,38,0.18,378,81,1,4,Sharing moments from my journey,Fake
11092,2919,344,6.19,103,98,0,10,Digital nomad living my best life 🌴,Fake
48776,2747,17,0.36,130,92,0,4,Passionate traveler and food lover,Real
28601,1630,376,8.26,402,53,0,9,Entrepreneur & lifestyle blogger,Real
44538,3083,127,7.05,899,88,0,2,Sharing moments from my journey,Real
17957,2147,283,3.21,480,98,0,6,Personal blog | Stay positive ✨,Fake
32162,3374,223,0.6,396,48,0,6,Foodie | Reviews and recipes,Real
14765,1575,48,8.33,594,56,0,5,Business inquiries? Contact below 👇,Real
23465,461,206,8.33,50,13,0,7,Sharing moments from my journey,Fake
44694,318,189,4.98,675,4,0,7,Personal blog | Stay positive ✨,Real
48382,2043,65,8.09,862,17,0,10,DM for collaborations or inquiries!,Real
3151,558,201,8.96,203,51,0,11,Entrepreneur & lifestyle blogger,Fake
34433,4226,367,6.81,599,80,0,10,Sharing moments from my journey,Fake
13167,4279,30,7.79,513,12,1,8,Check out my website for more updates!,Real
28643,2084,321,1.72,17,37,0,11,Check out my website for more updates!,Fake
21970,161,257,1.83,924,79,0,6,Entrepreneur & lifestyle blogger,Real
24890,1984,480,2.05,323,32,0,5,Check out my website for more updates!,Fake
7659,2166,209,0.77,775,52,0,1,Foodie | Reviews and recipes,Fake
11042,3379,427,7.91,33,44,1,3,Check out my website for more updates!,Fake
15883,3003,359,3.23,34,99,0,6,Personal blog | Stay positive ✨,Real
15426,2819,321,4.31,133,6,0,10,Entrepreneur & lifestyle blogger,Fake
33385,116,69,8.05,426,64,0,4,Follow for daily inspiration 🌟,Fake
7041,3254,99,5.08,170,96,0,4,Love exploring new places 🌎,Real
37092,2753,425,8.84,644,95,0,3,Love exploring new places 🌎,Real
19241,428,95,1.12,152,79,0,11,Love exploring new places 🌎,Real
23928,4868,359,9.34,187,78,0,11,Aspiring artist | Drawing my dreams,Real
22405,3004,323,5.7,972,78,0,3,Sharing moments from my journey,Real
39255,172,422,5.97,891,88,0,4,Check out my website for more updates!,Fake
9589,14,218,8.02,371,12,0,11,Digital nomad living my best life 🌴,Fake
41509,880,161,2.58,936,3,0,9,Digital nomad living my best life 🌴,Fake
37227,3087,350,6.43,365,24,0,3,Personal blog | Stay positive ✨,Real
36846,1932,283,1.52,120,88,0,1,Check out my website for more updates!,Fake
44751,4450,263,8.28,464,72,0,3,Foodie | Reviews and recipes,Real
1283,1527,435,4.41,657,4,0,7,Photographer and content creator 📸,Fake
520,2640,101,2.47,77,2,0,11,Business inquiries? Contact below 👇,Fake
20850,3913,410,2.08,161,17,0,7,Business inquiries? Contact below 👇,Fake
41822,1121,368,0.02,791,44,0,9,Fitness enthusiast 💪 | Health advocate,Fake
24784,1354,44,7.93,104,80,0,6,Entrepreneur & lifestyle blogger,Fake
39959,3835,11,4.43,76,40,0,10,Digital nomad living my best life 🌴,Fake
17699,2539,455,3.21,892,27,0,3,Fitness enthusiast 💪 | Health advocate,Fake
33162,4400,243,6.61,185,57,0,11,Sharing moments from my journey,Fake
40611,1563,350,4.43,841,9,0,10,Business inquiries? Contact below 👇,Fake
5895,2500,428,8.41,868,95,0,10,Foodie | Reviews and recipes,Fake
29973,1314,213,3.33,977,69,0,7,Digital nomad living my best life 🌴,Real
33650,872,11,7.73,178,24,0,10,Personal blog | Stay positive ✨,Real
6318,1394,214,1.15,921,88,0,5,Check out my website for more updates!,Fake
35240,1806,132,3.02,197,0,0,6,Digital nomad living my best life 🌴,Real
44971,4658,228,0.14,124,23,0,7,Business inquiries? Contact below 👇,Fake
30516,2520,260,3.1,859,31,0,9,Love exploring new places 🌎,Real
36342,2770,215,2.56,852,23,0,8,Nature lover | Saving the planet 🌍,Fake
48341,3913,89,8.61,664,36,0,4,Sharing moments from my journey,Fake
31277,96,358,3.32,55,46,0,3,Digital nomad living my best life 🌴,Real
21455,3133,239,7.56,917,81,0,1,Digital nomad living my best life 🌴,Real
4839,1409,270,9.57,427,4,0,6,Entrepreneur & lifestyle blogger,Real
47313,2621,45,6.89,149,1,0,11,Fitness enthusiast 💪 | Health advocate,Fake
14382,4571,317,6.17,242,3,0,11,Follow for daily inspiration 🌟,Fake
15201,4345,288,7.02,257,82,1,2,Business inquiries? Contact below 👇,Real
13960,1051,429,3.37,691,46,0,2,Foodie | Reviews and recipes,Fake
13808,3967,432,3.79,434,90,0,7,Follow for daily inspiration 🌟,Fake
11640,301,276,9.58,118,93,0,9,Foodie | Reviews and recipes,Fake
17810,4962,35,8.49,575,22,0,4,Foodie | Reviews and recipes,Fake
18462,2052,75,6.05,465,10,0,4,Entrepreneur & lifestyle blogger,Real
3995,3534,391,3.55,551,62,0,10,Check out my website for more updates!,Fake
4105,1604,499,8.6,302,25,0,3,Love exploring new places 🌎,Real
49696,422,164,6.32,995,68,0,6,Passionate traveler and food lover,Fake
4924,3114,137,8.27,506,58,1,3,Business inquiries? Contact below 👇,Real
33609,1098,143,6.98,656,25,0,11,Fitness enthusiast 💪 | Health advocate,Fake
48919,587,85,6.45,500,42,0,4,Business inquiries? Contact below 👇,Real
19400,1116,456,0.83,552,66,0,5,Foodie | Reviews and recipes,Fake
35607,3490,477,5.09,679,78,0,8,Entrepreneur & lifestyle blogger,Real
48870,4397,210,2.18,384,30,0,4,Follow for daily inspiration 🌟,Real
21984,4825,85,1.56,388,16,0,11,Follow for daily inspiration 🌟,Real
41222,417,260,3.48,231,60,0,5,Check out my website for more updates!,Fake
14273,947,287,7.02,867,1,0,7,Follow for daily inspiration 🌟,Real
13765,2199,494,8.84,282,38,1,9,Check out my website for more updates!,Fake
5518,813,19,1.39,851,51,0,10,Follow for daily inspiration 🌟,Fake
6339,1720,402,8.13,208,69,0,8,DM for collaborations or inquiries!,Real
38774,1902,121,3.68,352,55,0,8,Love exploring new places 🌎,Real
16504,1814,489,0.1,570,80,0,2,Love exploring new places 🌎,Real
37077,2181,351,7.82,954,68,0,7,Fitness enthusiast 💪 | Health advocate,Fake
13802,1991,471,1.34,29,21,0,3,Business inquiries? Contact below 👇,Fake
47056,1746,40,3.22,536,27,0,5,Nature lover | Saving the planet 🌍,Fake
19972,1427,206,8.51,759,65,0,3,Business inquiries? Contact below 👇,Real
33759,1201,300,0.29,932,15,0,5,Check out my website for more updates!,Real
24965,2937,455,2.93,78,96,1,3,Fitness enthusiast 💪 | Health advocate,Real
48399,1946,197,2.27,410,47,1,1,Follow for daily inspiration 🌟,Fake
9582,4651,347,2.06,497,9,0,9,Fitness enthusiast 💪 | Health advocate,Real
8130,1023,241,2.27,857,86,0,7,Passionate traveler and food lover,Real
42116,515,164,4.52,290,97,0,6,Digital nomad living my best life 🌴,Fake
36909,3940,468,7.33,4,81,0,8,Passionate traveler and food lover,Fake
40674,1977,318,2.43,284,82,0,1,Follow for daily inspiration 🌟,Real
12137,4588,155,6.88,500,55,0,3,Passionate traveler and food lover,Fake
39680,1996,131,4.09,408,96,0,6,Business inquiries? Contact below 👇,Fake
33616,964,48,9.13,892,82,0,4,Aspiring artist | Drawing my dreams,Fake
12379,2012,117,0.49,10,64,0,7,Foodie | Reviews and recipes,Fake
48954,1390,239,0.32,928,62,0,7,Follow for daily inspiration 🌟,Real
18131,1498,21,4.91,945,89,0,2,Foodie | Reviews and recipes,Fake
18099,4017,48,7.28,102,59,1,9,Foodie | Reviews and recipes,Real
30363,14,234,7.82,888,67,0,4,Sharing moments from my journey,Fake
13592,224,73,0.54,248,44,0,4,DM for collaborations or inquiries!,Fake
36098,4524,220,6.73,338,64,0,3,Sharing moments from my journey,Fake
36249,1575,386,8.29,454,38,0,1,Passionate traveler and food lover,Fake
32846,4432,330,2.93,545,74,0,8,Business inquiries? Contact below 👇,Real
49248,606,159,5.5,769,23,0,7,Business inquiries? Contact below 👇,Real
34671,3197,347,4.86,342,41,0,2,Love exploring new places 🌎,Real
13454,1638,177,8.95,728,19,0,3,Foodie | Reviews and recipes,Real
18057,2617,29,6.32,635,19,0,7,Digital nomad living my best life 🌴,Fake
14254,4506,403,9.72,578,36,0,11,Fitness enthusiast 💪 | Health advocate,Fake
32914,302,326,5.88,446,8,0,8,Aspiring artist | Drawing my dreams,Fake
10958,1431,499,1.87,83,33,0,3,Follow for daily inspiration 🌟,Real
18557,792,366,8.23,115,79,0,11,Foodie | Reviews and recipes,Real
24263,3176,272,7.65,971,81,0,11,Digital nomad living my best life 🌴,Real
37579,4192,336,8.17,952,12,0,7,Nature lover | Saving the planet 🌍,Fake
42780,3107,60,5.68,596,76,0,8,Photographer and content creator 📸,Fake
3736,3728,379,9.78,715,85,0,9,Passionate traveler and food lover,Real
22108,3551,345,2.43,870,51,0,10,Entrepreneur & lifestyle blogger,Fake
25610,2768,397,5.94,884,97,0,7,Photographer and content creator 📸,Fake
1596,574,206,5.04,568,46,0,3,Foodie | Reviews and recipes,Real
30501,85,394,2.64,384,83,0,5,Check out my website for more updates!,Real
25459,3354,371,7.08,214,35,0,5,Business inquiries? Contact below 👇,Real
7088,1706,57,3.28,865,74,0,11,Check out my website for more updates!,Real
8781,2878,324,7.22,525,22,0,11,Fitness enthusiast 💪 | Health advocate,Real
12259,1893,364,8.44,662,21,0,5,Sharing moments from my journey,Real
45308,749,182,5.93,873,50,0,10,Nature lover | Saving the planet 🌍,Fake
12975,1194,248,9.23,311,65,0,2,Check out my website for more updates!,Real
19311,4932,356,9.26,373,81,0,9,Check out my website for more updates!,Fake
17398,486,124,8.86,453,99,0,4,Fitness enthusiast 💪 | Health advocate,Fake
13453,4773,245,0.91,12,85,1,6,Personal blog | Stay positive ✨,Real
21412,1993,480,7.88,378,74,0,4,Personal blog | Stay positive ✨,Fake
34798,878,383,4.03,895,22,0,10,Love exploring new places 🌎,Real
27998,1345,69,2.89,61,60,0,6,Love exploring new places 🌎,Real
34393,3117,398,6.35,891,67,0,4,Nature lover | Saving the planet 🌍,Fake
41675,1300,329,1.75,91,20,0,8,Nature lover | Saving the planet 🌍,Real
26492,4852,275,2.05,604,74,0,8,Photographer and content creator 📸,Real
20763,4530,131,4.54,697,96,0,4,Passionate traveler and food lover,Fake
17433,2898,237,4.75,473,49,0,10,Digital nomad living my best life 🌴,Fake
26636,4766,286,4.24,108,24,0,7,DM for collaborations or inquiries!,Fake
33083,3422,496,5.64,98,75,0,7,Nature lover | Saving the planet 🌍,Real
45765,4538,283,0.11,179,88,0,10,Entrepreneur & lifestyle blogger,Fake
21458,4392,356,3.67,319,77,0,11,Fitness enthusiast 💪 | Health advocate,Real
30404,2387,101,0.78,353,70,0,2,Personal blog | Stay positive ✨,Real
10077,3243,307,8.57,750,12,0,9,Foodie | Reviews and recipes,Real
24653,2409,472,8.49,565,10,0,4,Personal blog | Stay positive ✨,Real
35852,2377,456,3.91,592,81,0,2,Love exploring new places 🌎,Real
45123,814,116,5.13,955,9,0,2,Love exploring new places 🌎,Fake
48374,4950,165,5.34,625,92,0,10,Aspiring artist | Drawing my dreams,Fake
28481,2655,395,7.17,274,38,0,7,Foodie | Reviews and recipes,Real
35603,4932,435,2.97,283,21,0,10,Check out my website for more updates!,Real
34504,2127,52,2.03,522,25,0,8,Digital nomad living my best life 🌴,Real
39971,1688,403,8.28,860,98,0,3,Nature lover | Saving the planet 🌍,Real
40216,536,62,2.41,550,39,0,10,Check out my website for more updates!,Fake
32958,3220,390,4.87,26,47,0,3,Aspiring artist | Drawing my dreams,Real
49698,4003,277,7.82,753,34,0,11,Foodie | Reviews and recipes,Fake
41495,930,295,0.07,166,70,1,3,Personal blog | Stay positive ✨,Real
24713,2505,336,2.13,770,99,0,8,Check out my website for more updates!,Real
17075,4072,122,6.52,972,12,1,5,Foodie | Reviews and recipes,Real
28431,1896,337,8.21,340,38,0,4,Nature lover | Saving the planet 🌍,Real
42845,324,477,1.87,216,46,0,2,Love exploring new places 🌎,Fake
46748,4648,271,9.18,121,70,0,5,Photographer and content creator 📸,Real
44994,3077,374,1.53,487,38,0,7,Business inquiries? Contact below 👇,Real
48609,1484,264,5.22,98,69,1,1,Nature lover | Saving the planet 🌍,Fake
16379,1683,165,6.83,314,51,0,11,Digital nomad living my best life 🌴,Real
29192,4212,111,4.49,51,72,0,6,Passionate traveler and food lover,Fake
38070,1745,419,2.88,213,3,0,4,Check out my website for more updates!,Real
35948,3120,13,2.72,261,52,0,10,Nature lover | Saving the planet 🌍,Real
20642,3833,389,2.76,695,62,0,2,Foodie | Reviews and recipes,Fake
28985,4718,427,6.33,439,70,0,6,Digital nomad living my best life 🌴,Fake
41241,1950,234,3.54,158,27,0,1,Follow for daily inspiration 🌟,Real
6685,3356,120,1.59,347,83,0,1,Follow for daily inspiration 🌟,Real
34971,894,404,5.61,462,8,0,7,Love exploring new places 🌎,Fake
4805,2633,277,1.16,918,23,0,7,Love exploring new places 🌎,Real
24066,4611,230,1.63,514,48,0,8,Passionate traveler and food lover,Real
45054,1397,392,8.0,616,25,0,4,Passionate traveler and food lover,Real
13056,1225,228,4.9,501,34,0,9,Aspiring artist | Drawing my dreams,Fake
216,4953,373,8.48,663,44,0,4,Nature lover | Saving the planet 🌍,Fake
13378,3065,253,9.0,805,22,0,6,Entrepreneur & lifestyle blogger,Fake
3169,2381,130,0.2,265,76,0,9,Photographer and content creator 📸,Real
48705,2279,325,1.61,90,19,0,3,Love exploring new places 🌎,Real
44108,4218,347,0.16,666,13,0,2,Nature lover | Saving the planet 🌍,Fake
48222,2714,122,6.94,210,12,1,7,Entrepreneur & lifestyle blogger,Fake
23792,3635,205,6.43,45,54,0,8,Nature lover | Saving the planet 🌍,Real
23905,1391,491,1.01,959,12,0,2,Sharing moments from my journey,Real
34729,4999,422,3.43,80,87,0,5,Personal blog | Stay positive ✨,Fake
17708,1232,345,2.38,987,6,0,10,Foodie | Reviews and recipes,Fake
25106,2454,294,3.77,779,16,1,5,Photographer and content creator 📸,Fake
17348,1381,132,5.37,350,25,0,5,Business inquiries? Contact below 👇,Real
34335,556,17,9.25,796,34,0,7,Personal blog | Stay positive ✨,Real
21033,1307,399,4.89,895,92,0,10,Love exploring new places 🌎,Real
25610,1973,430,9.34,104,9,0,2,Nature lover | Saving the planet 🌍,Fake
39889,597,165,1.04,275,48,0,7,Personal blog | Stay positive ✨,Real
43908,4783,455,9.77,534,19,1,8,DM for collaborations or inquiries!,Real
28633,1299,52,5.23,881,49,0,9,Fitness enthusiast 💪 | Health advocate,Fake
43382,1863,177,7.64,582,79,0,9,Photographer and content creator 📸,Real
14048,4263,55,9.56,973,4,0,7,Check out my website for more updates!,Real
22821,3776,206,0.95,249,3,0,4,Fitness enthusiast 💪 | Health advocate,Real
47359,4768,145,2.2,755,51,0,7,Love exploring new places 🌎,Real
8215,304,407,5.04,595,66,0,2,Business inquiries? Contact below 👇,Fake
13590,3481,499,8.43,196,43,0,6,Foodie | Reviews and recipes,Fake
25351,4468,188,6.06,917,97,0,4,Passionate traveler and food lover,Real
13654,1300,291,8.6,87,70,0,9,Digital nomad living my best life 🌴,Fake
3070,386,383,4.34,426,82,0,9,Photographer and content creator 📸,Fake
7033,2027,109,5.91,998,23,0,6,Love exploring new places 🌎,Real
45927,3222,331,6.79,820,83,0,10,Digital nomad living my best life 🌴,Fake
2722,4577,59,6.73,31,51,0,5,Personal blog | Stay positive ✨,Real
43851,1464,375,7.63,678,3,0,11,Love exploring new places 🌎,Real
25589,1625,105,5.96,604,34,0,2,DM for collaborations or inquiries!,Fake
8351,3542,216,5.73,19,61,0,7,Photographer and content creator 📸,Real
37408,2029,49,4.28,792,25,0,5,Passionate traveler and food lover,Fake
47096,1508,354,8.14,111,73,0,5,Nature lover | Saving the planet 🌍,Fake
24210,2496,378,8.51,949,44,0,2,Entrepreneur & lifestyle blogger,Real
17850,1827,366,1.52,440,44,0,11,Check out my website for more updates!,Fake
31664,3206,158,1.57,424,79,0,1,Foodie | Reviews and recipes,Fake
17151,26,3,8.8,147,34,0,6,Entrepreneur & lifestyle blogger,Real
35800,1513,30,6.85,768,22,0,8,Passionate traveler and food lover,Real
522,1001,460,1.56,563,12,0,6,Passionate traveler and food lover,Real
29572,149,376,7.98,356,67,0,3,Digital nomad living my best life 🌴,Fake
40951,3946,40,7.71,533,36,0,3,Digital nomad living my best life 🌴,Fake
9633,2970,165,1.67,574,61,0,10,Check out my website for more updates!,Real
42269,1275,46,7.62,706,23,0,10,Aspiring artist | Drawing my dreams,Real
19871,2992,190,8.78,455,39,0,6,Love exploring new places 🌎,Real
25846,2143,232,1.0,201,49,0,3,Check out my website for more updates!,Fake
7116,4190,57,5.95,977,14,0,9,Follow for daily inspiration 🌟,Fake
12079,776,205,8.6,82,66,0,5,Love exploring new places 🌎,Real
2081,1695,360,6.95,610,33,0,2,Check out my website for more updates!,Fake
47980,3968,443,7.81,205,10,0,10,DM for collaborations or inquiries!,Fake
30359,3639,216,9.77,858,15,0,6,Aspiring artist | Drawing my dreams,Fake
37741,1735,492,1.81,13,33,0,9,Passionate traveler and food lover,Fake
32560,185,117,9.22,102,4,1,5,DM for collaborations or inquiries!,Fake
41034,3523,472,2.99,293,35,0,1,Photographer and content creator 📸,Fake
9083,3252,238,7.79,957,50,0,10,Foodie | Reviews and recipes,Fake
11142,1611,333,8.43,159,62,0,11,Aspiring artist | Drawing my dreams,Fake
5097,3026,58,8.36,924,29,0,2,Follow for daily inspiration 🌟,Real
40499,1599,350,3.39,132,29,0,9,Entrepreneur & lifestyle blogger,Real
16340,305,394,0.47,597,0,0,7,Fitness enthusiast 💪 | Health advocate,Real
26646,1611,106,2.62,559,32,0,9,Business inquiries? Contact below 👇,Fake
42054,3332,354,5.78,957,82,0,2,Nature lover | Saving the planet 🌍,Real
9849,340,83,6.41,833,19,0,9,Follow for daily inspiration 🌟,Fake
20876,4225,316,5.8,661,20,0,10,DM for collaborations or inquiries!,Real
3182,939,118,3.4,526,81,0,4,Business inquiries? Contact below 👇,Real
43013,321,312,0.1,907,74,0,1,Check out my website for more updates!,Fake
9166,2013,100,1.63,947,67,0,3,Personal blog | Stay positive ✨,Real
46474,3324,259,7.65,790,40,0,3,Passionate traveler and food lover,Fake
23220,1778,172,7.04,909,13,0,3,Business inquiries? Contact below 👇,Real
42099,759,112,8.08,34,29,0,7,Nature lover | Saving the planet 🌍,Fake
11880,3018,288,9.56,789,23,0,10,Sharing moments from my journey,Real
29449,4629,370,7.77,75,63,0,10,DM for collaborations or inquiries!,Fake
30324,2368,15,5.87,714,9,0,9,Personal blog | Stay positive ✨,Real
38268,3482,88,7.06,847,43,0,6,Sharing moments from my journey,Fake
37002,2253,185,7.88,950,30,0,9,Check out my website for more updates!,Real
41940,4876,376,3.0,770,80,0,10,Fitness enthusiast 💪 | Health advocate,Real
19194,3102,269,3.66,467,13,0,5,DM for collaborations or inquiries!,Real
48676,3251,248,2.26,160,7,0,8,Business inquiries? Contact below 👇,Fake
29621,231,134,7.22,302,90,0,8,Digital nomad living my best life 🌴,Fake
21151,3951,220,0.2,454,94,0,8,Sharing moments from my journey,Real
34453,1206,156,3.78,972,18,0,1,Photographer and content creator 📸,Fake
30671,375,208,1.11,970,12,0,9,Love exploring new places 🌎,Real
25922,4023,37,2.97,303,82,0,9,Check out my website for more updates!,Fake
10688,181,322,2.17,967,30,0,10,Photographer and content creator 📸,Real
2558,3090,206,9.38,422,69,0,1,Passionate traveler and food lover,Fake
23648,1007,466,3.67,398,35,0,7,Follow for daily inspiration 🌟,Real
41555,4159,155,7.71,314,69,0,3,Fitness enthusiast 💪 | Health advocate,Real
19601,1244,255,7.6,493,12,0,5,Business inquiries? Contact below 👇,Fake
25261,4872,13,2.05,851,10,0,8,Business inquiries? Contact below 👇,Fake
43145,2993,384,8.75,92,16,0,3,Follow for daily inspiration 🌟,Real
1682,899,422,4.56,137,99,0,5,Check out my website for more updates!,Fake
15580,349,142,8.9,993,92,0,6,Aspiring artist | Drawing my dreams,Real
9454,809,203,7.0,701,41,0,4,Check out my website for more updates!,Fake
46573,2490,247,8.7,411,13,0,3,Sharing moments from my journey,Fake
29878,1288,400,8.36,811,76,0,9,Sharing moments from my journey,Real
25245,2484,5,3.2,133,44,0,10,DM for collaborations or inquiries!,Real
26317,2046,182,4.02,793,9,1,11,Aspiring artist | Drawing my dreams,Real
42197,2998,426,0.33,282,26,0,3,Business inquiries? Contact below 👇,Fake
46830,1531,63,8.34,935,80,1,7,Aspiring artist | Drawing my dreams,Real
37028,115,250,3.91,811,25,0,5,Nature lover | Saving the planet 🌍,Real
20400,934,270,8.73,121,41,0,9,Photographer and content creator 📸,Fake
45327,4768,373,6.09,188,91,0,7,Digital nomad living my best life 🌴,Fake
25458,3334,126,3.93,761,70,0,6,Follow for daily inspiration 🌟,Fake
49885,793,31,8.07,497,49,1,2,Aspiring artist | Drawing my dreams,Real
43340,3825,294,4.21,411,91,0,9,Nature lover | Saving the planet 🌍,Real
24897,2155,242,8.58,309,27,0,9,Aspiring artist | Drawing my dreams,Real
31858,595,429,3.53,58,6,0,3,Nature lover | Saving the planet 🌍,Fake
16877,4726,102,5.93,161,55,0,10,Aspiring artist | Drawing my dreams,Fake
22611,4578,55,1.89,304,29,0,4,Photographer and content creator 📸,Fake
33276,3246,147,7.66,469,69,0,1,Sharing moments from my journey,Real
25381,4930,171,3.42,777,77,1,1,DM for collaborations or inquiries!,Fake
35072,3462,237,1.67,497,29,0,4,Photographer and content creator 📸,Real
9003,3093,70,0.38,239,93,1,7,Sharing moments from my journey,Real
35776,2072,97,9.68,463,53,0,9,Fitness enthusiast 💪 | Health advocate,Fake
15054,4073,335,6.17,295,34,0,4,Business inquiries? Contact below 👇,Real
43774,4371,130,3.15,212,80,0,4,Digital nomad living my best life 🌴,Fake
44063,4662,138,7.58,659,12,0,8,Business inquiries? Contact below 👇,Fake
45689,4533,473,3.61,869,92,0,3,Sharing moments from my journey,Fake
32943,869,267,3.59,332,59,0,10,Entrepreneur & lifestyle blogger,Fake
14324,4499,470,4.78,882,93,0,9,Photographer and content creator 📸,Real
35874,4920,129,4.39,203,21,0,9,Fitness enthusiast 💪 | Health advocate,Real
10126,562,267,1.35,912,96,0,9,Personal blog | Stay positive ✨,Real
20601,211,213,4.32,618,20,0,6,Photographer and content creator 📸,Fake
44906,2318,416,3.6,420,68,0,5,Nature lover | Saving the planet 🌍,Real
35368,4662,182,4.35,97,4,0,5,Passionate traveler and food lover,Real
2955,3290,473,7.27,433,9,1,7,Sharing moments from my journey,Real
32662,97,496,7.16,127,34,0,7,Fitness enthusiast 💪 | Health advocate,Real
4537,2589,316,0.8,95,5,0,11,Nature lover | Saving the planet 🌍,Fake
35000,1866,93,6.46,47,24,0,10,Follow for daily inspiration 🌟,Real
37664,1011,120,6.44,396,2,1,7,Aspiring artist | Drawing my dreams,Fake
43604,4759,175,6.84,709,63,0,3,Entrepreneur & lifestyle blogger,Fake
14852,4563,18,0.68,867,22,0,2,DM for collaborations or inquiries!,Fake
32654,4385,366,6.02,115,61,0,3,Passionate traveler and food lover,Real
20981,4202,364,7.32,291,74,0,5,Foodie | Reviews and recipes,Fake
14513,501,300,0.62,716,66,0,11,Sharing moments from my journey,Fake
30805,3796,413,6.87,125,88,0,8,Photographer and content creator 📸,Fake
44890,641,69,3.85,352,28,0,11,Sharing moments from my journey,Real
37269,2949,415,1.99,84,71,0,5,Foodie | Reviews and recipes,Real
16081,138,228,6.28,260,47,0,6,Aspiring artist | Drawing my dreams,Fake
447,3728,372,1.86,26,25,0,5,Personal blog | Stay positive ✨,Real
40718,4306,285,5.11,700,71,0,11,Digital nomad living my best life 🌴,Fake
38631,626,1,4.04,837,86,0,8,Business inquiries? Contact below 👇,Real
22326,2534,369,1.29,85,73,1,10,Foodie | Reviews and recipes,Real
23229,2005,479,4.33,746,16,0,3,Personal blog | Stay positive ✨,Fake
41410,4153,208,4.61,739,64,0,11,Check out my website for more updates!,Fake
18150,4744,44,4.15,201,21,0,11,Follow for daily inspiration 🌟,Real
12481,481,56,2.17,596,16,0,10,Personal blog | Stay positive ✨,Fake
27725,2124,124,3.91,997,0,0,4,Follow for daily inspiration 🌟,Fake
3320,854,278,9.73,821,0,0,8,Fitness enthusiast 💪 | Health advocate,Fake
7661,4891,83,5.23,408,71,0,10,Photographer and content creator 📸,Fake
2947,170,89,0.95,478,53,0,3,Business inquiries? Contact below 👇,Fake
31182,3233,184,4.59,182,17,0,4,Personal blog | Stay positive ✨,Real
25329,1512,399,6.52,269,2,0,7,Foodie | Reviews and recipes,Fake
5395,834,262,7.71,16,69,1,10,Nature lover | Saving the planet 🌍,Real
1638,3352,371,5.24,87,26,0,7,Sharing moments from my journey,Real
36658,2478,488,7.49,972,90,0,10,Aspiring artist | Drawing my dreams,Fake
12327,4368,54,7.17,716,91,0,4,Digital nomad living my best life 🌴,Fake
41478,3285,115,4.69,244,65,0,4,Love exploring new places 🌎,Fake
5494,1212,407,9.22,496,74,0,5,Photographer and content creator 📸,Real
31132,4755,210,2.05,873,97,1,9,Check out my website for more updates!,Real
7008,1949,182,8.83,568,75,0,8,Personal blog | Stay positive ✨,Real
23134,4026,271,3.85,400,59,0,5,Sharing moments from my journey,Fake
20206,3163,42,4.37,906,81,0,1,Aspiring artist | Drawing my dreams,Real
11799,4896,383,3.99,596,29,0,5,Check out my website for more updates!,Real
5123,3739,433,3.12,652,71,1,8,Foodie | Reviews and recipes,Real
44602,2502,28,7.56,452,87,0,8,Personal blog | Stay positive ✨,Real
29209,602,338,2.35,246,97,0,2,Business inquiries? Contact below 👇,Fake
13091,3890,150,9.52,220,60,0,7,Follow for daily inspiration 🌟,Fake
18019,4778,415,8.84,114,24,0,5,Follow for daily inspiration 🌟,Fake
6271,2462,299,4.05,782,10,0,5,Sharing moments from my journey,Fake
40287,317,423,2.62,746,28,0,2,Follow for daily inspiration 🌟,Real
35697,1090,481,9.01,900,55,0,2,Foodie | Reviews and recipes,Real
12740,3579,151,0.05,492,25,1,10,Check out my website for more updates!,Fake
2674,229,318,6.63,18,88,0,7,Entrepreneur & lifestyle blogger,Fake
28531,1810,176,5.94,636,91,0,2,Photographer and content creator 📸,Real
46570,1361,406,0.21,759,84,0,4,Personal blog | Stay positive ✨,Fake
38010,252,153,1.31,67,33,0,4,Fitness enthusiast 💪 | Health advocate,Real
29692,4618,236,5.48,267,48,0,4,Nature lover | Saving the planet 🌍,Real
10729,913,374,0.99,727,36,0,9,Sharing moments from my journey,Fake
31677,3877,54,3.72,432,73,0,6,Passionate traveler and food lover,Real
5085,1378,150,4.19,541,16,0,11,Personal blog | Stay positive ✨,Fake
10348,3670,481,7.68,801,82,0,9,Aspiring artist | Drawing my dreams,Fake
15604,3808,377,8.49,885,90,0,3,Sharing moments from my journey,Fake
39445,2753,367,6.36,569,60,0,2,Follow for daily inspiration 🌟,Real
28792,2422,74,5.34,113,19,0,10,Foodie | Reviews and recipes,Fake
28136,3934,13,7.75,509,45,1,7,Digital nomad living my best life 🌴,Real
8416,526,85,2.79,618,86,0,11,Nature lover | Saving the planet 🌍,Fake
23742,784,340,0.33,445,0,0,6,Entrepreneur & lifestyle blogger,Real
27288,2615,264,4.14,890,85,1,3,Sharing moments from my journey,Fake
27728,4229,494,0.79,514,49,0,9,Love exploring new places 🌎,Real
1266,4522,496,5.1,755,94,0,9,Entrepreneur & lifestyle blogger,Fake
8188,1698,128,5.83,426,56,0,11,Foodie | Reviews and recipes,Fake
10688,4152,481,8.97,36,44,0,9,Sharing moments from my journey,Real
25942,527,333,0.71,101,34,0,8,Business inquiries? Contact below 👇,Fake
29900,1638,15,6.57,430,2,1,6,Fitness enthusiast 💪 | Health advocate,Fake
24486,4358,152,5.8,969,36,0,10,Passionate traveler and food lover,Real
32800,4975,213,6.17,926,49,0,1,Check out my website for more updates!,Real
28590,295,250,0.83,55,69,0,10,Love exploring new places 🌎,Real
15247,1725,489,7.05,730,18,0,3,Love exploring new places 🌎,Real
29389,4925,466,0.99,734,41,0,10,Check out my website for more updates!,Real
37513,4351,105,8.3,964,21,0,6,Sharing moments from my journey,Fake
25702,2352,128,2.52,689,3,0,2,Digital nomad living my best life 🌴,Real
9521,4193,173,9.91,489,44,0,7,DM for collaborations or inquiries!,Real
31927,1008,406,6.86,221,46,0,3,DM for collaborations or inquiries!,Real
4126,4563,400,7.82,399,8,1,11,Fitness enthusiast 💪 | Health advocate,Fake
26097,3157,244,8.49,432,82,0,3,Sharing moments from my journey,Fake
32689,2307,321,2.77,722,89,0,2,Love exploring new places 🌎,Fake
18917,1871,112,7.31,132,72,0,2,Follow for daily inspiration 🌟,Fake
31878,3361,109,8.07,148,66,0,3,Personal blog | Stay positive ✨,Real
38868,2028,121,5.23,160,9,0,11,Aspiring artist | Drawing my dreams,Fake
35301,3963,473,5.78,410,10,0,5,Photographer and content creator 📸,Fake
29877,3495,371,3.2,616,57,0,3,Business inquiries? Contact below 👇,Fake
4905,1084,170,8.8,795,45,1,9,Check out my website for more updates!,Real
22474,783,361,3.24,817,69,0,7,Personal blog | Stay positive ✨,Fake
10430,1939,266,4.67,710,58,0,9,Aspiring artist | Drawing my dreams,Fake
5283,2803,391,4.97,435,23,0,9,Follow for daily inspiration 🌟,Fake
41590,255,218,4.83,120,3,1,3,Business inquiries? Contact below 👇,Fake
49188,4096,382,5.36,134,89,0,4,Personal blog | Stay positive ✨,Fake
47678,1869,325,7.99,868,17,0,3,Personal blog | Stay positive ✨,Real
28564,1744,191,9.78,783,61,0,5,Foodie | Reviews and recipes,Real
34325,3679,440,6.47,716,29,0,11,Check out my website for more updates!,Fake
22619,711,471,2.28,452,73,0,2,Follow for daily inspiration 🌟,Fake
17584,1646,344,5.33,777,13,0,5,Entrepreneur & lifestyle blogger,Fake
35250,3154,123,4.01,871,57,0,5,Check out my website for more updates!,Fake
2493,1219,327,3.55,257,56,0,10,Entrepreneur & lifestyle blogger,Fake
43790,4771,56,6.11,203,90,0,8,Follow for daily inspiration 🌟,Real
49115,4519,46,9.93,424,74,0,9,Entrepreneur & lifestyle blogger,Real
26560,4139,41,8.98,730,90,0,2,Love exploring new places 🌎,Real
48378,305,307,9.0,983,81,0,5,Follow for daily inspiration 🌟,Fake
13695,4144,58,4.63,454,94,0,8,Aspiring artist | Drawing my dreams,Fake
34519,262,370,8.89,104,28,0,6,Love exploring new places 🌎,Fake
27428,1358,107,0.64,205,15,1,7,Photographer and content creator 📸,Real
2127,2315,15,6.13,170,83,0,3,Nature lover | Saving the planet 🌍,Real
5162,691,62,9.1,570,68,0,4,Digital nomad living my best life 🌴,Fake
15316,2826,422,3.86,423,22,0,8,Digital nomad living my best life 🌴,Fake
13029,2333,139,4.99,346,83,0,7,Passionate traveler and food lover,Real
21842,4569,444,0.42,617,85,0,9,Follow for daily inspiration 🌟,Fake
7818,3561,62,0.33,800,50,0,6,Sharing moments from my journey,Fake
22896,2517,33,3.92,256,79,0,5,Entrepreneur & lifestyle blogger,Fake
21393,4560,30,5.03,760,34,0,4,Photographer and content creator 📸,Real
32527,3570,374,5.5,188,16,0,10,Entrepreneur & lifestyle blogger,Fake
32421,4007,176,8.16,636,74,0,6,Aspiring artist | Drawing my dreams,Real
6575,697,111,7.43,673,84,0,8,Photographer and content creator 📸,Fake
39165,3761,392,0.36,154,80,0,6,Love exploring new places 🌎,Fake
9234,2590,222,3.36,64,17,0,9,Fitness enthusiast 💪 | Health advocate,Fake
22837,311,351,9.31,851,45,0,2,Business inquiries? Contact below 👇,Real
29708,1334,141,9.2,469,6,0,9,Foodie | Reviews and recipes,Real
3839,4291,400,9.33,394,27,0,10,Follow for daily inspiration 🌟,Real
16200,1742,155,0.13,119,38,0,10,Love exploring new places 🌎,Fake
21832,408,149,5.44,577,53,0,4,Passionate traveler and food lover,Fake
15996,2571,179,4.78,296,18,0,3,DM for collaborations or inquiries!,Fake
16509,1385,187,7.46,799,99,0,8,Check out my website for more updates!,Real
36101,3237,103,8.08,895,96,0,3,Check out my website for more updates!,Fake
4977,3718,140,3.81,966,99,0,4,Entrepreneur & lifestyle blogger,Real
11184,3056,146,8.05,768,90,0,6,Aspiring artist | Drawing my dreams,Fake
16696,804,85,8.08,673,2,0,9,Fitness enthusiast 💪 | Health advocate,Real
16304,903,446,8.76,824,57,0,2,Entrepreneur & lifestyle blogger,Real
32786,2871,325,8.59,481,19,0,7,Nature lover | Saving the planet 🌍,Fake
7938,4923,360,8.29,547,51,0,2,Aspiring artist | Drawing my dreams,Fake
19995,1440,109,6.49,387,58,0,5,Personal blog | Stay positive ✨,Real
23021,4880,256,8.66,169,15,0,2,Business inquiries? Contact below 👇,Fake
10579,598,286,6.49,63,15,0,5,Check out my website for more updates!,Real
15840,430,23,7.73,297,50,0,6,Digital nomad living my best life 🌴,Real
27774,3733,145,2.82,827,74,0,7,Business inquiries? Contact below 👇,Real
23089,3771,215,0.22,719,67,0,5,Follow for daily inspiration 🌟,Real
31214,3365,9,7.48,47,92,0,6,Love exploring new places 🌎,Real
20484,793,436,3.08,84,84,0,10,Aspiring artist | Drawing my dreams,Real
24782,4337,17,5.35,114,18,0,2,Passionate traveler and food lover,Real
19706,3564,378,9.3,6,47,0,10,Follow for daily inspiration 🌟,Real
23499,3749,112,0.04,732,70,0,2,Sharing moments from my journey,Fake
46767,270,93,4.95,648,1,1,2,Fitness enthusiast 💪 | Health advocate,Fake
18252,851,256,0.15,828,43,0,8,Entrepreneur & lifestyle blogger,Real
2452,2395,406,3.04,685,93,1,3,Entrepreneur & lifestyle blogger,Fake
25792,4381,238,6.84,558,70,0,6,Aspiring artist | Drawing my dreams,Real
38771,3717,475,8.69,869,12,0,3,Love exploring new places 🌎,Fake
23117,587,244,2.97,936,73,0,6,Love exploring new places 🌎,Fake
2278,3443,207,9.23,165,57,0,10,Love exploring new places 🌎,Real
38364,4978,332,9.26,10,51,0,5,Nature lover | Saving the planet 🌍,Real
41224,590,172,0.98,312,40,0,9,DM for collaborations or inquiries!,Real
1925,644,142,1.06,680,6,0,5,Fitness enthusiast 💪 | Health advocate,Real
49234,4468,307,2.04,514,31,0,8,Business inquiries? Contact below 👇,Real
21756,1691,286,0.96,19,43,0,2,Check out my website for more updates!,Real
26397,1347,262,6.65,605,44,0,7,Aspiring artist | Drawing my dreams,Real
5792,4897,391,2.25,749,61,0,7,Personal blog | Stay positive ✨,Fake
13844,1602,322,9.86,874,80,0,7,DM for collaborations or inquiries!,Fake
34197,4706,117,2.25,466,22,0,9,Sharing moments from my journey,Fake
32456,1376,288,0.95,508,42,0,8,Personal blog | Stay positive ✨,Real
39201,2693,89,8.36,607,35,0,6,Passionate traveler and food lover,Fake
2629,2131,83,1.16,864,90,0,8,Photographer and content creator 📸,Real
48294,3892,63,0.14,866,45,0,2,Sharing moments from my journey,Real
15786,3638,473,5.61,993,42,0,9,Business inquiries? Contact below 👇,Fake
30288,3251,483,3.63,444,59,0,8,Personal blog | Stay positive ✨,Real
37821,3276,421,6.42,553,34,0,5,Digital nomad living my best life 🌴,Real
7331,1220,452,2.08,227,87,1,1,Passionate traveler and food lover,Fake
29272,1188,32,2.25,220,15,0,5,Digital nomad living my best life 🌴,Real
47336,61,125,3.48,60,62,0,9,Nature lover | Saving the planet 🌍,Real
31035,84,105,0.6,723,47,0,7,Passionate traveler and food lover,Real
46923,3364,420,6.4,763,77,0,7,Sharing moments from my journey,Fake
27464,1143,417,4.97,461,2,0,9,Personal blog | Stay positive ✨,Real
13539,3055,352,4.46,837,4,0,2,Personal blog | Stay positive ✨,Fake
28234,1329,290,9.19,805,94,0,8,Personal blog | Stay positive ✨,Fake
8867,2257,229,7.97,461,87,1,1,Business inquiries? Contact below 👇,Fake
5437,4056,9,6.34,770,11,0,8,Digital nomad living my best life 🌴,Real
42421,2764,156,7.67,791,82,0,7,Aspiring artist | Drawing my dreams,Real
7749,1265,323,4.25,926,28,0,2,Sharing moments from my journey,Real
17570,1456,271,6.1,922,65,0,6,Personal blog | Stay positive ✨,Fake
37021,2684,196,0.78,385,20,0,9,Photographer and content creator 📸,Fake
10962,125,458,6.7,332,13,1,3,Love exploring new places 🌎,Fake
20172,2729,204,3.12,432,32,0,7,Love exploring new places 🌎,Real
44175,2639,490,6.09,201,57,0,5,Aspiring artist | Drawing my dreams,Real
16468,4183,459,6.31,896,72,0,8,Follow for daily inspiration 🌟,Real
33562,1851,414,0.14,122,32,0,6,Nature lover | Saving the planet 🌍,Real
48207,540,429,2.29,925,20,0,4,Passionate traveler and food lover,Real
32650,2908,201,3.67,833,24,0,2,Personal blog | Stay positive ✨,Real
593,800,406,6.33,394,95,0,5,Fitness enthusiast 💪 | Health advocate,Fake
30316,2677,425,5.47,994,59,1,4,Love exploring new places 🌎,Fake
39248,956,161,5.88,38,41,1,2,Love exploring new places 🌎,Real
3314,1874,332,4.71,949,60,0,6,Digital nomad living my best life 🌴,Real
7889,930,354,8.08,274,99,0,1,Digital nomad living my best life 🌴,Real
43742,4458,466,2.64,530,73,0,5,Digital nomad living my best life 🌴,Real
12006,4161,135,8.37,778,22,0,5,Follow for daily inspiration 🌟,Real
25801,2103,245,9.33,439,5,0,9,Follow for daily inspiration 🌟,Real
28611,4106,235,1.6,260,31,0,10,Love exploring new places 🌎,Real
39453,3480,166,6.93,712,43,0,6,DM for collaborations or inquiries!,Real
35657,4770,128,5.86,217,7,0,5,Entrepreneur & lifestyle blogger,Fake
11036,1537,188,0.22,344,59,0,2,Personal blog | Stay positive ✨,Fake
23000,248,94,7.47,123,5,0,8,Digital nomad living my best life 🌴,Fake
48398,2471,157,5.85,541,85,0,4,Photographer and content creator 📸,Fake
31732,1239,392,0.74,97,39,0,8,Personal blog | Stay positive ✨,Real
49272,2152,56,7.82,690,16,0,7,Sharing moments from my journey,Real
18617,4598,261,9.4,868,61,0,8,Entrepreneur & lifestyle blogger,Real
47316,3542,288,9.33,997,77,0,7,DM for collaborations or inquiries!,Real
40763,3684,1,3.71,140,25,0,2,Love exploring new places 🌎,Real
33637,2047,231,6.46,812,54,0,5,Love exploring new places 🌎,Real
42471,1259,117,7.89,211,23,0,5,Passionate traveler and food lover,Real
32296,2512,299,7.23,379,49,0,6,Foodie | Reviews and recipes,Fake
35445,2020,31,6.97,133,94,0,9,Passionate traveler and food lover,Real
9985,3638,24,5.55,392,57,1,2,Passionate traveler and food lover,Fake
8536,293,304,2.6,510,52,0,2,Love exploring new places 🌎,Real
2466,3246,100,1.21,621,98,0,10,DM for collaborations or inquiries!,Fake
7194,1114,334,3.13,800,62,1,3,Personal blog | Stay positive ✨,Fake
11059,3002,317,1.76,764,8,0,4,Follow for daily inspiration 🌟,Real
3016,842,31,6.29,845,86,0,1,Follow for daily inspiration 🌟,Real
46723,3977,220,3.08,842,44,0,8,Business inquiries? Contact below 👇,Real
1700,2222,37,1.09,434,23,0,4,Follow for daily inspiration 🌟,Fake
43335,1667,407,5.85,971,63,0,4,Follow for daily inspiration 🌟,Fake
4866,899,139,0.43,244,91,1,9,Fitness enthusiast 💪 | Health advocate,Fake
38773,2469,369,9.37,6,61,0,5,Business inquiries? Contact below 👇,Real
11733,38,278,1.75,137,76,0,6,Nature lover | Saving the planet 🌍,Fake
17789,2261,68,8.71,203,99,0,3,Sharing moments from my journey,Fake
25341,4083,167,0.99,379,13,1,1,Personal blog | Stay positive ✨,Fake
31669,2119,104,8.24,35,77,0,6,Digital nomad living my best life 🌴,Fake
25812,1737,486,5.05,343,45,1,8,Sharing moments from my journey,Fake
40757,2872,151,1.39,476,40,0,9,Sharing moments from my journey,Real
33921,503,294,4.82,412,17,0,7,Nature lover | Saving the planet 🌍,Fake
30706,1919,49,0.59,859,20,0,6,Nature lover | Saving the planet 🌍,Real
33911,2167,167,8.3,459,82,0,4,Sharing moments from my journey,Fake
39323,1036,98,7.22,181,99,0,3,Passionate traveler and food lover,Fake
46617,4611,145,5.62,287,1,0,2,Nature lover | Saving the planet 🌍,Fake
33770,2695,278,5.96,145,65,0,11,Digital nomad living my best life 🌴,Real
47537,899,146,5.69,754,99,0,5,Fitness enthusiast 💪 | Health advocate,Real
10911,3490,98,8.45,890,81,0,7,Love exploring new places 🌎,Real
41250,3417,411,1.55,729,19,0,2,Nature lover | Saving the planet 🌍,Real
27665,3016,117,7.08,189,42,0,11,Foodie | Reviews and recipes,Fake
17968,883,224,5.73,62,64,0,8,Passionate traveler and food lover,Fake
28903,141,434,0.39,102,11,0,9,Fitness enthusiast 💪 | Health advocate,Real
12342,2582,106,7.92,352,76,0,10,Personal blog | Stay positive ✨,Real
31149,4189,250,1.32,845,1,0,9,DM for collaborations or inquiries!,Real
14531,3199,110,1.21,233,9,0,4,Photographer and content creator 📸,Real
5521,3208,489,2.22,96,50,0,3,Personal blog | Stay positive ✨,Real
20756,1377,443,4.38,801,62,0,7,Entrepreneur & lifestyle blogger,Fake
2985,660,7,0.54,962,0,0,9,DM for collaborations or inquiries!,Fake
3213,4607,77,9.78,855,29,1,9,Business inquiries? Contact below 👇,Fake
17937,1975,349,9.73,671,76,0,8,Personal blog | Stay positive ✨,Real
26600,486,101,0.64,98,11,0,2,Digital nomad living my best life 🌴,Fake
32320,565,297,7.67,747,10,0,11,Love exploring new places 🌎,Real
23462,449,345,8.74,839,50,0,6,Nature lover | Saving the planet 🌍,Real
44693,3823,283,9.6,394,3,0,2,DM for collaborations or inquiries!,Fake
37951,2728,97,3.53,762,91,0,5,DM for collaborations or inquiries!,Real
44744,805,302,9.81,40,69,0,9,Personal blog | Stay positive ✨,Real
34024,1376,179,5.48,881,75,0,7,Digital nomad living my best life 🌴,Fake
38772,4616,329,4.35,319,21,0,8,Digital nomad living my best life 🌴,Fake
3409,1601,355,8.52,448,26,0,9,Follow for daily inspiration 🌟,Real
10384,4843,186,6.56,302,10,0,6,Follow for daily inspiration 🌟,Real
3314,2098,13,9.18,70,94,0,1,Foodie | Reviews and recipes,Fake
28915,1645,336,9.74,624,20,0,10,Fitness enthusiast 💪 | Health advocate,Fake
9379,4390,271,4.48,663,10,0,2,Follow for daily inspiration 🌟,Real
11866,4885,319,8.33,192,15,0,4,Love exploring new places 🌎,Real
12957,336,159,9.35,725,22,0,6,DM for collaborations or inquiries!,Real
31456,2881,62,8.57,443,94,0,10,Aspiring artist | Drawing my dreams,Fake
37680,2561,2,1.49,886,52,0,2,DM for collaborations or inquiries!,Real
49424,2912,406,2.78,636,21,0,9,Digital nomad living my best life 🌴,Real
48518,1227,7,0.91,955,89,0,8,Foodie | Reviews and recipes,Fake
17402,1451,191,4.38,497,80,0,4,Nature lover | Saving the planet 🌍,Fake
16991,2892,11,9.91,531,56,0,8,DM for collaborations or inquiries!,Real
19358,2091,85,9.05,337,64,0,10,Sharing moments from my journey,Fake
42929,4115,220,8.57,188,95,0,4,Follow for daily inspiration 🌟,Fake
39094,4422,27,4.33,817,20,0,9,Passionate traveler and food lover,Fake
1055,4729,17,0.38,776,73,0,3,Sharing moments from my journey,Fake
47669,948,87,2.0,513,53,1,2,DM for collaborations or inquiries!,Real
16616,224,219,5.63,357,38,0,6,Photographer and content creator 📸,Fake
41597,2108,454,6.25,482,26,0,10,Love exploring new places 🌎,Fake
42204,1872,437,3.67,190,94,0,11,Digital nomad living my best life 🌴,Fake
34413,3448,310,4.35,366,52,0,4,Digital nomad living my best life 🌴,Fake
43500,1168,134,1.41,687,76,0,5,Entrepreneur & lifestyle blogger,Real
27375,2806,31,0.71,406,41,0,3,Photographer and content creator 📸,Real
44377,3759,312,3.13,932,57,0,10,Fitness enthusiast 💪 | Health advocate,Real
32400,3188,291,6.41,258,42,0,8,DM for collaborations or inquiries!,Fake
13784,4807,477,6.11,552,2,0,3,Fitness enthusiast 💪 | Health advocate,Real
45255,2237,133,9.96,754,17,0,7,Business inquiries? Contact below 👇,Real
34275,2733,194,3.9,432,20,0,6,Sharing moments from my journey,Real
45525,4298,439,1.95,394,68,0,7,Photographer and content creator 📸,Fake
42098,3511,369,4.26,412,70,0,3,Business inquiries? Contact below 👇,Fake
30906,1204,273,9.92,352,79,0,11,Business inquiries? Contact below 👇,Real
41485,3944,491,3.92,767,9,0,6,Passionate traveler and food lover,Fake
28490,729,163,5.6,629,55,0,3,Passionate traveler and food lover,Fake
35919,2544,188,2.25,600,45,0,7,DM for collaborations or inquiries!,Real
33194,2560,468,9.58,895,27,0,2,Follow for daily inspiration 🌟,Real
2125,4813,388,8.89,914,69,0,7,Love exploring new places 🌎,Real
12249,324,464,9.46,234,70,0,2,Check out my website for more updates!,Real
47727,2364,25,9.41,284,88,0,3,Photographer and content creator 📸,Fake
14404,4273,332,6.22,327,59,0,11,Nature lover | Saving the planet 🌍,Fake
16459,3062,63,8.6,111,59,0,7,Aspiring artist | Drawing my dreams,Real
12830,4431,359,6.85,180,97,0,3,Foodie | Reviews and recipes,Real
42777,4623,429,8.69,25,34,0,1,Entrepreneur & lifestyle blogger,Fake
3112,4514,184,4.33,804,39,0,10,Foodie | Reviews and recipes,Fake
32501,1871,300,6.05,529,92,0,1,Aspiring artist | Drawing my dreams,Real
2521,2786,403,0.1,219,22,1,11,Follow for daily inspiration 🌟,Fake
4590,249,121,1.23,540,99,0,3,Passionate traveler and food lover,Fake
41885,3374,45,5.13,2,70,0,11,Aspiring artist | Drawing my dreams,Fake
27468,860,141,7.64,450,73,0,5,Passionate traveler and food lover,Real
48079,197,373,0.96,54,52,0,5,Check out my website for more updates!,Fake
444,4897,127,4.19,850,71,0,5,Check out my website for more updates!,Fake
603,1547,321,2.62,775,62,0,11,Follow for daily inspiration 🌟,Real
17998,3384,248,3.68,508,53,0,9,Foodie | Reviews and recipes,Real
15136,4488,483,3.42,545,35,0,4,Personal blog | Stay positive ✨,Real
41335,1352,290,5.82,843,44,1,5,Sharing moments from my journey,Real
49980,126,87,3.98,509,81,0,6,Love exploring new places 🌎,Real
32873,2330,356,5.97,654,98,0,7,DM for collaborations or inquiries!,Fake
40764,1532,45,6.8,856,72,0,7,Love exploring new places 🌎,Fake
43346,769,190,8.37,864,76,0,7,Sharing moments from my journey,Real
27982,3490,182,9.38,738,82,0,6,Passionate traveler and food lover,Real
26117,3749,32,8.35,95,60,0,2,Business inquiries? Contact below 👇,Real
27069,1685,424,8.7,499,49,0,7,Personal blog | Stay positive ✨,Fake
30088,4979,124,4.24,909,41,0,9,Passionate traveler and food lover,Fake
5967,2957,148,4.64,817,85,0,4,Sharing moments from my journey,Real
40179,679,53,9.95,294,98,1,3,Fitness enthusiast 💪 | Health advocate,Real
34113,1117,334,0.75,219,3,0,8,Aspiring artist | Drawing my dreams,Real
27448,1496,238,2.39,399,46,0,10,Love exploring new places 🌎,Fake
42910,154,494,4.17,77,92,0,8,Check out my website for more updates!,Real
39918,564,190,5.09,688,17,0,6,Photographer and content creator 📸,Fake
37098,1337,438,9.26,592,45,0,5,Aspiring artist | Drawing my dreams,Fake
44008,4258,187,5.49,512,44,0,9,Sharing moments from my journey,Fake
34438,1764,377,9.23,807,98,0,3,Personal blog | Stay positive ✨,Real
17116,142,434,9.01,926,99,0,11,Business inquiries? Contact below 👇,Real
5393,4687,250,6.15,96,40,0,11,Sharing moments from my journey,Real
45826,3079,387,5.84,60,57,0,7,Digital nomad living my best life 🌴,Real
18800,855,92,4.58,558,44,0,2,Aspiring artist | Drawing my dreams,Fake
48436,4461,50,0.85,144,11,0,3,Business inquiries? Contact below 👇,Fake
26819,4262,292,7.58,724,48,0,11,Check out my website for more updates!,Fake
20185,155,84,3.4,785,59,0,4,Photographer and content creator 📸,Real
14245,1899,317,4.58,622,71,0,6,Digital nomad living my best life 🌴,Real
1002,3729,215,5.01,238,83,0,4,Aspiring artist | Drawing my dreams,Real
41325,2500,60,0.56,442,24,0,3,Digital nomad living my best life 🌴,Real
9807,1086,246,9.69,405,17,1,2,Photographer and content creator 📸,Real
24087,1963,227,8.27,602,33,1,5,Entrepreneur & lifestyle blogger,Fake
48695,3604,399,6.12,781,56,0,10,Follow for daily inspiration 🌟,Real
41449,1516,383,1.85,665,32,0,8,Personal blog | Stay positive ✨,Fake
25291,2056,116,5.93,211,66,0,3,Personal blog | Stay positive ✨,Fake
43210,4000,460,0.38,250,41,0,6,Aspiring artist | Drawing my dreams,Fake
9913,3039,13,4.04,887,54,0,2,Love exploring new places 🌎,Real
22849,458,282,9.01,828,94,0,10,Check out my website for more updates!,Real
23149,2470,84,5.43,190,68,0,11,Love exploring new places 🌎,Fake
24391,304,362,7.54,270,12,0,3,DM for collaborations or inquiries!,Real
40563,1940,168,2.81,991,59,0,9,Sharing moments from my journey,Real
9077,879,5,2.53,944,57,0,4,Entrepreneur & lifestyle blogger,Real
12245,2947,57,0.43,449,97,1,6,Sharing moments from my journey,Fake
22248,1319,325,4.5,808,27,0,4,Personal blog | Stay positive ✨,Real
8352,1980,8,5.16,647,27,0,7,Business inquiries? Contact below 👇,Real
2729,1731,87,4.99,389,44,0,10,DM for collaborations or inquiries!,Fake
319,3012,325,1.88,386,73,0,6,Aspiring artist | Drawing my dreams,Fake
40015,1945,293,7.17,923,60,0,4,Aspiring artist | Drawing my dreams,Fake
27691,3811,496,0.04,60,3,1,11,Fitness enthusiast 💪 | Health advocate,Real
19988,2093,6,9.89,595,23,0,4,Aspiring artist | Drawing my dreams,Fake
40477,3603,197,8.68,482,68,0,3,Sharing moments from my journey,Real
442,549,188,7.92,104,73,0,4,Check out my website for more updates!,Fake
20091,4250,328,9.13,291,1,0,10,Nature lover | Saving the planet 🌍,Real
49771,2643,139,3.59,110,55,0,4,Check out my website for more updates!,Fake
15128,4541,476,7.18,991,47,0,6,Follow for daily inspiration 🌟,Fake
40051,1840,167,3.74,141,81,0,10,Check out my website for more updates!,Real
38714,106,318,6.15,732,14,0,5,Nature lover | Saving the planet 🌍,Real
3574,1305,167,5.76,439,12,1,7,Aspiring artist | Drawing my dreams,Fake
8429,228,393,7.64,720,35,0,10,Photographer and content creator 📸,Real
7593,2780,354,0.87,714,71,0,2,Aspiring artist | Drawing my dreams,Real
15876,1506,483,4.42,891,72,0,2,Foodie | Reviews and recipes,Fake
45441,354,268,1.72,576,9,0,6,Foodie | Reviews and recipes,Fake
49373,4260,70,0.46,287,64,0,6,DM for collaborations or inquiries!,Real
31828,966,403,5.36,187,84,0,9,Passionate traveler and food lover,Real
3636,566,94,3.33,553,75,0,7,DM for collaborations or inquiries!,Real
12169,3643,248,2.71,721,42,0,6,Digital nomad living my best life 🌴,Fake
9716,1523,67,6.94,663,37,0,2,Digital nomad living my best life 🌴,Real
46733,3838,12,0.51,744,73,0,2,DM for collaborations or inquiries!,Fake
10666,2883,75,9.83,333,81,0,6,Digital nomad living my best life 🌴,Real
41126,4295,119,3.72,136,52,1,8,Entrepreneur & lifestyle blogger,Real
17334,3317,165,6.4,991,50,0,2,Entrepreneur & lifestyle blogger,Fake
28264,783,334,0.04,174,81,0,8,Sharing moments from my journey,Real
23418,772,168,3.04,956,60,0,7,Follow for daily inspiration 🌟,Fake
21715,1531,33,2.64,650,69,0,10,Check out my website for more updates!,Real
17510,3586,322,9.54,409,40,0,8,Entrepreneur & lifestyle blogger,Fake
10901,574,404,6.92,906,21,0,3,Check out my website for more updates!,Real
27166,1963,220,8.98,918,68,0,8,Foodie | Reviews and recipes,Real
36743,3909,103,1.71,985,61,0,6,DM for collaborations or inquiries!,Real
15108,1355,274,0.53,444,93,0,10,Aspiring artist | Drawing my dreams,Real
35059,2853,363,7.39,479,73,0,7,Fitness enthusiast 💪 | Health advocate,Real
33165,3198,334,8.98,783,25,0,9,Personal blog | Stay positive ✨,Real
3574,4508,253,5.66,553,16,0,8,Business inquiries? Contact below 👇,Real
20076,4229,395,5.94,286,54,0,8,Love exploring new places 🌎,Real
40970,2001,44,9.91,45,45,0,6,Foodie | Reviews and recipes,Real
33086,2145,332,8.28,964,77,0,6,Fitness enthusiast 💪 | Health advocate,Real
27610,1664,80,2.45,782,48,0,7,Follow for daily inspiration 🌟,Real
16879,3906,283,7.11,615,11,0,3,Digital nomad living my best life 🌴,Real
8445,3183,17,9.52,621,88,0,2,Foodie | Reviews and recipes,Real
39396,3132,460,3.54,47,88,0,8,Foodie | Reviews and recipes,Real
36465,3531,92,1.71,417,25,0,5,Follow for daily inspiration 🌟,Fake
16450,27,299,3.25,563,96,0,8,Digital nomad living my best life 🌴,Fake
26759,169,184,1.38,867,5,0,5,Nature lover | Saving the planet 🌍,Real
26063,4593,435,5.28,668,39,0,4,Follow for daily inspiration 🌟,Real
23647,1312,209,6.01,404,39,0,8,Follow for daily inspiration 🌟,Real
6085,2071,66,5.39,180,46,1,2,Check out my website for more updates!,Fake
27380,3783,458,6.71,333,36,0,9,Check out my website for more updates!,Real
41514,449,237,2.31,123,65,0,4,DM for collaborations or inquiries!,Real
41240,2167,398,5.87,863,80,0,6,Photographer and content creator 📸,Fake
19701,4616,45,7.93,120,30,0,8,Photographer and content creator 📸,Fake
42274,3181,131,8.7,76,52,0,1,Business inquiries? Contact below 👇,Fake
36333,1022,169,6.9,292,74,0,5,Photographer and content creator 📸,Real
40868,4381,93,0.59,601,45,0,2,Business inquiries? Contact below 👇,Real
13473,3200,244,6.35,236,91,1,9,Foodie | Reviews and recipes,Fake
40725,3020,240,8.07,563,85,0,9,Entrepreneur & lifestyle blogger,Real
19264,3510,176,8.26,162,89,0,10,Aspiring artist | Drawing my dreams,Fake
23899,1620,179,0.66,622,11,0,3,Aspiring artist | Drawing my dreams,Real
32975,308,407,3.86,433,24,0,7,Aspiring artist | Drawing my dreams,Real
2118,3485,411,4.97,563,67,0,9,Nature lover | Saving the planet 🌍,Real
18021,1213,326,8.61,986,28,0,9,Nature lover | Saving the planet 🌍,Fake
27467,782,232,5.86,342,76,0,11,Check out my website for more updates!,Real
26785,4174,89,9.36,813,40,0,7,Check out my website for more updates!,Real
39471,1965,373,4.25,953,78,0,10,Personal blog | Stay positive ✨,Fake
32969,1741,276,5.7,210,85,0,7,Fitness enthusiast 💪 | Health advocate,Fake
21140,1777,102,2.04,421,31,0,4,Nature lover | Saving the planet 🌍,Real
35137,2252,348,2.18,37,30,0,7,Love exploring new places 🌎,Fake
41395,4822,287,9.18,405,76,0,7,Sharing moments from my journey,Real
49258,3564,300,3.28,739,75,0,2,Nature lover | Saving the planet 🌍,Fake
9341,2224,251,6.58,426,79,0,4,Fitness enthusiast 💪 | Health advocate,Real
4790,3754,343,0.55,650,12,0,7,Check out my website for more updates!,Real
11605,2701,29,1.91,628,45,0,2,Check out my website for more updates!,Fake
30281,3712,387,2.58,550,32,0,2,Entrepreneur & lifestyle blogger,Real
8175,1764,431,5.29,277,66,0,9,Photographer and content creator 📸,Real
22007,46,322,4.01,789,17,0,8,Sharing moments from my journey,Real
25663,2732,467,3.41,366,77,0,4,Love exploring new places 🌎,Real
45158,2734,227,7.82,171,71,0,5,Aspiring artist | Drawing my dreams,Fake
29776,1360,429,6.75,877,21,0,6,Personal blog | Stay positive ✨,Fake
27733,2787,463,8.09,417,89,0,5,Passionate traveler and food lover,Real
34646,2020,470,6.03,527,55,0,7,DM for collaborations or inquiries!,Fake
42498,4370,381,7.94,525,50,0,2,Check out my website for more updates!,Fake
25803,4557,390,2.36,894,3,1,5,Follow for daily inspiration 🌟,Real
42506,4289,145,6.64,335,0,1,5,Photographer and content creator 📸,Fake
11008,2448,51,0.98,455,67,0,10,Digital nomad living my best life 🌴,Real
23555,336,231,3.38,400,64,0,5,Check out my website for more updates!,Real
5553,1388,136,7.14,943,19,0,3,Personal blog | Stay positive ✨,Fake
7720,2373,438,7.66,284,94,0,2,Digital nomad living my best life 🌴,Fake
43794,3294,309,0.82,875,26,0,8,Sharing moments from my journey,Fake
45902,966,441,4.12,487,47,0,7,Follow for daily inspiration 🌟,Real
26676,1277,147,8.74,70,87,0,10,Personal blog | Stay positive ✨,Real
7117,3928,34,6.54,404,9,0,7,Foodie | Reviews and recipes,Real
43880,1908,338,6.98,523,48,0,6,Aspiring artist | Drawing my dreams,Real
22792,1188,296,7.75,421,22,0,3,Foodie | Reviews and recipes,Fake
9990,3173,202,8.1,747,42,0,7,Aspiring artist | Drawing my dreams,Real
23000,3754,343,0.02,599,75,0,8,Foodie | Reviews and recipes,Fake
27020,3202,160,9.13,356,0,0,2,Entrepreneur & lifestyle blogger,Real
45370,779,257,9.39,629,32,0,5,Digital nomad living my best life 🌴,Fake
42793,1322,499,1.57,945,40,0,2,Foodie | Reviews and recipes,Fake
6171,1588,197,1.88,53,54,1,4,Sharing moments from my journey,Fake
44878,1384,360,6.82,119,74,0,2,Follow for daily inspiration 🌟,Real
10073,2594,416,2.57,275,87,0,5,Fitness enthusiast 💪 | Health advocate,Fake
571,75,445,3.1,382,68,1,4,DM for collaborations or inquiries!,Real
35345,2669,305,2.94,633,4,0,3,Nature lover | Saving the planet 🌍,Fake
13716,2253,289,9.89,776,94,0,1,Aspiring artist | Drawing my dreams,Fake
35896,4698,497,9.53,661,55,1,4,DM for collaborations or inquiries!,Real
23551,3443,200,7.41,941,56,0,9,Nature lover | Saving the planet 🌍,Fake
37462,2534,259,5.57,304,74,1,3,Passionate traveler and food lover,Real
17427,1124,241,3.76,974,67,0,11,Love exploring new places 🌎,Fake
34176,1062,138,9.93,692,50,0,7,Sharing moments from my journey,Fake
34963,4164,195,0.27,885,5,0,2,Follow for daily inspiration 🌟,Fake
37058,3839,398,4.69,71,4,0,11,Aspiring artist | Drawing my dreams,Fake
23088,2152,351,9.58,783,80,0,7,Love exploring new places 🌎,Real
9052,1081,53,8.37,613,7,0,5,Digital nomad living my best life 🌴,Fake
47299,3328,228,6.86,751,57,1,11,DM for collaborations or inquiries!,Fake
45563,1329,194,1.28,856,63,0,8,Fitness enthusiast 💪 | Health advocate,Real
28435,1294,346,1.34,236,40,0,9,Digital nomad living my best life 🌴,Real
32050,2019,370,3.87,333,6,0,3,Sharing moments from my journey,Fake
24723,4923,7,3.24,373,3,0,5,Personal blog | Stay positive ✨,Fake
25201,3148,423,2.84,151,61,0,9,Business inquiries? Contact below 👇,Real
6035,4976,251,1.69,490,1,0,11,Passionate traveler and food lover,Fake
43836,4371,189,6.69,704,77,0,7,Love exploring new places 🌎,Fake
15327,4452,195,2.03,973,53,0,2,Photographer and content creator 📸,Real
46976,4607,297,0.83,999,0,0,5,Sharing moments from my journey,Fake
33707,1934,121,5.29,537,7,0,8,Check out my website for more updates!,Fake
49765,4058,2,4.92,830,80,1,5,Fitness enthusiast 💪 | Health advocate,Fake
40826,3183,241,1.12,581,62,1,4,Photographer and content creator 📸,Fake
21287,1289,498,5.57,82,99,0,11,Personal blog | Stay positive ✨,Real
17107,832,353,1.19,68,80,0,7,Nature lover | Saving the planet 🌍,Real
13400,14,17,8.35,41,89,1,10,Aspiring artist | Drawing my dreams,Fake
9005,1099,230,8.36,787,53,0,6,Check out my website for more updates!,Real
42704,2076,171,1.5,871,17,1,5,Entrepreneur & lifestyle blogger,Real
5801,1471,387,5.96,637,31,0,2,Nature lover | Saving the planet 🌍,Fake
3255,3929,280,0.51,214,22,0,7,Business inquiries? Contact below 👇,Fake
40355,4275,489,2.16,966,15,0,6,Personal blog | Stay positive ✨,Fake
16819,4993,266,1.78,743,59,0,8,Sharing moments from my journey,Fake
47503,192,262,7.8,895,42,0,8,Sharing moments from my journey,Fake
8223,1890,136,1.17,309,19,0,3,Foodie | Reviews and recipes,Fake
44815,4326,458,0.92,945,65,0,9,Passionate traveler and food lover,Fake
49533,4835,396,7.61,365,43,0,8,Nature lover | Saving the planet 🌍,Fake
14080,236,158,5.11,636,71,0,6,Entrepreneur & lifestyle blogger,Fake
707,3463,90,5.51,978,55,0,7,Check out my website for more updates!,Real
45212,3450,326,9.12,692,72,0,2,Nature lover | Saving the planet 🌍,Real
17291,1833,258,6.49,96,46,0,3,Love exploring new places 🌎,Fake
23686,1123,86,0.87,185,40,1,11,Fitness enthusiast 💪 | Health advocate,Fake
5999,4936,258,2.93,943,12,0,8,Business inquiries? Contact below 👇,Real
13784,1285,380,3.92,914,17,0,9,Passionate traveler and food lover,Fake
9069,4509,456,3.07,385,34,0,9,Passionate traveler and food lover,Fake
12892,3679,231,9.9,609,18,1,2,Sharing moments from my journey,Fake
18305,2368,436,8.74,896,26,0,5,Check out my website for more updates!,Real
21707,2812,69,9.73,776,12,0,6,Nature lover | Saving the planet 🌍,Real
39188,4465,468,7.73,733,43,0,8,Nature lover | Saving the planet 🌍,Real
9986,4177,366,6.68,692,82,0,3,Entrepreneur & lifestyle blogger,Real
16488,4605,221,3.1,507,11,0,4,Business inquiries? Contact below 👇,Fake
32575,3772,387,3.67,302,6,0,11,Personal blog | Stay positive ✨,Fake
33770,1301,447,4.59,320,13,0,4,DM for collaborations or inquiries!,Fake
49455,4620,339,1.12,81,29,0,9,Fitness enthusiast 💪 | Health advocate,Real
3221,3147,493,8.33,317,2,0,5,Photographer and content creator 📸,Real
895,4933,259,5.0,101,44,0,3,Foodie | Reviews and recipes,Real
4513,1487,227,8.79,512,67,0,11,Passionate traveler and food lover,Fake
31267,1204,86,2.22,203,78,0,2,Passionate traveler and food lover,Real
39504,3848,436,0.59,174,6,0,3,Love exploring new places 🌎,Real
4827,3420,227,3.9,894,76,0,2,Digital nomad living my best life 🌴,Real
8245,3170,209,3.01,182,42,1,4,Photographer and content creator 📸,Real
43259,1978,103,8.39,741,89,1,2,Follow for daily inspiration 🌟,Fake
29159,937,464,3.16,463,52,0,8,Entrepreneur & lifestyle blogger,Real
31596,1296,367,0.46,477,49,0,9,Sharing moments from my journey,Real
20271,999,203,0.5,437,30,0,6,DM for collaborations or inquiries!,Fake
6213,4202,62,7.1,89,43,0,8,Aspiring artist | Drawing my dreams,Real
8342,2615,71,7.84,431,63,0,5,Nature lover | Saving the planet 🌍,Fake
43128,3676,437,3.68,527,45,0,5,Personal blog | Stay positive ✨,Real
17700,394,33,4.05,375,75,1,1,Sharing moments from my journey,Real
9989,3479,427,7.25,300,76,0,6,Sharing moments from my journey,Real
9786,177,94,6.96,899,34,0,10,Check out my website for more updates!,Real
35617,3020,401,0.78,36,68,0,3,Photographer and content creator 📸,Fake
25053,4144,219,2.66,639,8,0,6,Check out my website for more updates!,Real
17225,4738,51,3.08,160,43,0,10,Passionate traveler and food lover,Real
30557,842,124,8.32,348,42,0,5,DM for collaborations or inquiries!,Real
11075,3481,450,3.31,36,94,0,9,DM for collaborations or inquiries!,Fake
19973,1458,186,2.27,655,49,0,5,Entrepreneur & lifestyle blogger,Fake
21420,3661,295,6.19,804,98,0,8,Love exploring new places 🌎,Real
19953,4683,144,1.47,329,53,0,8,Business inquiries? Contact below 👇,Fake
40122,3659,206,2.34,867,19,1,8,Photographer and content creator 📸,Real
23811,2898,286,6.36,128,80,0,10,Foodie | Reviews and recipes,Fake
48242,3609,316,8.69,79,91,1,4,Business inquiries? Contact below 👇,Real
47839,1802,219,7.7,633,14,0,10,Follow for daily inspiration 🌟,Fake
34089,1909,476,8.08,416,74,0,5,Photographer and content creator 📸,Real
29611,3319,460,2.45,313,3,0,6,Photographer and content creator 📸,Fake
6066,4240,430,9.08,668,95,0,3,Passionate traveler and food lover,Fake
36057,1308,181,1.16,568,48,0,7,Personal blog | Stay positive ✨,Fake
24483,2672,21,6.78,879,80,0,10,Follow for daily inspiration 🌟,Real
41660,2446,476,2.22,307,62,0,6,Foodie | Reviews and recipes,Real
18439,4505,158,4.28,561,73,0,4,Follow for daily inspiration 🌟,Fake
19316,2028,330,9.79,926,19,0,10,DM for collaborations or inquiries!,Fake
46041,3012,424,6.48,743,41,0,3,Passionate traveler and food lover,Real
38735,1989,100,3.98,224,58,0,4,Personal blog | Stay positive ✨,Real
18384,3148,479,3.49,446,90,0,3,Business inquiries? Contact below 👇,Real
330,3415,423,4.87,860,4,0,2,Personal blog | Stay positive ✨,Fake
25268,2621,353,8.7,94,91,0,10,Fitness enthusiast 💪 | Health advocate,Real
13249,4097,125,8.32,80,59,0,3,Digital nomad living my best life 🌴,Fake
38651,1482,407,0.14,976,54,0,7,Nature lover | Saving the planet 🌍,Fake
12189,218,188,8.9,77,57,0,6,Love exploring new places 🌎,Fake
39979,3541,476,8.48,316,26,0,8,Fitness enthusiast 💪 | Health advocate,Real
14426,2603,85,1.65,860,67,0,6,Photographer and content creator 📸,Real
23271,3949,18,7.76,25,56,0,7,Follow for daily inspiration 🌟,Fake
15251,1181,498,1.1,47,79,0,7,Entrepreneur & lifestyle blogger,Real
19264,3129,192,8.1,28,80,0,6,Follow for daily inspiration 🌟,Real
46932,4080,220,7.27,391,43,1,7,Foodie | Reviews and recipes,Fake
4078,3305,405,0.95,725,69,0,6,Follow for daily inspiration 🌟,Real
26320,2620,316,3.76,19,54,0,7,Personal blog | Stay positive ✨,Fake
4038,479,25,0.06,169,38,0,2,Nature lover | Saving the planet 🌍,Real
11895,1958,96,1.34,455,92,0,9,Passionate traveler and food lover,Real
38830,2002,252,0.39,758,90,0,1,Fitness enthusiast 💪 | Health advocate,Fake
11085,4005,141,6.25,374,22,1,2,DM for collaborations or inquiries!,Real
31519,415,241,4.5,89,13,0,11,Follow for daily inspiration 🌟,Fake
16708,2896,430,6.68,817,64,0,3,Business inquiries? Contact below 👇,Fake
3506,1862,278,4.03,953,88,0,2,Fitness enthusiast 💪 | Health advocate,Real
11193,3694,309,0.98,812,44,0,8,Fitness enthusiast 💪 | Health advocate,Fake
8713,1127,220,4.15,222,54,0,5,Follow for daily inspiration 🌟,Real
41411,4817,492,1.02,155,10,0,5,Check out my website for more updates!,Fake
28458,3636,50,0.92,505,70,0,6,Sharing moments from my journey,Fake
14802,1694,346,7.12,416,6,1,5,Fitness enthusiast 💪 | Health advocate,Fake
36156,757,435,0.8,478,76,0,3,Love exploring new places 🌎,Fake
9010,1522,375,8.39,288,55,0,10,Check out my website for more updates!,Fake
30833,3295,394,0.21,514,38,0,6,Entrepreneur & lifestyle blogger,Fake
1177,3436,21,9.38,37,70,0,3,Check out my website for more updates!,Fake
36945,2778,243,8.34,29,67,0,2,Personal blog | Stay positive ✨,Real
13026,1588,178,1.63,788,88,0,3,Foodie | Reviews and recipes,Real
45251,884,247,7.92,943,88,0,8,DM for collaborations or inquiries!,Fake
27514,4716,48,7.41,161,12,0,10,Photographer and content creator 📸,Real
5651,635,242,6.85,396,55,0,6,Fitness enthusiast 💪 | Health advocate,Fake
16270,1650,370,9.92,4,25,0,7,Love exploring new places 🌎,Fake
17693,2648,187,0.24,518,13,0,11,Passionate traveler and food lover,Fake
47598,3939,255,9.54,112,27,1,5,Entrepreneur & lifestyle blogger,Fake
6091,2771,310,3.37,289,32,0,4,Follow for daily inspiration 🌟,Fake
19025,1108,171,2.85,326,41,0,2,Digital nomad living my best life 🌴,Fake
43888,1706,447,9.64,178,75,0,9,Personal blog | Stay positive ✨,Real
38031,3060,73,0.07,971,39,0,4,DM for collaborations or inquiries!,Fake
41289,2468,489,6.44,170,89,0,8,Follow for daily inspiration 🌟,Real
29045,2148,215,3.69,127,2,1,9,Digital nomad living my best life 🌴,Real
34417,4121,336,8.47,395,92,0,5,Aspiring artist | Drawing my dreams,Real
38171,3392,406,2.89,818,9,0,10,Passionate traveler and food lover,Fake
22514,3100,259,6.0,707,37,0,2,Sharing moments from my journey,Fake
22975,1959,287,5.85,181,89,0,10,Passionate traveler and food lover,Fake
3537,3819,19,4.2,659,11,0,6,Personal blog | Stay positive ✨,Real
44916,2396,243,7.68,91,36,0,9,Business inquiries? Contact below 👇,Fake
16698,3805,92,0.09,75,31,0,10,Love exploring new places 🌎,Fake
10499,1363,57,6.62,102,95,0,10,Aspiring artist | Drawing my dreams,Real
30128,3149,436,2.42,712,7,1,2,Nature lover | Saving the planet 🌍,Real
32195,4257,174,5.89,997,91,0,8,Check out my website for more updates!,Fake
9473,4054,12,9.67,797,17,0,11,Nature lover | Saving the planet 🌍,Fake
37387,4400,201,0.39,486,9,0,9,Passionate traveler and food lover,Fake
23331,1347,362,5.1,111,72,0,3,Photographer and content creator 📸,Fake
30365,3012,59,6.12,139,47,0,2,Entrepreneur & lifestyle blogger,Real
15636,3697,159,8.98,78,24,0,2,Nature lover | Saving the planet 🌍,Fake
11510,4524,348,2.76,761,10,0,6,Passionate traveler and food lover,Real
20662,1767,155,6.64,600,86,0,9,Digital nomad living my best life 🌴,Real
21371,2678,22,2.45,0,3,1,8,Follow for daily inspiration 🌟,Fake
15634,1943,49,7.41,94,25,1,4,Foodie | Reviews and recipes,Fake
31016,1430,277,9.08,953,33,0,7,Fitness enthusiast 💪 | Health advocate,Fake
30688,2589,243,0.18,847,1,0,7,Check out my website for more updates!,Real
18811,3598,387,9.61,935,67,0,5,Passionate traveler and food lover,Real
21311,4218,79,1.56,525,94,0,2,Passionate traveler and food lover,Real
2136,2929,282,7.24,841,12,0,2,Business inquiries? Contact below 👇,Fake
37425,3858,448,6.64,442,71,0,9,Passionate traveler and food lover,Real
39633,539,395,2.72,59,95,0,9,Digital nomad living my best life 🌴,Fake
35755,2056,225,5.55,688,93,0,11,Digital nomad living my best life 🌴,Real
7616,3773,486,2.78,508,21,0,1,Aspiring artist | Drawing my dreams,Real
41764,4299,149,7.77,688,35,1,4,Love exploring new places 🌎,Real
15677,880,430,3.63,782,31,1,2,Foodie | Reviews and recipes,Real
45251,3408,295,9.01,586,24,0,3,Foodie | Reviews and recipes,Fake
21514,4280,246,8.7,243,30,0,8,Photographer and content creator 📸,Fake
19208,3918,30,5.47,60,38,0,7,Love exploring new places 🌎,Fake
14852,2538,393,0.68,918,65,0,3,Check out my website for more updates!,Real
29003,2311,182,0.28,992,42,1,10,Personal blog | Stay positive ✨,Real
26863,4490,101,0.27,930,20,0,2,Business inquiries? Contact below 👇,Real
38984,3988,264,7.98,700,69,0,9,Follow for daily inspiration 🌟,Real
15053,1804,325,9.19,337,34,0,3,Nature lover | Saving the planet 🌍,Fake
44582,829,413,2.47,290,30,0,10,Aspiring artist | Drawing my dreams,Real
31061,2545,136,3.42,269,75,0,9,Entrepreneur & lifestyle blogger,Fake
1812,1468,470,5.74,225,81,0,5,Aspiring artist | Drawing my dreams,Fake
43522,3685,146,8.29,361,2,0,4,Business inquiries? Contact below 👇,Fake
42237,2341,249,4.79,561,35,0,6,Fitness enthusiast 💪 | Health advocate,Fake
15548,1165,208,2.48,862,19,0,2,Check out my website for more updates!,Real
32999,1528,487,3.57,742,35,0,9,Entrepreneur & lifestyle blogger,Real
19941,133,304,0.28,665,13,0,9,Follow for daily inspiration 🌟,Real
26377,2250,414,6.31,352,42,1,7,Business inquiries? Contact below 👇,Fake
12605,2314,398,9.16,117,4,0,4,Fitness enthusiast 💪 | Health advocate,Real
10844,1315,264,4.11,226,65,1,9,Entrepreneur & lifestyle blogger,Real
29462,3019,55,5.97,975,49,0,10,DM for collaborations or inquiries!,Real
30756,4228,462,5.56,717,42,0,6,Foodie | Reviews and recipes,Fake
10235,415,99,3.89,636,53,0,3,Sharing moments from my journey,Fake
36543,2160,173,3.15,689,74,0,5,Follow for daily inspiration 🌟,Real
46504,2016,278,7.28,940,82,0,4,Love exploring new places 🌎,Fake
1407,4689,260,3.57,482,73,0,1,Follow for daily inspiration 🌟,Real
32548,2761,110,4.03,431,21,0,9,Follow for daily inspiration 🌟,Real
22298,2526,230,5.52,7,65,0,8,Check out my website for more updates!,Fake
27318,4146,290,1.84,561,44,0,5,Check out my website for more updates!,Fake
41426,3303,158,8.16,638,64,0,3,Sharing moments from my journey,Fake
43376,1529,270,1.09,623,15,0,8,Fitness enthusiast 💪 | Health advocate,Fake
13962,4827,393,0.98,157,25,0,3,Personal blog | Stay positive ✨,Fake
11779,2002,73,8.32,747,73,0,4,Business inquiries? Contact below 👇,Fake
15682,3152,10,7.82,51,19,0,11,DM for collaborations or inquiries!,Real
15118,75,291,6.45,465,21,0,7,Personal blog | Stay positive ✨,Real
17280,134,372,6.68,835,40,0,10,Fitness enthusiast 💪 | Health advocate,Fake
37997,1916,62,7.2,140,36,0,4,Sharing moments from my journey,Fake
38377,1473,475,1.49,724,70,0,4,Business inquiries? Contact below 👇,Real
6694,2094,11,7.59,528,93,0,6,Foodie | Reviews and recipes,Real
21182,2814,28,3.65,297,36,0,8,Digital nomad living my best life 🌴,Fake
33240,659,9,8.33,298,0,0,2,Entrepreneur & lifestyle blogger,Real
28140,3989,290,4.42,72,58,0,6,Business inquiries? Contact below 👇,Fake
46007,1799,159,1.54,390,65,0,2,Fitness enthusiast 💪 | Health advocate,Real
36490,3979,198,2.31,590,22,0,4,Nature lover | Saving the planet 🌍,Real
20033,2388,96,2.29,742,65,0,8,Passionate traveler and food lover,Fake
25887,533,232,8.78,894,52,0,8,Check out my website for more updates!,Fake
22668,3647,222,4.08,24,44,0,10,Personal blog | Stay positive ✨,Real
40008,2865,338,3.49,87,38,0,11,DM for collaborations or inquiries!,Real
2384,365,53,8.07,532,61,0,10,Aspiring artist | Drawing my dreams,Fake
19191,3605,125,1.37,747,96,0,2,Aspiring artist | Drawing my dreams,Fake
36165,4911,141,5.82,740,72,0,2,DM for collaborations or inquiries!,Real
6186,4920,46,3.37,520,72,0,9,DM for collaborations or inquiries!,Real
8589,1493,361,4.73,184,38,0,10,Photographer and content creator 📸,Fake
37739,4635,20,5.65,980,21,1,2,Follow for daily inspiration 🌟,Fake
35094,2884,459,7.76,987,68,1,10,Entrepreneur & lifestyle blogger,Fake
22547,1846,99,2.41,284,49,0,9,Foodie | Reviews and recipes,Fake
30622,3950,179,9.14,902,98,0,11,Fitness enthusiast 💪 | Health advocate,Real
43102,449,483,4.52,689,71,0,9,Digital nomad living my best life 🌴,Fake
33633,3291,9,9.98,620,90,0,9,Love exploring new places 🌎,Real
18343,4551,285,6.15,910,24,0,11,Foodie | Reviews and recipes,Real
20074,680,349,6.7,483,14,0,3,Sharing moments from my journey,Fake
11838,999,139,7.99,708,97,0,8,Personal blog | Stay positive ✨,Real
46039,1258,4,9.32,577,35,0,4,Photographer and content creator 📸,Fake
36767,3518,439,0.02,134,90,0,2,Foodie | Reviews and recipes,Fake
15297,3547,441,2.6,677,93,0,7,Digital nomad living my best life 🌴,Real
38264,3091,160,4.07,542,80,0,1,Check out my website for more updates!,Real
49577,1287,143,0.57,653,80,0,10,Passionate traveler and food lover,Fake
43459,1982,360,2.85,29,80,0,7,Sharing moments from my journey,Real
22016,712,295,7.83,6,21,0,2,Sharing moments from my journey,Fake
36995,4493,41,1.79,949,10,0,4,Aspiring artist | Drawing my dreams,Fake
16147,1560,266,2.5,195,23,0,11,Sharing moments from my journey,Fake
36644,4248,211,4.06,65,83,0,5,Nature lover | Saving the planet 🌍,Real
39378,2054,36,8.65,198,66,0,11,Photographer and content creator 📸,Fake
14757,2260,497,1.68,514,39,1,10,Business inquiries? Contact below 👇,Fake
53,1292,34,1.7,456,78,0,2,Personal blog | Stay positive ✨,Fake
6991,3299,214,1.12,114,19,1,4,Foodie | Reviews and recipes,Fake
34994,873,56,7.67,739,41,0,5,Nature lover | Saving the planet 🌍,Real
26010,86,77,3.56,554,90,0,5,DM for collaborations or inquiries!,Real
39817,1013,341,6.86,900,90,0,5,Follow for daily inspiration 🌟,Real
32592,4612,76,7.95,373,86,0,10,Fitness enthusiast 💪 | Health advocate,Real
16065,1379,53,6.94,685,80,0,2,Check out my website for more updates!,Real
18277,1079,156,6.54,263,50,0,3,Fitness enthusiast 💪 | Health advocate,Real
19692,2540,397,6.57,875,76,0,7,Passionate traveler and food lover,Fake
38026,4294,11,4.45,745,52,0,4,Personal blog | Stay positive ✨,Real
11720,3210,463,9.92,81,74,0,2,Check out my website for more updates!,Fake
17564,2680,432,1.94,458,2,0,10,Fitness enthusiast 💪 | Health advocate,Real
16587,532,384,9.59,115,43,0,4,Love exploring new places 🌎,Fake
36886,3890,273,8.98,536,16,0,8,Entrepreneur & lifestyle blogger,Fake
41015,770,249,4.65,76,94,0,6,Check out my website for more updates!,Real
11443,2525,225,5.19,75,15,1,6,Digital nomad living my best life 🌴,Fake
39183,4643,362,8.63,210,70,0,6,Fitness enthusiast 💪 | Health advocate,Real
21238,1909,356,0.75,285,98,0,8,Nature lover | Saving the planet 🌍,Fake
47135,1439,438,5.24,953,60,0,6,Sharing moments from my journey,Real
33467,1212,181,8.68,598,71,0,10,Passionate traveler and food lover,Real
24824,4810,198,0.69,580,61,0,9,Business inquiries? Contact below 👇,Real
14248,4396,410,0.89,158,98,0,11,Business inquiries? Contact below 👇,Fake
21666,2378,299,0.97,827,45,1,3,Fitness enthusiast 💪 | Health advocate,Real
12996,899,164,6.55,170,27,0,7,Business inquiries? Contact below 👇,Real
11439,16,460,3.74,787,33,0,4,Photographer and content creator 📸,Real
23101,4105,410,0.91,204,51,0,6,Digital nomad living my best life 🌴,Fake
28087,4503,198,4.06,337,27,0,9,Check out my website for more updates!,Real
43537,3879,105,6.91,500,90,0,3,Passionate traveler and food lover,Fake
2287,4660,204,9.0,991,1,0,9,DM for collaborations or inquiries!,Real
9283,559,498,1.95,361,85,0,4,Nature lover | Saving the planet 🌍,Fake
40336,1340,289,0.67,778,92,0,6,Check out my website for more updates!,Fake
43474,1440,459,2.28,956,68,0,6,Love exploring new places 🌎,Real
15032,2139,476,7.72,822,94,1,11,Love exploring new places 🌎,Fake
24960,4780,333,7.82,492,47,1,2,Foodie | Reviews and recipes,Real
44137,2626,175,1.09,732,6,0,7,Sharing moments from my journey,Fake
18511,3529,89,3.93,433,10,0,10,Business inquiries? Contact below 👇,Fake
9299,1371,164,4.86,599,72,0,3,Follow for daily inspiration 🌟,Real
46751,1599,410,5.32,714,80,0,8,Follow for daily inspiration 🌟,Fake
45972,475,430,3.42,630,78,0,7,Digital nomad living my best life 🌴,Fake
13501,894,97,1.75,76,11,0,3,Love exploring new places 🌎,Real
2239,595,132,1.45,555,48,0,3,Entrepreneur & lifestyle blogger,Fake
19622,978,15,7.63,418,60,0,9,Business inquiries? Contact below 👇,Fake
42328,1044,297,5.79,780,19,0,2,Personal blog | Stay positive ✨,Fake
31389,4058,18,7.41,552,15,0,9,DM for collaborations or inquiries!,Real
32697,1532,204,3.05,460,74,0,3,Follow for daily inspiration 🌟,Fake
21954,2018,331,2.87,971,55,0,7,Foodie | Reviews and recipes,Real
33908,4772,114,9.07,870,99,0,10,Passionate traveler and food lover,Fake
16747,4547,198,6.23,166,58,0,6,DM for collaborations or inquiries!,Real
3642,2132,467,0.68,591,33,0,7,Sharing moments from my journey,Fake
9565,540,325,9.03,231,94,0,8,Fitness enthusiast 💪 | Health advocate,Real
36389,725,460,7.25,633,79,0,2,Digital nomad living my best life 🌴,Fake
39533,4922,357,0.7,397,57,0,2,Nature lover | Saving the planet 🌍,Fake
646,255,140,5.13,164,43,0,7,Passionate traveler and food lover,Fake
33910,463,130,9.59,348,22,0,2,Digital nomad living my best life 🌴,Real
5273,4893,423,8.07,514,61,0,8,Digital nomad living my best life 🌴,Real
45513,3997,123,8.13,883,55,0,11,Love exploring new places 🌎,Real
14293,3058,37,5.94,717,9,0,3,Love exploring new places 🌎,Real
4479,1804,245,7.41,313,55,0,9,Personal blog | Stay positive ✨,Fake
49588,3768,352,0.39,521,35,1,6,Digital nomad living my best life 🌴,Real
38824,2624,472,6.74,963,56,0,2,DM for collaborations or inquiries!,Real
2943,964,436,5.63,267,8,0,4,Entrepreneur & lifestyle blogger,Fake
2277,2265,494,4.05,261,16,0,9,Entrepreneur & lifestyle blogger,Fake
11140,907,331,0.36,977,60,0,7,Foodie | Reviews and recipes,Real
28054,1344,164,1.57,447,63,0,5,Check out my website for more updates!,Fake
21793,4572,215,8.11,847,41,0,11,Sharing moments from my journey,Fake
44641,3492,271,7.01,145,64,0,3,Personal blog | Stay positive ✨,Real
38280,1735,404,4.12,968,35,1,10,Check out my website for more updates!,Real
39725,3549,187,6.6,800,97,0,4,Follow for daily inspiration 🌟,Fake
26823,2085,104,0.03,535,73,0,1,Love exploring new places 🌎,Fake
7479,4572,220,1.87,246,73,1,7,Foodie | Reviews and recipes,Real
40227,2657,390,4.44,764,14,0,5,Nature lover | Saving the planet 🌍,Real
47064,2256,375,4.48,486,12,0,3,Check out my website for more updates!,Real
1481,2601,366,5.7,195,95,0,10,DM for collaborations or inquiries!,Fake
11328,4797,297,1.69,609,33,0,9,Business inquiries? Contact below 👇,Real
24210,1836,90,4.42,249,20,0,6,Check out my website for more updates!,Real
31624,4303,351,0.1,747,8,0,6,Entrepreneur & lifestyle blogger,Fake
25349,3946,140,5.33,624,5,0,5,Personal blog | Stay positive ✨,Fake
41432,4633,327,6.57,402,90,0,4,Digital nomad living my best life 🌴,Real
13550,3651,171,0.29,522,42,0,11,Nature lover | Saving the planet 🌍,Fake
32331,3122,456,0.49,355,28,0,11,Personal blog | Stay positive ✨,Fake
39928,4444,231,8.28,429,98,0,10,Digital nomad living my best life 🌴,Fake
12398,4687,439,8.17,532,91,0,8,Sharing moments from my journey,Fake
34762,1973,372,5.73,874,38,0,10,Nature lover | Saving the planet 🌍,Real
40389,3185,168,4.11,894,5,0,11,Check out my website for more updates!,Fake
46654,4886,403,8.3,240,40,0,3,Passionate traveler and food lover,Fake
47589,4432,139,3.54,318,75,0,7,DM for collaborations or inquiries!,Real
31464,3996,98,3.72,254,4,0,8,Nature lover | Saving the planet 🌍,Fake
1188,1588,497,5.83,47,65,0,5,Sharing moments from my journey,Real
34499,4150,377,2.66,286,46,0,3,Foodie | Reviews and recipes,Real
41894,3893,344,0.96,437,40,0,9,Sharing moments from my journey,Real
44084,514,143,0.7,943,82,0,10,Sharing moments from my journey,Real
8945,1982,292,1.44,64,59,1,10,Fitness enthusiast 💪 | Health advocate,Fake
46837,2085,392,6.04,407,86,0,1,Nature lover | Saving the planet 🌍,Real
18995,3570,17,8.86,608,89,1,8,Aspiring artist | Drawing my dreams,Real
38111,4013,99,1.02,664,78,0,8,Follow for daily inspiration 🌟,Fake
22512,4809,122,6.07,876,52,1,5,Personal blog | Stay positive ✨,Fake
1778,3713,478,9.34,547,66,0,1,Digital nomad living my best life 🌴,Real
48539,4533,323,9.31,615,83,0,9,Entrepreneur & lifestyle blogger,Fake
36373,3898,56,4.8,323,73,0,3,Love exploring new places 🌎,Fake
39232,1710,43,0.82,313,60,0,1,Love exploring new places 🌎,Real
25211,3548,450,9.95,563,8,0,2,Photographer and content creator 📸,Fake
14322,1720,199,3.33,616,80,0,9,Foodie | Reviews and recipes,Real
20213,1946,65,8.79,516,49,0,7,Passionate traveler and food lover,Fake
27701,3713,153,6.79,133,60,1,3,Nature lover | Saving the planet 🌍,Real
3013,206,480,2.27,943,55,0,7,Personal blog | Stay positive ✨,Real
20932,1700,337,2.99,677,30,0,11,Passionate traveler and food lover,Real
1770,4283,154,1.16,890,40,0,5,Business inquiries? Contact below 👇,Fake
31631,750,55,8.33,803,9,0,8,Personal blog | Stay positive ✨,Real
19289,3681,220,9.48,853,1,1,5,Passionate traveler and food lover,Fake
39433,4796,396,6.47,909,14,1,3,Passionate traveler and food lover,Fake
7499,4763,395,3.44,837,18,0,5,Personal blog | Stay positive ✨,Fake
14540,181,331,9.31,435,86,0,7,Love exploring new places 🌎,Fake
6709,4311,397,1.9,138,42,0,10,Entrepreneur & lifestyle blogger,Fake
21994,3778,195,2.96,956,54,0,11,Follow for daily inspiration 🌟,Real
38480,261,29,5.35,516,2,0,7,Follow for daily inspiration 🌟,Real
14133,4327,168,3.84,368,19,0,9,Aspiring artist | Drawing my dreams,Real
13158,1385,456,6.43,16,34,0,8,Nature lover | Saving the planet 🌍,Fake
3710,1678,15,6.32,307,88,0,8,Sharing moments from my journey,Real
10946,4839,217,4.48,734,46,0,4,Check out my website for more updates!,Real
45384,3963,432,8.87,1,30,0,6,Aspiring artist | Drawing my dreams,Real
6498,1748,157,2.45,616,36,0,7,Business inquiries? Contact below 👇,Real
3454,2442,174,3.46,715,9,0,9,Follow for daily inspiration 🌟,Real
37983,4324,473,0.29,659,75,0,6,Sharing moments from my journey,Fake
49831,3374,7,3.06,247,1,0,5,Check out my website for more updates!,Fake
32972,307,470,4.32,248,49,0,7,Check out my website for more updates!,Real
21088,1758,169,1.62,518,86,0,2,Entrepreneur & lifestyle blogger,Fake
45209,4034,474,2.96,935,20,0,9,Business inquiries? Contact below 👇,Real
24435,3314,363,8.99,854,83,0,3,Photographer and content creator 📸,Real
8160,4942,93,1.48,524,50,0,6,Photographer and content creator 📸,Real
1966,2661,405,9.11,792,9,0,6,Passionate traveler and food lover,Fake
28132,2992,182,9.94,538,75,0,4,Aspiring artist | Drawing my dreams,Fake
48325,200,405,1.93,731,52,0,9,Foodie | Reviews and recipes,Fake
10429,560,418,1.53,88,64,0,5,Digital nomad living my best life 🌴,Real
37348,2002,17,2.16,820,99,0,3,Foodie | Reviews and recipes,Real
45186,1859,430,3.16,858,52,0,2,Aspiring artist | Drawing my dreams,Real
33940,3698,53,2.02,752,82,0,8,Digital nomad living my best life 🌴,Fake
29195,337,190,7.81,48,59,0,8,Follow for daily inspiration 🌟,Fake
37125,3928,328,3.9,576,44,0,1,Photographer and content creator 📸,Fake
9862,3833,22,6.93,278,52,0,5,Entrepreneur & lifestyle blogger,Real
32356,186,45,0.5,631,96,0,7,Business inquiries? Contact below 👇,Fake
14234,1727,475,5.54,295,89,1,6,Personal blog | Stay positive ✨,Fake
33678,2828,430,8.57,98,82,0,2,Follow for daily inspiration 🌟,Real
11019,205,202,5.57,6,61,0,1,Follow for daily inspiration 🌟,Real
10604,656,340,7.93,817,41,1,1,Check out my website for more updates!,Fake
13322,3994,246,7.66,566,14,0,6,Check out my website for more updates!,Real
21753,3239,349,1.8,197,38,0,8,Entrepreneur & lifestyle blogger,Real
41155,1720,17,7.08,803,2,0,8,Love exploring new places 🌎,Real
42451,1898,448,8.39,865,81,1,2,Aspiring artist | Drawing my dreams,Fake
24699,2793,448,7.99,658,17,0,2,Sharing moments from my journey,Fake
11075,2425,217,7.83,479,23,1,2,Personal blog | Stay positive ✨,Fake
7774,4598,409,2.13,526,24,0,5,Entrepreneur & lifestyle blogger,Real
14940,4509,354,2.66,294,62,0,7,Digital nomad living my best life 🌴,Real
25704,666,440,6.85,506,47,0,9,Digital nomad living my best life 🌴,Fake
17599,2874,45,7.14,362,62,0,2,Foodie | Reviews and recipes,Real
27380,1474,125,4.12,359,8,0,2,Fitness enthusiast 💪 | Health advocate,Fake
2324,3008,236,9.01,567,19,0,11,Aspiring artist | Drawing my dreams,Real
15680,2309,435,4.43,593,62,0,4,DM for collaborations or inquiries!,Real
22879,3704,365,0.62,174,70,0,10,Follow for daily inspiration 🌟,Real
25359,765,479,9.52,775,13,0,3,Passionate traveler and food lover,Real
26353,586,319,4.93,949,9,0,4,Aspiring artist | Drawing my dreams,Real
39439,789,355,5.73,60,87,0,2,Aspiring artist | Drawing my dreams,Fake
19039,4085,369,2.62,667,70,0,10,Follow for daily inspiration 🌟,Fake
15572,3505,184,8.74,10,0,1,3,Check out my website for more updates!,Fake
23246,1490,467,9.61,48,97,0,9,Foodie | Reviews and recipes,Real
33866,2408,142,1.41,562,2,0,4,Entrepreneur & lifestyle blogger,Fake
16325,250,43,4.32,977,37,0,4,Entrepreneur & lifestyle blogger,Real
13347,719,284,7.18,208,18,0,9,Aspiring artist | Drawing my dreams,Real
47838,1240,161,1.82,193,27,0,6,Passionate traveler and food lover,Fake
8638,661,327,3.9,631,76,0,5,Check out my website for more updates!,Real
7061,3921,17,5.96,719,59,0,11,Foodie | Reviews and recipes,Fake
24968,4565,136,2.14,462,34,0,5,DM for collaborations or inquiries!,Real
8919,2154,178,5.73,26,80,0,11,Follow for daily inspiration 🌟,Fake
31431,288,116,3.54,712,79,0,11,Check out my website for more updates!,Real
41931,3562,372,7.65,772,93,0,2,Fitness enthusiast 💪 | Health advocate,Fake
28817,82,461,6.8,334,62,0,11,Entrepreneur & lifestyle blogger,Real
41739,2995,191,7.39,808,40,0,8,Fitness enthusiast 💪 | Health advocate,Real
9188,765,262,7.0,489,49,0,3,Business inquiries? Contact below 👇,Fake
8042,1745,34,8.56,602,94,0,10,Nature lover | Saving the planet 🌍,Real
28750,855,14,9.64,279,7,0,6,Business inquiries? Contact below 👇,Real
46686,650,264,4.34,635,58,0,8,Sharing moments from my journey,Fake
23608,1920,184,0.49,680,23,0,2,Check out my website for more updates!,Real
41268,3047,420,9.33,651,2,0,7,Follow for daily inspiration 🌟,Fake
23383,2264,21,8.8,622,52,0,11,Aspiring artist | Drawing my dreams,Real
44051,2586,81,5.63,408,27,1,3,Follow for daily inspiration 🌟,Real
22805,1396,292,7.83,705,62,0,11,DM for collaborations or inquiries!,Fake
8637,157,382,0.71,399,92,0,2,Nature lover | Saving the planet 🌍,Real
27029,961,261,9.9,873,57,0,5,Digital nomad living my best life 🌴,Real
24695,4017,373,0.66,312,2,0,9,Follow for daily inspiration 🌟,Real
8281,1188,68,9.38,380,48,0,3,Follow for daily inspiration 🌟,Fake
28589,237,241,2.23,497,0,0,9,Fitness enthusiast 💪 | Health advocate,Fake
42963,2348,356,9.76,622,8,0,7,Fitness enthusiast 💪 | Health advocate,Real
39138,1532,15,3.84,937,36,0,4,Aspiring artist | Drawing my dreams,Real
35054,4661,7,8.5,677,20,0,5,Foodie | Reviews and recipes,Real
42310,390,146,0.11,837,62,0,4,Fitness enthusiast 💪 | Health advocate,Real
22069,2466,114,9.02,956,55,0,5,Foodie | Reviews and recipes,Fake
27050,844,465,4.72,316,69,0,9,Foodie | Reviews and recipes,Real
28518,2295,300,6.88,112,24,0,2,Business inquiries? Contact below 👇,Real
4398,491,237,5.81,137,46,1,3,DM for collaborations or inquiries!,Real
45576,3788,209,7.57,682,35,0,2,Business inquiries? Contact below 👇,Fake
20039,2453,362,3.75,325,72,0,6,Sharing moments from my journey,Fake
49436,786,476,2.42,12,84,0,2,Foodie | Reviews and recipes,Real
28330,2239,248,5.55,803,10,0,7,Fitness enthusiast 💪 | Health advocate,Real
17392,1590,142,8.49,171,3,0,9,Passionate traveler and food lover,Real
47286,4635,154,0.45,592,39,0,9,Follow for daily inspiration 🌟,Fake
30807,4583,88,3.24,834,70,0,10,Love exploring new places 🌎,Fake
32603,2469,307,8.17,280,29,0,3,Check out my website for more updates!,Fake
2676,3744,434,2.64,384,60,0,6,Love exploring new places 🌎,Fake
49119,1935,359,2.55,251,44,0,4,Photographer and content creator 📸,Fake
20001,687,350,4.93,236,26,0,9,Foodie | Reviews and recipes,Fake
27046,2937,344,2.33,364,94,0,2,Digital nomad living my best life 🌴,Fake
49211,2688,237,3.25,223,11,0,6,Fitness enthusiast 💪 | Health advocate,Real
32246,4329,132,7.96,16,75,0,1,Love exploring new places 🌎,Fake
34927,181,92,1.69,839,99,0,3,Check out my website for more updates!,Real
13714,4873,128,8.55,486,79,0,8,Passionate traveler and food lover,Real
39661,4401,440,8.82,56,98,0,10,Photographer and content creator 📸,Fake
43769,4079,25,0.0,591,69,1,9,Foodie | Reviews and recipes,Real
14522,4004,349,0.54,829,0,0,8,Check out my website for more updates!,Fake
46125,846,18,5.46,873,61,0,6,Aspiring artist | Drawing my dreams,Fake
21708,2730,484,5.89,210,62,0,9,Aspiring artist | Drawing my dreams,Real
44948,4190,440,3.42,279,85,0,8,Passionate traveler and food lover,Fake
20407,1257,286,3.79,512,77,0,11,Entrepreneur & lifestyle blogger,Fake
36263,4147,3,0.27,669,87,0,4,Photographer and content creator 📸,Fake
46880,3427,369,7.33,479,28,0,3,Sharing moments from my journey,Fake
11037,3551,443,8.9,920,3,1,4,Nature lover | Saving the planet 🌍,Fake
45625,4373,375,1.53,509,12,0,4,Digital nomad living my best life 🌴,Real
12967,290,64,7.26,579,6,0,5,Follow for daily inspiration 🌟,Fake
33076,295,498,7.1,655,14,0,8,Passionate traveler and food lover,Real
12452,1818,293,6.44,804,22,0,10,Entrepreneur & lifestyle blogger,Fake
13660,3385,349,6.62,464,86,0,2,Follow for daily inspiration 🌟,Real
27128,4480,446,7.19,94,46,0,6,Entrepreneur & lifestyle blogger,Real
43020,1757,55,6.52,442,94,0,3,Foodie | Reviews and recipes,Fake
541,1540,302,5.98,931,41,0,11,DM for collaborations or inquiries!,Fake
13041,2171,340,7.41,921,64,0,8,Follow for daily inspiration 🌟,Fake
26919,1727,213,0.28,582,42,0,4,Business inquiries? Contact below 👇,Real
9828,644,357,8.62,359,30,0,11,Nature lover | Saving the planet 🌍,Real
21194,4505,477,4.1,867,90,0,9,Nature lover | Saving the planet 🌍,Fake
494,412,106,2.31,107,33,0,3,Nature lover | Saving the planet 🌍,Real
18289,3311,299,5.44,533,91,0,7,Aspiring artist | Drawing my dreams,Real
16683,4506,423,6.29,95,28,0,5,DM for collaborations or inquiries!,Fake
28018,3354,354,5.53,9,43,0,6,Passionate traveler and food lover,Fake
2452,1696,44,4.79,64,61,0,8,Digital nomad living my best life 🌴,Real
32854,4364,466,4.83,363,17,0,7,Entrepreneur & lifestyle blogger,Fake
2698,1102,9,1.34,466,37,1,3,Check out my website for more updates!,Fake
6366,2794,336,8.35,326,87,1,8,Entrepreneur & lifestyle blogger,Real
48738,2048,376,1.5,253,3,0,9,Fitness enthusiast 💪 | Health advocate,Real
6417,1249,482,2.91,913,23,0,9,Nature lover | Saving the planet 🌍,Real
4680,2966,140,1.35,546,90,1,7,Fitness enthusiast 💪 | Health advocate,Fake
40902,4784,66,5.72,721,44,0,5,Sharing moments from my journey,Fake
47540,1238,448,3.68,436,72,0,1,Entrepreneur & lifestyle blogger,Fake
25095,1485,212,9.36,424,15,1,10,Passionate traveler and food lover,Fake
29011,4395,335,0.36,86,23,1,6,Aspiring artist | Drawing my dreams,Real
21820,4281,339,0.3,40,86,0,1,Personal blog | Stay positive ✨,Fake
9001,1116,59,6.37,700,89,0,4,Passionate traveler and food lover,Fake
43065,4247,304,1.55,786,21,0,3,Entrepreneur & lifestyle blogger,Fake
39038,2813,223,8.51,241,22,0,9,Aspiring artist | Drawing my dreams,Real
40979,4269,119,0.81,945,50,0,11,Foodie | Reviews and recipes,Fake
13941,4003,379,5.2,903,63,0,10,Aspiring artist | Drawing my dreams,Real
49765,310,336,4.43,570,48,0,2,Photographer and content creator 📸,Fake
27923,531,73,8.47,647,82,0,7,Fitness enthusiast 💪 | Health advocate,Fake
31196,4451,250,8.82,307,35,0,6,Aspiring artist | Drawing my dreams,Real
35752,4876,8,2.01,395,67,0,3,Foodie | Reviews and recipes,Real
27212,1547,261,6.75,184,22,0,11,Follow for daily inspiration 🌟,Fake
48505,2392,134,5.26,111,83,0,8,Foodie | Reviews and recipes,Real
45441,352,336,3.8,856,4,0,7,Sharing moments from my journey,Fake
8452,4090,464,8.64,647,85,0,5,Passionate traveler and food lover,Fake
47471,4828,164,4.7,616,96,0,8,Check out my website for more updates!,Fake
47930,1402,334,8.89,51,33,0,3,Nature lover | Saving the planet 🌍,Real
39582,3061,445,1.6,74,21,0,10,Business inquiries? Contact below 👇,Real
18783,2135,348,6.74,186,18,0,6,Personal blog | Stay positive ✨,Fake
28786,4992,219,7.26,523,62,0,7,Fitness enthusiast 💪 | Health advocate,Fake
11825,4196,219,9.18,938,65,0,8,DM for collaborations or inquiries!,Fake
17944,4780,353,6.56,936,38,0,11,Photographer and content creator 📸,Fake
19939,3786,53,7.42,750,52,0,10,Follow for daily inspiration 🌟,Fake
43811,904,429,1.05,426,10,0,2,Photographer and content creator 📸,Fake
48867,1852,158,2.62,81,30,0,1,Sharing moments from my journey,Real
11279,1461,33,3.77,435,63,0,2,Aspiring artist | Drawing my dreams,Fake
33424,86,281,8.04,93,41,0,10,Fitness enthusiast 💪 | Health advocate,Fake
27655,3162,60,2.26,42,44,0,8,Nature lover | Saving the planet 🌍,Fake
12926,2203,227,0.26,784,93,0,9,Check out my website for more updates!,Real
11639,4505,357,9.21,999,15,0,10,Fitness enthusiast 💪 | Health advocate,Real
35338,298,160,5.86,106,98,1,4,Personal blog | Stay positive ✨,Real
16087,3294,484,0.7,185,70,0,7,Photographer and content creator 📸,Real
22980,4725,269,1.87,470,76,1,3,Nature lover | Saving the planet 🌍,Fake
40259,1337,481,1.18,794,47,0,2,Personal blog | Stay positive ✨,Real
32415,2547,243,6.96,843,90,0,2,Business inquiries? Contact below 👇,Real
18975,113,195,8.06,359,6,0,10,Foodie | Reviews and recipes,Fake
5575,404,194,2.0,241,37,0,1,Digital nomad living my best life 🌴,Fake
16072,521,144,3.26,846,58,0,8,Check out my website for more updates!,Real
6755,79,310,7.88,440,26,0,9,Passionate traveler and food lover,Real
30127,4810,138,0.42,220,92,0,4,Follow for daily inspiration 🌟,Fake
36511,2269,76,9.54,219,53,0,4,Fitness enthusiast 💪 | Health advocate,Real
18084,2352,71,1.09,544,62,0,3,Personal blog | Stay positive ✨,Fake
19546,4694,139,1.7,697,0,1,3,Check out my website for more updates!,Fake
4631,538,405,2.19,799,59,0,6,DM for collaborations or inquiries!,Real
48186,3873,5,5.45,622,70,0,3,Digital nomad living my best life 🌴,Fake
14326,4141,333,3.52,980,41,0,4,Photographer and content creator 📸,Fake
22477,1381,284,9.98,339,12,1,3,DM for collaborations or inquiries!,Real
29350,1304,240,6.47,439,52,0,7,Nature lover | Saving the planet 🌍,Real
16441,420,267,7.77,525,92,0,8,Digital nomad living my best life 🌴,Real
35375,1858,75,5.89,137,6,0,7,Love exploring new places 🌎,Real
12238,683,416,4.7,749,0,0,9,Check out my website for more updates!,Real
18862,1665,353,2.03,870,16,0,3,Check out my website for more updates!,Real
39806,4454,43,5.5,62,44,0,11,DM for collaborations or inquiries!,Fake
4773,3857,392,0.1,210,81,0,2,Entrepreneur & lifestyle blogger,Real
36654,693,408,5.32,915,41,0,5,Love exploring new places 🌎,Fake
24106,664,70,6.2,788,15,0,9,Personal blog | Stay positive ✨,Fake
26833,3574,409,0.79,558,8,1,2,Aspiring artist | Drawing my dreams,Real
47083,2218,204,1.26,712,31,0,10,Nature lover | Saving the planet 🌍,Fake
32281,514,128,2.81,63,70,0,9,Fitness enthusiast 💪 | Health advocate,Real
27993,4374,449,9.29,66,69,0,5,Aspiring artist | Drawing my dreams,Real
20287,2779,426,8.8,4,42,0,3,Love exploring new places 🌎,Fake
26815,3741,247,3.43,775,64,0,7,Business inquiries? Contact below 👇,Real
49990,1698,378,3.39,844,69,0,11,Photographer and content creator 📸,Fake
25440,3919,268,3.0,251,48,0,9,Photographer and content creator 📸,Fake
38964,1909,74,4.99,166,28,0,1,Business inquiries? Contact below 👇,Fake
35790,675,474,7.02,271,52,0,10,DM for collaborations or inquiries!,Fake
35640,291,3,4.17,848,81,0,8,Entrepreneur & lifestyle blogger,Fake
47805,2081,330,4.03,85,70,0,4,Follow for daily inspiration 🌟,Fake
9736,3178,115,0.57,987,45,0,5,Personal blog | Stay positive ✨,Real
34038,1514,166,4.87,371,23,1,5,Entrepreneur & lifestyle blogger,Fake
35257,2590,243,1.45,274,32,0,10,Personal blog | Stay positive ✨,Real
37234,1568,395,3.0,455,80,0,7,Sharing moments from my journey,Fake
5491,3937,155,3.11,381,56,0,5,Follow for daily inspiration 🌟,Fake
49460,135,366,3.77,689,8,0,2,Foodie | Reviews and recipes,Fake
37320,1783,225,7.11,342,84,0,7,Photographer and content creator 📸,Real
45233,3579,307,2.31,152,76,1,3,Aspiring artist | Drawing my dreams,Fake
47305,3798,73,9.56,840,51,0,7,Business inquiries? Contact below 👇,Real
28827,2744,186,0.3,142,69,0,7,Sharing moments from my journey,Real
42315,999,307,5.2,24,40,0,7,Personal blog | Stay positive ✨,Real
21516,4848,156,2.45,298,87,0,4,Follow for daily inspiration 🌟,Real
27490,2644,430,5.95,163,51,0,1,Follow for daily inspiration 🌟,Real
20661,242,270,1.59,424,37,0,5,Sharing moments from my journey,Real
39412,4057,414,7.71,81,22,0,5,Love exploring new places 🌎,Fake
12375,1360,326,5.16,738,29,0,5,Entrepreneur & lifestyle blogger,Fake
18767,989,293,9.76,234,41,0,4,Follow for daily inspiration 🌟,Fake
22121,608,310,6.39,269,70,0,9,Nature lover | Saving the planet 🌍,Real
11417,1283,190,4.03,778,23,0,6,Business inquiries? Contact below 👇,Real
1407,3467,92,8.62,275,96,0,2,Fitness enthusiast 💪 | Health advocate,Real
30061,785,135,0.24,987,6,0,2,Photographer and content creator 📸,Real
2938,4343,90,0.52,751,26,0,2,Foodie | Reviews and recipes,Real
13249,2763,453,8.85,542,11,0,10,Photographer and content creator 📸,Real
2173,160,472,0.59,881,79,0,10,Love exploring new places 🌎,Fake
32029,1014,482,4.56,387,43,0,5,Foodie | Reviews and recipes,Fake
18309,402,174,6.55,270,57,0,10,Entrepreneur & lifestyle blogger,Fake
24280,3427,116,5.34,928,92,0,10,Nature lover | Saving the planet 🌍,Fake
15769,2923,276,9.14,37,82,0,2,Love exploring new places 🌎,Fake
44319,1193,136,3.43,66,77,0,8,Digital nomad living my best life 🌴,Fake
19216,3062,3,0.64,924,45,0,10,DM for collaborations or inquiries!,Real
2477,968,149,9.84,988,96,0,7,Sharing moments from my journey,Real
9374,3968,59,7.83,601,91,1,1,Love exploring new places 🌎,Fake
40447,628,225,4.91,316,8,0,10,Digital nomad living my best life 🌴,Fake
5106,862,388,0.44,234,88,0,4,Sharing moments from my journey,Fake
2299,1848,24,8.7,428,45,0,4,Aspiring artist | Drawing my dreams,Real
42200,4003,11,1.39,769,65,0,10,Personal blog | Stay positive ✨,Real
35956,4557,191,8.37,811,80,0,8,Sharing moments from my journey,Real
28226,2388,433,8.48,780,33,0,2,Fitness enthusiast 💪 | Health advocate,Fake
14257,1722,135,6.48,95,95,0,2,Fitness enthusiast 💪 | Health advocate,Fake
22564,895,396,8.15,556,40,0,6,Photographer and content creator 📸,Fake
1033,4976,254,9.23,305,19,0,9,Nature lover | Saving the planet 🌍,Real
9862,548,339,0.43,404,38,0,9,Sharing moments from my journey,Real
47560,898,6,6.2,589,85,0,5,Entrepreneur & lifestyle blogger,Fake
48589,4659,428,8.38,480,97,0,1,Sharing moments from my journey,Real
31527,1415,482,3.09,628,94,0,11,Aspiring artist | Drawing my dreams,Fake
22490,694,137,8.05,228,14,0,8,Love exploring new places 🌎,Real
8198,2326,146,7.94,781,43,0,4,DM for collaborations or inquiries!,Real
26948,3851,435,3.27,725,92,0,10,Check out my website for more updates!,Real
930,2449,108,5.19,906,22,0,6,Fitness enthusiast 💪 | Health advocate,Real
7022,1778,176,5.04,220,48,0,5,Sharing moments from my journey,Real
28798,2265,339,3.66,84,10,0,8,Nature lover | Saving the planet 🌍,Fake
20852,3896,410,1.68,166,22,0,5,Entrepreneur & lifestyle blogger,Fake
7679,3975,76,0.85,664,57,0,10,Follow for daily inspiration 🌟,Real
48672,2791,329,7.05,645,6,0,3,Passionate traveler and food lover,Real
3875,4780,371,0.21,694,79,1,6,Passionate traveler and food lover,Real
8421,1111,252,5.69,553,22,0,9,Follow for daily inspiration 🌟,Fake
4094,3266,132,9.4,299,36,0,8,Fitness enthusiast 💪 | Health advocate,Real
18730,4534,491,1.61,495,9,0,10,Check out my website for more updates!,Real
7339,1654,142,2.73,318,37,0,4,Passionate traveler and food lover,Fake
5356,123,241,1.13,678,67,0,5,Entrepreneur & lifestyle blogger,Fake
500,1494,9,7.71,41,9,0,9,Personal blog | Stay positive ✨,Fake
20660,782,382,3.58,392,8,0,4,Check out my website for more updates!,Real
43254,1591,92,1.13,300,98,0,6,Digital nomad living my best life 🌴,Fake
17320,1196,468,0.55,311,7,0,3,Photographer and content creator 📸,Fake
11883,411,397,0.18,348,91,1,6,Photographer and content creator 📸,Fake
21679,2904,185,5.01,246,98,0,1,Business inquiries? Contact below 👇,Fake
23019,4955,324,5.68,190,56,0,4,Photographer and content creator 📸,Fake
3679,3161,396,2.08,981,93,0,2,Foodie | Reviews and recipes,Real
30682,3248,16,8.53,856,77,0,6,Aspiring artist | Drawing my dreams,Fake
21502,2011,176,8.78,402,31,0,3,Aspiring artist | Drawing my dreams,Fake
42037,4360,83,3.44,392,68,0,10,Follow for daily inspiration 🌟,Real
27027,1070,125,6.89,179,18,0,6,Digital nomad living my best life 🌴,Fake
49688,3857,62,3.72,716,21,0,2,Nature lover | Saving the planet 🌍,Fake
33864,3663,337,7.7,460,43,0,10,Nature lover | Saving the planet 🌍,Fake
8528,4363,446,5.3,2,20,0,10,Follow for daily inspiration 🌟,Fake
36609,1258,214,9.34,260,81,0,7,Digital nomad living my best life 🌴,Real
939,1630,369,3.76,21,17,0,10,Aspiring artist | Drawing my dreams,Fake
39168,3033,264,6.7,841,95,0,9,Aspiring artist | Drawing my dreams,Real
49301,1516,466,8.33,471,86,0,4,Business inquiries? Contact below 👇,Real
44165,815,2,1.87,852,85,0,10,Love exploring new places 🌎,Fake
41814,2562,212,9.8,448,39,0,3,Passionate traveler and food lover,Real
24139,449,104,9.68,858,47,0,9,Love exploring new places 🌎,Fake
12271,2232,465,2.59,912,74,0,1,Passionate traveler and food lover,Fake
10568,436,129,1.81,966,51,0,8,Aspiring artist | Drawing my dreams,Real
16040,131,164,3.16,718,7,0,7,Personal blog | Stay positive ✨,Real
41480,3713,262,4.87,33,94,1,2,Digital nomad living my best life 🌴,Fake
47609,4354,98,8.29,875,72,0,10,Sharing moments from my journey,Real
11068,640,346,2.56,613,32,0,10,Fitness enthusiast 💪 | Health advocate,Fake
10174,2146,262,8.9,667,49,0,9,Digital nomad living my best life 🌴,Fake
46252,1065,390,3.55,719,14,0,9,Digital nomad living my best life 🌴,Fake
1927,4363,183,4.44,776,71,0,9,Photographer and content creator 📸,Real
34360,4852,199,0.15,231,77,0,3,Digital nomad living my best life 🌴,Fake
19916,3311,131,9.24,789,96,0,3,Follow for daily inspiration 🌟,Real
42517,4654,184,2.84,208,74,0,4,Digital nomad living my best life 🌴,Fake
48253,2160,95,5.94,568,98,0,2,Check out my website for more updates!,Real
38107,4526,227,6.43,328,20,0,9,Fitness enthusiast 💪 | Health advocate,Fake
3521,1467,41,3.7,458,10,1,5,Sharing moments from my journey,Fake
30484,4958,68,4.94,493,24,0,4,Aspiring artist | Drawing my dreams,Fake
46233,4011,175,0.54,672,8,0,4,Sharing moments from my journey,Real
11135,522,55,1.32,155,59,0,10,Digital nomad living my best life 🌴,Fake
28537,3424,145,7.16,279,77,0,4,Aspiring artist | Drawing my dreams,Real
47677,2388,58,1.18,925,3,0,7,Fitness enthusiast 💪 | Health advocate,Fake
11850,1230,352,2.42,313,71,0,4,Photographer and content creator 📸,Real
22486,2889,56,7.08,673,94,0,3,Sharing moments from my journey,Real
40358,905,148,8.62,247,88,0,6,Digital nomad living my best life 🌴,Real
8261,954,60,7.73,495,41,0,11,Check out my website for more updates!,Real
43251,2517,63,5.57,396,6,0,8,Digital nomad living my best life 🌴,Fake
18606,500,144,2.38,806,67,0,10,Passionate traveler and food lover,Fake
37848,4077,123,2.75,508,68,0,6,Photographer and content creator 📸,Real
8853,1223,468,6.45,358,8,0,7,DM for collaborations or inquiries!,Fake
7817,4353,207,5.35,212,51,0,2,Business inquiries? Contact below 👇,Fake
4652,3282,361,5.53,327,47,0,3,Love exploring new places 🌎,Real
4966,4614,260,2.43,116,52,0,10,Photographer and content creator 📸,Fake
11044,2052,334,3.21,495,1,0,10,Foodie | Reviews and recipes,Real
14960,33,254,7.19,532,6,0,3,Follow for daily inspiration 🌟,Fake
2831,2827,286,7.88,664,77,0,11,Digital nomad living my best life 🌴,Real
42951,2617,231,9.09,229,28,0,6,Sharing moments from my journey,Fake
44097,2589,439,9.81,241,66,0,7,Aspiring artist | Drawing my dreams,Fake
33604,1322,194,6.64,352,47,0,6,Photographer and content creator 📸,Real
29890,429,295,9.46,234,71,0,3,Follow for daily inspiration 🌟,Real
2904,2419,351,7.61,719,32,0,8,Aspiring artist | Drawing my dreams,Real
38849,2865,270,5.29,800,17,0,9,Business inquiries? Contact below 👇,Real
48276,2118,267,1.37,716,12,0,8,Aspiring artist | Drawing my dreams,Fake
9485,2792,261,2.13,742,29,0,11,Passionate traveler and food lover,Real
11204,3738,53,4.23,958,14,0,7,Personal blog | Stay positive ✨,Fake
23315,3829,229,4.97,12,37,1,4,DM for collaborations or inquiries!,Fake
47186,4501,472,5.53,688,33,0,7,Personal blog | Stay positive ✨,Fake
42136,4110,366,2.53,698,68,0,8,Aspiring artist | Drawing my dreams,Real
40934,428,135,9.12,447,77,0,3,Entrepreneur & lifestyle blogger,Fake
29094,3555,310,2.22,524,8,0,3,Follow for daily inspiration 🌟,Real
20035,2452,457,2.63,530,18,0,5,Passionate traveler and food lover,Fake
11737,284,78,3.37,62,48,0,3,Photographer and content creator 📸,Real
45748,1161,107,2.68,422,77,0,6,Foodie | Reviews and recipes,Real
22141,4959,28,6.73,532,2,1,5,Check out my website for more updates!,Fake
42476,3354,309,4.12,927,65,0,6,Passionate traveler and food lover,Fake
25076,1576,111,9.44,190,82,0,11,Foodie | Reviews and recipes,Real
9254,3208,181,5.01,770,21,0,2,Foodie | Reviews and recipes,Fake
18254,3698,191,6.64,613,5,0,9,Check out my website for more updates!,Fake
5883,1962,318,9.28,247,14,0,7,Love exploring new places 🌎,Real
39835,1315,274,3.51,269,81,0,3,Love exploring new places 🌎,Real
46830,2110,164,2.72,659,15,0,11,Aspiring artist | Drawing my dreams,Fake
17996,300,271,5.66,487,2,0,10,Entrepreneur & lifestyle blogger,Fake
17287,804,52,0.78,291,30,0,2,Entrepreneur & lifestyle blogger,Fake
23211,1770,282,9.09,366,45,0,4,Check out my website for more updates!,Real
35100,4254,479,8.38,528,48,1,11,Entrepreneur & lifestyle blogger,Real
17761,235,100,9.35,840,69,1,4,Love exploring new places 🌎,Real
22120,2958,461,0.73,276,71,0,2,Follow for daily inspiration 🌟,Fake
32550,2600,73,4.62,119,16,0,4,Passionate traveler and food lover,Fake
46550,2860,212,1.83,349,32,0,9,Love exploring new places 🌎,Real
35108,3660,93,8.77,667,30,0,8,Business inquiries? Contact below 👇,Real
21100,2207,348,3.59,731,47,0,7,Passionate traveler and food lover,Fake
509,3099,334,4.62,581,62,0,11,Sharing moments from my journey,Real
4064,2736,200,4.11,177,60,0,7,Follow for daily inspiration 🌟,Real
6662,381,405,3.11,355,88,0,9,Photographer and content creator 📸,Fake
26637,1116,415,2.05,237,54,0,9,Check out my website for more updates!,Fake
15533,1214,267,4.6,545,91,0,8,Photographer and content creator 📸,Real
15065,4182,457,1.33,664,43,0,11,Photographer and content creator 📸,Fake
27567,610,489,2.43,519,59,0,7,Love exploring new places 🌎,Real
8441,1294,181,8.3,198,16,0,3,Fitness enthusiast 💪 | Health advocate,Fake
26574,3943,183,4.91,242,86,0,9,Digital nomad living my best life 🌴,Fake
20790,3651,368,3.46,192,60,0,3,Follow for daily inspiration 🌟,Fake
40611,740,373,0.1,971,69,0,2,Follow for daily inspiration 🌟,Real
23643,658,431,9.52,572,32,0,10,Aspiring artist | Drawing my dreams,Real
26162,1430,57,1.65,446,92,0,8,Foodie | Reviews and recipes,Real
7563,4068,135,1.83,936,56,0,7,Aspiring artist | Drawing my dreams,Fake
30872,4145,69,7.75,16,55,0,1,Nature lover | Saving the planet 🌍,Fake
45366,2227,249,4.32,564,74,0,10,Aspiring artist | Drawing my dreams,Real
42282,3814,400,8.73,83,2,0,3,Sharing moments from my journey,Real
47897,4756,93,5.31,629,36,0,10,Sharing moments from my journey,Fake
9992,564,33,4.61,221,78,0,10,DM for collaborations or inquiries!,Fake
26833,4765,414,6.5,152,24,0,8,Sharing moments from my journey,Fake
46896,930,99,0.66,454,10,0,9,Nature lover | Saving the planet 🌍,Real
24330,3221,230,4.09,270,77,1,5,DM for collaborations or inquiries!,Real
21208,2644,39,2.24,611,85,0,7,Personal blog | Stay positive ✨,Real
39231,4116,228,3.36,514,32,0,4,Digital nomad living my best life 🌴,Real
36963,3669,362,1.39,647,52,0,10,Passionate traveler and food lover,Fake
49429,2276,12,3.25,927,64,0,3,Personal blog | Stay positive ✨,Fake
40156,2571,336,3.78,370,84,0,2,Passionate traveler and food lover,Real
7158,4676,368,9.78,703,51,1,3,Business inquiries? Contact below 👇,Fake
11778,875,335,9.73,52,35,0,5,Fitness enthusiast 💪 | Health advocate,Real
6737,475,308,4.73,493,66,0,2,Photographer and content creator 📸,Fake
29337,3026,434,0.21,583,15,0,3,Check out my website for more updates!,Fake
44217,1576,377,3.1,637,86,0,4,Digital nomad living my best life 🌴,Real
34773,296,105,3.09,667,24,0,3,Love exploring new places 🌎,Fake
45529,3598,267,0.35,357,0,0,4,Nature lover | Saving the planet 🌍,Fake
16686,3171,85,2.72,260,21,0,1,Entrepreneur & lifestyle blogger,Real
40924,489,9,2.56,592,3,0,5,Love exploring new places 🌎,Fake
5411,2228,76,2.31,343,78,0,6,Business inquiries? Contact below 👇,Real
35041,4722,398,3.0,28,50,0,10,Entrepreneur & lifestyle blogger,Real
5255,3314,190,7.92,981,18,0,7,Digital nomad living my best life 🌴,Fake
29504,4260,294,2.93,314,40,0,4,Aspiring artist | Drawing my dreams,Fake
4636,2509,117,4.88,75,48,0,8,Fitness enthusiast 💪 | Health advocate,Real
7882,526,272,8.42,390,55,0,2,Personal blog | Stay positive ✨,Real
33256,2226,418,6.42,486,77,0,6,Personal blog | Stay positive ✨,Real
9249,3989,43,7.91,693,75,0,9,Love exploring new places 🌎,Fake
41617,1482,246,0.86,75,40,1,7,Fitness enthusiast 💪 | Health advocate,Real
6382,3768,435,3.04,368,29,0,10,Nature lover | Saving the planet 🌍,Fake
28546,2663,237,6.2,831,12,0,5,Digital nomad living my best life 🌴,Fake
19915,1382,95,3.48,236,4,0,7,Nature lover | Saving the planet 🌍,Real
34504,2213,268,1.58,342,27,0,4,Digital nomad living my best life 🌴,Fake
9550,4493,18,9.99,355,37,0,4,Personal blog | Stay positive ✨,Fake
18674,4576,205,1.29,3,81,0,8,Personal blog | Stay positive ✨,Real
36815,4053,103,5.49,977,82,0,7,Love exploring new places 🌎,Real
25020,299,81,5.9,885,69,0,8,Follow for daily inspiration 🌟,Real
10872,1158,259,0.81,458,15,0,4,Business inquiries? Contact below 👇,Real
15421,2916,363,7.06,620,19,0,9,Photographer and content creator 📸,Fake
17632,2764,236,9.48,661,57,0,5,Photographer and content creator 📸,Fake
46384,1358,117,6.37,439,99,0,9,Photographer and content creator 📸,Real
46911,19,61,1.95,641,99,0,6,Nature lover | Saving the planet 🌍,Real
41634,1930,85,1.38,10,10,0,7,Personal blog | Stay positive ✨,Real
11078,390,462,0.14,490,54,0,3,Foodie | Reviews and recipes,Real
49624,792,333,7.99,236,4,0,6,Photographer and content creator 📸,Fake
31869,986,239,5.63,202,66,0,10,Entrepreneur & lifestyle blogger,Fake
26674,458,217,3.46,691,38,0,7,Check out my website for more updates!,Fake
20992,2693,407,1.45,903,0,0,8,Follow for daily inspiration 🌟,Real
36469,2058,33,8.41,242,85,0,7,Love exploring new places 🌎,Real
13516,2140,414,2.28,215,13,1,9,Love exploring new places 🌎,Fake
15741,1060,271,3.99,83,3,0,10,Foodie | Reviews and recipes,Fake
20008,3122,219,7.07,334,62,0,8,Business inquiries? Contact below 👇,Real
20013,744,487,6.24,435,56,0,2,Check out my website for more updates!,Real
29866,2427,384,8.51,659,5,0,7,Sharing moments from my journey,Fake
6032,4710,423,1.81,123,43,0,8,Personal blog | Stay positive ✨,Fake
25463,2265,469,1.23,484,44,0,7,Aspiring artist | Drawing my dreams,Fake
31690,1514,452,2.14,865,44,1,2,Follow for daily inspiration 🌟,Real
22917,1490,467,4.34,764,34,1,3,Photographer and content creator 📸,Real
25311,2872,50,1.18,412,99,0,6,Personal blog | Stay positive ✨,Real
2909,1723,188,4.91,413,23,0,4,Foodie | Reviews and recipes,Fake
19094,4881,416,3.55,651,77,0,8,Passionate traveler and food lover,Real
196,3309,50,5.39,442,54,0,9,Check out my website for more updates!,Fake
973,2182,8,6.83,176,82,0,6,Fitness enthusiast 💪 | Health advocate,Fake
33888,822,91,7.38,769,54,0,2,Foodie | Reviews and recipes,Real
17670,1982,97,1.9,386,68,0,5,DM for collaborations or inquiries!,Real
7998,1265,315,2.06,774,38,0,5,Personal blog | Stay positive ✨,Fake
5018,1204,343,5.48,773,30,0,3,Fitness enthusiast 💪 | Health advocate,Fake
40951,206,53,2.24,740,74,0,3,Personal blog | Stay positive ✨,Real
37818,25,278,0.53,936,69,0,8,Personal blog | Stay positive ✨,Fake
33126,4853,67,4.68,359,59,0,6,DM for collaborations or inquiries!,Fake
26183,3986,312,4.76,524,41,0,8,Foodie | Reviews and recipes,Real
7957,1488,314,9.92,269,90,0,3,Photographer and content creator 📸,Fake
8502,530,428,4.18,750,45,0,4,DM for collaborations or inquiries!,Real
31422,1828,229,8.43,9,65,0,11,Aspiring artist | Drawing my dreams,Fake
16281,4507,113,0.3,844,33,0,3,Passionate traveler and food lover,Fake
42037,646,95,5.5,480,41,0,5,DM for collaborations or inquiries!,Real
42800,2696,49,1.77,719,98,0,7,Business inquiries? Contact below 👇,Fake
15123,299,80,2.35,293,45,0,2,Photographer and content creator 📸,Fake
47204,1049,395,8.68,359,75,0,6,Digital nomad living my best life 🌴,Fake
33201,3370,349,1.47,442,7,0,3,Love exploring new places 🌎,Fake
39980,4744,172,1.66,908,85,0,4,DM for collaborations or inquiries!,Fake
3473,1609,375,8.53,611,40,1,9,Photographer and content creator 📸,Fake
16578,1330,204,4.5,853,15,0,2,Foodie | Reviews and recipes,Fake
588,3397,435,1.15,864,56,0,9,Foodie | Reviews and recipes,Fake
19451,2263,433,4.07,464,38,0,5,Nature lover | Saving the planet 🌍,Real
17512,1436,102,6.19,694,85,1,2,Check out my website for more updates!,Fake
39569,149,133,7.27,519,62,0,10,Aspiring artist | Drawing my dreams,Fake
38520,420,421,0.0,91,72,0,1,Foodie | Reviews and recipes,Real
33972,3029,297,4.41,390,43,0,5,Love exploring new places 🌎,Real
28777,3158,217,7.18,349,57,0,7,Foodie | Reviews and recipes,Fake
38678,3140,288,4.2,92,78,1,5,Photographer and content creator 📸,Real
5691,1437,398,9.71,222,91,0,8,Sharing moments from my journey,Fake
39011,1023,25,6.29,80,39,0,4,Foodie | Reviews and recipes,Real
35395,3184,456,7.95,407,47,0,10,Digital nomad living my best life 🌴,Fake
25729,3717,375,6.37,167,53,0,11,Passionate traveler and food lover,Fake
39727,1386,149,2.7,348,80,0,6,Fitness enthusiast 💪 | Health advocate,Real
49236,2246,209,3.52,291,26,0,9,DM for collaborations or inquiries!,Fake
28299,604,67,8.42,477,9,0,10,Passionate traveler and food lover,Real
41817,1638,137,5.73,939,0,0,11,Photographer and content creator 📸,Fake
41327,2930,362,0.08,734,0,0,2,Love exploring new places 🌎,Real
12773,2160,279,2.83,395,99,0,2,Follow for daily inspiration 🌟,Fake
5600,3551,295,6.18,713,54,0,10,Foodie | Reviews and recipes,Fake
47257,4208,319,7.35,523,31,0,9,Passionate traveler and food lover,Fake
17491,4312,293,7.66,90,68,0,4,DM for collaborations or inquiries!,Fake
27343,4650,244,6.11,441,11,0,4,Sharing moments from my journey,Fake
5948,4565,286,3.38,553,37,0,9,Personal blog | Stay positive ✨,Real
34204,4381,175,8.08,770,25,0,5,DM for collaborations or inquiries!,Fake
29183,4632,182,4.17,774,55,0,11,Love exploring new places 🌎,Real
19251,2982,25,2.94,437,98,0,5,Sharing moments from my journey,Fake
19117,4280,393,4.98,886,69,0,4,Sharing moments from my journey,Real
41575,1177,7,8.52,151,66,0,4,Aspiring artist | Drawing my dreams,Fake
49929,3635,404,7.52,36,1,0,9,Nature lover | Saving the planet 🌍,Fake
9441,1955,120,2.59,501,32,0,10,Love exploring new places 🌎,Fake
24501,1447,224,1.95,561,28,0,4,Nature lover | Saving the planet 🌍,Real
26698,1090,199,5.2,227,15,0,4,Photographer and content creator 📸,Fake
23350,4409,130,3.51,331,68,1,2,Photographer and content creator 📸,Real
26228,4957,300,1.45,976,90,0,3,DM for collaborations or inquiries!,Real
31506,753,21,0.12,973,62,0,6,DM for collaborations or inquiries!,Fake
49521,3967,279,8.26,809,61,0,6,Personal blog | Stay positive ✨,Real
39089,753,275,6.51,98,39,1,2,Follow for daily inspiration 🌟,Real
26072,4048,496,3.08,842,14,0,11,Photographer and content creator 📸,Real
21513,1358,484,3.4,12,45,0,5,Entrepreneur & lifestyle blogger,Fake
41016,2262,350,2.44,700,10,0,6,Photographer and content creator 📸,Real
27173,1701,198,7.04,454,67,0,4,Foodie | Reviews and recipes,Real
41801,2966,5,4.27,402,84,0,4,Personal blog | Stay positive ✨,Real
21180,286,126,7.67,378,70,0,7,Passionate traveler and food lover,Fake
44276,3486,489,9.35,365,19,1,10,Personal blog | Stay positive ✨,Fake
28924,2489,405,6.01,808,42,1,3,Business inquiries? Contact below 👇,Fake
46238,893,35,3.7,639,94,0,10,Follow for daily inspiration 🌟,Fake
21159,3876,345,6.38,950,24,0,3,DM for collaborations or inquiries!,Fake
33777,2960,156,6.24,381,50,0,4,Fitness enthusiast 💪 | Health advocate,Fake
6260,465,410,4.9,790,58,0,6,Business inquiries? Contact below 👇,Fake
10923,1644,305,1.5,462,42,0,8,Aspiring artist | Drawing my dreams,Real
49813,1851,183,0.15,170,32,0,7,DM for collaborations or inquiries!,Real
1084,2656,293,4.38,764,37,1,8,Foodie | Reviews and recipes,Fake
39508,1964,284,4.46,150,32,0,11,Aspiring artist | Drawing my dreams,Fake
18892,566,369,9.36,757,65,0,10,Foodie | Reviews and recipes,Real
29211,3555,131,7.43,909,14,0,7,Nature lover | Saving the planet 🌍,Fake
10779,2714,284,7.34,309,57,0,2,DM for collaborations or inquiries!,Fake
27589,2880,50,5.26,885,26,0,2,Sharing moments from my journey,Real
36915,4165,110,9.87,318,37,0,1,Personal blog | Stay positive ✨,Real
31772,3892,157,4.1,940,49,0,8,Fitness enthusiast 💪 | Health advocate,Fake
23719,4937,75,1.79,80,78,0,3,Fitness enthusiast 💪 | Health advocate,Real
11190,1292,180,1.02,32,31,0,2,Business inquiries? Contact below 👇,Fake
10889,3252,481,6.59,972,35,0,7,Follow for daily inspiration 🌟,Fake
11578,1762,458,7.69,84,92,0,2,Follow for daily inspiration 🌟,Fake
5330,2235,121,0.55,838,29,0,8,Follow for daily inspiration 🌟,Fake
11179,2577,99,1.22,941,44,0,10,Business inquiries? Contact below 👇,Fake
31458,4687,407,9.65,532,42,0,5,DM for collaborations or inquiries!,Fake
28445,803,50,3.58,699,44,0,2,Follow for daily inspiration 🌟,Real
38246,1255,447,1.24,626,22,0,11,Follow for daily inspiration 🌟,Real
31067,3966,482,0.68,50,73,0,5,Business inquiries? Contact below 👇,Real
13510,3394,154,7.49,946,56,0,4,Personal blog | Stay positive ✨,Real
17681,1202,55,2.86,116,94,0,5,Nature lover | Saving the planet 🌍,Fake
12097,445,164,0.87,379,30,0,7,Check out my website for more updates!,Real
1876,636,365,9.59,374,21,0,2,Fitness enthusiast 💪 | Health advocate,Real
30397,4328,448,7.06,457,65,0,4,DM for collaborations or inquiries!,Real
23646,3915,269,0.57,894,37,0,4,Foodie | Reviews and recipes,Real
33529,2888,61,7.12,948,59,0,10,Passionate traveler and food lover,Fake
18693,4181,169,1.06,809,22,0,8,Personal blog | Stay positive ✨,Real
26070,99,201,7.28,510,63,0,6,Business inquiries? Contact below 👇,Fake
21124,3393,455,7.08,820,78,0,10,DM for collaborations or inquiries!,Real
46980,2327,278,0.94,671,6,0,3,Digital nomad living my best life 🌴,Real
43138,3796,91,6.58,730,54,0,6,Business inquiries? Contact below 👇,Fake
42876,2707,267,0.37,705,29,0,9,Personal blog | Stay positive ✨,Fake
4837,926,99,1.75,63,6,0,10,Aspiring artist | Drawing my dreams,Real
39122,3145,460,9.7,313,59,0,6,Foodie | Reviews and recipes,Real
49090,3206,48,2.97,120,29,0,11,Personal blog | Stay positive ✨,Real
6253,3804,166,8.82,397,46,0,7,Love exploring new places 🌎,Fake
8561,2300,463,9.43,373,11,0,3,Entrepreneur & lifestyle blogger,Fake
48124,148,464,5.75,499,70,0,5,Nature lover | Saving the planet 🌍,Fake
7840,4059,39,7.78,699,14,0,10,DM for collaborations or inquiries!,Fake
24781,4872,231,4.8,509,62,0,10,Passionate traveler and food lover,Fake
20004,3359,336,1.96,74,31,0,11,Entrepreneur & lifestyle blogger,Real
10386,24,287,3.05,620,7,0,5,Photographer and content creator 📸,Fake
4466,250,352,4.94,816,54,0,6,Nature lover | Saving the planet 🌍,Fake
24817,2465,314,0.61,850,13,0,10,Personal blog | Stay positive ✨,Real
29105,4839,242,8.77,927,69,0,4,Love exploring new places 🌎,Real
40865,4051,213,1.15,736,82,0,3,Aspiring artist | Drawing my dreams,Real
6840,4734,31,2.78,993,87,1,5,Sharing moments from my journey,Fake
21293,4216,127,7.01,983,16,0,3,Foodie | Reviews and recipes,Fake
565,1622,390,2.13,560,30,0,6,Foodie | Reviews and recipes,Fake
4863,3293,63,5.59,413,2,0,8,Love exploring new places 🌎,Fake
22431,1511,489,6.5,87,31,0,8,DM for collaborations or inquiries!,Fake
29547,3809,28,4.56,386,54,0,5,Passionate traveler and food lover,Real
25793,4935,54,3.72,554,30,0,2,Business inquiries? Contact below 👇,Fake
23719,86,491,5.95,682,29,0,6,Sharing moments from my journey,Real
33075,3209,185,6.94,749,44,0,8,DM for collaborations or inquiries!,Fake
37119,4329,111,8.7,551,54,1,2,Photographer and content creator 📸,Fake
16880,3001,56,0.61,445,24,1,1,DM for collaborations or inquiries!,Fake
4171,4232,122,1.66,422,41,0,4,Check out my website for more updates!,Fake
39902,3919,469,2.72,778,41,0,2,Sharing moments from my journey,Real
33713,123,311,2.08,332,14,0,9,Foodie | Reviews and recipes,Real
18240,2729,412,3.94,147,94,0,3,Aspiring artist | Drawing my dreams,Fake
1846,2380,14,6.01,732,13,0,11,Aspiring artist | Drawing my dreams,Real
11809,953,323,0.41,448,77,0,2,Foodie | Reviews and recipes,Real
7589,1890,315,0.99,118,76,0,7,Fitness enthusiast 💪 | Health advocate,Fake
39415,2314,213,1.37,232,24,0,8,Personal blog | Stay positive ✨,Fake
18466,3206,114,7.84,838,36,0,5,Nature lover | Saving the planet 🌍,Fake
16972,799,423,9.14,533,79,0,8,Foodie | Reviews and recipes,Real
13397,1069,433,6.7,572,50,0,5,Foodie | Reviews and recipes,Real
33525,917,63,2.44,565,48,0,4,Fitness enthusiast 💪 | Health advocate,Real
1390,819,333,0.98,202,78,0,11,Passionate traveler and food lover,Real
41160,1570,437,2.13,104,87,0,11,Foodie | Reviews and recipes,Real
15199,3296,171,6.18,571,79,0,6,Digital nomad living my best life 🌴,Fake
16378,2490,260,0.08,856,90,0,3,Aspiring artist | Drawing my dreams,Fake
1004,3839,50,2.06,13,20,0,7,Fitness enthusiast 💪 | Health advocate,Fake
39062,2115,34,5.43,602,17,0,3,DM for collaborations or inquiries!,Fake
31409,3846,350,2.82,183,52,0,10,Digital nomad living my best life 🌴,Real
21983,4645,25,9.94,737,75,1,11,Foodie | Reviews and recipes,Fake
36953,593,66,7.21,531,37,0,2,Aspiring artist | Drawing my dreams,Real
9120,3245,390,7.65,678,77,0,4,DM for collaborations or inquiries!,Fake
18049,2870,162,3.7,918,2,0,11,Nature lover | Saving the planet 🌍,Real
5111,280,170,5.57,404,31,0,5,Check out my website for more updates!,Fake
18970,1921,483,9.58,207,75,0,3,Sharing moments from my journey,Fake
13850,607,463,2.07,697,65,0,11,Passionate traveler and food lover,Fake
41328,1215,102,7.5,237,14,0,8,Aspiring artist | Drawing my dreams,Fake
10167,4901,272,2.22,453,97,0,3,Foodie | Reviews and recipes,Fake
27696,1447,176,2.77,815,44,0,5,Aspiring artist | Drawing my dreams,Real
11090,2243,183,6.26,249,11,0,10,Check out my website for more updates!,Real
20362,1569,210,7.25,445,49,1,7,Fitness enthusiast 💪 | Health advocate,Fake
24654,3576,403,4.35,67,26,0,8,Follow for daily inspiration 🌟,Fake
1704,3945,282,2.27,888,69,0,2,Business inquiries? Contact below 👇,Fake
23826,4458,262,2.3,750,54,0,2,Digital nomad living my best life 🌴,Real
14367,2236,391,9.96,188,76,1,9,Business inquiries? Contact below 👇,Real
7287,4039,152,7.51,782,70,0,6,Sharing moments from my journey,Fake
14846,2169,245,7.12,294,28,0,1,Passionate traveler and food lover,Real
363,1686,24,3.69,973,98,0,5,Aspiring artist | Drawing my dreams,Real
32332,4453,89,6.08,403,14,0,3,Entrepreneur & lifestyle blogger,Real
34316,2221,131,2.3,865,9,0,6,Digital nomad living my best life 🌴,Real
17548,3863,199,5.95,316,91,0,9,Nature lover | Saving the planet 🌍,Fake
45877,1913,439,7.17,218,24,0,4,Photographer and content creator 📸,Fake
30598,2990,354,1.34,650,3,0,6,Nature lover | Saving the planet 🌍,Real
13663,1568,445,4.35,257,80,0,10,Aspiring artist | Drawing my dreams,Fake
34652,2897,318,2.73,783,48,0,10,Sharing moments from my journey,Fake
1031,1781,207,1.03,385,13,0,9,Photographer and content creator 📸,Real
40660,1172,380,8.77,203,39,0,4,Personal blog | Stay positive ✨,Fake
3246,3528,22,5.53,471,56,0,10,Business inquiries? Contact below 👇,Fake
11769,3908,257,7.08,889,26,0,4,Entrepreneur & lifestyle blogger,Fake
34708,1966,409,5.6,638,19,0,8,Follow for daily inspiration 🌟,Real
17234,2306,105,5.48,719,65,1,8,Digital nomad living my best life 🌴,Real
19413,1904,472,0.13,832,61,0,5,Aspiring artist | Drawing my dreams,Real
860,1091,240,8.55,901,97,0,3,Passionate traveler and food lover,Real
31634,3749,401,4.44,801,14,0,10,Aspiring artist | Drawing my dreams,Real
18809,1978,462,2.85,795,67,0,4,Aspiring artist | Drawing my dreams,Real
36278,1673,399,4.91,314,89,0,5,Foodie | Reviews and recipes,Real
25754,264,100,6.14,835,52,0,9,Foodie | Reviews and recipes,Fake
10987,1189,90,4.95,337,5,0,11,Digital nomad living my best life 🌴,Real
30978,1987,128,0.18,903,51,0,2,Fitness enthusiast 💪 | Health advocate,Fake
8953,1463,26,2.59,830,32,0,6,Entrepreneur & lifestyle blogger,Real
16815,3691,388,0.99,776,59,0,8,Photographer and content creator 📸,Real
41189,4626,359,9.28,579,69,0,2,Sharing moments from my journey,Real
22589,580,129,6.9,628,45,0,8,Digital nomad living my best life 🌴,Real
28239,4650,119,2.56,678,23,0,9,Check out my website for more updates!,Real
23655,2620,166,5.59,370,39,1,2,Entrepreneur & lifestyle blogger,Real
28052,3953,262,6.8,39,44,0,2,Love exploring new places 🌎,Fake
34932,294,389,1.08,425,18,0,5,Follow for daily inspiration 🌟,Real
20375,3286,261,7.09,226,43,1,7,Digital nomad living my best life 🌴,Real
27105,2147,60,1.94,357,70,0,11,Digital nomad living my best life 🌴,Real
23908,4904,192,9.25,671,6,0,5,Aspiring artist | Drawing my dreams,Fake
45617,3039,98,6.56,713,98,0,5,Sharing moments from my journey,Fake
43725,1126,304,10.0,521,84,0,7,Photographer and content creator 📸,Fake
16702,3880,103,3.2,207,59,1,9,DM for collaborations or inquiries!,Fake
27408,812,390,8.05,868,75,0,9,Sharing moments from my journey,Real
46997,2087,353,1.06,622,88,0,2,Follow for daily inspiration 🌟,Real
28618,3657,357,7.0,61,89,0,7,Aspiring artist | Drawing my dreams,Real
23463,597,443,6.98,109,59,0,3,Digital nomad living my best life 🌴,Real
23065,137,191,5.48,280,24,0,3,Love exploring new places 🌎,Real
26144,3492,311,9.66,381,62,0,4,Love exploring new places 🌎,Real
33232,795,231,7.42,123,80,0,10,Business inquiries? Contact below 👇,Real
22764,3489,276,6.97,734,7,0,5,Business inquiries? Contact below 👇,Real
13706,2342,320,6.42,490,71,1,8,Entrepreneur & lifestyle blogger,Real
9733,3489,39,5.6,389,73,0,4,Follow for daily inspiration 🌟,Real
36488,3287,114,3.1,223,78,0,4,Love exploring new places 🌎,Real
45539,823,248,8.06,127,44,0,10,Business inquiries? Contact below 👇,Real
15723,1119,337,2.55,728,56,1,6,DM for collaborations or inquiries!,Real
42489,4243,86,4.83,451,77,0,8,Personal blog | Stay positive ✨,Real
10981,541,362,2.85,364,64,0,2,Sharing moments from my journey,Real
23653,2062,104,6.06,58,2,0,7,Check out my website for more updates!,Fake
5906,2716,385,2.79,958,6,0,10,Follow for daily inspiration 🌟,Fake
46064,4478,21,3.85,527,17,0,3,Passionate traveler and food lover,Real
42871,1216,495,5.53,492,15,1,7,Follow for daily inspiration 🌟,Real
32943,3845,118,5.41,438,80,0,3,Aspiring artist | Drawing my dreams,Real
28840,2477,295,9.89,543,53,0,10,Business inquiries? Contact below 👇,Real
39427,926,286,1.08,403,91,0,4,Love exploring new places 🌎,Fake
21912,1554,202,0.35,232,0,0,11,Passionate traveler and food lover,Fake
23173,1737,123,9.46,321,19,0,4,Photographer and content creator 📸,Real
49141,1025,92,9.03,760,39,0,10,Passionate traveler and food lover,Real
26881,1758,183,7.46,997,80,0,5,Photographer and content creator 📸,Fake
3060,2945,379,9.5,55,52,0,9,Personal blog | Stay positive ✨,Real
30878,1271,13,0.8,56,87,0,4,Digital nomad living my best life 🌴,Real
42118,1150,496,5.83,876,50,0,9,Sharing moments from my journey,Real
7769,2469,184,6.29,558,71,0,5,DM for collaborations or inquiries!,Real
9724,4246,440,9.46,294,37,0,4,Passionate traveler and food lover,Fake
841,846,371,6.14,682,18,0,6,Follow for daily inspiration 🌟,Fake
1826,2211,68,0.97,757,37,1,4,Foodie | Reviews and recipes,Fake
14496,2597,126,5.18,951,84,0,4,Nature lover | Saving the planet 🌍,Fake
14672,1640,466,1.49,276,0,0,7,Personal blog | Stay positive ✨,Fake
42531,3282,79,6.34,819,97,1,7,DM for collaborations or inquiries!,Real
9843,2705,36,4.9,176,67,1,8,Passionate traveler and food lover,Real
13512,3413,288,2.46,634,72,1,9,Business inquiries? Contact below 👇,Real
40029,4135,464,9.0,210,62,0,6,Check out my website for more updates!,Fake
31631,1242,90,4.48,28,91,0,2,Photographer and content creator 📸,Fake
9493,1004,183,7.84,179,9,0,4,Fitness enthusiast 💪 | Health advocate,Fake
8803,4601,208,1.04,348,21,0,8,Photographer and content creator 📸,Real
1608,2296,311,7.65,518,24,0,1,Follow for daily inspiration 🌟,Real
17407,4454,404,0.52,159,80,0,10,Digital nomad living my best life 🌴,Fake
35301,1390,485,6.38,358,40,1,4,Love exploring new places 🌎,Real
39720,4784,297,7.64,313,26,0,10,Sharing moments from my journey,Real
136,1679,59,8.41,251,8,1,1,Fitness enthusiast 💪 | Health advocate,Real
22571,4933,378,9.96,496,59,0,9,Follow for daily inspiration 🌟,Fake
27534,729,195,8.53,712,31,0,9,Passionate traveler and food lover,Real
9890,4425,365,9.24,205,20,0,10,Entrepreneur & lifestyle blogger,Fake
9762,3108,446,4.79,64,14,0,2,Sharing moments from my journey,Real
31475,1169,484,6.57,342,79,0,8,Passionate traveler and food lover,Fake
27289,3365,277,7.69,120,96,0,10,Passionate traveler and food lover,Real
12306,1688,81,7.84,818,98,0,9,Sharing moments from my journey,Real
8414,2614,189,5.11,285,90,0,10,Digital nomad living my best life 🌴,Real
3276,2776,170,8.3,141,69,0,9,Photographer and content creator 📸,Real
16469,3765,167,6.21,500,43,0,4,Nature lover | Saving the planet 🌍,Fake
6489,2799,279,3.42,12,93,0,3,Foodie | Reviews and recipes,Real
18089,4388,175,5.69,40,49,0,1,Foodie | Reviews and recipes,Real
20943,3629,165,1.97,995,73,0,6,Business inquiries? Contact below 👇,Fake
44342,1129,65,5.52,323,97,0,8,Digital nomad living my best life 🌴,Real
10345,4420,454,7.09,209,54,0,1,Follow for daily inspiration 🌟,Real
1912,2027,213,7.26,989,95,0,4,Follow for daily inspiration 🌟,Real
43030,960,265,9.81,655,33,0,8,Aspiring artist | Drawing my dreams,Fake
7698,3987,141,6.28,135,20,1,3,DM for collaborations or inquiries!,Fake
33803,4610,374,7.8,844,18,0,1,Fitness enthusiast 💪 | Health advocate,Real
36504,1612,480,8.89,637,22,0,3,Passionate traveler and food lover,Fake
42396,2317,415,0.36,169,94,0,2,Personal blog | Stay positive ✨,Real
9951,395,132,8.77,403,79,0,8,Check out my website for more updates!,Real
27285,4704,221,9.94,220,54,0,6,Business inquiries? Contact below 👇,Fake
47230,3809,3,5.78,298,47,0,4,Love exploring new places 🌎,Fake
48400,2716,5,1.23,550,52,0,3,Photographer and content creator 📸,Real
13267,3430,334,1.29,304,95,0,4,Sharing moments from my journey,Real
16526,4114,130,3.06,945,96,0,8,Nature lover | Saving the planet 🌍,Fake
13988,3088,42,2.89,320,98,0,4,Aspiring artist | Drawing my dreams,Fake
46030,4734,228,3.36,843,10,0,6,Photographer and content creator 📸,Real
12699,2205,496,3.86,485,46,0,9,DM for collaborations or inquiries!,Fake
49370,3751,251,9.37,793,93,0,11,Follow for daily inspiration 🌟,Real
38955,300,438,3.21,972,22,0,6,Business inquiries? Contact below 👇,Fake
27266,3735,108,7.73,651,43,0,6,Business inquiries? Contact below 👇,Fake
9123,2791,95,1.51,723,92,0,6,Photographer and content creator 📸,Real
20620,993,54,6.95,559,81,0,6,Aspiring artist | Drawing my dreams,Fake
21878,4808,436,9.59,506,2,0,5,Follow for daily inspiration 🌟,Fake
8761,3586,50,7.58,811,93,0,11,Love exploring new places 🌎,Real
21032,4256,300,2.35,60,64,0,11,Business inquiries? Contact below 👇,Fake
6610,4307,183,6.68,461,98,0,8,Entrepreneur & lifestyle blogger,Fake
21817,1185,496,0.56,472,63,0,7,Fitness enthusiast 💪 | Health advocate,Real
17855,1462,4,7.25,82,43,1,10,Photographer and content creator 📸,Fake
9215,2173,408,1.09,419,76,0,9,Photographer and content creator 📸,Fake
3387,792,293,6.35,625,51,0,10,Foodie | Reviews and recipes,Fake
30305,470,110,9.4,797,28,0,7,Follow for daily inspiration 🌟,Fake
24154,1645,204,3.89,612,56,1,3,Foodie | Reviews and recipes,Real
29032,3740,374,3.39,333,12,1,6,Check out my website for more updates!,Fake
36874,2181,55,0.3,927,34,0,2,Aspiring artist | Drawing my dreams,Fake
37609,1760,301,3.76,53,2,1,4,Business inquiries? Contact below 👇,Fake
15486,4953,418,2.56,664,63,0,3,Follow for daily inspiration 🌟,Fake
1567,1183,333,1.27,535,20,0,4,Love exploring new places 🌎,Fake
6805,3901,216,7.85,64,74,0,6,Personal blog | Stay positive ✨,Real
45432,2305,235,5.22,907,38,0,11,Follow for daily inspiration 🌟,Real
11266,4072,265,6.81,125,83,0,8,Fitness enthusiast 💪 | Health advocate,Fake
47430,4914,488,9.17,720,35,0,2,Check out my website for more updates!,Real
26669,4324,144,6.44,512,44,0,3,Photographer and content creator 📸,Fake
23010,4835,302,7.18,829,21,0,10,Digital nomad living my best life 🌴,Fake
19791,1128,359,6.89,779,53,0,10,Entrepreneur & lifestyle blogger,Fake
47703,1350,1,5.56,354,48,0,6,DM for collaborations or inquiries!,Fake
22178,4302,393,9.03,561,27,0,10,Foodie | Reviews and recipes,Fake
33687,4020,148,9.2,805,86,0,2,Love exploring new places 🌎,Real
15045,3947,264,6.45,449,84,0,6,Check out my website for more updates!,Fake
47669,1164,117,2.58,515,84,0,5,DM for collaborations or inquiries!,Real
48845,3774,299,6.29,26,4,0,11,Sharing moments from my journey,Real
28959,2367,55,8.6,584,43,0,7,Personal blog | Stay positive ✨,Fake
11316,4984,61,9.07,434,70,0,4,Photographer and content creator 📸,Fake
22434,3522,456,8.26,937,35,0,5,Personal blog | Stay positive ✨,Real
4143,3198,355,5.86,497,77,0,6,Entrepreneur & lifestyle blogger,Real
11600,4775,248,0.42,748,85,1,10,DM for collaborations or inquiries!,Fake
12623,3807,16,7.96,575,96,0,6,Aspiring artist | Drawing my dreams,Real
31640,3416,86,4.37,849,86,1,7,Check out my website for more updates!,Fake
1586,4394,141,2.22,747,57,1,10,Fitness enthusiast 💪 | Health advocate,Real
23624,1492,31,6.88,607,9,0,4,Check out my website for more updates!,Real
4192,1580,277,2.93,461,37,0,10,Check out my website for more updates!,Fake
48958,208,234,4.79,128,31,1,10,Fitness enthusiast 💪 | Health advocate,Real
45122,1802,22,8.78,138,48,0,11,Follow for daily inspiration 🌟,Fake
28249,211,381,0.68,972,38,0,8,Love exploring new places 🌎,Real
39506,1764,360,2.18,233,4,0,9,Love exploring new places 🌎,Real
29386,3676,306,0.42,640,73,0,5,Photographer and content creator 📸,Fake
6038,1688,288,7.18,137,5,0,2,Photographer and content creator 📸,Fake
29337,1024,375,4.4,296,64,1,7,Photographer and content creator 📸,Fake
26103,2194,475,5.05,910,46,0,5,Photographer and content creator 📸,Fake
23447,4717,350,1.76,987,74,0,11,Follow for daily inspiration 🌟,Fake
36536,4418,490,2.95,352,69,0,5,Digital nomad living my best life 🌴,Fake
7436,2217,458,6.9,880,19,0,7,Foodie | Reviews and recipes,Fake
34518,2831,478,3.98,647,0,0,6,Love exploring new places 🌎,Real
36557,2127,368,2.07,395,5,0,4,Business inquiries? Contact below 👇,Fake
1524,3386,40,7.09,781,50,1,4,Nature lover | Saving the planet 🌍,Fake
43135,2091,102,2.3,931,57,1,8,Check out my website for more updates!,Real
21602,4493,109,4.0,317,29,0,1,Nature lover | Saving the planet 🌍,Real
32077,2969,271,8.17,299,86,0,8,Digital nomad living my best life 🌴,Real
36080,3159,76,3.42,945,31,1,6,Sharing moments from my journey,Real
25790,1636,478,3.26,584,44,0,5,Personal blog | Stay positive ✨,Real
31562,1381,166,0.99,934,50,0,9,Photographer and content creator 📸,Fake
1604,3038,161,1.28,823,11,0,5,Aspiring artist | Drawing my dreams,Fake
49773,2052,82,0.82,729,12,0,11,Photographer and content creator 📸,Real
21304,2711,236,7.2,221,4,0,10,Passionate traveler and food lover,Fake
43621,4174,197,9.07,847,35,0,8,Nature lover | Saving the planet 🌍,Real
30396,3979,316,3.15,806,54,0,10,Follow for daily inspiration 🌟,Real
12979,3474,258,6.56,933,45,0,7,Entrepreneur & lifestyle blogger,Fake
13404,2709,293,9.95,212,12,0,8,Entrepreneur & lifestyle blogger,Fake
18607,712,124,9.19,817,48,0,7,Entrepreneur & lifestyle blogger,Fake
41812,4372,413,8.7,395,78,0,7,Personal blog | Stay positive ✨,Real
13772,4661,333,7.15,158,91,0,10,Aspiring artist | Drawing my dreams,Real
3567,4246,47,3.95,958,92,0,3,Love exploring new places 🌎,Real
18325,2832,380,6.76,623,63,0,4,Passionate traveler and food lover,Real
19166,4480,448,4.85,187,16,0,10,Nature lover | Saving the planet 🌍,Fake
3407,965,64,9.2,536,49,1,3,Digital nomad living my best life 🌴,Fake
32688,968,258,1.8,789,15,0,11,Follow for daily inspiration 🌟,Fake
16690,111,229,1.53,43,18,0,3,Check out my website for more updates!,Real
15341,3855,49,2.77,59,32,0,3,Check out my website for more updates!,Real
20514,2508,6,7.87,711,43,0,7,Follow for daily inspiration 🌟,Real
23398,286,383,7.96,668,17,0,3,Sharing moments from my journey,Real
36246,2890,80,5.35,339,19,0,4,Foodie | Reviews and recipes,Real
18855,3632,379,3.38,694,42,0,1,Check out my website for more updates!,Real
1629,257,380,9.58,501,72,0,10,Check out my website for more updates!,Fake
2109,3151,25,0.85,42,15,0,2,Check out my website for more updates!,Real
38936,4552,50,0.1,753,9,0,10,DM for collaborations or inquiries!,Real
48948,3734,215,5.63,425,2,1,10,Sharing moments from my journey,Fake
19896,4915,219,4.64,817,3,1,2,Photographer and content creator 📸,Fake
21662,116,443,3.64,570,13,0,2,Nature lover | Saving the planet 🌍,Real
8468,1406,56,9.94,80,72,0,7,Digital nomad living my best life 🌴,Real
20242,3009,197,2.0,707,14,0,6,Check out my website for more updates!,Fake
39829,2714,444,0.83,816,70,1,10,Love exploring new places 🌎,Real
30475,470,483,7.09,240,1,0,9,Passionate traveler and food lover,Real
16961,4896,264,1.37,242,55,0,10,Entrepreneur & lifestyle blogger,Fake
24401,657,202,8.79,324,86,0,7,Entrepreneur & lifestyle blogger,Real
23771,2698,13,2.18,261,33,0,8,Foodie | Reviews and recipes,Fake
48018,1485,394,4.41,188,28,0,9,Follow for daily inspiration 🌟,Real
4036,2124,457,1.31,975,97,0,4,Check out my website for more updates!,Fake
6824,4934,152,0.44,208,62,0,8,Check out my website for more updates!,Real
14821,4453,9,2.47,839,71,0,9,DM for collaborations or inquiries!,Fake
46220,4184,460,7.58,265,67,0,6,Photographer and content creator 📸,Real
8316,2458,349,1.14,708,7,0,3,Foodie | Reviews and recipes,Fake
25399,4959,417,7.42,769,95,0,3,Entrepreneur & lifestyle blogger,Fake
3998,2574,162,3.56,836,87,0,6,Follow for daily inspiration 🌟,Real
39638,2775,156,7.98,620,41,0,7,Digital nomad living my best life 🌴,Fake
42093,395,371,2.11,950,65,0,10,DM for collaborations or inquiries!,Fake
17792,1759,341,0.7,810,67,0,9,DM for collaborations or inquiries!,Fake
48624,2055,346,2.24,431,1,1,9,Foodie | Reviews and recipes,Fake
21223,3929,332,1.79,710,37,0,11,Follow for daily inspiration 🌟,Real
22565,3878,55,2.78,953,57,0,9,Passionate traveler and food lover,Real
41713,837,44,5.45,913,37,0,9,Aspiring artist | Drawing my dreams,Real
22085,4911,62,2.62,490,83,0,5,Fitness enthusiast 💪 | Health advocate,Fake
29240,4042,397,6.61,937,32,0,10,Photographer and content creator 📸,Fake
4132,1220,497,9.48,403,22,1,9,Personal blog | Stay positive ✨,Fake
41466,3311,458,5.7,236,45,0,3,Sharing moments from my journey,Real
15548,4041,435,8.19,386,97,0,5,Sharing moments from my journey,Real
22792,2870,462,0.62,396,63,0,6,Aspiring artist | Drawing my dreams,Real
40137,4910,300,0.34,750,2,0,11,Nature lover | Saving the planet 🌍,Fake
35028,4026,477,5.51,298,3,0,3,Photographer and content creator 📸,Real
9413,4567,485,4.55,811,69,0,8,Photographer and content creator 📸,Real
8914,1976,43,7.17,893,88,0,6,DM for collaborations or inquiries!,Fake
49221,1630,388,3.63,44,93,0,5,Sharing moments from my journey,Real
7094,848,101,9.38,150,19,0,8,Photographer and content creator 📸,Fake
39235,831,452,9.42,374,55,0,10,Follow for daily inspiration 🌟,Real
22804,989,314,9.97,955,82,1,4,Digital nomad living my best life 🌴,Fake
38604,3255,237,8.22,392,12,0,9,DM for collaborations or inquiries!,Fake
11246,2287,481,2.45,551,15,0,9,Business inquiries? Contact below 👇,Fake
4768,4831,325,3.54,262,11,0,11,Business inquiries? Contact below 👇,Fake
21714,3723,304,1.23,507,29,0,2,Follow for daily inspiration 🌟,Fake
26285,2704,396,8.64,492,79,1,3,Entrepreneur & lifestyle blogger,Real
31257,1832,35,0.19,992,62,0,4,Nature lover | Saving the planet 🌍,Fake
11137,1587,382,9.05,613,34,0,2,Sharing moments from my journey,Real
16988,4853,57,0.01,946,42,0,4,Entrepreneur & lifestyle blogger,Real
43178,374,490,8.22,405,30,0,2,Foodie | Reviews and recipes,Fake
45409,4365,486,0.36,0,44,0,7,Nature lover | Saving the planet 🌍,Fake
5821,4716,242,0.85,286,33,0,7,Nature lover | Saving the planet 🌍,Fake
37098,1507,172,0.99,803,52,0,11,Aspiring artist | Drawing my dreams,Fake
42564,2120,10,2.09,447,7,0,11,Passionate traveler and food lover,Real
15330,2881,482,2.61,195,46,0,9,Sharing moments from my journey,Fake
39250,3231,32,3.05,75,65,1,7,Personal blog | Stay positive ✨,Real
35371,4590,400,8.14,304,13,0,6,Nature lover | Saving the planet 🌍,Fake
49757,3496,127,4.66,241,10,0,8,Digital nomad living my best life 🌴,Real
37564,528,36,5.1,821,33,0,8,Check out my website for more updates!,Fake
45159,1067,428,0.33,34,13,0,10,Entrepreneur & lifestyle blogger,Fake
18622,410,123,4.3,346,26,0,8,Fitness enthusiast 💪 | Health advocate,Real
15501,4423,28,7.66,649,6,0,10,Nature lover | Saving the planet 🌍,Fake
38107,2680,71,7.8,996,7,1,2,Personal blog | Stay positive ✨,Fake
640,3430,146,5.62,393,73,0,7,Photographer and content creator 📸,Fake
868,1864,18,0.43,968,98,0,8,Passionate traveler and food lover,Fake
33710,4027,91,1.24,293,36,0,11,Entrepreneur & lifestyle blogger,Fake
44623,1575,67,5.34,320,24,0,10,Aspiring artist | Drawing my dreams,Real
23560,1577,62,2.21,589,61,0,10,Digital nomad living my best life 🌴,Real
47531,3209,115,3.69,140,24,0,2,Check out my website for more updates!,Real
46587,260,307,9.24,358,3,0,8,Foodie | Reviews and recipes,Fake
32701,4737,391,4.8,689,66,0,3,Personal blog | Stay positive ✨,Real
19853,2250,396,4.79,878,21,0,7,Entrepreneur & lifestyle blogger,Real
26766,728,120,6.4,167,85,0,10,Follow for daily inspiration 🌟,Fake
19024,1309,97,4.45,537,6,0,9,Foodie | Reviews and recipes,Real
49664,715,176,8.35,810,30,0,7,Nature lover | Saving the planet 🌍,Fake
10408,1244,390,2.61,154,91,0,8,Entrepreneur & lifestyle blogger,Fake
37223,4270,57,7.08,130,1,0,10,Love exploring new places 🌎,Fake
42560,3829,325,6.23,54,93,0,9,Nature lover | Saving the planet 🌍,Fake
10914,2852,116,6.76,389,90,0,2,Photographer and content creator 📸,Real
15473,1089,219,8.3,13,9,0,9,Follow for daily inspiration 🌟,Real
46449,4059,452,3.29,330,85,1,11,Entrepreneur & lifestyle blogger,Real
20692,248,44,4.28,154,30,0,11,Sharing moments from my journey,Real
48134,4131,179,5.68,613,92,0,3,Passionate traveler and food lover,Fake
37330,3166,479,5.5,181,98,0,5,Personal blog | Stay positive ✨,Real
24081,2672,416,4.71,674,49,0,9,Aspiring artist | Drawing my dreams,Fake
26542,2650,68,4.88,684,23,0,5,Foodie | Reviews and recipes,Fake
33103,3779,23,4.36,910,59,0,10,DM for collaborations or inquiries!,Fake
30501,1284,140,9.65,966,85,0,1,Digital nomad living my best life 🌴,Fake
26022,1930,294,2.95,47,53,1,7,Love exploring new places 🌎,Real
42291,1571,332,0.23,480,80,0,6,Check out my website for more updates!,Fake
2679,4513,264,2.77,429,2,0,7,Aspiring artist | Drawing my dreams,Fake
49146,444,418,0.47,932,35,0,4,Personal blog | Stay positive ✨,Real
12376,1737,185,7.26,217,69,0,4,Passionate traveler and food lover,Real
13405,4455,292,0.71,802,70,0,6,Sharing moments from my journey,Fake
16685,1656,371,5.66,202,4,0,9,Business inquiries? Contact below 👇,Real
5020,2408,469,0.21,352,76,0,8,Business inquiries? Contact below 👇,Real
40785,1076,486,1.96,825,98,0,8,Fitness enthusiast 💪 | Health advocate,Real
45272,1021,278,7.53,97,51,0,11,Foodie | Reviews and recipes,Real
5313,4511,414,5.98,603,12,0,5,Check out my website for more updates!,Real
10290,4382,369,3.93,391,29,0,10,Photographer and content creator 📸,Real
20911,2021,303,2.33,861,29,0,1,Nature lover | Saving the planet 🌍,Fake
35232,516,229,6.82,905,53,0,6,Check out my website for more updates!,Fake
3498,2810,29,5.81,734,28,0,9,Fitness enthusiast 💪 | Health advocate,Real
20914,3506,149,3.35,401,60,0,6,DM for collaborations or inquiries!,Fake
4927,4213,94,6.14,708,6,0,6,Check out my website for more updates!,Fake
23613,1408,359,9.58,522,45,0,1,Aspiring artist | Drawing my dreams,Fake
19005,3101,289,3.54,54,35,0,4,Fitness enthusiast 💪 | Health advocate,Real
10464,3762,134,0.9,115,45,0,6,Business inquiries? Contact below 👇,Fake
27950,1071,166,0.59,760,8,0,5,Check out my website for more updates!,Fake
32793,339,406,7.83,585,55,0,7,Entrepreneur & lifestyle blogger,Fake
32204,4020,190,3.67,660,75,0,6,Follow for daily inspiration 🌟,Real
48676,3043,33,3.22,483,43,1,9,Fitness enthusiast 💪 | Health advocate,Fake
30415,3692,342,2.4,887,15,0,7,Sharing moments from my journey,Fake
45067,4893,87,7.01,510,42,0,10,Business inquiries? Contact below 👇,Real
34720,4581,231,1.27,957,54,0,7,Sharing moments from my journey,Fake
10275,1484,348,3.18,975,11,0,5,DM for collaborations or inquiries!,Real
24317,2164,418,0.98,666,61,0,6,Passionate traveler and food lover,Real
49740,1640,70,5.46,754,39,0,4,Business inquiries? Contact below 👇,Fake
10223,526,419,9.91,246,19,0,7,Digital nomad living my best life 🌴,Real
13591,2910,339,8.21,23,59,0,9,Aspiring artist | Drawing my dreams,Fake
4922,345,67,8.23,511,70,0,9,Passionate traveler and food lover,Fake
31409,4485,111,0.94,315,27,0,6,Follow for daily inspiration 🌟,Fake
38789,4089,314,5.96,580,51,0,4,Digital nomad living my best life 🌴,Fake
22027,4528,387,4.3,896,46,0,8,Aspiring artist | Drawing my dreams,Real
35449,2723,375,6.39,223,93,0,3,Aspiring artist | Drawing my dreams,Fake
32316,3828,323,0.49,697,79,0,10,Aspiring artist | Drawing my dreams,Real
8969,374,116,3.16,359,46,0,10,Passionate traveler and food lover,Fake
31716,19,182,5.11,938,71,0,9,Sharing moments from my journey,Fake
41155,415,445,2.68,884,38,0,6,Photographer and content creator 📸,Fake
40492,425,204,4.54,904,94,0,6,Photographer and content creator 📸,Real
49941,3187,327,0.5,511,30,1,3,Photographer and content creator 📸,Real
31612,4854,7,0.84,301,73,0,6,Photographer and content creator 📸,Fake
32384,4271,339,0.76,612,61,0,11,Check out my website for more updates!,Fake
47670,4750,333,2.18,658,21,0,5,Love exploring new places 🌎,Fake
14715,4610,329,7.51,672,8,0,9,Photographer and content creator 📸,Real
11629,685,147,7.57,763,66,1,3,Entrepreneur & lifestyle blogger,Fake
2106,478,128,7.42,199,77,0,6,Passionate traveler and food lover,Real
12241,3812,374,6.94,133,21,0,7,Love exploring new places 🌎,Real
15849,3851,378,1.25,591,38,0,6,Entrepreneur & lifestyle blogger,Fake
45805,3346,112,3.5,803,27,0,4,Sharing moments from my journey,Real
19150,4975,292,7.4,588,10,0,7,Digital nomad living my best life 🌴,Fake
28733,2661,39,6.45,564,25,0,3,Follow for daily inspiration 🌟,Fake
30551,2327,191,9.39,823,30,0,11,Check out my website for more updates!,Fake
23869,2947,157,6.57,153,62,0,8,Foodie | Reviews and recipes,Fake
18344,37,192,7.79,269,44,0,9,Photographer and content creator 📸,Real
1949,285,454,2.56,984,86,0,7,Check out my website for more updates!,Real
33500,4536,22,4.31,734,18,0,9,Fitness enthusiast 💪 | Health advocate,Real
23051,999,132,1.26,129,56,0,2,Entrepreneur & lifestyle blogger,Real
10012,3501,99,5.08,903,27,0,4,Personal blog | Stay positive ✨,Fake
43986,4478,190,6.71,713,19,0,6,Business inquiries? Contact below 👇,Real
6463,1667,189,1.05,866,86,0,7,Sharing moments from my journey,Fake
37262,4166,218,4.8,823,13,0,4,Fitness enthusiast 💪 | Health advocate,Real
30544,3767,417,9.16,798,6,0,8,Passionate traveler and food lover,Real
40591,2899,110,7.46,448,52,0,8,Personal blog | Stay positive ✨,Real
36508,3205,264,3.68,133,96,1,11,Love exploring new places 🌎,Fake
1013,597,218,9.82,759,63,0,3,Digital nomad living my best life 🌴,Fake
45621,795,4,3.71,844,32,1,5,Digital nomad living my best life 🌴,Fake
10758,2878,185,3.24,198,3,0,2,Personal blog | Stay positive ✨,Real
37822,1835,198,5.46,91,52,0,11,Follow for daily inspiration 🌟,Fake
45975,1685,175,8.03,439,62,1,8,Nature lover | Saving the planet 🌍,Real
23499,3446,395,7.75,84,91,0,6,Photographer and content creator 📸,Real
30363,14,479,7.68,430,52,0,4,Follow for daily inspiration 🌟,Real
46936,309,0,4.86,109,80,1,8,Love exploring new places 🌎,Fake
35882,1022,68,8.15,91,79,0,3,Sharing moments from my journey,Real
8607,3117,308,5.28,524,52,0,9,Love exploring new places 🌎,Fake
14962,4463,154,6.15,459,92,1,7,DM for collaborations or inquiries!,Fake
4593,87,475,0.28,492,72,0,11,DM for collaborations or inquiries!,Real
40590,2913,267,0.86,499,29,0,2,Love exploring new places 🌎,Real
17072,2800,114,7.18,688,90,0,6,Passionate traveler and food lover,Real
43806,4475,148,9.68,798,19,0,11,Sharing moments from my journey,Real
10245,891,395,7.26,220,59,0,11,Love exploring new places 🌎,Fake
45913,3617,324,2.32,899,22,0,7,Check out my website for more updates!,Fake
22406,3779,266,1.53,246,83,0,10,Entrepreneur & lifestyle blogger,Real
41277,2164,277,6.82,487,9,0,3,Photographer and content creator 📸,Real
40518,3297,200,3.15,955,99,0,11,Business inquiries? Contact below 👇,Real
15714,4134,54,9.8,939,42,0,11,Check out my website for more updates!,Fake
43156,2842,71,4.01,480,55,0,7,Check out my website for more updates!,Fake
35889,588,135,0.76,519,15,0,8,DM for collaborations or inquiries!,Real
18129,316,268,1.95,486,92,0,3,Follow for daily inspiration 🌟,Fake
11801,1167,494,8.31,564,67,0,6,Fitness enthusiast 💪 | Health advocate,Fake
6095,623,234,5.41,265,93,0,6,Personal blog | Stay positive ✨,Fake
31882,2532,105,5.4,619,23,0,8,Personal blog | Stay positive ✨,Real
7392,4193,1,8.25,931,66,0,3,Foodie | Reviews and recipes,Fake
19101,2655,362,8.01,471,86,0,4,Sharing moments from my journey,Fake
38778,1880,408,2.33,577,57,0,8,Sharing moments from my journey,Real
1841,3984,123,0.49,711,43,0,11,Foodie | Reviews and recipes,Fake
41066,989,276,1.57,697,39,1,7,Nature lover | Saving the planet 🌍,Real
47078,2078,363,9.75,865,8,0,2,Digital nomad living my best life 🌴,Fake
171,45,428,7.39,611,15,0,2,Personal blog | Stay positive ✨,Fake
38271,4220,276,5.36,652,13,0,8,Nature lover | Saving the planet 🌍,Real
47375,4997,273,5.93,531,91,0,3,Photographer and content creator 📸,Real
31178,337,415,4.19,262,35,0,3,Business inquiries? Contact below 👇,Fake
37090,2278,279,0.21,955,80,0,10,Digital nomad living my best life 🌴,Real
28122,3213,30,3.57,865,35,0,3,DM for collaborations or inquiries!,Fake
15346,4603,287,0.15,545,63,0,2,Follow for daily inspiration 🌟,Fake
45438,1255,426,1.3,156,44,0,4,Follow for daily inspiration 🌟,Fake
15292,482,178,6.98,18,62,0,7,Aspiring artist | Drawing my dreams,Fake
25847,2538,211,8.42,833,35,0,10,Follow for daily inspiration 🌟,Real
34464,3365,309,1.05,218,24,1,11,Fitness enthusiast 💪 | Health advocate,Real
48336,1638,163,5.27,849,17,0,5,Passionate traveler and food lover,Real
42951,3180,448,6.22,772,4,0,5,DM for collaborations or inquiries!,Fake
20409,3839,205,7.37,856,24,0,8,Passionate traveler and food lover,Fake
4565,4100,127,1.05,413,46,0,3,Fitness enthusiast 💪 | Health advocate,Fake
18202,157,31,0.2,477,91,0,4,DM for collaborations or inquiries!,Fake
24338,314,244,1.47,8,33,0,8,Sharing moments from my journey,Real
7663,4214,264,3.17,97,87,0,6,Passionate traveler and food lover,Fake
27082,283,45,5.18,282,76,0,9,Business inquiries? Contact below 👇,Real
32885,3989,370,4.9,92,84,0,6,Love exploring new places 🌎,Real
34797,268,263,7.07,594,28,0,9,Check out my website for more updates!,Real
3169,2025,324,2.87,368,11,0,7,Foodie | Reviews and recipes,Fake
3060,2632,423,2.57,549,79,0,2,Fitness enthusiast 💪 | Health advocate,Fake
22230,1634,449,9.53,746,67,0,6,Business inquiries? Contact below 👇,Fake
22200,2750,336,4.82,451,4,0,2,Sharing moments from my journey,Real
44431,1360,394,7.27,847,86,0,4,Business inquiries? Contact below 👇,Real
49982,2112,399,0.59,179,76,0,5,Business inquiries? Contact below 👇,Real
23966,256,354,0.51,228,9,0,7,Entrepreneur & lifestyle blogger,Real
15361,1195,476,1.52,21,86,0,8,Check out my website for more updates!,Fake
25669,4558,486,6.21,35,44,0,6,Passionate traveler and food lover,Real
29730,2701,391,8.35,854,44,0,3,Follow for daily inspiration 🌟,Real
27640,3201,320,5.58,396,93,0,11,Entrepreneur & lifestyle blogger,Fake
13853,1482,144,4.1,19,70,0,11,Check out my website for more updates!,Fake
35648,1383,44,0.13,903,58,0,5,Check out my website for more updates!,Real
41683,2973,123,0.66,796,72,0,7,Love exploring new places 🌎,Fake
6063,3207,360,3.69,825,92,1,2,Nature lover | Saving the planet 🌍,Fake
42679,4440,188,5.39,162,55,0,10,Digital nomad living my best life 🌴,Fake
18595,2029,342,8.31,870,9,0,6,Entrepreneur & lifestyle blogger,Real
36863,1040,66,7.36,221,70,0,9,Follow for daily inspiration 🌟,Real
28221,76,161,9.31,50,47,0,10,Check out my website for more updates!,Fake
47580,1421,265,7.48,316,70,0,7,Fitness enthusiast 💪 | Health advocate,Fake
19889,3190,68,0.98,941,5,0,7,Digital nomad living my best life 🌴,Real
2462,1905,380,7.32,231,27,1,4,Check out my website for more updates!,Real
8950,1104,343,2.77,465,89,0,5,Fitness enthusiast 💪 | Health advocate,Real
77,3526,240,1.01,519,44,0,8,Business inquiries? Contact below 👇,Fake
38746,4304,434,4.7,392,12,0,7,Sharing moments from my journey,Fake
1328,954,448,7.6,220,8,0,5,Foodie | Reviews and recipes,Fake
9320,2648,93,3.11,986,33,0,2,Personal blog | Stay positive ✨,Fake
41887,4440,126,9.7,705,96,0,9,Love exploring new places 🌎,Fake
21168,1216,312,9.75,905,63,0,10,Personal blog | Stay positive ✨,Real
42643,892,246,5.44,762,21,0,7,Photographer and content creator 📸,Fake
17021,4451,97,5.95,98,38,0,8,Fitness enthusiast 💪 | Health advocate,Real
33454,1136,294,4.63,438,99,0,9,Foodie | Reviews and recipes,Real
15906,3646,160,7.46,510,87,0,9,Nature lover | Saving the planet 🌍,Fake
16660,100,479,4.26,863,29,0,8,Photographer and content creator 📸,Fake
3150,2827,85,4.27,992,83,0,10,Sharing moments from my journey,Real
36440,3049,431,1.92,620,22,0,10,DM for collaborations or inquiries!,Fake
37243,1971,43,1.87,954,83,0,11,Love exploring new places 🌎,Fake
31626,3376,138,0.1,112,25,1,3,Foodie | Reviews and recipes,Fake
46985,3915,186,2.5,632,6,0,9,Photographer and content creator 📸,Fake
14325,2381,83,9.52,693,14,0,2,Check out my website for more updates!,Fake
35152,352,432,7.95,815,85,0,10,Digital nomad living my best life 🌴,Fake
46729,3165,296,8.69,109,91,0,3,Check out my website for more updates!,Fake
46134,3904,224,1.02,510,77,0,2,Fitness enthusiast 💪 | Health advocate,Fake
25337,194,196,0.99,341,1,1,6,Fitness enthusiast 💪 | Health advocate,Real
28671,1581,42,2.66,110,96,0,1,Personal blog | Stay positive ✨,Real
13904,3996,127,8.63,741,26,0,6,Aspiring artist | Drawing my dreams,Real
42144,3929,102,5.61,781,24,0,7,Foodie | Reviews and recipes,Fake
34307,120,376,6.85,710,82,0,4,DM for collaborations or inquiries!,Fake
44101,2766,420,8.29,746,97,0,3,Follow for daily inspiration 🌟,Real
29818,4927,362,8.45,750,33,0,7,Love exploring new places 🌎,Real
1454,247,139,8.41,307,55,0,7,Passionate traveler and food lover,Real
859,1684,450,6.89,914,24,0,8,Entrepreneur & lifestyle blogger,Real
3010,3202,228,5.4,411,18,0,5,Sharing moments from my journey,Real
19639,2892,46,6.82,865,63,0,6,Business inquiries? Contact below 👇,Real
46058,3726,266,4.8,93,95,0,9,Fitness enthusiast 💪 | Health advocate,Fake
19518,586,433,6.84,453,29,0,11,Entrepreneur & lifestyle blogger,Real
34268,1921,308,3.84,352,52,0,8,Love exploring new places 🌎,Fake
6733,980,418,8.08,924,94,0,8,Passionate traveler and food lover,Real
30008,3849,362,1.23,474,97,0,1,Aspiring artist | Drawing my dreams,Fake
21561,2753,361,5.02,573,94,0,10,Sharing moments from my journey,Real
43931,4407,385,9.45,947,16,0,10,Business inquiries? Contact below 👇,Fake
37372,2121,402,3.89,648,34,0,6,Love exploring new places 🌎,Fake
13675,270,160,9.58,806,36,0,11,Follow for daily inspiration 🌟,Fake
18889,4412,132,9.93,633,52,0,6,Digital nomad living my best life 🌴,Fake
43320,4112,493,0.62,517,99,0,9,Foodie | Reviews and recipes,Real
31520,1245,67,0.13,656,26,1,4,Check out my website for more updates!,Fake
17835,4431,241,9.88,893,98,0,10,Sharing moments from my journey,Real
9610,632,384,8.6,693,12,0,6,Nature lover | Saving the planet 🌍,Fake
48549,921,356,8.38,249,73,0,4,Digital nomad living my best life 🌴,Real
15484,4650,206,6.87,599,25,0,7,Check out my website for more updates!,Real
13810,3330,0,6.22,321,11,0,6,Passionate traveler and food lover,Real
15701,2540,407,1.06,402,10,0,10,Personal blog | Stay positive ✨,Fake
10353,4271,472,0.5,965,36,0,6,Nature lover | Saving the planet 🌍,Fake
42496,1257,206,3.05,149,87,0,6,Photographer and content creator 📸,Real
3455,1222,26,0.24,8,8,0,9,Follow for daily inspiration 🌟,Real
39163,3006,406,0.62,143,16,0,7,Business inquiries? Contact below 👇,Fake
49618,2663,91,9.75,46,21,0,10,Personal blog | Stay positive ✨,Real
15652,2515,496,9.85,158,55,0,7,DM for collaborations or inquiries!,Fake
43877,1850,224,9.48,939,59,0,6,Digital nomad living my best life 🌴,Real
10744,3807,393,7.01,94,58,0,7,Foodie | Reviews and recipes,Fake
35052,1104,494,9.37,293,18,0,4,Aspiring artist | Drawing my dreams,Fake
31597,2960,284,9.7,185,14,0,5,Passionate traveler and food lover,Real
27460,403,333,7.11,404,61,0,2,Photographer and content creator 📸,Fake
47714,263,355,0.22,656,40,0,8,Fitness enthusiast 💪 | Health advocate,Real
35980,1601,223,1.37,887,16,0,4,DM for collaborations or inquiries!,Real
39949,4359,495,2.68,899,52,1,9,Follow for daily inspiration 🌟,Fake
4243,4588,87,3.6,909,38,0,5,Follow for daily inspiration 🌟,Fake
4595,4149,393,0.19,572,91,0,3,Business inquiries? Contact below 👇,Real
21094,63,245,6.28,83,61,0,6,Business inquiries? Contact below 👇,Fake
37995,681,384,0.45,411,23,0,10,Digital nomad living my best life 🌴,Fake
43410,2900,420,8.63,6,25,0,6,Foodie | Reviews and recipes,Real
22883,3877,270,9.63,973,91,0,3,Passionate traveler and food lover,Real
49385,832,225,0.04,688,34,0,2,Aspiring artist | Drawing my dreams,Fake
27252,3767,139,7.78,464,25,0,4,Passionate traveler and food lover,Real
23147,1898,316,8.33,436,46,1,6,Nature lover | Saving the planet 🌍,Fake
44991,4241,266,5.13,187,46,0,10,Foodie | Reviews and recipes,Real
17352,3808,11,3.77,143,12,0,10,DM for collaborations or inquiries!,Real
14095,1857,411,0.94,951,39,0,4,Photographer and content creator 📸,Real
2607,1786,466,3.18,316,17,0,2,Nature lover | Saving the planet 🌍,Real
33289,2634,324,9.83,458,2,0,9,Digital nomad living my best life 🌴,Fake
12153,2767,418,6.11,405,16,0,10,DM for collaborations or inquiries!,Fake
22242,1798,36,8.58,290,20,0,3,Business inquiries? Contact below 👇,Real
46161,1845,23,3.63,121,17,0,2,Passionate traveler and food lover,Fake
40282,684,53,1.12,388,13,1,4,Digital nomad living my best life 🌴,Fake
38475,2652,81,4.23,838,74,0,1,Nature lover | Saving the planet 🌍,Fake
29017,1402,428,9.81,798,97,0,4,Business inquiries? Contact below 👇,Real
23006,2945,69,1.53,710,85,0,7,Follow for daily inspiration 🌟,Real
34449,4433,288,5.74,289,10,0,9,Sharing moments from my journey,Real
12053,409,399,0.92,566,46,0,4,Love exploring new places 🌎,Real
22032,4129,89,3.4,802,59,0,8,Check out my website for more updates!,Real
39536,1962,82,4.63,16,31,0,11,Check out my website for more updates!,Real
15223,4288,152,3.63,726,94,0,9,Foodie | Reviews and recipes,Fake
40299,2390,303,0.24,504,62,0,2,Follow for daily inspiration 🌟,Fake
10319,4465,75,1.24,127,24,0,6,Photographer and content creator 📸,Real
35960,1081,260,1.03,620,35,0,10,Love exploring new places 🌎,Real
13360,76,243,1.87,634,30,0,6,Sharing moments from my journey,Real
32068,96,464,3.03,943,75,0,1,Personal blog | Stay positive ✨,Fake
31814,3602,393,8.77,755,76,0,9,Foodie | Reviews and recipes,Fake
11187,173,188,2.63,210,20,0,5,Nature lover | Saving the planet 🌍,Real
36724,781,311,5.29,456,46,0,11,Business inquiries? Contact below 👇,Fake
11009,970,372,5.21,819,18,0,9,Nature lover | Saving the planet 🌍,Real
15993,493,3,6.11,338,78,0,5,Sharing moments from my journey,Real
49446,1520,355,6.89,308,41,0,10,Business inquiries? Contact below 👇,Real
35288,3271,154,5.89,645,75,0,2,Check out my website for more updates!,Fake
26417,2797,400,0.95,802,93,0,8,Check out my website for more updates!,Real
17987,4332,133,8.79,831,55,0,5,Check out my website for more updates!,Real
34704,435,38,5.95,448,78,0,7,Check out my website for more updates!,Real
6575,840,203,2.41,359,98,0,9,Passionate traveler and food lover,Real
4094,3526,63,9.9,895,38,0,11,Follow for daily inspiration 🌟,Real
11640,2497,206,8.17,39,85,0,9,Follow for daily inspiration 🌟,Real
14446,1044,429,8.32,416,33,0,5,Nature lover | Saving the planet 🌍,Real
36160,4836,184,8.69,351,56,0,4,Personal blog | Stay positive ✨,Real
26108,4492,163,9.54,453,16,1,9,Nature lover | Saving the planet 🌍,Fake
42380,694,447,1.52,881,95,0,3,Business inquiries? Contact below 👇,Fake
35887,1493,196,1.94,588,65,0,9,Nature lover | Saving the planet 🌍,Fake
38202,3402,272,1.42,90,42,0,6,Entrepreneur & lifestyle blogger,Real
17493,1980,113,8.33,143,87,0,9,Nature lover | Saving the planet 🌍,Fake
6838,3339,34,9.87,613,52,0,9,Aspiring artist | Drawing my dreams,Real
16969,2697,389,1.32,143,31,0,8,Business inquiries? Contact below 👇,Real
24283,844,45,3.78,325,64,0,9,Aspiring artist | Drawing my dreams,Fake
31039,1030,128,7.44,264,99,0,3,Nature lover | Saving the planet 🌍,Fake
40129,229,486,3.74,25,26,0,10,Entrepreneur & lifestyle blogger,Fake
8544,80,360,4.91,993,75,0,2,Aspiring artist | Drawing my dreams,Real
22047,2561,490,6.63,806,86,0,7,Love exploring new places 🌎,Fake
15289,2844,379,8.46,6,94,0,7,Digital nomad living my best life 🌴,Real
22562,703,287,1.89,272,34,0,8,Love exploring new places 🌎,Real
20243,738,268,6.74,390,72,1,9,Foodie | Reviews and recipes,Real
40343,4703,298,2.12,646,3,0,9,Aspiring artist | Drawing my dreams,Real
20114,852,439,8.5,919,53,0,6,Business inquiries? Contact below 👇,Fake
17366,92,95,6.51,596,23,0,9,Love exploring new places 🌎,Fake
17210,2834,382,0.23,782,44,0,8,Follow for daily inspiration 🌟,Fake
19179,328,68,7.35,123,29,0,5,Love exploring new places 🌎,Fake
45158,4737,228,0.76,295,97,0,2,DM for collaborations or inquiries!,Real
38150,2211,151,7.63,794,66,0,8,Fitness enthusiast 💪 | Health advocate,Fake
1007,130,323,8.31,589,57,0,4,DM for collaborations or inquiries!,Fake
5139,3710,309,9.98,146,61,0,5,Aspiring artist | Drawing my dreams,Fake
37120,3753,157,8.26,460,75,0,2,Aspiring artist | Drawing my dreams,Fake
15661,217,111,1.58,912,50,1,7,Photographer and content creator 📸,Real
36997,4621,436,5.86,545,49,0,2,Nature lover | Saving the planet 🌍,Real
39139,976,22,9.56,575,67,0,9,Passionate traveler and food lover,Real
39540,1893,363,8.09,677,80,0,9,DM for collaborations or inquiries!,Real
26268,3775,27,9.76,282,68,0,4,Love exploring new places 🌎,Real
24079,4767,168,9.66,131,32,1,8,Digital nomad living my best life 🌴,Real
6732,1440,486,1.25,550,93,0,10,Follow for daily inspiration 🌟,Fake
46155,2400,171,8.27,71,37,0,4,Business inquiries? Contact below 👇,Fake
3858,2630,491,3.96,451,93,0,4,Personal blog | Stay positive ✨,Fake
24930,4433,287,7.84,496,57,0,2,Passionate traveler and food lover,Real
47508,1140,383,7.66,522,97,0,8,Digital nomad living my best life 🌴,Fake
34319,859,369,0.8,424,91,0,10,DM for collaborations or inquiries!,Real
10835,4651,368,7.08,563,37,0,10,Personal blog | Stay positive ✨,Fake
47245,2153,386,6.69,417,78,0,6,Sharing moments from my journey,Fake
29527,4079,129,0.16,863,22,0,10,Foodie | Reviews and recipes,Real
28613,4469,303,0.98,617,90,0,10,Personal blog | Stay positive ✨,Fake
6927,4959,290,5.65,118,1,0,9,Personal blog | Stay positive ✨,Real
46299,44,486,7.06,41,74,0,7,Aspiring artist | Drawing my dreams,Real
13319,1368,308,7.67,938,44,0,7,Photographer and content creator 📸,Fake
5185,2511,353,0.6,962,65,0,8,Aspiring artist | Drawing my dreams,Real
24492,260,310,4.9,30,84,0,5,Aspiring artist | Drawing my dreams,Fake
28104,4992,277,3.73,643,37,0,4,Aspiring artist | Drawing my dreams,Real
3043,1201,381,7.19,450,87,1,7,Fitness enthusiast 💪 | Health advocate,Real
41254,777,89,6.71,267,18,0,9,Passionate traveler and food lover,Real
27169,920,302,4.27,50,0,0,10,Aspiring artist | Drawing my dreams,Fake
32611,204,136,7.22,85,15,0,10,Follow for daily inspiration 🌟,Real
39134,2266,492,9.24,296,74,0,6,Nature lover | Saving the planet 🌍,Fake
32492,1180,349,7.73,691,54,0,10,Photographer and content creator 📸,Real
11479,4146,78,8.26,859,9,0,10,Photographer and content creator 📸,Real
21027,1910,2,6.14,942,76,0,2,Check out my website for more updates!,Fake
4920,1821,435,7.8,607,53,0,8,Passionate traveler and food lover,Fake
38532,201,94,7.43,3,62,1,2,Digital nomad living my best life 🌴,Fake
47781,634,18,6.98,501,37,0,5,Foodie | Reviews and recipes,Real
4138,2948,116,2.66,122,39,0,6,Love exploring new places 🌎,Real
45107,3637,75,9.95,973,88,0,4,DM for collaborations or inquiries!,Fake
40946,740,291,3.37,311,23,0,2,Aspiring artist | Drawing my dreams,Real
31513,4033,155,7.61,952,15,0,10,Digital nomad living my best life 🌴,Fake
35169,4233,175,5.82,181,15,0,4,Nature lover | Saving the planet 🌍,Real
4951,4587,326,6.59,835,21,0,11,Check out my website for more updates!,Fake
4621,3163,19,8.89,556,54,0,3,Photographer and content creator 📸,Real
9382,520,492,4.88,234,34,0,6,Love exploring new places 🌎,Real
41515,4592,206,8.58,543,23,0,8,Entrepreneur & lifestyle blogger,Fake
46699,3951,11,8.18,530,20,0,6,DM for collaborations or inquiries!,Fake
32652,2558,496,0.01,649,68,0,4,Entrepreneur & lifestyle blogger,Real
1422,4449,196,2.65,972,56,0,5,Fitness enthusiast 💪 | Health advocate,Fake
4560,1110,374,8.8,965,83,0,3,Digital nomad living my best life 🌴,Fake
14420,3390,478,6.96,405,47,0,2,Sharing moments from my journey,Real
43734,2589,128,6.8,861,6,0,10,Aspiring artist | Drawing my dreams,Fake
584,4372,488,1.0,213,29,0,9,Aspiring artist | Drawing my dreams,Fake
19773,1442,295,9.28,157,58,0,11,Personal blog | Stay positive ✨,Real
46082,567,115,2.96,765,55,0,11,Sharing moments from my journey,Real
9549,1844,278,5.73,407,48,0,8,Follow for daily inspiration 🌟,Fake
44191,4713,175,9.04,227,52,1,2,Photographer and content creator 📸,Fake
12436,2657,145,7.75,180,9,0,6,Personal blog | Stay positive ✨,Fake
14619,3218,164,2.17,455,56,0,10,Aspiring artist | Drawing my dreams,Fake
31416,911,36,0.26,638,66,0,2,Foodie | Reviews and recipes,Real
32026,1268,345,6.17,217,52,0,4,Aspiring artist | Drawing my dreams,Real
5021,3677,146,3.89,144,12,0,1,Photographer and content creator 📸,Real
7602,1852,493,7.96,622,4,0,9,Entrepreneur & lifestyle blogger,Fake
44641,433,249,4.99,581,8,1,5,Check out my website for more updates!,Real
19023,2925,409,1.56,912,10,0,5,Personal blog | Stay positive ✨,Fake
34558,1891,255,2.61,897,8,0,7,Passionate traveler and food lover,Real
13605,3186,84,3.8,642,11,0,7,Love exploring new places 🌎,Real
13950,424,333,7.53,58,27,0,10,Entrepreneur & lifestyle blogger,Real
13169,951,92,4.31,607,76,0,2,Photographer and content creator 📸,Real
28693,995,214,2.98,444,40,0,2,Entrepreneur & lifestyle blogger,Fake
23056,4771,321,4.09,712,68,0,7,Entrepreneur & lifestyle blogger,Fake
28562,2576,422,0.04,261,3,0,2,Entrepreneur & lifestyle blogger,Fake
34362,327,20,1.7,943,4,0,11,Photographer and content creator 📸,Fake
33746,630,253,3.35,303,0,0,3,Aspiring artist | Drawing my dreams,Fake
23977,1521,424,1.48,764,38,0,5,Check out my website for more updates!,Fake
47331,3215,146,6.36,199,82,0,5,Passionate traveler and food lover,Real
30863,2936,305,1.36,341,55,0,6,Aspiring artist | Drawing my dreams,Real
28412,181,303,2.94,895,92,0,4,Love exploring new places 🌎,Fake
16874,1234,55,6.44,837,12,0,8,Check out my website for more updates!,Real
27850,523,308,7.8,240,91,0,9,Digital nomad living my best life 🌴,Fake
29435,3216,252,9.1,819,17,0,11,Passionate traveler and food lover,Fake
6803,4582,255,6.85,10,12,0,10,Passionate traveler and food lover,Real
31632,1500,292,6.17,864,55,0,6,Nature lover | Saving the planet 🌍,Fake
44173,2288,381,5.95,171,84,0,4,Photographer and content creator 📸,Fake
29640,3412,459,5.81,830,67,1,4,Nature lover | Saving the planet 🌍,Fake
22875,3147,41,0.49,496,3,0,10,Foodie | Reviews and recipes,Real
11573,388,99,1.29,464,59,0,8,Follow for daily inspiration 🌟,Fake
22299,4886,350,3.62,797,12,0,10,Check out my website for more updates!,Fake
7055,1416,263,8.92,906,50,0,6,Entrepreneur & lifestyle blogger,Real
16702,1048,161,3.44,727,50,0,8,Sharing moments from my journey,Fake
9744,3066,409,8.08,363,46,0,8,DM for collaborations or inquiries!,Real
27903,3642,450,9.11,193,38,0,2,Follow for daily inspiration 🌟,Fake
36279,4386,151,8.42,510,29,0,9,Check out my website for more updates!,Fake
40126,765,279,4.16,787,16,0,7,Aspiring artist | Drawing my dreams,Real
11533,4752,84,1.6,8,8,0,5,Business inquiries? Contact below 👇,Fake
27473,1759,284,7.84,346,52,0,7,Digital nomad living my best life 🌴,Fake
48483,3642,75,0.49,462,70,0,9,Fitness enthusiast 💪 | Health advocate,Fake
47257,483,409,5.63,869,16,0,10,Check out my website for more updates!,Fake
43158,267,200,7.22,181,60,0,6,Entrepreneur & lifestyle blogger,Real
19371,855,338,7.73,988,31,0,3,Love exploring new places 🌎,Fake
45953,2096,107,7.96,685,4,0,3,Photographer and content creator 📸,Real
8460,3738,348,2.14,255,6,0,7,Follow for daily inspiration 🌟,Fake
47885,779,498,2.31,513,69,0,3,Passionate traveler and food lover,Fake
33689,269,204,7.34,796,21,0,2,Check out my website for more updates!,Fake
7131,1476,242,6.98,379,7,1,4,DM for collaborations or inquiries!,Real
39332,1912,416,9.96,410,81,0,3,Digital nomad living my best life 🌴,Fake
28710,1128,27,7.0,305,28,0,2,Personal blog | Stay positive ✨,Real
45652,4491,51,3.05,653,85,0,4,Personal blog | Stay positive ✨,Real
6383,2394,162,0.52,335,13,0,4,Business inquiries? Contact below 👇,Fake
49265,3834,273,4.9,644,96,0,5,Love exploring new places 🌎,Real
24095,4454,459,9.6,56,66,0,11,Fitness enthusiast 💪 | Health advocate,Real
48128,4817,74,0.58,628,48,1,4,Passionate traveler and food lover,Real
33326,4559,463,7.03,240,43,0,5,Check out my website for more updates!,Fake
32724,1495,5,8.72,969,78,1,11,Personal blog | Stay positive ✨,Real
11482,2761,62,8.12,635,37,0,9,Business inquiries? Contact below 👇,Fake
20455,520,479,1.51,116,91,0,3,Entrepreneur & lifestyle blogger,Real
30271,2488,346,6.3,659,80,1,7,Entrepreneur & lifestyle blogger,Fake
40236,1102,290,1.64,70,79,0,7,Business inquiries? Contact below 👇,Fake
29407,529,386,9.74,59,15,0,4,Passionate traveler and food lover,Fake
20365,3807,195,6.69,367,54,0,6,Passionate traveler and food lover,Fake
33210,1174,285,1.83,919,34,0,11,Photographer and content creator 📸,Fake
19705,3780,473,2.42,356,56,0,2,Foodie | Reviews and recipes,Real
33455,4732,396,3.66,271,81,0,8,Photographer and content creator 📸,Real
12866,2257,282,7.66,307,34,0,5,Personal blog | Stay positive ✨,Fake
16266,3425,357,1.78,442,18,0,2,Photographer and content creator 📸,Fake
24121,3860,47,2.59,448,75,0,3,Fitness enthusiast 💪 | Health advocate,Real
31142,2732,335,9.1,47,97,0,5,Business inquiries? Contact below 👇,Fake
26315,4073,308,2.41,534,30,0,4,Fitness enthusiast 💪 | Health advocate,Fake
39115,3888,71,4.24,341,17,0,2,Foodie | Reviews and recipes,Fake
28558,2594,416,5.61,445,65,0,4,Aspiring artist | Drawing my dreams,Real
47430,4675,321,0.8,760,65,0,5,Nature lover | Saving the planet 🌍,Real
46787,3728,467,2.28,86,84,0,2,Check out my website for more updates!,Fake
9631,1632,147,8.84,169,83,0,7,Check out my website for more updates!,Real
31210,4550,406,4.98,321,31,0,11,Nature lover | Saving the planet 🌍,Fake
3944,3139,261,2.92,47,3,0,6,Photographer and content creator 📸,Fake
43701,1833,60,4.55,865,66,0,2,Passionate traveler and food lover,Real
34122,4115,381,8.46,888,51,0,2,Fitness enthusiast 💪 | Health advocate,Real
39083,408,99,9.74,160,69,0,9,Sharing moments from my journey,Fake
34134,681,48,0.01,915,84,0,3,Digital nomad living my best life 🌴,Real
48799,3222,393,0.93,658,32,0,3,Foodie | Reviews and recipes,Fake
14177,2975,117,2.16,486,21,0,7,Digital nomad living my best life 🌴,Real
22140,699,128,0.14,112,66,0,6,Entrepreneur & lifestyle blogger,Fake
38898,4831,298,0.35,479,39,0,8,Aspiring artist | Drawing my dreams,Fake
31463,2320,84,4.09,266,83,0,1,Photographer and content creator 📸,Fake
46704,4518,251,4.88,902,67,0,7,Digital nomad living my best life 🌴,Fake
31037,2686,71,8.31,359,30,0,10,Foodie | Reviews and recipes,Real
362,2681,412,1.52,466,4,0,9,Personal blog | Stay positive ✨,Fake
21043,1413,439,7.64,992,38,0,2,Sharing moments from my journey,Fake
49777,4238,153,5.92,871,94,0,2,Digital nomad living my best life 🌴,Fake
36266,881,194,2.0,536,21,0,10,Digital nomad living my best life 🌴,Fake
18876,2232,249,3.09,6,35,0,2,Aspiring artist | Drawing my dreams,Fake
29735,3073,23,2.24,40,11,0,6,Aspiring artist | Drawing my dreams,Fake
27565,4880,46,2.8,568,82,0,9,Business inquiries? Contact below 👇,Fake
27576,2606,481,5.76,14,64,0,6,Passionate traveler and food lover,Real
24924,3279,346,7.58,433,36,0,6,Sharing moments from my journey,Fake
47012,1246,236,2.48,385,3,1,3,Photographer and content creator 📸,Real
24188,671,177,7.33,279,0,1,10,Sharing moments from my journey,Fake
18292,3117,418,5.97,659,11,0,4,Aspiring artist | Drawing my dreams,Fake
16102,585,101,7.69,590,52,0,11,Photographer and content creator 📸,Real
48471,3134,443,2.39,334,62,0,10,Photographer and content creator 📸,Real
5113,1681,291,5.55,809,99,0,8,Photographer and content creator 📸,Real
16991,1745,213,2.95,707,67,0,11,Sharing moments from my journey,Fake
27610,4556,38,0.5,472,9,0,7,Foodie | Reviews and recipes,Real
19456,3776,276,8.23,480,67,0,2,Check out my website for more updates!,Real
27253,4446,347,8.29,961,89,0,9,Foodie | Reviews and recipes,Fake
13339,645,127,3.16,819,71,0,1,Foodie | Reviews and recipes,Real
10613,2146,26,9.78,194,71,0,4,Personal blog | Stay positive ✨,Fake
33345,916,327,2.3,153,86,0,5,Photographer and content creator 📸,Fake
4491,616,338,3.84,380,93,0,4,Passionate traveler and food lover,Fake
18361,1404,118,7.37,947,48,0,3,Passionate traveler and food lover,Fake
28232,4871,334,9.63,893,93,0,4,Passionate traveler and food lover,Fake
17302,4481,123,0.83,441,56,0,2,Photographer and content creator 📸,Fake
42299,4669,224,6.91,202,1,0,2,Foodie | Reviews and recipes,Fake
40368,1233,173,9.37,801,99,0,6,Photographer and content creator 📸,Fake
10354,3367,36,9.84,73,12,0,8,Personal blog | Stay positive ✨,Real
47189,3371,233,5.3,766,39,0,4,Love exploring new places 🌎,Real
7334,2204,291,9.07,243,48,1,3,Personal blog | Stay positive ✨,Fake
9739,3707,231,9.99,434,67,0,5,Passionate traveler and food lover,Real
38895,1602,458,6.24,917,17,0,7,Sharing moments from my journey,Fake
45389,1013,321,4.86,950,99,0,4,Sharing moments from my journey,Real
13937,1207,115,2.99,652,18,0,3,Love exploring new places 🌎,Fake
35549,1787,306,9.12,465,57,0,8,Personal blog | Stay positive ✨,Fake
34008,4133,446,7.78,226,59,0,3,Nature lover | Saving the planet 🌍,Fake
33289,4837,351,5.94,623,7,0,6,Photographer and content creator 📸,Fake
48939,3043,168,8.81,452,56,0,4,Fitness enthusiast 💪 | Health advocate,Real
42610,4340,195,1.98,505,65,0,5,Passionate traveler and food lover,Real
18871,2790,133,0.63,359,77,0,5,Business inquiries? Contact below 👇,Fake
38098,102,61,2.75,118,55,0,1,Aspiring artist | Drawing my dreams,Fake
37214,4585,449,7.09,764,11,0,4,Fitness enthusiast 💪 | Health advocate,Fake
14644,1383,308,3.86,83,28,1,9,Aspiring artist | Drawing my dreams,Real
22112,193,170,5.96,558,45,0,2,Check out my website for more updates!,Real
38302,751,78,7.49,594,72,1,6,Fitness enthusiast 💪 | Health advocate,Real
16517,1290,101,3.63,38,78,0,5,Follow for daily inspiration 🌟,Fake
37579,3401,177,0.78,701,54,1,3,Foodie | Reviews and recipes,Real
47739,2298,445,3.79,98,26,0,10,Aspiring artist | Drawing my dreams,Fake
47441,3261,433,8.11,787,74,0,5,Nature lover | Saving the planet 🌍,Fake
4960,1086,183,5.56,162,58,0,8,Digital nomad living my best life 🌴,Real
34002,2043,415,9.74,965,47,0,9,Passionate traveler and food lover,Fake
14664,4544,431,7.18,288,52,1,2,Foodie | Reviews and recipes,Real
31908,1738,347,8.95,603,64,0,10,Fitness enthusiast 💪 | Health advocate,Real
39264,3393,112,3.17,417,26,0,2,Passionate traveler and food lover,Real
2405,4470,135,6.84,985,97,0,4,Entrepreneur & lifestyle blogger,Real
42814,460,451,9.64,68,60,0,10,Business inquiries? Contact below 👇,Real
19616,4363,122,1.11,498,48,0,3,Love exploring new places 🌎,Fake
12434,4601,254,4.84,358,24,0,1,Personal blog | Stay positive ✨,Fake
34804,3009,398,8.53,548,34,0,3,Nature lover | Saving the planet 🌍,Real
33681,4221,43,6.5,910,7,0,11,Photographer and content creator 📸,Fake
19358,2113,200,3.18,810,75,0,6,Aspiring artist | Drawing my dreams,Real
42181,4163,394,8.84,412,84,0,10,Fitness enthusiast 💪 | Health advocate,Real
37328,1569,287,1.59,906,89,0,9,Nature lover | Saving the planet 🌍,Fake
42272,1809,280,0.2,122,72,0,2,Photographer and content creator 📸,Fake
33115,4922,328,5.6,647,90,0,9,Foodie | Reviews and recipes,Real
49797,3888,312,2.27,572,2,0,4,DM for collaborations or inquiries!,Real
45582,654,269,3.16,983,16,0,4,Passionate traveler and food lover,Real
33444,4057,329,9.77,65,83,0,6,Sharing moments from my journey,Fake
5052,195,240,0.57,239,89,0,11,Sharing moments from my journey,Fake
17871,4507,11,8.09,770,93,0,3,Digital nomad living my best life 🌴,Fake
42109,4501,267,8.72,582,60,0,2,Digital nomad living my best life 🌴,Real
23920,1112,337,5.85,944,57,0,11,DM for collaborations or inquiries!,Real
36907,3505,161,7.15,418,87,0,4,Entrepreneur & lifestyle blogger,Fake
27895,1730,177,2.62,41,41,0,10,Fitness enthusiast 💪 | Health advocate,Real
9086,4881,165,9.67,434,93,0,7,Digital nomad living my best life 🌴,Fake
2937,3726,100,3.78,574,1,0,8,Check out my website for more updates!,Real
44432,3994,84,5.87,446,2,0,8,Love exploring new places 🌎,Fake
29117,867,419,1.78,117,61,0,4,DM for collaborations or inquiries!,Fake
41269,3715,65,2.77,927,50,0,6,DM for collaborations or inquiries!,Real
774,1819,353,2.05,460,7,0,5,Sharing moments from my journey,Real
999,2946,290,3.05,690,72,0,11,Aspiring artist | Drawing my dreams,Real
7206,2666,52,0.2,614,63,0,2,Entrepreneur & lifestyle blogger,Real
8320,1466,413,7.15,704,39,1,8,Entrepreneur & lifestyle blogger,Fake
6447,3828,112,8.96,559,64,1,3,Entrepreneur & lifestyle blogger,Fake
5422,2799,97,8.54,590,10,0,9,Fitness enthusiast 💪 | Health advocate,Real
15760,345,471,5.31,81,60,0,4,Entrepreneur & lifestyle blogger,Real
23846,1337,213,1.56,985,25,0,2,Foodie | Reviews and recipes,Fake
48985,2142,91,7.1,851,66,0,6,Personal blog | Stay positive ✨,Real
9057,3707,478,3.04,642,48,0,10,Aspiring artist | Drawing my dreams,Fake
33830,514,350,3.66,702,20,0,9,Entrepreneur & lifestyle blogger,Fake
17410,1798,102,4.5,885,74,0,2,Nature lover | Saving the planet 🌍,Real
8996,3203,39,1.44,998,3,0,7,Personal blog | Stay positive ✨,Real
19161,3637,258,7.37,275,66,0,3,Fitness enthusiast 💪 | Health advocate,Real
23893,709,452,0.46,942,55,0,3,Aspiring artist | Drawing my dreams,Real
1138,1360,245,7.06,428,72,0,11,Personal blog | Stay positive ✨,Real
34548,2130,229,2.98,801,96,0,8,Nature lover | Saving the planet 🌍,Fake
22836,3906,203,1.31,821,53,0,3,Foodie | Reviews and recipes,Real
17631,600,142,7.74,412,14,0,7,Follow for daily inspiration 🌟,Fake
45504,2161,92,6.65,534,15,1,6,Sharing moments from my journey,Real
36071,2826,90,2.75,448,40,1,4,Digital nomad living my best life 🌴,Real
41605,1490,496,1.07,275,31,0,6,Nature lover | Saving the planet 🌍,Real
33927,4220,68,7.36,43,63,0,5,Personal blog | Stay positive ✨,Fake
32648,2071,244,4.94,121,52,0,3,Photographer and content creator 📸,Fake
22077,845,247,4.24,617,71,0,9,Nature lover | Saving the planet 🌍,Fake
40617,4435,410,4.31,409,55,0,7,Sharing moments from my journey,Fake
49441,4310,154,0.75,970,90,0,3,Fitness enthusiast 💪 | Health advocate,Fake
13081,820,240,2.26,581,94,0,9,Personal blog | Stay positive ✨,Real
15781,226,247,0.43,40,68,0,3,Business inquiries? Contact below 👇,Fake
34985,3599,343,5.61,913,89,0,7,Love exploring new places 🌎,Fake
22976,2249,263,8.92,63,13,0,6,Entrepreneur & lifestyle blogger,Fake
40550,3314,210,0.87,377,6,0,6,Personal blog | Stay positive ✨,Fake
43264,565,107,3.04,79,21,0,5,Nature lover | Saving the planet 🌍,Real
46624,3011,126,8.35,782,80,0,2,Follow for daily inspiration 🌟,Fake
21872,4286,408,4.0,599,83,0,9,Nature lover | Saving the planet 🌍,Fake
35744,1020,44,5.05,265,84,0,9,Nature lover | Saving the planet 🌍,Fake
32729,772,181,7.92,594,41,0,6,Love exploring new places 🌎,Fake
43448,4852,52,0.13,380,25,0,11,Entrepreneur & lifestyle blogger,Fake
18520,545,40,1.83,680,3,0,10,Personal blog | Stay positive ✨,Real
23805,2385,64,6.28,244,96,0,3,DM for collaborations or inquiries!,Real
2380,50,173,6.88,824,67,1,6,Love exploring new places 🌎,Real
42111,2037,231,9.82,509,63,0,6,Fitness enthusiast 💪 | Health advocate,Real
10076,279,15,0.73,612,63,0,5,Photographer and content creator 📸,Real
16557,174,11,0.89,596,42,0,7,Passionate traveler and food lover,Real
9936,3403,241,2.5,929,63,0,9,Nature lover | Saving the planet 🌍,Fake
3107,3652,184,3.89,122,2,0,7,Fitness enthusiast 💪 | Health advocate,Real
49617,4353,391,8.28,835,90,0,2,Personal blog | Stay positive ✨,Real
24713,1587,177,2.15,448,96,0,5,Digital nomad living my best life 🌴,Real
4881,3538,450,7.23,643,72,0,8,Sharing moments from my journey,Fake
45194,301,303,0.42,648,74,0,2,Entrepreneur & lifestyle blogger,Fake
48891,2930,392,4.65,149,94,0,10,Follow for daily inspiration 🌟,Fake
44045,1808,5,5.0,126,36,0,5,Nature lover | Saving the planet 🌍,Fake
46339,428,336,1.88,312,42,0,5,Fitness enthusiast 💪 | Health advocate,Real
14901,2887,342,1.77,64,64,0,9,DM for collaborations or inquiries!,Fake
29110,2635,330,5.9,759,47,0,9,Personal blog | Stay positive ✨,Real
28291,1662,433,4.52,272,39,0,10,Business inquiries? Contact below 👇,Fake
42330,4557,472,1.58,368,90,0,3,Personal blog | Stay positive ✨,Fake
35914,4945,474,6.04,218,16,0,5,Follow for daily inspiration 🌟,Real
17474,4699,292,3.1,382,68,0,7,Follow for daily inspiration 🌟,Fake
17385,3730,436,8.02,856,68,0,9,Fitness enthusiast 💪 | Health advocate,Real
31473,159,194,0.39,264,76,0,11,DM for collaborations or inquiries!,Fake
10496,43,304,7.14,119,87,0,6,Aspiring artist | Drawing my dreams,Real
12691,2330,473,6.42,657,75,0,9,Digital nomad living my best life 🌴,Fake
48004,2743,28,1.52,409,90,0,2,DM for collaborations or inquiries!,Fake
387,4740,333,5.15,179,24,0,9,Check out my website for more updates!,Fake
23841,2356,410,1.55,102,2,0,9,Photographer and content creator 📸,Real
5243,2146,133,9.86,44,44,0,4,Nature lover | Saving the planet 🌍,Fake
11338,2978,411,7.71,740,95,0,6,Follow for daily inspiration 🌟,Fake
8991,1381,128,2.18,720,85,1,7,Follow for daily inspiration 🌟,Fake
8396,1020,306,7.19,283,38,0,4,Entrepreneur & lifestyle blogger,Fake
4563,4840,24,4.02,354,5,0,4,Foodie | Reviews and recipes,Real
49584,2292,294,5.62,293,79,0,4,Fitness enthusiast 💪 | Health advocate,Fake
32700,1699,77,7.33,238,88,0,5,Nature lover | Saving the planet 🌍,Real
14540,336,99,1.86,453,74,0,10,Foodie | Reviews and recipes,Fake
25154,457,176,9.89,463,31,1,8,Love exploring new places 🌎,Fake
23766,3239,95,5.23,898,24,0,5,Digital nomad living my best life 🌴,Real
47720,2891,433,4.85,437,80,0,5,Personal blog | Stay positive ✨,Real
27541,801,123,9.13,506,14,0,8,Love exploring new places 🌎,Real
31040,1869,36,3.59,451,91,0,5,Fitness enthusiast 💪 | Health advocate,Real
31729,1618,20,1.18,784,41,0,10,Passionate traveler and food lover,Fake
43175,1800,116,0.77,970,83,0,8,DM for collaborations or inquiries!,Fake
11776,84,311,5.84,45,53,0,7,DM for collaborations or inquiries!,Real
34033,3001,374,4.5,306,95,0,4,Sharing moments from my journey,Real
30216,275,388,3.15,834,31,0,8,Aspiring artist | Drawing my dreams,Fake
34866,4911,334,0.98,363,62,0,6,Sharing moments from my journey,Real
43846,3119,128,2.53,329,82,0,11,Digital nomad living my best life 🌴,Real
44294,4035,137,2.46,158,6,0,9,Nature lover | Saving the planet 🌍,Real
48502,3410,84,3.29,151,30,0,7,Fitness enthusiast 💪 | Health advocate,Fake
21884,38,205,8.28,104,65,0,10,Photographer and content creator 📸,Fake
13437,1769,56,3.08,974,73,0,2,Fitness enthusiast 💪 | Health advocate,Real
15200,1150,310,5.74,528,55,0,11,Nature lover | Saving the planet 🌍,Real
40643,4577,405,0.76,598,96,0,7,Nature lover | Saving the planet 🌍,Real
20872,4077,421,7.89,812,91,0,11,Personal blog | Stay positive ✨,Fake
46585,3829,288,5.03,206,70,0,5,Personal blog | Stay positive ✨,Fake
5012,4094,53,6.82,955,16,0,5,Passionate traveler and food lover,Real
31594,4801,327,3.84,184,59,0,5,Sharing moments from my journey,Fake
22921,4263,140,7.25,255,92,1,2,Follow for daily inspiration 🌟,Fake
9596,2943,467,2.87,703,62,1,5,Entrepreneur & lifestyle blogger,Fake
44164,362,164,8.8,692,51,0,10,Foodie | Reviews and recipes,Fake
37147,3961,94,8.34,518,58,0,8,DM for collaborations or inquiries!,Real
3480,4549,382,0.94,228,20,0,7,Fitness enthusiast 💪 | Health advocate,Fake
41298,2245,415,9.35,153,82,0,6,Digital nomad living my best life 🌴,Real
39208,1796,391,6.16,194,64,0,3,Passionate traveler and food lover,Real
28332,4716,391,4.41,871,50,0,8,Digital nomad living my best life 🌴,Real
45603,3347,375,6.43,536,43,0,11,Aspiring artist | Drawing my dreams,Fake
22227,874,412,6.73,234,95,0,10,Digital nomad living my best life 🌴,Fake
26230,1883,5,5.86,213,78,0,10,Foodie | Reviews and recipes,Real
1029,873,215,9.92,976,30,0,10,Entrepreneur & lifestyle blogger,Fake
1465,1769,332,9.62,399,86,0,11,DM for collaborations or inquiries!,Fake
262,849,397,4.48,288,67,0,3,Nature lover | Saving the planet 🌍,Real
4270,2576,47,3.74,206,84,0,2,Love exploring new places 🌎,Fake
30861,3741,11,1.58,619,21,1,4,Personal blog | Stay positive ✨,Real
24096,2314,36,1.93,792,99,0,11,Check out my website for more updates!,Fake
32313,1600,3,1.89,158,60,0,11,Follow for daily inspiration 🌟,Real
46127,2917,80,4.37,593,60,0,4,Follow for daily inspiration 🌟,Real
33175,2806,474,5.6,795,30,0,7,Personal blog | Stay positive ✨,Real
4407,4526,265,3.91,822,25,0,9,Passionate traveler and food lover,Real
29665,420,400,5.61,860,56,0,6,Love exploring new places 🌎,Real
28158,1253,307,7.76,114,71,0,10,Photographer and content creator 📸,Fake
15766,171,421,6.61,19,28,0,5,DM for collaborations or inquiries!,Fake
661,3404,427,8.85,510,64,0,3,Aspiring artist | Drawing my dreams,Fake
46223,4747,325,0.16,400,45,0,7,Sharing moments from my journey,Fake
35423,4097,277,8.63,132,76,0,2,Entrepreneur & lifestyle blogger,Fake
47801,433,197,9.87,333,58,0,7,Foodie | Reviews and recipes,Fake
28909,36,482,9.38,55,20,0,8,Aspiring artist | Drawing my dreams,Fake
38709,3189,355,1.87,638,56,0,9,Love exploring new places 🌎,Fake
2538,2423,311,1.33,281,33,0,4,Foodie | Reviews and recipes,Fake
44222,4398,233,8.66,612,58,0,1,DM for collaborations or inquiries!,Fake
15714,17,239,9.55,808,97,0,9,Check out my website for more updates!,Real
8204,400,38,1.13,26,23,0,3,Fitness enthusiast 💪 | Health advocate,Fake
34237,460,272,8.08,659,64,0,7,Business inquiries? Contact below 👇,Fake
9611,307,429,7.17,343,70,0,11,Check out my website for more updates!,Fake
32691,1480,23,9.55,739,98,0,10,Follow for daily inspiration 🌟,Fake
39168,2042,155,7.3,321,50,0,8,Personal blog | Stay positive ✨,Real
22546,3709,234,6.05,516,93,0,3,Fitness enthusiast 💪 | Health advocate,Real
27147,1814,421,3.76,979,8,0,7,Love exploring new places 🌎,Real
49152,705,14,0.37,16,65,0,4,Business inquiries? Contact below 👇,Real
18584,556,304,4.08,802,37,0,7,Aspiring artist | Drawing my dreams,Fake
6208,3155,104,6.63,369,80,0,10,Check out my website for more updates!,Fake
25507,1051,264,8.81,164,52,0,9,Entrepreneur & lifestyle blogger,Fake
15866,3038,194,7.57,412,40,0,8,Entrepreneur & lifestyle blogger,Real
22321,953,244,8.0,747,32,0,10,Digital nomad living my best life 🌴,Fake
18046,4336,91,0.51,391,66,0,2,Sharing moments from my journey,Real
38136,1828,85,6.87,790,11,0,7,Digital nomad living my best life 🌴,Real
20209,910,43,0.49,325,88,0,6,Love exploring new places 🌎,Real
39418,1479,418,9.57,335,36,0,4,DM for collaborations or inquiries!,Fake
8076,1391,287,2.14,679,50,0,3,DM for collaborations or inquiries!,Real
9738,3188,264,2.89,656,4,1,11,Nature lover | Saving the planet 🌍,Real
23140,2380,478,2.95,202,72,0,2,DM for collaborations or inquiries!,Fake
5549,1707,397,7.49,504,73,0,4,Fitness enthusiast 💪 | Health advocate,Real
322,1264,171,4.45,314,72,0,2,Follow for daily inspiration 🌟,Real
6749,2363,320,0.77,281,67,0,11,Business inquiries? Contact below 👇,Real
3893,3960,489,2.15,881,74,0,6,Check out my website for more updates!,Fake
16012,4682,309,4.76,331,39,0,4,Aspiring artist | Drawing my dreams,Fake
7451,4716,70,4.1,372,44,0,8,Foodie | Reviews and recipes,Real
32749,3913,274,6.79,785,85,0,5,Fitness enthusiast 💪 | Health advocate,Fake
1175,3090,400,2.15,25,80,0,3,Fitness enthusiast 💪 | Health advocate,Real
21746,3696,490,7.07,344,82,1,7,Passionate traveler and food lover,Real
38001,2373,372,9.75,678,77,0,7,Business inquiries? Contact below 👇,Fake
37198,21,366,9.15,722,78,0,10,Personal blog | Stay positive ✨,Fake
18026,3399,301,3.34,969,66,0,5,Passionate traveler and food lover,Fake
26334,4254,237,0.56,386,32,0,7,DM for collaborations or inquiries!,Fake
23742,1189,166,0.34,568,9,0,9,Business inquiries? Contact below 👇,Real
289,403,417,7.8,542,24,0,7,Photographer and content creator 📸,Fake
39024,618,361,4.9,542,94,0,8,Personal blog | Stay positive ✨,Real
23704,4896,443,9.63,143,99,0,9,Follow for daily inspiration 🌟,Fake
20885,3387,139,0.64,73,14,0,5,Aspiring artist | Drawing my dreams,Fake
46847,3541,221,9.02,814,16,0,9,Sharing moments from my journey,Fake
4633,606,277,2.88,617,86,0,7,Check out my website for more updates!,Fake
49777,1725,16,3.72,4,61,0,10,Personal blog | Stay positive ✨,Real
17898,3642,58,9.22,17,29,0,9,Foodie | Reviews and recipes,Real
10126,1713,155,4.6,673,32,0,6,Love exploring new places 🌎,Real
42541,4323,324,5.31,587,99,0,3,DM for collaborations or inquiries!,Fake
49550,3790,25,0.26,267,68,0,8,Personal blog | Stay positive ✨,Real
1591,4979,378,1.34,991,12,0,3,Sharing moments from my journey,Real
13044,2076,389,6.5,2,8,0,9,Business inquiries? Contact below 👇,Real
30543,4422,350,2.32,747,99,0,2,Sharing moments from my journey,Fake
7888,4067,253,8.36,35,72,1,9,Business inquiries? Contact below 👇,Fake
48865,4937,343,5.91,46,5,0,5,Foodie | Reviews and recipes,Fake
803,398,125,8.04,828,40,0,9,DM for collaborations or inquiries!,Real
28126,3147,419,8.08,448,3,0,6,Personal blog | Stay positive ✨,Real
46085,2941,27,8.65,473,98,0,8,Follow for daily inspiration 🌟,Real
41040,1862,106,8.42,963,78,0,2,Digital nomad living my best life 🌴,Real
42710,3036,222,5.32,177,68,0,8,Check out my website for more updates!,Fake
32859,4639,493,9.79,643,38,0,10,Check out my website for more updates!,Fake
19375,4456,285,7.94,932,18,0,5,Personal blog | Stay positive ✨,Fake
6147,1036,346,1.1,982,97,1,4,DM for collaborations or inquiries!,Real
42566,1253,288,2.85,553,96,0,9,Photographer and content creator 📸,Real
10315,2894,79,5.04,390,92,0,4,Business inquiries? Contact below 👇,Real
14924,256,80,9.13,881,25,1,6,Entrepreneur & lifestyle blogger,Real
3803,3839,159,9.58,1,1,0,10,Follow for daily inspiration 🌟,Fake
18156,2290,231,7.57,450,75,0,7,DM for collaborations or inquiries!,Fake
20658,3338,359,7.75,950,36,0,9,Business inquiries? Contact below 👇,Real
23996,4543,65,7.55,493,21,0,8,Digital nomad living my best life 🌴,Real
26141,2096,163,7.37,328,94,0,8,Love exploring new places 🌎,Fake
34398,3144,6,3.69,962,45,0,9,Business inquiries? Contact below 👇,Real
49367,1018,337,0.96,566,60,0,4,DM for collaborations or inquiries!,Fake
33446,1996,352,9.37,607,21,0,5,Love exploring new places 🌎,Fake
38470,2350,401,6.99,846,26,0,8,Passionate traveler and food lover,Real
44697,2673,388,6.58,537,7,0,2,Business inquiries? Contact below 👇,Fake
15523,3765,79,2.94,866,19,0,6,Aspiring artist | Drawing my dreams,Fake
39440,4880,383,2.0,885,18,0,9,Photographer and content creator 📸,Fake
15770,2120,72,9.96,181,97,1,9,Foodie | Reviews and recipes,Real
16220,3312,496,4.55,440,42,0,6,Entrepreneur & lifestyle blogger,Fake
44822,4819,365,5.76,480,96,0,8,DM for collaborations or inquiries!,Real
46007,1821,351,2.37,506,9,0,3,Follow for daily inspiration 🌟,Fake
27502,1698,122,2.87,38,34,0,6,Love exploring new places 🌎,Real
9910,1806,250,8.11,742,31,0,3,Foodie | Reviews and recipes,Fake
42778,1647,247,6.27,642,1,0,4,Digital nomad living my best life 🌴,Real
31879,3784,396,3.32,807,7,0,6,Follow for daily inspiration 🌟,Fake
16826,2486,258,4.38,651,51,0,6,Digital nomad living my best life 🌴,Fake
10764,4113,152,5.36,484,20,0,3,Entrepreneur & lifestyle blogger,Real
24296,1396,115,2.88,996,31,1,11,Personal blog | Stay positive ✨,Real
38303,4867,366,8.65,895,69,0,11,Digital nomad living my best life 🌴,Real
8582,1343,343,3.09,757,4,0,5,Follow for daily inspiration 🌟,Real
48301,1940,200,3.57,891,93,0,7,Passionate traveler and food lover,Real
42283,2200,464,3.99,490,14,0,4,Entrepreneur & lifestyle blogger,Real
1607,2528,451,4.81,915,20,0,7,Business inquiries? Contact below 👇,Fake
12179,3846,109,3.09,759,31,0,2,Digital nomad living my best life 🌴,Real
3132,4008,253,2.1,555,93,0,10,Aspiring artist | Drawing my dreams,Fake
47282,840,269,1.77,586,62,0,2,Fitness enthusiast 💪 | Health advocate,Real
10314,4242,1,3.34,851,31,0,10,DM for collaborations or inquiries!,Real
49962,4249,180,4.0,484,51,0,5,Check out my website for more updates!,Real
41671,3786,477,3.98,566,88,0,8,DM for collaborations or inquiries!,Fake
14760,2561,154,6.41,301,75,0,8,Love exploring new places 🌎,Real
49599,1875,486,1.67,444,51,0,7,Photographer and content creator 📸,Real
10406,4559,359,7.88,421,21,0,3,Passionate traveler and food lover,Fake
22882,2336,440,9.82,763,24,0,9,Entrepreneur & lifestyle blogger,Real
19482,1897,466,8.65,466,28,1,2,Follow for daily inspiration 🌟,Fake
38359,3182,432,9.33,580,61,0,10,Entrepreneur & lifestyle blogger,Real
10778,4249,136,2.33,647,83,0,11,Fitness enthusiast 💪 | Health advocate,Fake
43544,29,303,3.92,544,98,0,7,Passionate traveler and food lover,Fake
7935,4953,246,7.2,0,63,0,7,Nature lover | Saving the planet 🌍,Fake
8192,3831,263,8.22,18,86,0,4,Aspiring artist | Drawing my dreams,Fake
10009,2603,167,2.49,879,93,0,6,Sharing moments from my journey,Fake
26416,4784,236,0.05,458,47,0,11,Nature lover | Saving the planet 🌍,Real
13205,1663,97,3.92,243,57,0,4,Follow for daily inspiration 🌟,Real
28433,2101,269,0.4,885,89,0,6,Passionate traveler and food lover,Fake
49676,3474,489,2.4,911,78,0,7,Follow for daily inspiration 🌟,Real
39697,3442,281,6.11,902,2,0,2,Business inquiries? Contact below 👇,Fake
27351,1842,385,2.69,814,69,0,3,Nature lover | Saving the planet 🌍,Fake
42430,2364,86,0.67,647,57,0,2,Entrepreneur & lifestyle blogger,Real
1182,1126,159,0.97,596,94,0,8,Foodie | Reviews and recipes,Fake
42541,714,149,9.3,93,86,1,9,DM for collaborations or inquiries!,Real
48886,4050,125,2.93,106,7,0,8,Entrepreneur & lifestyle blogger,Fake
10685,2135,321,7.99,823,99,0,11,Digital nomad living my best life 🌴,Real
18450,4362,264,0.72,680,57,0,10,Business inquiries? Contact below 👇,Fake
47883,238,410,2.98,544,68,0,5,Nature lover | Saving the planet 🌍,Real
5312,3982,1,6.49,363,67,0,4,Entrepreneur & lifestyle blogger,Fake
30753,4307,273,2.95,335,0,0,3,Sharing moments from my journey,Real
9388,3248,490,0.18,72,92,1,11,Entrepreneur & lifestyle blogger,Fake
48414,2688,56,5.57,348,1,0,9,Business inquiries? Contact below 👇,Real
36153,1240,183,2.74,328,79,0,9,Sharing moments from my journey,Fake
6051,4538,399,2.87,927,31,0,11,Follow for daily inspiration 🌟,Real
30312,1358,285,4.7,369,24,0,4,Check out my website for more updates!,Fake
24495,122,58,6.22,201,57,0,5,Foodie | Reviews and recipes,Real
27125,4729,259,2.58,606,17,0,10,Fitness enthusiast 💪 | Health advocate,Real
45656,2714,277,3.03,557,97,0,8,Photographer and content creator 📸,Real
39056,697,361,0.23,440,87,0,7,Business inquiries? Contact below 👇,Real
38195,3781,357,6.15,125,80,0,10,Check out my website for more updates!,Real
25082,1541,117,0.35,540,13,0,2,Entrepreneur & lifestyle blogger,Real
17095,3580,472,8.22,690,4,0,9,Personal blog | Stay positive ✨,Fake
35867,4615,443,9.9,851,34,0,10,Foodie | Reviews and recipes,Real
4698,529,82,9.88,503,55,0,2,Entrepreneur & lifestyle blogger,Real
29357,4641,93,4.7,422,12,0,7,Entrepreneur & lifestyle blogger,Fake
25395,2804,135,3.73,861,28,0,8,Photographer and content creator 📸,Real
33090,4306,243,6.8,29,40,0,7,Foodie | Reviews and recipes,Real
17327,1526,434,1.83,482,57,0,7,Entrepreneur & lifestyle blogger,Real
40670,2265,469,1.79,216,10,0,4,Business inquiries? Contact below 👇,Fake
28807,3710,485,2.76,498,13,0,1,Nature lover | Saving the planet 🌍,Fake
39124,4793,216,1.26,815,97,0,10,Check out my website for more updates!,Fake
34309,1114,314,1.98,461,31,0,6,Follow for daily inspiration 🌟,Real
40557,3621,499,0.94,362,84,0,7,Passionate traveler and food lover,Real
20904,4481,161,2.32,952,96,0,8,Foodie | Reviews and recipes,Fake
32813,299,454,5.96,815,2,0,1,Passionate traveler and food lover,Real
3174,1249,229,7.09,409,9,0,3,Aspiring artist | Drawing my dreams,Fake
47723,4309,95,9.67,417,80,0,2,Love exploring new places 🌎,Real
34688,4019,463,3.9,997,50,1,10,Photographer and content creator 📸,Fake
14535,4251,289,9.16,424,40,0,4,Personal blog | Stay positive ✨,Real
6648,1214,39,6.92,516,33,0,3,Love exploring new places 🌎,Fake
9750,2478,404,9.43,50,65,0,3,Sharing moments from my journey,Real
18549,4737,325,2.87,898,92,0,4,Entrepreneur & lifestyle blogger,Real
1255,1592,330,0.24,822,57,0,2,Business inquiries? Contact below 👇,Fake
11044,4451,20,5.9,681,98,0,4,DM for collaborations or inquiries!,Real
40422,2985,133,5.53,851,53,0,3,Digital nomad living my best life 🌴,Fake
27294,1666,308,9.57,137,83,0,2,Fitness enthusiast 💪 | Health advocate,Fake
43141,4122,15,5.24,866,91,1,2,Love exploring new places 🌎,Real
12552,4007,120,1.22,224,23,0,2,Follow for daily inspiration 🌟,Real
12824,1364,90,7.64,115,88,1,6,Aspiring artist | Drawing my dreams,Fake
43625,3500,147,5.29,141,19,0,9,DM for collaborations or inquiries!,Real
16850,867,17,2.23,692,0,1,10,Check out my website for more updates!,Fake
14081,4731,2,9.12,961,31,0,7,Follow for daily inspiration 🌟,Real
42483,3187,75,0.1,679,53,0,6,Aspiring artist | Drawing my dreams,Fake
43999,2060,280,0.56,188,46,0,8,Sharing moments from my journey,Real
7891,2863,117,6.03,481,33,0,5,Photographer and content creator 📸,Fake
49120,2222,373,1.2,547,45,0,10,Digital nomad living my best life 🌴,Fake
6573,4421,462,8.29,956,9,0,8,Sharing moments from my journey,Real
2653,505,270,9.45,214,10,0,9,Passionate traveler and food lover,Fake
19977,3365,182,5.92,876,82,1,7,Sharing moments from my journey,Real
33478,3148,456,6.56,583,92,0,6,Digital nomad living my best life 🌴,Real
45515,4123,92,1.71,844,34,0,7,Photographer and content creator 📸,Real
48813,558,387,0.22,897,73,0,9,Entrepreneur & lifestyle blogger,Real
46725,1844,446,2.0,621,5,0,5,Entrepreneur & lifestyle blogger,Fake
19260,4764,166,9.49,39,0,0,1,Love exploring new places 🌎,Fake
9639,3965,3,7.46,677,52,0,4,Digital nomad living my best life 🌴,Fake
41779,2448,420,6.31,668,36,0,6,Nature lover | Saving the planet 🌍,Real
23958,2683,417,3.51,700,46,0,8,Business inquiries? Contact below 👇,Real
25417,1531,460,7.32,342,76,0,2,Business inquiries? Contact below 👇,Real
6249,89,55,5.27,887,84,0,1,Nature lover | Saving the planet 🌍,Real
28173,301,376,3.08,135,90,0,10,Business inquiries? Contact below 👇,Real
39602,4600,213,5.87,156,94,0,11,Fitness enthusiast 💪 | Health advocate,Real
21076,4821,188,1.04,75,25,0,9,DM for collaborations or inquiries!,Real
31260,2191,378,4.79,315,58,0,3,Entrepreneur & lifestyle blogger,Real
13034,597,382,6.69,261,78,0,7,Love exploring new places 🌎,Real
19722,997,153,8.73,554,18,0,2,Digital nomad living my best life 🌴,Real
5384,1830,91,2.69,354,15,0,4,Photographer and content creator 📸,Real
47382,4573,220,2.68,416,81,0,9,Business inquiries? Contact below 👇,Real
28074,4063,304,0.37,20,13,0,8,Follow for daily inspiration 🌟,Fake
43003,1546,116,0.09,271,59,0,4,Follow for daily inspiration 🌟,Real
26138,2370,297,1.86,926,31,1,8,Personal blog | Stay positive ✨,Real
38487,4476,170,6.54,226,66,0,2,DM for collaborations or inquiries!,Fake
7847,2585,88,1.78,338,7,0,8,Fitness enthusiast 💪 | Health advocate,Fake
6764,1053,323,7.09,317,57,0,6,Aspiring artist | Drawing my dreams,Real
36139,2686,130,5.36,511,49,0,5,Personal blog | Stay positive ✨,Real
166,4101,300,2.55,503,67,0,4,Nature lover | Saving the planet 🌍,Fake
43375,222,480,6.77,695,2,0,2,Love exploring new places 🌎,Fake
2950,2330,71,4.15,352,79,0,7,Love exploring new places 🌎,Real
35458,1689,305,3.56,610,43,0,9,Personal blog | Stay positive ✨,Real
31224,562,451,8.0,485,22,0,4,Fitness enthusiast 💪 | Health advocate,Real
2867,4932,158,9.39,880,65,0,11,Photographer and content creator 📸,Fake
21214,2854,403,2.71,840,42,0,9,Digital nomad living my best life 🌴,Real
39071,2606,217,3.1,90,44,0,10,Entrepreneur & lifestyle blogger,Real
42686,212,469,9.2,782,25,0,4,Business inquiries? Contact below 👇,Fake
14220,4592,368,7.01,881,85,1,2,Fitness enthusiast 💪 | Health advocate,Fake
20042,134,329,5.87,850,96,1,11,Follow for daily inspiration 🌟,Fake
22629,2404,266,6.64,912,83,0,11,Foodie | Reviews and recipes,Real
21895,3966,267,6.63,700,5,0,10,DM for collaborations or inquiries!,Real
3642,2402,240,6.83,142,19,1,9,Nature lover | Saving the planet 🌍,Real
6643,995,492,6.56,509,5,0,9,Love exploring new places 🌎,Real
37246,3765,60,8.78,576,6,0,11,Business inquiries? Contact below 👇,Real
37238,4246,38,5.1,334,36,1,3,Foodie | Reviews and recipes,Fake
791,4817,6,0.37,364,65,0,2,Foodie | Reviews and recipes,Fake
10333,375,482,7.7,370,26,0,7,Entrepreneur & lifestyle blogger,Real
11951,2992,158,6.86,743,81,0,2,Follow for daily inspiration 🌟,Real
13673,182,218,6.33,878,78,1,3,Personal blog | Stay positive ✨,Real
28701,2534,430,0.06,446,47,0,8,Check out my website for more updates!,Real
40062,3650,239,5.32,127,97,0,8,Follow for daily inspiration 🌟,Fake
27551,3814,223,6.77,994,28,0,10,Love exploring new places 🌎,Real
21577,282,264,2.7,227,39,0,9,Foodie | Reviews and recipes,Real
20886,4210,489,1.59,372,99,0,5,Photographer and content creator 📸,Fake
39559,3130,397,0.9,371,12,0,1,DM for collaborations or inquiries!,Real
20484,2150,199,0.29,385,87,0,10,DM for collaborations or inquiries!,Real
49636,1450,182,4.77,369,27,0,4,Nature lover | Saving the planet 🌍,Real
47432,2181,407,4.36,762,98,0,7,Foodie | Reviews and recipes,Real
43526,3788,149,1.35,647,80,1,8,Aspiring artist | Drawing my dreams,Real
12573,73,401,9.11,826,26,0,5,Fitness enthusiast 💪 | Health advocate,Fake
36205,2024,273,5.81,180,1,0,10,Follow for daily inspiration 🌟,Real
16464,4374,459,9.35,813,61,0,7,Aspiring artist | Drawing my dreams,Fake
14951,2100,117,9.42,692,63,0,8,Check out my website for more updates!,Real
9291,2872,469,5.7,263,51,1,10,Nature lover | Saving the planet 🌍,Real
13969,1182,232,3.4,503,71,0,3,Fitness enthusiast 💪 | Health advocate,Fake
15662,2766,291,9.85,800,81,0,4,Passionate traveler and food lover,Fake
19776,1039,415,0.96,746,42,0,3,Check out my website for more updates!,Fake
4486,1435,214,4.57,263,86,0,6,Personal blog | Stay positive ✨,Fake
867,3356,492,2.39,955,85,0,5,Sharing moments from my journey,Real
17389,2195,90,1.42,774,31,0,4,Love exploring new places 🌎,Real
4997,1825,463,4.97,619,50,0,11,Personal blog | Stay positive ✨,Fake
38902,4623,50,3.35,990,90,0,2,Personal blog | Stay positive ✨,Fake
46794,3893,26,4.15,639,10,0,9,Fitness enthusiast 💪 | Health advocate,Real
39840,2450,176,4.66,196,97,0,4,Passionate traveler and food lover,Real
37186,2352,206,4.24,109,75,1,7,Entrepreneur & lifestyle blogger,Real
46778,1239,362,6.12,141,53,0,4,Nature lover | Saving the planet 🌍,Real
27826,3922,282,1.74,494,93,0,10,Sharing moments from my journey,Real
139,3210,80,3.42,787,26,0,3,Photographer and content creator 📸,Real
8591,1553,466,6.49,918,55,1,9,Love exploring new places 🌎,Fake
14242,4687,219,4.58,305,39,0,10,Follow for daily inspiration 🌟,Fake
37575,3614,178,8.45,699,89,0,4,Follow for daily inspiration 🌟,Real
28266,1879,382,7.8,561,89,0,2,Foodie | Reviews and recipes,Real
8808,3608,4,5.88,414,1,0,3,Personal blog | Stay positive ✨,Real
30342,1425,165,1.4,866,50,0,10,Fitness enthusiast 💪 | Health advocate,Fake
17684,3082,8,3.15,526,90,0,7,Business inquiries? Contact below 👇,Real
10722,4455,78,4.09,277,58,0,3,Entrepreneur & lifestyle blogger,Fake
40012,3467,119,1.18,593,70,0,2,Photographer and content creator 📸,Fake
4625,4469,80,0.53,87,70,0,8,Foodie | Reviews and recipes,Fake
12235,698,168,5.5,300,33,0,5,Passionate traveler and food lover,Real
100,1480,401,6.33,190,45,0,3,Check out my website for more updates!,Real
14147,187,90,2.36,541,13,0,3,Fitness enthusiast 💪 | Health advocate,Real
22323,269,450,6.5,594,42,0,3,Personal blog | Stay positive ✨,Real
36127,4888,217,0.87,243,91,0,2,Follow for daily inspiration 🌟,Fake
34947,2395,97,9.5,802,38,0,10,Passionate traveler and food lover,Real
35811,2824,478,6.8,374,92,0,7,Sharing moments from my journey,Real
45774,1412,456,7.16,755,71,0,6,Follow for daily inspiration 🌟,Real
31377,3164,55,3.48,484,15,0,1,Fitness enthusiast 💪 | Health advocate,Real
38521,3524,31,6.44,621,91,0,6,Digital nomad living my best life 🌴,Real
2719,292,266,5.18,421,32,0,3,Entrepreneur & lifestyle blogger,Fake
48134,4196,390,7.8,926,40,0,5,Sharing moments from my journey,Real
2848,2682,402,7.88,516,91,0,7,Entrepreneur & lifestyle blogger,Fake
2629,3092,230,2.77,632,90,0,4,Check out my website for more updates!,Real
25687,1871,348,0.73,207,10,0,2,DM for collaborations or inquiries!,Real
25755,306,205,5.9,948,75,0,8,Aspiring artist | Drawing my dreams,Fake
35808,1909,44,3.62,444,81,0,6,Foodie | Reviews and recipes,Real
5022,1092,393,8.99,713,61,1,6,Personal blog | Stay positive ✨,Real
49430,33,51,1.85,737,64,0,8,Passionate traveler and food lover,Real
21496,2042,129,6.8,21,87,1,9,Photographer and content creator 📸,Real
49128,754,22,7.18,320,85,0,2,Personal blog | Stay positive ✨,Fake
25389,4789,268,3.02,926,28,0,2,DM for collaborations or inquiries!,Real
43783,1938,439,8.21,188,44,0,8,Love exploring new places 🌎,Fake
37090,3606,336,3.17,761,21,0,7,Nature lover | Saving the planet 🌍,Real
31493,2039,60,4.04,827,80,0,8,Entrepreneur & lifestyle blogger,Fake
31947,1316,165,2.04,166,5,0,10,Love exploring new places 🌎,Real
3010,77,462,3.21,400,17,0,11,Digital nomad living my best life 🌴,Real
33578,4574,38,9.36,215,18,1,8,Follow for daily inspiration 🌟,Real
23448,315,221,2.99,88,70,0,2,Aspiring artist | Drawing my dreams,Fake
30810,4074,233,5.22,206,71,0,3,Check out my website for more updates!,Real
32352,978,55,0.51,122,0,0,10,Aspiring artist | Drawing my dreams,Fake
17404,2507,439,4.64,103,14,0,5,DM for collaborations or inquiries!,Fake
42849,3281,474,7.17,267,24,0,6,Love exploring new places 🌎,Fake
8984,405,473,6.13,582,72,1,4,Follow for daily inspiration 🌟,Real
12045,4178,9,0.69,967,21,0,11,Fitness enthusiast 💪 | Health advocate,Fake
26933,4502,380,1.77,408,31,0,3,Photographer and content creator 📸,Real
9306,3967,99,4.81,330,7,0,3,Check out my website for more updates!,Real
10745,3819,441,7.88,294,69,0,3,Fitness enthusiast 💪 | Health advocate,Fake
29492,2036,465,7.15,843,7,1,11,Photographer and content creator 📸,Fake
30164,949,458,9.68,883,63,0,11,Entrepreneur & lifestyle blogger,Fake
49608,4078,223,6.35,282,53,0,5,Passionate traveler and food lover,Real
217,1734,411,5.59,478,67,0,5,Foodie | Reviews and recipes,Fake
48430,1827,240,1.92,0,69,0,2,Fitness enthusiast 💪 | Health advocate,Fake
16163,4854,371,0.03,644,54,0,10,Sharing moments from my journey,Real
45216,180,362,7.87,983,76,0,3,Love exploring new places 🌎,Real
12274,72,93,1.38,874,13,0,5,Passionate traveler and food lover,Fake
6992,1486,118,1.27,382,25,0,3,Fitness enthusiast 💪 | Health advocate,Fake
23967,4213,261,6.09,157,0,0,6,Aspiring artist | Drawing my dreams,Real
30953,2559,211,8.68,384,60,0,4,Fitness enthusiast 💪 | Health advocate,Real
41332,4392,436,3.82,918,19,0,4,Personal blog | Stay positive ✨,Fake
32946,3462,428,4.53,221,60,0,1,Love exploring new places 🌎,Real
2382,2002,301,7.52,632,33,1,3,Passionate traveler and food lover,Fake
35148,3412,328,7.79,623,16,0,7,Digital nomad living my best life 🌴,Fake
20516,2849,427,5.13,515,97,0,1,Business inquiries? Contact below 👇,Real
3760,2138,231,0.07,954,60,0,9,Nature lover | Saving the planet 🌍,Real
19811,1251,337,6.7,342,57,0,9,Aspiring artist | Drawing my dreams,Fake
45321,3437,65,5.92,978,66,0,9,Aspiring artist | Drawing my dreams,Fake
6440,4655,18,4.02,682,33,0,8,Follow for daily inspiration 🌟,Real
47567,4225,228,4.87,989,74,0,10,Personal blog | Stay positive ✨,Fake
12399,4458,323,2.29,481,54,0,5,Foodie | Reviews and recipes,Fake
24794,4677,80,0.16,669,89,1,11,Nature lover | Saving the planet 🌍,Fake
20584,1738,114,9.27,653,34,0,7,Foodie | Reviews and recipes,Real
6585,2488,61,7.02,252,46,0,2,Entrepreneur & lifestyle blogger,Real
28612,4263,15,3.69,979,34,0,9,Check out my website for more updates!,Real
32928,2432,166,1.24,620,92,0,3,Aspiring artist | Drawing my dreams,Fake
21744,2111,350,5.51,388,20,0,5,Sharing moments from my journey,Fake
786,4761,36,1.48,766,25,0,11,Personal blog | Stay positive ✨,Real
21370,3584,488,6.46,761,54,1,2,Personal blog | Stay positive ✨,Real
4364,4201,59,1.23,357,12,0,8,Love exploring new places 🌎,Real
11416,299,133,4.91,37,7,0,9,Nature lover | Saving the planet 🌍,Real
2682,3371,317,4.55,531,27,0,10,Photographer and content creator 📸,Real
2927,3550,440,6.8,996,62,0,7,Check out my website for more updates!,Fake
22562,1633,461,3.21,782,49,0,9,Foodie | Reviews and recipes,Real
24640,4932,215,5.67,372,25,0,9,Nature lover | Saving the planet 🌍,Real
33759,1119,441,7.06,900,90,0,7,Sharing moments from my journey,Real
8054,2355,1,9.43,603,31,0,9,Foodie | Reviews and recipes,Real
19636,3040,424,8.76,36,71,0,7,Passionate traveler and food lover,Fake
32076,310,154,1.19,12,11,0,10,Fitness enthusiast 💪 | Health advocate,Real
45332,2296,260,5.33,512,6,0,7,Love exploring new places 🌎,Real
2789,3706,98,9.02,946,7,0,4,Entrepreneur & lifestyle blogger,Fake
9861,3358,175,8.35,479,26,0,11,Business inquiries? Contact below 👇,Fake
6915,2255,226,7.99,243,8,1,7,Entrepreneur & lifestyle blogger,Fake
16745,1695,403,1.54,643,83,0,7,Digital nomad living my best life 🌴,Fake
8902,3500,128,2.57,669,95,0,6,Fitness enthusiast 💪 | Health advocate,Fake
37743,1896,17,0.93,3,59,0,11,Check out my website for more updates!,Real
21090,3519,68,1.74,29,98,0,2,DM for collaborations or inquiries!,Real
2865,1972,208,5.41,161,52,0,11,Check out my website for more updates!,Fake
42393,4229,127,0.32,494,11,0,2,Check out my website for more updates!,Real
20931,2980,267,4.96,639,20,0,7,Foodie | Reviews and recipes,Fake
26153,3596,316,4.81,990,8,0,11,Nature lover | Saving the planet 🌍,Fake
27875,3259,50,5.29,675,41,0,4,Digital nomad living my best life 🌴,Real
27605,1289,98,6.0,947,32,0,4,Nature lover | Saving the planet 🌍,Fake
11679,779,234,9.67,673,15,0,9,Nature lover | Saving the planet 🌍,Real
19184,1466,10,3.66,409,70,0,11,Sharing moments from my journey,Real
35134,1605,243,7.15,341,25,0,3,DM for collaborations or inquiries!,Real
308,1395,383,1.68,357,33,0,3,Photographer and content creator 📸,Real
30971,698,189,0.56,367,62,0,6,Passionate traveler and food lover,Fake
33950,3784,158,5.85,845,94,0,5,Entrepreneur & lifestyle blogger,Fake
27243,1333,245,3.6,828,33,0,7,Photographer and content creator 📸,Real
2951,3867,344,2.53,645,48,0,7,Fitness enthusiast 💪 | Health advocate,Real
39695,864,31,7.05,859,82,0,9,Sharing moments from my journey,Real
4381,4300,74,0.49,404,89,0,11,Photographer and content creator 📸,Fake
25925,4378,154,9.68,25,44,0,10,DM for collaborations or inquiries!,Real
30032,779,115,9.26,928,1,0,7,Check out my website for more updates!,Real
35328,785,381,5.38,922,71,0,9,Digital nomad living my best life 🌴,Fake
10759,3896,252,5.14,574,85,0,6,Love exploring new places 🌎,Fake
13464,2803,411,3.82,84,53,0,11,Check out my website for more updates!,Real
48130,2204,136,1.06,501,19,0,2,Passionate traveler and food lover,Real
41194,613,398,9.68,996,24,1,4,Business inquiries? Contact below 👇,Fake
20422,2411,131,4.47,55,76,0,7,Digital nomad living my best life 🌴,Real
10898,1957,87,5.35,289,1,0,11,Check out my website for more updates!,Fake
8280,3396,374,4.24,739,43,0,8,Follow for daily inspiration 🌟,Real
13306,183,149,2.67,478,10,0,7,Digital nomad living my best life 🌴,Fake
44735,1939,224,5.19,108,31,0,8,Passionate traveler and food lover,Fake
1654,3012,145,5.85,159,80,0,5,Business inquiries? Contact below 👇,Fake
7180,384,264,5.52,803,41,0,7,Follow for daily inspiration 🌟,Fake
28018,799,233,6.5,553,68,0,11,Foodie | Reviews and recipes,Real
37877,2697,114,0.19,268,26,0,4,Entrepreneur & lifestyle blogger,Real
33602,4259,337,8.41,827,25,0,9,Foodie | Reviews and recipes,Real
41300,3508,340,7.16,69,10,0,6,Love exploring new places 🌎,Real
26642,2071,82,6.16,977,83,0,10,Check out my website for more updates!,Fake
24888,4957,453,0.05,31,64,0,7,Photographer and content creator 📸,Fake
32186,2661,29,6.19,690,74,0,7,Business inquiries? Contact below 👇,Real
1376,2615,386,3.93,894,90,0,4,Check out my website for more updates!,Real
40335,496,430,2.4,378,52,0,10,Nature lover | Saving the planet 🌍,Fake
45790,3201,158,6.35,836,62,0,5,Digital nomad living my best life 🌴,Real
25559,2159,399,0.65,706,26,0,2,Entrepreneur & lifestyle blogger,Fake
37726,53,6,2.42,942,65,0,6,DM for collaborations or inquiries!,Real
20265,3404,216,9.24,808,81,0,2,Aspiring artist | Drawing my dreams,Real
38675,3984,218,8.31,272,61,0,6,Entrepreneur & lifestyle blogger,Fake
11012,10,439,3.23,131,15,0,7,Personal blog | Stay positive ✨,Real
22872,4862,467,0.6,805,51,0,11,Follow for daily inspiration 🌟,Fake
41584,3209,484,1.4,854,89,0,3,Fitness enthusiast 💪 | Health advocate,Fake
14871,4199,442,0.95,588,3,1,9,Follow for daily inspiration 🌟,Fake
25295,3739,107,8.37,764,21,0,10,Aspiring artist | Drawing my dreams,Fake
1791,4324,123,6.47,739,95,0,7,Love exploring new places 🌎,Fake
24294,2551,96,4.47,27,90,1,3,Digital nomad living my best life 🌴,Fake
41545,431,287,6.76,488,37,1,6,Foodie | Reviews and recipes,Real
43089,215,66,5.72,564,66,0,5,Foodie | Reviews and recipes,Real
18642,1918,427,1.21,764,54,0,5,Follow for daily inspiration 🌟,Fake
26526,3594,436,2.0,115,13,0,6,Photographer and content creator 📸,Fake
247,272,181,1.03,800,75,0,6,DM for collaborations or inquiries!,Fake
23938,150,375,2.04,603,69,1,11,Nature lover | Saving the planet 🌍,Fake
17296,856,212,8.26,330,20,0,11,Personal blog | Stay positive ✨,Fake
39428,209,90,9.56,748,42,0,2,Love exploring new places 🌎,Fake
11899,736,433,7.82,761,80,0,4,Sharing moments from my journey,Real
46156,4345,1,7.35,457,34,0,2,Nature lover | Saving the planet 🌍,Fake
23241,3902,229,5.41,177,50,0,10,Fitness enthusiast 💪 | Health advocate,Real
42157,3965,411,0.71,6,54,0,6,Passionate traveler and food lover,Fake
21259,2030,14,9.06,11,41,0,8,Aspiring artist | Drawing my dreams,Fake
4196,3936,488,7.47,923,13,0,11,Love exploring new places 🌎,Fake
9432,4703,115,2.06,345,94,0,2,Aspiring artist | Drawing my dreams,Real
12434,102,153,8.22,57,93,0,8,Personal blog | Stay positive ✨,Real
24563,2507,31,6.69,754,72,0,10,Follow for daily inspiration 🌟,Real
11451,736,189,2.73,878,51,0,5,Check out my website for more updates!,Real
33860,3422,15,9.69,149,70,0,8,Sharing moments from my journey,Fake
36782,3944,55,5.61,907,40,0,6,Aspiring artist | Drawing my dreams,Real
26975,2677,220,7.81,2,11,0,8,Foodie | Reviews and recipes,Real
2616,2185,261,9.43,984,50,1,8,Aspiring artist | Drawing my dreams,Fake
21707,2773,105,4.12,17,30,0,5,Nature lover | Saving the planet 🌍,Fake
2510,1568,198,1.09,775,35,0,11,Personal blog | Stay positive ✨,Fake
21535,786,340,6.4,376,38,0,2,DM for collaborations or inquiries!,Real
18697,2937,332,9.16,894,34,1,4,Sharing moments from my journey,Real
40696,1321,115,8.89,220,50,0,9,Photographer and content creator 📸,Fake
40817,4580,111,1.79,315,79,0,2,Entrepreneur & lifestyle blogger,Fake
48111,2892,305,3.96,375,83,0,7,Nature lover | Saving the planet 🌍,Real
47867,625,478,1.39,703,95,0,3,Business inquiries? Contact below 👇,Real
11547,308,374,4.78,19,47,1,4,Love exploring new places 🌎,Real
12516,4444,22,8.42,955,69,0,2,Personal blog | Stay positive ✨,Real
45594,4205,83,5.57,364,72,0,6,Personal blog | Stay positive ✨,Fake
17494,2750,499,0.69,798,45,0,7,Love exploring new places 🌎,Fake
9187,4612,325,4.83,520,60,0,8,Nature lover | Saving the planet 🌍,Real
31264,4882,320,7.11,434,2,1,6,Love exploring new places 🌎,Fake
15843,3951,181,4.74,33,34,0,5,Personal blog | Stay positive ✨,Real
15172,1729,110,3.71,476,4,0,11,Entrepreneur & lifestyle blogger,Fake
40340,2315,440,1.5,707,13,0,2,Entrepreneur & lifestyle blogger,Fake
13045,1540,199,9.97,662,41,0,6,Digital nomad living my best life 🌴,Real
44037,1813,489,8.42,645,1,0,5,Business inquiries? Contact below 👇,Real
8458,2656,31,7.44,885,0,0,5,Check out my website for more updates!,Fake
30795,366,217,9.52,299,45,0,10,Digital nomad living my best life 🌴,Real
25121,3350,336,4.36,930,69,0,8,DM for collaborations or inquiries!,Real
15682,3540,13,9.97,890,86,0,5,DM for collaborations or inquiries!,Real
24215,2776,264,7.36,199,70,1,3,Nature lover | Saving the planet 🌍,Fake
48465,728,236,8.78,164,50,0,2,Sharing moments from my journey,Fake
29466,216,428,4.41,435,68,0,11,Check out my website for more updates!,Fake
7322,2881,83,1.49,499,84,1,11,Photographer and content creator 📸,Real
15031,2886,442,2.67,296,19,0,6,Fitness enthusiast 💪 | Health advocate,Real
9035,3143,135,4.64,4,98,0,9,Love exploring new places 🌎,Fake
38773,4091,136,1.54,895,93,0,3,Entrepreneur & lifestyle blogger,Fake
45436,2381,375,2.53,551,40,0,2,Digital nomad living my best life 🌴,Real
2693,4321,427,1.22,362,65,0,4,Follow for daily inspiration 🌟,Fake
19647,1041,161,3.77,814,8,0,11,Passionate traveler and food lover,Fake
42962,4678,237,0.8,984,5,0,2,Passionate traveler and food lover,Real
123,2893,197,3.84,639,51,0,4,Photographer and content creator 📸,Fake
4404,3625,161,3.79,102,78,0,5,Aspiring artist | Drawing my dreams,Fake
2425,1327,438,3.17,915,33,0,11,Aspiring artist | Drawing my dreams,Real
44426,4360,236,0.23,112,70,0,10,Digital nomad living my best life 🌴,Real
25749,244,33,1.79,650,25,0,11,Business inquiries? Contact below 👇,Fake
31668,389,485,2.53,937,4,1,4,Follow for daily inspiration 🌟,Fake
48788,3287,414,8.14,835,89,0,5,Sharing moments from my journey,Fake
47468,4479,95,5.61,532,94,0,8,Digital nomad living my best life 🌴,Real
5186,239,230,0.05,167,21,0,3,Business inquiries? Contact below 👇,Fake
8564,3735,160,9.04,917,99,0,9,Fitness enthusiast 💪 | Health advocate,Real
12407,171,154,7.81,177,11,0,10,Fitness enthusiast 💪 | Health advocate,Real
30769,2617,340,7.77,932,3,0,2,Fitness enthusiast 💪 | Health advocate,Fake
2354,1519,183,3.72,722,25,0,3,DM for collaborations or inquiries!,Real
6054,3487,66,8.52,792,0,0,11,Check out my website for more updates!,Fake
4928,4595,239,4.62,5,71,0,5,Nature lover | Saving the planet 🌍,Real
16493,4314,284,7.4,526,81,0,10,Photographer and content creator 📸,Fake
1721,1791,34,2.24,697,91,0,8,Follow for daily inspiration 🌟,Fake
27085,3461,219,1.95,978,79,0,1,Foodie | Reviews and recipes,Fake
7745,4150,222,0.32,336,76,0,9,Fitness enthusiast 💪 | Health advocate,Fake
31742,4930,74,3.93,860,37,0,4,Foodie | Reviews and recipes,Real
7079,316,327,8.81,857,14,0,2,Fitness enthusiast 💪 | Health advocate,Fake
22027,1764,17,7.2,481,30,0,6,Nature lover | Saving the planet 🌍,Fake
27452,3641,376,8.78,957,9,0,5,Aspiring artist | Drawing my dreams,Fake
79,429,359,3.16,558,61,1,6,Nature lover | Saving the planet 🌍,Real
13000,2851,66,1.64,88,65,1,5,Sharing moments from my journey,Fake
36376,705,64,0.91,865,68,0,10,Foodie | Reviews and recipes,Fake
8620,2977,385,4.25,859,33,0,8,Personal blog | Stay positive ✨,Real
20408,3569,20,8.79,687,83,0,6,Fitness enthusiast 💪 | Health advocate,Real
48194,3254,233,3.02,889,89,1,6,Nature lover | Saving the planet 🌍,Fake
4456,4732,446,6.26,993,97,0,4,Aspiring artist | Drawing my dreams,Real
9970,3636,314,7.54,860,48,0,5,Love exploring new places 🌎,Real
17318,4864,17,8.97,73,82,0,4,Entrepreneur & lifestyle blogger,Real
46302,4966,301,1.91,179,24,0,4,Photographer and content creator 📸,Real
45542,4822,2,5.68,590,40,0,9,Fitness enthusiast 💪 | Health advocate,Real
3542,1787,439,8.16,493,89,0,4,Love exploring new places 🌎,Fake
21348,2571,259,9.15,280,34,0,11,Love exploring new places 🌎,Fake
41243,2478,321,9.67,577,62,0,5,Fitness enthusiast 💪 | Health advocate,Fake
35137,2440,4,6.83,9,44,0,8,Business inquiries? Contact below 👇,Real
28596,1327,454,7.1,628,19,1,2,Foodie | Reviews and recipes,Real
28841,2029,376,7.55,535,64,1,1,DM for collaborations or inquiries!,Real
40444,910,404,3.79,385,76,1,1,Entrepreneur & lifestyle blogger,Fake
29053,4418,127,4.25,861,95,0,7,Entrepreneur & lifestyle blogger,Fake
10031,1383,260,8.07,133,54,0,6,Fitness enthusiast 💪 | Health advocate,Fake
11988,891,54,4.67,97,4,0,5,DM for collaborations or inquiries!,Fake
1010,2665,41,9.09,922,55,1,11,Aspiring artist | Drawing my dreams,Real
2978,3678,429,7.65,867,58,0,4,Sharing moments from my journey,Real
30842,2345,111,8.44,905,18,1,1,Love exploring new places 🌎,Fake
20233,2370,293,3.33,251,41,0,11,Aspiring artist | Drawing my dreams,Real
6570,2720,248,2.58,572,62,0,4,Follow for daily inspiration 🌟,Fake
5759,2095,123,3.29,864,72,0,2,Check out my website for more updates!,Fake
49729,3772,104,4.63,943,43,0,6,Follow for daily inspiration 🌟,Fake
42193,2352,473,7.4,594,47,0,6,Digital nomad living my best life 🌴,Real
5595,4835,41,0.72,792,97,0,3,DM for collaborations or inquiries!,Fake
18770,1236,38,8.26,861,96,0,9,Love exploring new places 🌎,Fake
27767,1046,240,1.26,424,23,0,11,Photographer and content creator 📸,Fake
40178,4399,178,1.84,746,89,0,7,Love exploring new places 🌎,Real
25952,1640,454,9.61,454,20,0,5,Follow for daily inspiration 🌟,Fake
4722,2463,437,8.73,903,30,0,7,Passionate traveler and food lover,Fake
43578,461,320,3.62,439,92,0,5,Entrepreneur & lifestyle blogger,Fake
41788,52,10,1.43,318,79,0,10,Sharing moments from my journey,Real
856,1581,317,5.05,554,34,0,6,Fitness enthusiast 💪 | Health advocate,Fake
42130,4974,39,7.02,135,80,0,10,Follow for daily inspiration 🌟,Fake
12267,275,260,0.39,433,92,0,9,Love exploring new places 🌎,Real
31312,3864,342,6.81,230,90,0,9,Nature lover | Saving the planet 🌍,Real
20330,1239,275,5.57,777,36,0,3,Nature lover | Saving the planet 🌍,Real
35379,3998,163,7.86,702,96,0,2,Nature lover | Saving the planet 🌍,Real
45987,75,499,4.39,217,60,0,8,Business inquiries? Contact below 👇,Fake
36021,999,59,7.09,504,93,0,3,Nature lover | Saving the planet 🌍,Fake
13783,2020,349,0.72,11,78,0,5,Sharing moments from my journey,Real
37456,4664,132,6.07,889,32,0,6,Aspiring artist | Drawing my dreams,Fake
6905,1916,82,2.06,971,67,0,6,Photographer and content creator 📸,Real
44453,640,422,5.53,363,63,0,3,Photographer and content creator 📸,Real
40508,2458,271,0.85,524,65,0,2,Aspiring artist | Drawing my dreams,Real
34958,4742,447,5.24,51,80,1,2,Fitness enthusiast 💪 | Health advocate,Fake
41689,1372,498,2.56,641,57,0,1,Foodie | Reviews and recipes,Fake
42260,3222,358,0.16,501,9,0,5,Business inquiries? Contact below 👇,Fake
25800,4591,231,2.41,671,86,0,6,Love exploring new places 🌎,Fake
25255,3541,466,6.98,573,64,0,2,DM for collaborations or inquiries!,Fake
34276,3846,491,8.23,94,24,0,5,DM for collaborations or inquiries!,Fake
27091,1558,160,7.53,435,20,0,2,DM for collaborations or inquiries!,Real
36270,757,107,2.07,518,15,0,6,Digital nomad living my best life 🌴,Fake
24732,1170,254,4.46,534,35,0,2,Check out my website for more updates!,Real
1491,2702,88,10.0,614,79,0,2,Entrepreneur & lifestyle blogger,Fake
26051,1043,251,4.44,420,69,0,5,Aspiring artist | Drawing my dreams,Real
7468,1734,146,0.57,529,7,0,6,Personal blog | Stay positive ✨,Fake
27855,4029,96,9.59,371,55,0,7,Photographer and content creator 📸,Real
49412,3590,425,9.46,959,2,1,4,Personal blog | Stay positive ✨,Real
30525,2216,109,4.65,907,38,0,7,Nature lover | Saving the planet 🌍,Fake
23968,38,146,7.18,723,40,0,7,Personal blog | Stay positive ✨,Real
30090,2588,289,7.35,757,84,0,11,Entrepreneur & lifestyle blogger,Fake
3709,4735,465,2.55,85,17,0,11,Follow for daily inspiration 🌟,Real
49321,507,34,4.71,74,59,0,7,Passionate traveler and food lover,Real
45929,3266,436,7.93,610,93,0,11,Digital nomad living my best life 🌴,Fake
29516,1529,259,6.32,437,89,0,11,Love exploring new places 🌎,Real
42534,4717,333,9.85,830,83,0,6,Personal blog | Stay positive ✨,Fake
27504,4783,405,9.05,584,19,0,2,Love exploring new places 🌎,Real
28843,2884,279,9.94,405,67,0,9,Nature lover | Saving the planet 🌍,Fake
39467,4771,330,2.22,490,19,0,4,Foodie | Reviews and recipes,Fake
40738,2861,364,1.53,588,39,0,5,Business inquiries? Contact below 👇,Real
1018,172,160,0.19,131,9,0,8,Personal blog | Stay positive ✨,Fake
30898,3002,336,8.54,280,54,0,7,Entrepreneur & lifestyle blogger,Real
39378,4877,316,7.24,488,28,0,5,Aspiring artist | Drawing my dreams,Real
39565,2105,206,3.97,479,76,0,2,Foodie | Reviews and recipes,Fake
12874,2933,12,0.17,135,38,0,9,Entrepreneur & lifestyle blogger,Real
44833,4811,128,9.41,705,50,0,8,Love exploring new places 🌎,Fake
5582,4029,314,7.27,423,90,0,4,DM for collaborations or inquiries!,Real
19726,28,127,2.56,718,9,0,7,DM for collaborations or inquiries!,Real
35365,2553,345,0.93,535,79,0,8,Business inquiries? Contact below 👇,Real
27052,1428,420,3.82,193,90,0,9,Passionate traveler and food lover,Fake
20642,3541,96,7.52,336,74,0,8,Personal blog | Stay positive ✨,Fake
32236,2654,439,5.17,20,44,1,9,Love exploring new places 🌎,Fake
43021,1029,239,2.2,690,45,0,3,Follow for daily inspiration 🌟,Fake
19576,3896,371,1.92,589,42,0,9,DM for collaborations or inquiries!,Real
47938,505,492,1.83,714,71,0,5,Fitness enthusiast 💪 | Health advocate,Fake
36995,650,353,3.88,982,92,0,9,Digital nomad living my best life 🌴,Fake
38108,1336,287,3.77,336,42,0,8,Business inquiries? Contact below 👇,Fake
10013,3251,128,0.83,241,80,0,9,Foodie | Reviews and recipes,Fake
29285,4204,204,5.42,132,27,0,2,Aspiring artist | Drawing my dreams,Fake
45362,4397,287,8.39,200,59,0,1,Passionate traveler and food lover,Fake
36696,1694,2,4.54,558,20,0,9,Sharing moments from my journey,Real
45053,2365,124,6.71,476,50,1,5,Fitness enthusiast 💪 | Health advocate,Fake
27241,2202,368,0.61,58,50,0,7,Photographer and content creator 📸,Fake
46501,3718,406,9.72,579,79,0,9,Fitness enthusiast 💪 | Health advocate,Real
16994,2697,112,4.35,668,31,0,8,Passionate traveler and food lover,Fake
49802,2282,328,3.59,735,96,0,5,Foodie | Reviews and recipes,Fake
47478,4276,327,7.15,332,48,0,7,Nature lover | Saving the planet 🌍,Real
99,3142,407,9.75,628,57,0,7,Entrepreneur & lifestyle blogger,Real
40828,4488,392,8.84,245,50,0,10,Entrepreneur & lifestyle blogger,Real
20950,2782,229,0.13,300,48,0,9,Sharing moments from my journey,Real
26737,1261,106,7.14,132,73,0,9,Love exploring new places 🌎,Real
35065,2750,29,3.05,766,26,0,9,DM for collaborations or inquiries!,Real
14922,1342,212,5.02,485,60,0,3,Aspiring artist | Drawing my dreams,Real
29404,668,364,7.47,436,98,0,8,Foodie | Reviews and recipes,Real
20564,3827,216,3.23,907,31,0,6,Business inquiries? Contact below 👇,Real
47887,4777,184,9.74,569,45,1,8,Fitness enthusiast 💪 | Health advocate,Fake
48396,884,393,5.51,438,8,0,9,Digital nomad living my best life 🌴,Fake
15519,1909,38,6.82,233,42,0,8,Passionate traveler and food lover,Fake
49140,3554,113,2.4,465,52,1,4,Personal blog | Stay positive ✨,Real
31773,735,220,2.85,175,41,0,2,Personal blog | Stay positive ✨,Real
30968,1904,115,7.59,53,46,0,3,Love exploring new places 🌎,Fake
13342,241,22,7.06,819,16,0,2,Passionate traveler and food lover,Real
11870,2933,126,5.22,242,65,0,7,Check out my website for more updates!,Real
2254,422,107,7.09,679,61,0,7,Aspiring artist | Drawing my dreams,Real
35846,2965,252,5.93,102,11,1,10,Aspiring artist | Drawing my dreams,Real
30942,3112,35,9.16,716,1,1,9,Digital nomad living my best life 🌴,Fake
44188,3189,433,2.24,275,80,0,2,Personal blog | Stay positive ✨,Real
23118,504,203,7.49,944,74,0,5,Love exploring new places 🌎,Fake
5324,4220,232,1.13,260,9,0,7,Aspiring artist | Drawing my dreams,Fake
29182,804,385,9.87,198,38,0,9,Check out my website for more updates!,Real
43829,846,497,9.46,101,87,0,6,Check out my website for more updates!,Fake
45003,3180,465,4.22,639,96,0,9,Foodie | Reviews and recipes,Fake
1026,1549,450,3.68,791,29,0,5,Digital nomad living my best life 🌴,Real
5747,1031,274,5.29,825,55,0,8,Check out my website for more updates!,Real
42892,1870,208,7.27,903,88,0,6,Foodie | Reviews and recipes,Fake
13226,3191,282,5.43,916,92,1,10,Fitness enthusiast 💪 | Health advocate,Real
36046,2339,383,6.9,856,47,0,7,Fitness enthusiast 💪 | Health advocate,Real
47326,1265,209,4.06,870,74,0,7,Sharing moments from my journey,Real
23466,3505,325,6.85,979,14,0,2,Aspiring artist | Drawing my dreams,Fake
33998,2645,29,3.74,742,97,0,10,Business inquiries? Contact below 👇,Real
39892,4481,13,3.89,412,80,0,11,Aspiring artist | Drawing my dreams,Fake
49137,1653,260,7.16,61,71,0,10,Foodie | Reviews and recipes,Fake
274,1332,355,8.52,728,1,0,9,Fitness enthusiast 💪 | Health advocate,Fake
10926,609,19,5.73,128,76,0,3,Foodie | Reviews and recipes,Real
34290,3869,327,4.02,142,30,0,2,Passionate traveler and food lover,Real
22951,3549,277,3.37,254,97,0,2,Entrepreneur & lifestyle blogger,Real
22533,4640,174,7.82,108,83,0,5,Aspiring artist | Drawing my dreams,Real
7484,2622,14,7.08,914,76,0,7,Personal blog | Stay positive ✨,Fake
26064,1389,355,9.41,681,87,0,3,Sharing moments from my journey,Real
8241,159,244,0.15,645,83,0,4,Check out my website for more updates!,Fake
21091,3191,286,4.33,304,40,0,4,Aspiring artist | Drawing my dreams,Fake
11756,4383,96,3.16,536,40,0,3,Nature lover | Saving the planet 🌍,Fake
11967,2310,239,8.81,216,87,0,5,Aspiring artist | Drawing my dreams,Real
42531,3821,31,6.96,598,3,0,8,Aspiring artist | Drawing my dreams,Fake
23350,3297,365,5.37,24,88,0,4,Business inquiries? Contact below 👇,Real
35071,1958,409,2.37,68,86,0,10,Nature lover | Saving the planet 🌍,Fake
26108,1003,91,3.95,263,54,0,11,Photographer and content creator 📸,Fake
5918,4194,22,2.05,425,2,0,5,Entrepreneur & lifestyle blogger,Fake
6530,1914,57,6.34,378,86,0,7,Nature lover | Saving the planet 🌍,Fake
13228,491,288,3.83,901,93,0,11,Foodie | Reviews and recipes,Fake
14928,3257,42,1.54,584,8,0,9,Sharing moments from my journey,Fake
38496,1002,298,0.17,276,19,1,5,Digital nomad living my best life 🌴,Fake
4882,657,29,7.03,652,8,0,5,Digital nomad living my best life 🌴,Fake
16059,2941,416,8.19,949,57,0,10,Fitness enthusiast 💪 | Health advocate,Real
31590,1577,395,7.31,704,60,1,5,Business inquiries? Contact below 👇,Fake
44193,3941,165,7.61,620,68,0,2,Aspiring artist | Drawing my dreams,Fake
49288,3983,209,0.9,513,96,0,8,Check out my website for more updates!,Fake
25645,4550,87,6.35,558,68,0,9,Digital nomad living my best life 🌴,Fake
13139,2204,252,8.68,864,29,0,9,Passionate traveler and food lover,Fake
2555,2570,311,5.62,774,20,0,5,Fitness enthusiast 💪 | Health advocate,Real
25474,129,255,2.62,227,71,1,3,Business inquiries? Contact below 👇,Fake
24207,1330,189,1.75,746,2,0,7,Sharing moments from my journey,Fake
44916,640,499,9.93,442,93,0,11,Foodie | Reviews and recipes,Real
13862,4036,252,9.23,918,27,0,9,Love exploring new places 🌎,Real
25768,3042,234,9.1,481,46,0,7,Digital nomad living my best life 🌴,Fake
22179,878,198,6.79,145,35,0,10,Business inquiries? Contact below 👇,Fake
38007,2862,336,3.43,942,39,0,8,Photographer and content creator 📸,Fake
38778,1694,495,6.83,377,42,0,6,Nature lover | Saving the planet 🌍,Fake
23759,311,114,2.5,667,11,0,4,Sharing moments from my journey,Fake
10648,3950,163,0.51,5,84,0,2,Digital nomad living my best life 🌴,Real
27661,1971,47,5.93,27,2,0,2,DM for collaborations or inquiries!,Real
10941,3169,284,9.42,594,68,0,10,Check out my website for more updates!,Fake
22914,1193,133,4.04,329,43,0,8,Sharing moments from my journey,Fake
35801,4204,237,7.53,338,92,1,10,Photographer and content creator 📸,Real
1334,192,264,9.56,643,30,0,4,Love exploring new places 🌎,Real
4052,264,64,4.9,749,40,0,3,Check out my website for more updates!,Real
9245,4030,194,5.78,450,2,0,3,DM for collaborations or inquiries!,Fake
30823,3122,125,3.95,227,6,0,6,Love exploring new places 🌎,Real
25478,1781,409,0.53,976,68,0,5,Fitness enthusiast 💪 | Health advocate,Fake
4736,1569,121,3.43,835,70,0,11,Sharing moments from my journey,Real
7778,2905,243,7.65,535,93,0,2,Personal blog | Stay positive ✨,Real
43992,909,63,2.98,977,62,0,10,Photographer and content creator 📸,Real
34974,4911,72,8.38,183,89,0,9,Love exploring new places 🌎,Real
20729,1562,1,2.76,668,64,1,11,Digital nomad living my best life 🌴,Fake
35511,3435,233,6.35,757,4,0,8,Fitness enthusiast 💪 | Health advocate,Real
15684,14,5,5.54,111,40,0,6,Fitness enthusiast 💪 | Health advocate,Fake
42931,1774,383,7.2,553,10,0,9,Digital nomad living my best life 🌴,Fake
8829,2033,473,6.74,479,56,0,5,Foodie | Reviews and recipes,Fake
8967,255,371,3.77,142,90,0,7,Digital nomad living my best life 🌴,Fake
43503,1871,231,1.19,160,1,0,3,Personal blog | Stay positive ✨,Real
33903,4543,283,0.61,701,25,0,11,Love exploring new places 🌎,Fake
41233,3776,271,9.51,940,75,0,9,Love exploring new places 🌎,Fake
11058,3915,401,1.78,467,32,0,10,Aspiring artist | Drawing my dreams,Real
14272,1185,444,4.71,172,49,0,10,Digital nomad living my best life 🌴,Real
34572,3636,13,8.6,892,91,0,2,Digital nomad living my best life 🌴,Fake
27337,810,22,1.24,76,29,0,7,Sharing moments from my journey,Fake
36548,233,153,6.32,251,5,0,8,Fitness enthusiast 💪 | Health advocate,Real
11551,3142,257,4.22,188,1,0,9,Digital nomad living my best life 🌴,Fake
6666,192,342,0.73,14,45,1,9,Sharing moments from my journey,Real
15473,4427,140,8.43,353,14,0,7,Photographer and content creator 📸,Fake
19459,2084,138,2.95,740,24,0,9,Business inquiries? Contact below 👇,Real
2457,2724,255,2.87,163,0,0,3,DM for collaborations or inquiries!,Fake
41182,665,90,7.3,793,95,0,6,Check out my website for more updates!,Fake
23289,3551,496,5.98,979,60,0,4,Digital nomad living my best life 🌴,Real
12291,1376,146,0.94,423,62,0,11,Personal blog | Stay positive ✨,Fake
23150,890,73,2.17,350,4,0,1,Aspiring artist | Drawing my dreams,Real
34734,522,444,2.17,754,12,1,8,Personal blog | Stay positive ✨,Fake
38852,3367,4,5.61,937,7,0,6,DM for collaborations or inquiries!,Fake
5074,4878,170,6.21,914,82,0,3,Nature lover | Saving the planet 🌍,Fake
13879,3216,262,2.46,343,56,0,3,Follow for daily inspiration 🌟,Fake
24988,933,404,3.98,582,13,0,2,Entrepreneur & lifestyle blogger,Fake
3869,4345,175,4.23,779,42,0,6,Entrepreneur & lifestyle blogger,Real
24118,505,33,2.9,128,83,0,3,Business inquiries? Contact below 👇,Fake
49136,54,127,8.6,325,11,0,8,Entrepreneur & lifestyle blogger,Real
16145,185,328,1.38,747,32,0,4,Love exploring new places 🌎,Fake
40022,1353,5,9.73,18,53,0,7,Photographer and content creator 📸,Fake
21566,3654,470,7.63,689,50,0,3,Personal blog | Stay positive ✨,Real
44311,4351,76,1.94,688,87,0,6,Business inquiries? Contact below 👇,Real
34250,4435,101,5.72,519,81,1,7,Follow for daily inspiration 🌟,Fake
38214,1904,334,2.4,589,17,0,8,Nature lover | Saving the planet 🌍,Real
15486,3399,42,6.45,386,65,0,8,Photographer and content creator 📸,Fake
9352,1237,149,5.14,44,67,0,11,Follow for daily inspiration 🌟,Real
24942,2324,46,6.24,663,85,0,2,Photographer and content creator 📸,Fake
2829,805,357,5.82,872,95,0,10,Aspiring artist | Drawing my dreams,Real
22830,4470,448,0.89,98,92,0,6,Follow for daily inspiration 🌟,Real
16192,169,185,5.49,885,40,0,10,Aspiring artist | Drawing my dreams,Real
15619,2635,321,0.18,814,87,1,5,DM for collaborations or inquiries!,Fake
24626,2058,0,4.42,125,5,0,3,Love exploring new places 🌎,Fake
24007,89,66,2.88,124,94,0,9,Photographer and content creator 📸,Real
5568,2225,462,5.42,982,36,0,10,Nature lover | Saving the planet 🌍,Real
14820,2625,134,7.89,638,64,0,7,Entrepreneur & lifestyle blogger,Real
13612,3257,326,2.48,369,62,0,5,Nature lover | Saving the planet 🌍,Real
27254,651,327,1.52,55,66,0,4,DM for collaborations or inquiries!,Fake
46793,3970,246,9.99,663,26,1,8,DM for collaborations or inquiries!,Fake
1626,3057,44,4.65,521,85,0,9,Nature lover | Saving the planet 🌍,Real
33857,4716,354,1.92,61,30,1,3,Business inquiries? Contact below 👇,Real
12280,4783,342,9.58,236,90,0,5,Entrepreneur & lifestyle blogger,Real
33910,4117,440,8.87,806,20,0,6,Check out my website for more updates!,Fake
9325,504,412,8.59,260,70,0,9,Entrepreneur & lifestyle blogger,Fake
15165,2373,185,2.33,816,58,0,2,Sharing moments from my journey,Fake
37356,1521,433,4.38,339,58,0,8,Entrepreneur & lifestyle blogger,Fake
22493,1727,35,5.72,201,50,0,1,Digital nomad living my best life 🌴,Real
33096,4275,452,8.53,631,3,0,5,Entrepreneur & lifestyle blogger,Real
46848,2130,196,2.89,668,58,1,6,Fitness enthusiast 💪 | Health advocate,Real
2837,2764,390,4.11,234,30,0,10,Aspiring artist | Drawing my dreams,Fake
36060,1014,32,7.57,157,93,0,2,Business inquiries? Contact below 👇,Real
15546,2662,91,9.55,385,90,0,4,Personal blog | Stay positive ✨,Real
22243,4493,330,9.71,277,55,0,4,Follow for daily inspiration 🌟,Fake
14955,1485,151,2.04,224,67,0,10,Foodie | Reviews and recipes,Fake
7014,1038,83,2.73,375,71,0,4,Passionate traveler and food lover,Real
36078,890,228,7.11,270,23,0,6,Aspiring artist | Drawing my dreams,Fake
40112,532,20,6.8,693,96,0,11,Fitness enthusiast 💪 | Health advocate,Fake
28201,917,343,5.8,3,71,1,10,Business inquiries? Contact below 👇,Real
32005,438,221,9.39,663,71,0,7,Sharing moments from my journey,Real
6428,2451,388,4.65,668,98,0,9,Passionate traveler and food lover,Real
20142,1929,178,4.77,467,26,1,2,Foodie | Reviews and recipes,Fake
17427,2920,368,0.61,160,80,0,7,Foodie | Reviews and recipes,Fake
11340,4616,313,3.02,538,55,0,6,Passionate traveler and food lover,Fake
22879,698,284,9.01,938,59,0,9,Foodie | Reviews and recipes,Fake
48794,4271,324,0.1,969,40,0,7,Follow for daily inspiration 🌟,Real
24646,2196,155,6.68,968,52,0,2,Fitness enthusiast 💪 | Health advocate,Real
30485,412,100,2.03,391,85,1,11,Business inquiries? Contact below 👇,Real
4274,903,35,8.2,115,35,0,3,Photographer and content creator 📸,Fake
2513,4721,91,8.06,983,12,0,9,Love exploring new places 🌎,Fake
18622,163,444,0.64,425,34,0,3,DM for collaborations or inquiries!,Fake
33411,4106,484,7.9,8,85,1,5,Sharing moments from my journey,Fake
37427,4085,338,4.66,44,62,1,9,Passionate traveler and food lover,Fake
40280,4391,468,6.04,710,65,0,6,DM for collaborations or inquiries!,Fake
23818,1339,417,6.12,837,59,0,3,Business inquiries? Contact below 👇,Fake
11073,782,211,3.58,147,54,0,11,DM for collaborations or inquiries!,Fake
43971,722,14,5.34,496,91,0,3,Aspiring artist | Drawing my dreams,Real
27612,2467,24,4.3,366,77,0,2,Foodie | Reviews and recipes,Fake
10028,2127,83,3.41,161,15,0,7,Entrepreneur & lifestyle blogger,Real
39478,864,393,9.61,952,76,0,9,Check out my website for more updates!,Fake
18084,1973,442,8.2,192,19,0,11,Aspiring artist | Drawing my dreams,Fake
3612,1480,347,2.08,201,61,0,3,Personal blog | Stay positive ✨,Real
16075,202,417,1.04,840,15,0,4,Business inquiries? Contact below 👇,Real
5429,2309,41,4.57,147,25,0,10,Aspiring artist | Drawing my dreams,Fake
45197,1728,224,4.8,819,94,0,7,Check out my website for more updates!,Real
16977,1094,276,4.03,787,41,0,8,Personal blog | Stay positive ✨,Fake
22169,4160,183,3.2,494,20,0,4,Nature lover | Saving the planet 🌍,Real
47794,4979,411,8.79,278,63,1,8,Sharing moments from my journey,Fake
28722,3564,471,2.74,315,29,0,10,Nature lover | Saving the planet 🌍,Real
11081,1460,211,1.34,816,38,0,5,Entrepreneur & lifestyle blogger,Fake
13267,3659,406,0.36,768,82,0,6,Follow for daily inspiration 🌟,Fake
16317,2352,467,9.26,413,16,0,7,Aspiring artist | Drawing my dreams,Fake
12972,4023,241,1.52,543,63,0,2,Photographer and content creator 📸,Real
39543,1510,112,8.65,772,98,0,8,Entrepreneur & lifestyle blogger,Real
25050,2798,48,9.74,636,58,0,4,Entrepreneur & lifestyle blogger,Real
26356,2630,444,1.34,69,60,1,9,Follow for daily inspiration 🌟,Fake
45891,2206,100,9.91,916,24,0,3,Entrepreneur & lifestyle blogger,Real
12293,4820,303,2.11,284,23,0,4,Love exploring new places 🌎,Real
43536,936,199,1.63,460,29,0,5,Passionate traveler and food lover,Real
37966,999,213,2.92,150,51,0,8,DM for collaborations or inquiries!,Fake
32029,2665,315,0.3,270,52,0,6,Check out my website for more updates!,Fake
45714,1160,104,0.86,378,50,0,1,Nature lover | Saving the planet 🌍,Fake
40211,1687,168,8.57,587,36,0,10,DM for collaborations or inquiries!,Fake
47614,4653,473,2.44,943,43,0,10,Nature lover | Saving the planet 🌍,Fake
41795,4006,251,4.73,88,44,0,2,Digital nomad living my best life 🌴,Real
7892,2182,243,5.89,32,26,0,11,Business inquiries? Contact below 👇,Real
28365,3572,483,4.48,217,19,0,3,Photographer and content creator 📸,Fake
4760,338,84,0.12,876,29,0,9,Passionate traveler and food lover,Real
31534,3795,6,3.95,366,79,0,9,Digital nomad living my best life 🌴,Real
21383,2530,293,2.36,386,57,0,2,Aspiring artist | Drawing my dreams,Real
40917,3313,453,5.32,740,68,0,4,Sharing moments from my journey,Real
12929,3141,381,3.55,318,15,0,8,Aspiring artist | Drawing my dreams,Fake
8538,185,141,8.74,67,10,0,7,Follow for daily inspiration 🌟,Fake
17098,4651,498,7.62,147,62,0,5,Aspiring artist | Drawing my dreams,Real
35346,4136,426,1.81,454,3,0,5,Entrepreneur & lifestyle blogger,Fake
5291,2281,117,7.89,73,36,0,9,Digital nomad living my best life 🌴,Fake
32507,3509,276,9.4,574,59,0,4,Photographer and content creator 📸,Fake
18402,416,357,9.31,946,49,0,2,Business inquiries? Contact below 👇,Real
38190,3478,332,4.58,121,91,0,10,Follow for daily inspiration 🌟,Fake
31156,1087,124,6.03,379,76,0,8,Sharing moments from my journey,Fake
39606,3124,96,3.68,953,63,1,4,Digital nomad living my best life 🌴,Fake
36436,840,367,6.47,62,83,0,8,Passionate traveler and food lover,Real
13070,956,130,1.44,796,79,0,9,Foodie | Reviews and recipes,Real
18716,1978,497,8.74,779,78,0,5,Fitness enthusiast 💪 | Health advocate,Fake
28312,899,338,5.01,12,31,0,3,Nature lover | Saving the planet 🌍,Real
22446,4209,115,5.14,713,71,0,11,Entrepreneur & lifestyle blogger,Fake
43007,1379,56,4.17,290,89,0,3,Business inquiries? Contact below 👇,Fake
9159,3701,299,4.47,429,87,0,6,Follow for daily inspiration 🌟,Fake
21187,4590,337,0.09,799,3,0,2,DM for collaborations or inquiries!,Fake
11401,3418,462,4.55,151,84,0,5,Passionate traveler and food lover,Fake
39901,3022,447,1.76,797,83,0,4,Photographer and content creator 📸,Fake
38150,3528,44,8.36,683,97,0,6,Nature lover | Saving the planet 🌍,Real
41865,1663,179,1.45,605,52,0,5,Nature lover | Saving the planet 🌍,Fake
15845,3188,313,1.8,881,57,0,6,Aspiring artist | Drawing my dreams,Real
28837,1912,198,5.84,30,37,0,3,DM for collaborations or inquiries!,Real
6896,2435,297,7.63,586,43,0,9,Follow for daily inspiration 🌟,Real
22264,4821,340,2.77,139,85,0,6,Check out my website for more updates!,Fake
41999,633,10,1.58,318,84,0,5,Photographer and content creator 📸,Fake
17490,294,255,0.48,872,40,0,9,Check out my website for more updates!,Real
9934,2948,295,1.3,383,56,0,2,Follow for daily inspiration 🌟,Fake
25001,3859,371,2.19,809,14,0,3,Personal blog | Stay positive ✨,Fake
28662,2488,215,1.09,6,73,0,2,Nature lover | Saving the planet 🌍,Real
9915,4141,19,8.45,90,62,0,7,Sharing moments from my journey,Real
44241,1106,117,4.22,138,38,0,9,Personal blog | Stay positive ✨,Real
13474,4255,40,7.02,553,53,0,3,Check out my website for more updates!,Real
3145,752,373,7.07,132,23,0,4,Follow for daily inspiration 🌟,Fake
24321,2269,228,4.54,633,77,0,5,Passionate traveler and food lover,Fake
27263,2606,149,2.06,100,79,0,11,Foodie | Reviews and recipes,Fake
3728,2493,74,8.34,577,43,0,8,Sharing moments from my journey,Real
10758,491,23,3.04,133,98,0,4,Personal blog | Stay positive ✨,Fake
25186,1741,228,3.21,277,29,1,11,Follow for daily inspiration 🌟,Fake
38195,4869,200,0.83,132,62,0,4,Photographer and content creator 📸,Fake
28686,864,138,3.24,915,50,0,8,Digital nomad living my best life 🌴,Real
9611,2232,480,3.03,667,67,0,7,Follow for daily inspiration 🌟,Fake
46249,4222,260,9.29,104,29,1,4,Love exploring new places 🌎,Fake
2851,1527,49,4.07,76,26,0,6,Passionate traveler and food lover,Fake
13489,3924,220,7.28,875,33,0,3,Follow for daily inspiration 🌟,Fake
11387,4782,86,0.21,257,18,0,8,DM for collaborations or inquiries!,Fake
3471,221,443,2.93,249,80,0,2,Personal blog | Stay positive ✨,Real
44024,3431,187,4.78,392,26,0,2,Personal blog | Stay positive ✨,Fake
27041,3269,71,8.38,42,76,0,10,DM for collaborations or inquiries!,Fake
12599,1477,457,2.17,568,39,0,10,Business inquiries? Contact below 👇,Fake
9176,1071,146,2.77,414,56,0,8,Digital nomad living my best life 🌴,Real
27968,2890,427,5.31,322,86,1,3,Business inquiries? Contact below 👇,Fake
21872,1464,436,4.35,735,32,0,2,Fitness enthusiast 💪 | Health advocate,Real
24394,992,116,2.62,902,3,0,3,Fitness enthusiast 💪 | Health advocate,Fake
3196,4431,197,7.58,459,17,0,7,Personal blog | Stay positive ✨,Fake
22672,4798,17,0.67,168,99,0,10,Business inquiries? Contact below 👇,Real
1746,2566,72,9.02,756,7,0,8,Business inquiries? Contact below 👇,Real
9114,3901,204,3.89,844,89,0,2,Aspiring artist | Drawing my dreams,Real
42906,945,295,6.12,158,12,0,1,Check out my website for more updates!,Fake
29510,4391,262,5.75,114,76,0,4,Digital nomad living my best life 🌴,Real
30341,3932,451,9.12,120,57,0,4,Love exploring new places 🌎,Real
11874,2234,212,7.57,467,51,0,3,Follow for daily inspiration 🌟,Fake
2696,859,91,7.26,505,78,0,5,DM for collaborations or inquiries!,Fake
29099,3429,419,1.18,952,37,0,8,Foodie | Reviews and recipes,Fake
13554,2586,99,6.76,82,20,0,4,Fitness enthusiast 💪 | Health advocate,Real
39158,4448,323,7.03,321,76,0,1,Personal blog | Stay positive ✨,Real
5558,2877,296,3.58,719,86,0,5,Photographer and content creator 📸,Fake
22576,2931,70,7.88,819,38,0,10,Entrepreneur & lifestyle blogger,Fake
8275,1019,382,7.68,673,61,0,2,Fitness enthusiast 💪 | Health advocate,Real
49444,3239,29,9.21,222,92,0,6,Sharing moments from my journey,Real
29567,4850,72,7.85,839,93,0,5,Fitness enthusiast 💪 | Health advocate,Fake
24657,4559,464,5.13,234,8,0,6,Check out my website for more updates!,Fake
14662,3257,0,2.12,677,68,0,5,Nature lover | Saving the planet 🌍,Fake
22936,3442,474,3.57,157,55,0,3,Passionate traveler and food lover,Fake
22052,353,3,6.62,78,17,0,2,DM for collaborations or inquiries!,Fake
44721,4677,355,1.2,535,75,0,4,Entrepreneur & lifestyle blogger,Fake
34441,1167,369,8.64,12,99,1,9,Love exploring new places 🌎,Real
49287,1870,366,9.73,460,13,0,6,Follow for daily inspiration 🌟,Real
9208,3083,376,9.32,453,34,0,7,Foodie | Reviews and recipes,Real
11659,452,424,4.56,394,99,0,6,Nature lover | Saving the planet 🌍,Fake
11682,4815,61,2.57,830,61,0,4,Digital nomad living my best life 🌴,Fake
12619,4143,492,2.63,556,98,0,10,Foodie | Reviews and recipes,Real
22860,555,485,5.93,115,57,0,6,Nature lover | Saving the planet 🌍,Fake
14570,1632,137,8.25,409,6,0,6,Personal blog | Stay positive ✨,Fake
12402,3164,345,3.88,785,83,0,1,Entrepreneur & lifestyle blogger,Fake
1981,4269,349,9.76,770,5,1,5,DM for collaborations or inquiries!,Fake
4753,2639,249,4.49,219,85,0,4,Nature lover | Saving the planet 🌍,Fake
26975,2778,313,8.51,90,99,0,7,Fitness enthusiast 💪 | Health advocate,Fake
33769,4944,334,3.49,636,16,0,2,Nature lover | Saving the planet 🌍,Real
5287,2653,340,5.17,347,82,0,7,Passionate traveler and food lover,Real
26670,1022,226,3.28,814,70,0,7,Love exploring new places 🌎,Real
22776,4133,367,0.51,386,21,1,6,Nature lover | Saving the planet 🌍,Real
9290,3635,317,0.04,819,63,0,4,Personal blog | Stay positive ✨,Real
10184,2390,117,3.65,664,7,1,3,Personal blog | Stay positive ✨,Fake
42731,4829,37,2.02,1,93,0,10,Foodie | Reviews and recipes,Real
38678,802,405,5.3,810,55,0,11,Passionate traveler and food lover,Fake
37783,4597,225,9.76,591,19,0,5,Foodie | Reviews and recipes,Real
43923,4250,461,3.87,332,63,0,7,Love exploring new places 🌎,Fake
13139,2699,167,4.17,386,64,0,8,Sharing moments from my journey,Fake
48298,398,159,3.21,425,87,0,5,Passionate traveler and food lover,Fake
34542,1544,387,4.36,415,92,0,9,Personal blog | Stay positive ✨,Fake
21289,582,51,8.89,402,17,0,7,Love exploring new places 🌎,Fake
17554,3086,409,2.0,853,22,0,8,DM for collaborations or inquiries!,Real
34342,4127,443,3.93,175,17,1,8,Passionate traveler and food lover,Fake
45175,1934,439,7.91,222,20,0,2,Personal blog | Stay positive ✨,Fake
38864,2640,90,0.79,649,4,0,7,Check out my website for more updates!,Real
16155,4279,319,4.41,383,63,0,5,Sharing moments from my journey,Real
39041,4611,156,9.96,209,19,0,1,DM for collaborations or inquiries!,Real
12702,1023,13,8.13,321,25,0,8,DM for collaborations or inquiries!,Real
5158,3811,325,1.91,302,85,0,9,Follow for daily inspiration 🌟,Fake
26430,2038,335,2.08,952,5,1,6,Passionate traveler and food lover,Real
31976,4315,49,0.5,601,35,0,3,Passionate traveler and food lover,Fake
38646,4625,116,4.26,87,86,0,7,DM for collaborations or inquiries!,Real
1738,3646,309,2.84,916,58,0,11,Entrepreneur & lifestyle blogger,Fake
12967,4569,0,5.79,38,59,0,2,DM for collaborations or inquiries!,Fake
4464,4793,182,0.52,892,20,0,5,Check out my website for more updates!,Fake
2726,2712,184,3.81,662,32,0,7,Photographer and content creator 📸,Real
46622,1782,197,2.48,859,58,0,10,Sharing moments from my journey,Real
18341,3910,418,2.89,115,29,1,10,Love exploring new places 🌎,Fake
5220,1565,332,5.61,944,52,0,11,Love exploring new places 🌎,Real
16829,1922,373,0.71,74,20,0,2,Fitness enthusiast 💪 | Health advocate,Real
9787,4302,365,7.42,931,7,0,7,Aspiring artist | Drawing my dreams,Real
8635,4193,220,8.67,769,50,0,11,Passionate traveler and food lover,Fake
34186,4353,43,6.1,969,80,0,2,Nature lover | Saving the planet 🌍,Fake
43087,4898,383,1.19,659,7,0,9,Aspiring artist | Drawing my dreams,Fake
4629,1852,170,5.3,680,71,0,10,Entrepreneur & lifestyle blogger,Real
17536,1808,147,3.37,186,53,0,4,Sharing moments from my journey,Fake
28668,4572,191,6.0,440,79,1,10,Nature lover | Saving the planet 🌍,Real
40233,548,324,7.01,99,9,0,2,Love exploring new places 🌎,Fake
11896,2067,69,9.07,710,3,0,11,Nature lover | Saving the planet 🌍,Real
48473,961,100,3.57,183,89,0,7,DM for collaborations or inquiries!,Fake
40183,4283,451,8.97,228,73,0,6,Digital nomad living my best life 🌴,Real
33288,2202,488,4.95,876,6,0,2,Entrepreneur & lifestyle blogger,Fake
3607,1581,46,6.68,734,12,0,11,Business inquiries? Contact below 👇,Real
37319,4291,385,3.51,844,59,0,10,Business inquiries? Contact below 👇,Fake
2782,1845,399,7.56,504,95,0,6,Digital nomad living my best life 🌴,Fake
35544,2721,328,7.19,850,39,0,5,Follow for daily inspiration 🌟,Real
5970,2630,62,3.07,997,35,0,8,Nature lover | Saving the planet 🌍,Fake
491,2929,1,3.19,571,52,1,9,Entrepreneur & lifestyle blogger,Fake
17111,575,325,0.94,22,68,0,5,Nature lover | Saving the planet 🌍,Fake
36240,3783,261,4.74,412,63,0,11,Aspiring artist | Drawing my dreams,Fake
23839,2019,429,4.27,650,52,0,5,Fitness enthusiast 💪 | Health advocate,Fake
36230,657,481,8.09,143,4,0,10,Digital nomad living my best life 🌴,Fake
3973,2939,401,0.4,337,82,0,3,Aspiring artist | Drawing my dreams,Real
18905,300,103,3.73,184,96,0,5,Entrepreneur & lifestyle blogger,Fake
29112,1683,391,1.39,475,8,0,6,Nature lover | Saving the planet 🌍,Real
33637,3970,338,3.43,282,59,0,6,Business inquiries? Contact below 👇,Real
36357,4836,448,0.95,901,76,0,3,Business inquiries? Contact below 👇,Real
35362,4174,286,6.02,160,3,0,9,Aspiring artist | Drawing my dreams,Fake
20606,3297,87,6.2,813,90,0,7,Digital nomad living my best life 🌴,Real
26631,3435,137,1.77,607,0,0,11,Digital nomad living my best life 🌴,Fake
46548,1877,360,7.53,705,78,1,8,Follow for daily inspiration 🌟,Fake
45387,4279,2,1.38,861,21,0,5,DM for collaborations or inquiries!,Fake
41008,2145,423,2.07,620,31,0,7,Nature lover | Saving the planet 🌍,Real
26377,551,239,3.51,52,86,0,11,Aspiring artist | Drawing my dreams,Fake
10158,1486,65,0.18,90,27,0,8,Personal blog | Stay positive ✨,Real
4051,3705,315,8.4,22,4,0,4,Nature lover | Saving the planet 🌍,Real
30692,1851,387,8.95,263,65,0,11,Fitness enthusiast 💪 | Health advocate,Fake
39416,1107,472,3.94,707,47,0,11,Fitness enthusiast 💪 | Health advocate,Fake
7790,4572,98,8.29,329,18,0,7,Love exploring new places 🌎,Fake
25778,1960,114,1.33,735,35,0,11,Fitness enthusiast 💪 | Health advocate,Real
25037,4078,395,1.74,456,41,0,10,Aspiring artist | Drawing my dreams,Fake
7142,3391,398,2.91,652,45,0,11,Fitness enthusiast 💪 | Health advocate,Real
900,2020,391,4.56,997,94,0,3,Aspiring artist | Drawing my dreams,Fake
10679,517,163,6.93,767,7,1,10,Love exploring new places 🌎,Fake
26907,739,417,2.66,838,37,0,11,Check out my website for more updates!,Fake
24518,679,249,8.6,300,2,1,2,Fitness enthusiast 💪 | Health advocate,Real
30243,3037,296,8.86,790,78,1,11,Sharing moments from my journey,Real
6238,1861,40,0.73,348,18,0,2,Foodie | Reviews and recipes,Fake
40445,907,347,2.05,486,99,0,10,Check out my website for more updates!,Real
421,4234,231,6.66,999,8,0,11,Personal blog | Stay positive ✨,Fake
17582,2942,342,3.66,104,84,0,10,Photographer and content creator 📸,Fake
34902,2452,9,9.35,870,6,0,3,Check out my website for more updates!,Real
2582,4050,350,1.42,225,60,0,6,Love exploring new places 🌎,Real
34989,580,203,6.9,795,82,1,7,Aspiring artist | Drawing my dreams,Fake
43774,2559,249,2.49,669,66,0,6,Foodie | Reviews and recipes,Fake
21922,4448,45,9.35,109,34,0,6,Digital nomad living my best life 🌴,Fake
43535,3910,29,7.54,530,18,0,2,Business inquiries? Contact below 👇,Real
27031,3562,81,6.47,915,38,1,5,Photographer and content creator 📸,Fake
16815,253,161,0.32,407,98,0,10,Aspiring artist | Drawing my dreams,Fake
48267,2141,36,8.29,231,1,0,3,Aspiring artist | Drawing my dreams,Real
47876,4353,111,6.49,479,20,0,6,Sharing moments from my journey,Fake
5227,2177,484,7.98,788,20,0,5,Passionate traveler and food lover,Fake
29388,1086,134,6.2,290,21,0,4,Nature lover | Saving the planet 🌍,Fake
5861,264,340,6.24,781,12,0,5,DM for collaborations or inquiries!,Fake
15436,2292,236,3.15,725,70,0,9,Business inquiries? Contact below 👇,Fake
28744,682,122,0.4,630,24,0,7,Business inquiries? Contact below 👇,Fake
7641,1207,442,6.47,160,90,0,8,Follow for daily inspiration 🌟,Real
38310,4310,94,8.16,268,41,0,7,Fitness enthusiast 💪 | Health advocate,Real
39597,1354,388,5.01,970,14,0,10,Nature lover | Saving the planet 🌍,Real
47540,3652,150,6.95,674,33,0,11,Entrepreneur & lifestyle blogger,Real
16575,1418,159,7.0,443,23,0,2,Photographer and content creator 📸,Fake
41763,2105,134,8.05,410,35,0,4,Business inquiries? Contact below 👇,Fake
42351,24,319,8.87,657,44,0,8,Foodie | Reviews and recipes,Real
23532,2497,369,1.43,212,53,0,6,Fitness enthusiast 💪 | Health advocate,Real
16454,1689,205,6.95,883,1,0,3,Aspiring artist | Drawing my dreams,Fake
25861,3811,351,6.09,197,20,0,8,Foodie | Reviews and recipes,Real
244,2236,236,2.01,237,1,0,7,Foodie | Reviews and recipes,Real
44919,1420,362,9.24,498,76,0,9,Love exploring new places 🌎,Fake
48274,821,416,5.71,970,24,0,5,Aspiring artist | Drawing my dreams,Real
14371,91,37,5.46,358,55,1,3,Check out my website for more updates!,Real
47126,1911,141,7.12,890,49,0,11,Fitness enthusiast 💪 | Health advocate,Fake
26769,2226,82,0.65,331,25,1,8,Business inquiries? Contact below 👇,Fake
12053,2876,406,7.92,659,89,0,9,Love exploring new places 🌎,Real
34665,2154,94,4.55,33,69,0,8,Foodie | Reviews and recipes,Fake
7033,4716,201,4.85,274,29,0,9,Aspiring artist | Drawing my dreams,Real
21398,3707,298,5.54,564,99,0,8,DM for collaborations or inquiries!,Real
2110,1725,7,8.1,751,89,0,1,Passionate traveler and food lover,Real
47718,3059,138,0.83,267,33,0,9,Fitness enthusiast 💪 | Health advocate,Real
49806,4246,62,8.17,350,37,0,2,Love exploring new places 🌎,Real
28186,3688,71,2.65,197,70,0,5,Aspiring artist | Drawing my dreams,Real
25337,1945,6,1.27,306,84,0,9,Digital nomad living my best life 🌴,Fake
38203,2354,475,2.6,875,81,0,6,Business inquiries? Contact below 👇,Fake
23667,467,407,2.76,442,73,0,3,Aspiring artist | Drawing my dreams,Fake
8662,1087,482,0.14,856,13,0,2,Personal blog | Stay positive ✨,Real
34719,1261,426,6.06,621,44,0,9,Personal blog | Stay positive ✨,Fake
37630,3552,0,2.26,524,48,0,11,Personal blog | Stay positive ✨,Fake
10823,4706,381,3.41,265,2,0,7,Sharing moments from my journey,Real
5268,2168,306,1.85,225,28,0,1,Foodie | Reviews and recipes,Real
38511,1307,238,6.3,229,5,0,3,Check out my website for more updates!,Fake
21994,2505,261,8.77,988,24,0,2,Entrepreneur & lifestyle blogger,Fake
7722,590,156,7.66,40,12,0,9,Fitness enthusiast 💪 | Health advocate,Fake
30857,3171,449,2.09,940,43,1,8,Check out my website for more updates!,Fake
41835,1679,291,8.6,123,66,1,8,Digital nomad living my best life 🌴,Real
11685,4968,301,6.43,388,89,0,10,DM for collaborations or inquiries!,Real
45392,795,232,9.84,812,74,1,3,Nature lover | Saving the planet 🌍,Fake
6486,496,105,4.16,410,68,0,10,Entrepreneur & lifestyle blogger,Real
12873,40,198,6.5,693,97,0,7,Nature lover | Saving the planet 🌍,Fake
10758,1195,452,6.97,676,85,0,2,Check out my website for more updates!,Real
7362,511,83,5.26,16,72,0,8,Aspiring artist | Drawing my dreams,Fake
40226,3857,51,6.29,644,39,0,11,Digital nomad living my best life 🌴,Fake
26451,1584,372,8.19,355,33,0,4,Digital nomad living my best life 🌴,Fake
48791,4459,489,3.78,125,23,0,10,Passionate traveler and food lover,Fake
28682,460,287,6.04,971,63,0,5,Aspiring artist | Drawing my dreams,Real
29118,4047,399,8.18,440,51,0,3,Personal blog | Stay positive ✨,Fake
44156,4663,89,3.67,899,62,0,10,Love exploring new places 🌎,Real
15172,457,342,8.47,806,9,0,8,Business inquiries? Contact below 👇,Real
16442,2333,304,8.46,480,66,1,5,DM for collaborations or inquiries!,Real
8325,455,65,0.09,152,19,0,10,Check out my website for more updates!,Fake
49187,3287,90,7.5,550,44,0,5,Love exploring new places 🌎,Real
38824,2283,211,4.78,290,81,0,5,Passionate traveler and food lover,Real
41414,2356,297,0.59,681,30,0,10,Personal blog | Stay positive ✨,Fake
42803,632,157,4.61,716,13,0,7,Business inquiries? Contact below 👇,Fake
15333,3671,160,2.44,889,28,0,6,Foodie | Reviews and recipes,Fake
18737,2829,113,5.33,409,26,0,10,Follow for daily inspiration 🌟,Fake
8324,1952,240,1.61,362,65,1,8,DM for collaborations or inquiries!,Real
9542,758,3,0.12,683,39,0,9,Follow for daily inspiration 🌟,Fake
13732,3688,123,4.05,789,66,0,11,Nature lover | Saving the planet 🌍,Real
25875,3656,422,0.49,833,97,0,9,Digital nomad living my best life 🌴,Real
23089,3077,241,7.21,530,52,0,11,Love exploring new places 🌎,Fake
34512,274,415,3.7,871,78,1,3,Nature lover | Saving the planet 🌍,Fake
40195,4284,177,9.61,215,37,0,7,Follow for daily inspiration 🌟,Real
21840,1953,273,7.82,757,64,0,4,Aspiring artist | Drawing my dreams,Real
5503,1751,265,8.58,614,7,1,9,Aspiring artist | Drawing my dreams,Fake
34754,1295,213,9.32,221,58,0,5,Fitness enthusiast 💪 | Health advocate,Real
14057,2117,387,7.83,144,24,0,9,Follow for daily inspiration 🌟,Fake
30262,4303,285,2.47,725,19,0,2,Business inquiries? Contact below 👇,Real
22803,1542,485,5.87,704,37,1,8,Check out my website for more updates!,Fake
9934,3320,355,0.38,65,42,0,10,Follow for daily inspiration 🌟,Fake
33563,1835,140,1.15,522,76,0,3,DM for collaborations or inquiries!,Fake
36312,3181,382,6.19,180,55,0,2,Aspiring artist | Drawing my dreams,Real
34919,3986,56,2.8,530,69,0,1,Digital nomad living my best life 🌴,Real
1735,455,48,9.73,249,27,0,9,Entrepreneur & lifestyle blogger,Real
8544,4352,390,3.96,520,24,0,6,Aspiring artist | Drawing my dreams,Real
49628,4091,462,5.74,826,47,0,5,Entrepreneur & lifestyle blogger,Real
10412,2674,361,5.5,679,14,1,7,Aspiring artist | Drawing my dreams,Fake
12590,3783,400,7.15,973,31,0,3,Sharing moments from my journey,Fake
38681,3683,237,2.04,521,9,0,11,Check out my website for more updates!,Real
20127,2498,118,1.67,337,84,0,7,Check out my website for more updates!,Real
22460,3184,123,8.58,457,16,0,10,Photographer and content creator 📸,Fake
7414,1029,388,0.58,211,3,0,4,Nature lover | Saving the planet 🌍,Real
12601,3858,17,9.06,881,46,0,7,Passionate traveler and food lover,Fake
44843,3713,267,3.22,447,43,0,7,Love exploring new places 🌎,Fake
38385,2651,486,1.42,576,33,0,9,Personal blog | Stay positive ✨,Real
13740,1784,171,2.69,469,95,0,9,DM for collaborations or inquiries!,Real
24972,1900,390,9.18,46,63,0,8,Love exploring new places 🌎,Real
3045,419,315,9.28,646,0,0,5,Digital nomad living my best life 🌴,Real
44711,629,57,1.32,744,33,0,11,Sharing moments from my journey,Fake
44790,2424,309,5.37,106,12,0,5,Love exploring new places 🌎,Real
37592,4504,320,1.92,275,28,0,9,Nature lover | Saving the planet 🌍,Real
7724,1355,125,8.82,616,81,0,11,Aspiring artist | Drawing my dreams,Real
1002,3062,419,1.3,952,23,0,8,Aspiring artist | Drawing my dreams,Fake
31935,4259,312,9.52,941,60,0,3,Fitness enthusiast 💪 | Health advocate,Fake
34279,1152,406,2.7,531,2,0,4,Digital nomad living my best life 🌴,Real
49144,3412,428,6.57,440,44,0,3,Sharing moments from my journey,Real
31127,1444,385,4.45,859,15,0,6,Entrepreneur & lifestyle blogger,Fake
20596,2909,87,1.56,29,48,0,9,Nature lover | Saving the planet 🌍,Fake
36750,1432,389,9.0,484,98,1,3,Nature lover | Saving the planet 🌍,Real
44251,3321,48,8.93,111,30,0,11,Love exploring new places 🌎,Fake
49168,4901,343,6.68,323,43,0,6,DM for collaborations or inquiries!,Fake
43796,1492,191,3.83,485,46,0,3,Personal blog | Stay positive ✨,Real
45524,2808,192,0.21,348,14,0,5,Business inquiries? Contact below 👇,Real
29658,1764,213,9.54,542,49,0,8,Business inquiries? Contact below 👇,Real
1699,1385,223,5.41,255,45,0,11,Entrepreneur & lifestyle blogger,Fake
33318,1495,142,2.06,450,11,1,8,Aspiring artist | Drawing my dreams,Fake
46726,1761,353,7.88,786,2,0,6,Digital nomad living my best life 🌴,Fake
24002,1154,281,6.5,470,83,0,4,Passionate traveler and food lover,Real
1599,723,495,9.34,635,52,0,6,Sharing moments from my journey,Real
46234,2726,368,6.24,278,51,0,2,Passionate traveler and food lover,Real
32136,2874,126,5.06,797,91,0,7,Check out my website for more updates!,Fake
28318,3362,282,5.63,520,28,0,4,Follow for daily inspiration 🌟,Real
8927,2500,483,3.25,460,50,0,7,Photographer and content creator 📸,Real
765,1533,333,9.12,62,72,0,6,Follow for daily inspiration 🌟,Real
40352,2101,446,7.59,48,59,1,3,Business inquiries? Contact below 👇,Fake
2569,3037,460,0.45,338,82,1,10,Follow for daily inspiration 🌟,Real
27948,3732,64,5.35,938,57,0,7,Passionate traveler and food lover,Fake
27410,4854,61,6.7,72,32,0,6,Passionate traveler and food lover,Real
3968,3709,168,3.1,379,88,0,5,Photographer and content creator 📸,Real
28749,720,404,0.04,592,46,0,10,Foodie | Reviews and recipes,Real
45235,3362,312,1.42,169,13,0,11,Business inquiries? Contact below 👇,Fake
35289,3312,98,1.7,523,27,0,2,Passionate traveler and food lover,Fake
32389,3383,483,5.32,177,97,0,8,Fitness enthusiast 💪 | Health advocate,Fake
38503,3032,457,7.45,296,78,0,4,DM for collaborations or inquiries!,Fake
26531,1734,86,8.69,858,74,0,7,Digital nomad living my best life 🌴,Fake
19195,2959,489,8.07,114,45,0,8,Business inquiries? Contact below 👇,Real
21247,1169,308,7.59,747,91,0,2,Digital nomad living my best life 🌴,Real
6665,541,195,8.75,932,16,0,7,Nature lover | Saving the planet 🌍,Fake
26758,1459,467,3.67,887,10,0,9,Sharing moments from my journey,Fake
21427,4045,92,9.52,789,11,0,9,Foodie | Reviews and recipes,Real
18912,4176,380,8.16,321,86,0,10,Check out my website for more updates!,Real
33932,2961,301,7.89,900,65,0,5,Sharing moments from my journey,Fake
27955,4891,154,5.18,521,87,0,6,Aspiring artist | Drawing my dreams,Real
14459,4039,112,9.3,677,11,0,7,Personal blog | Stay positive ✨,Fake
29520,4256,158,6.51,77,87,1,11,Nature lover | Saving the planet 🌍,Fake
27361,3923,342,6.33,528,52,0,8,Fitness enthusiast 💪 | Health advocate,Real
44214,592,137,3.37,55,7,1,6,Follow for daily inspiration 🌟,Real
22152,394,310,2.58,942,58,0,3,Follow for daily inspiration 🌟,Fake
41112,1322,345,1.29,341,20,0,3,Passionate traveler and food lover,Fake
5015,782,227,1.5,462,36,0,7,Business inquiries? Contact below 👇,Real
47215,462,412,7.83,240,37,0,3,Sharing moments from my journey,Real
2396,3473,162,1.08,184,98,0,3,Sharing moments from my journey,Real
8554,2968,239,7.88,391,2,0,2,Photographer and content creator 📸,Fake
27168,3582,121,6.82,967,88,0,8,Passionate traveler and food lover,Real
1885,4571,37,3.77,6,6,0,2,Foodie | Reviews and recipes,Real
20851,1031,34,8.01,427,46,0,10,Aspiring artist | Drawing my dreams,Fake
27415,19,145,0.69,372,70,0,11,Business inquiries? Contact below 👇,Real
24368,217,129,3.52,8,80,0,4,Love exploring new places 🌎,Fake
20995,858,266,8.22,224,79,0,8,Photographer and content creator 📸,Real
1351,3986,341,6.2,320,41,0,2,Follow for daily inspiration 🌟,Fake
22283,1215,169,4.01,584,86,0,11,Fitness enthusiast 💪 | Health advocate,Fake
46240,1371,150,2.4,881,39,0,11,Love exploring new places 🌎,Real
41616,2738,347,2.5,866,60,1,9,Entrepreneur & lifestyle blogger,Real
43667,774,344,9.18,337,27,0,3,Nature lover | Saving the planet 🌍,Fake
17741,1285,105,9.75,861,19,0,3,Nature lover | Saving the planet 🌍,Fake
38939,3434,78,2.51,473,6,0,10,Personal blog | Stay positive ✨,Real
8419,3081,321,2.66,122,0,0,3,Fitness enthusiast 💪 | Health advocate,Real
7790,1378,150,6.85,973,21,0,11,Follow for daily inspiration 🌟,Fake
42541,722,74,2.14,691,9,0,11,Digital nomad living my best life 🌴,Real
3534,796,477,0.31,901,46,0,9,Photographer and content creator 📸,Fake
41141,4464,315,2.41,603,96,0,4,Foodie | Reviews and recipes,Fake
23007,3194,309,5.48,602,73,0,3,Check out my website for more updates!,Real
34451,1921,177,8.67,417,7,0,11,Entrepreneur & lifestyle blogger,Real
34330,4060,482,9.99,654,46,0,7,DM for collaborations or inquiries!,Real
25421,2712,217,3.07,473,18,0,9,Love exploring new places 🌎,Fake
7647,1865,412,7.87,433,37,0,5,Sharing moments from my journey,Real
49692,3192,364,8.21,451,60,0,2,Check out my website for more updates!,Real
10023,36,300,9.52,68,78,0,8,Entrepreneur & lifestyle blogger,Real
30110,4393,181,0.25,586,93,0,10,Passionate traveler and food lover,Fake
26437,1218,323,1.38,521,72,0,8,Follow for daily inspiration 🌟,Real
31811,3274,229,9.4,622,96,0,6,Love exploring new places 🌎,Real
3864,1986,282,0.56,119,51,0,4,Follow for daily inspiration 🌟,Fake
30350,3322,254,1.63,519,5,0,2,Check out my website for more updates!,Real
21928,2420,76,9.55,527,30,0,10,Photographer and content creator 📸,Real
17037,3890,221,3.29,113,9,0,8,Digital nomad living my best life 🌴,Fake
22869,4906,17,0.79,278,48,0,9,Photographer and content creator 📸,Real
6386,1494,130,9.23,443,86,1,7,Follow for daily inspiration 🌟,Real
25527,2955,482,3.52,687,51,0,4,Follow for daily inspiration 🌟,Real
8872,218,418,4.9,101,12,0,8,Fitness enthusiast 💪 | Health advocate,Real
21797,3943,395,2.52,63,51,0,5,Business inquiries? Contact below 👇,Real
9849,2172,111,8.07,576,22,0,11,Love exploring new places 🌎,Fake
9299,2282,241,3.08,430,45,0,7,Digital nomad living my best life 🌴,Real
35897,4163,229,0.1,196,25,0,8,Check out my website for more updates!,Fake
16194,102,123,6.42,898,26,0,3,Personal blog | Stay positive ✨,Fake
17349,3468,184,7.94,901,71,0,1,Fitness enthusiast 💪 | Health advocate,Fake
933,1269,159,0.38,841,17,0,10,DM for collaborations or inquiries!,Real
40831,2826,67,1.13,14,62,0,7,Personal blog | Stay positive ✨,Fake
23892,707,283,1.45,607,66,1,2,Passionate traveler and food lover,Real
14848,273,316,6.56,444,20,0,6,Aspiring artist | Drawing my dreams,Fake
16787,3020,429,9.09,43,9,0,5,Business inquiries? Contact below 👇,Fake
23032,4424,342,8.67,136,21,0,9,Nature lover | Saving the planet 🌍,Real
19195,2743,51,7.36,179,2,0,1,Personal blog | Stay positive ✨,Fake
45365,1340,60,2.16,65,55,0,3,DM for collaborations or inquiries!,Fake
36364,2307,437,7.7,120,36,0,2,Check out my website for more updates!,Real
46087,4665,313,5.99,905,96,0,5,DM for collaborations or inquiries!,Fake
9622,2140,387,8.01,37,51,0,5,Foodie | Reviews and recipes,Fake
17944,541,98,2.79,149,78,0,3,Entrepreneur & lifestyle blogger,Fake
25674,3288,132,5.99,772,91,0,9,Foodie | Reviews and recipes,Fake
23018,4846,9,8.11,494,24,0,6,Passionate traveler and food lover,Real
37267,2488,354,7.24,846,9,0,10,Passionate traveler and food lover,Real
16487,2057,31,7.22,593,11,0,9,Digital nomad living my best life 🌴,Real
9205,514,394,6.33,681,77,0,9,Fitness enthusiast 💪 | Health advocate,Fake
28703,3739,234,5.11,720,24,0,2,Love exploring new places 🌎,Real
35019,4759,220,2.22,897,14,0,7,Nature lover | Saving the planet 🌍,Fake
23980,2403,379,5.35,620,3,0,7,Love exploring new places 🌎,Real
31962,3536,90,4.75,83,97,1,5,Follow for daily inspiration 🌟,Real
18878,1519,148,8.42,303,38,0,2,Sharing moments from my journey,Fake
8891,4691,229,2.32,615,96,1,1,Personal blog | Stay positive ✨,Real
34558,1623,174,9.48,914,11,1,7,Photographer and content creator 📸,Fake
48593,1318,484,0.36,933,79,0,5,Fitness enthusiast 💪 | Health advocate,Fake
1357,1782,201,9.43,22,55,0,8,Check out my website for more updates!,Real
28838,4579,136,1.36,358,47,0,9,Foodie | Reviews and recipes,Real
20545,157,445,4.11,815,3,0,10,Aspiring artist | Drawing my dreams,Fake
8612,1224,197,6.23,291,51,0,10,Sharing moments from my journey,Real
25403,17,30,7.19,307,21,0,5,Fitness enthusiast 💪 | Health advocate,Real
48000,4441,398,2.77,865,77,0,10,Fitness enthusiast 💪 | Health advocate,Fake
711,2960,413,4.45,630,89,0,9,Business inquiries? Contact below 👇,Fake
46859,4399,65,9.83,473,76,0,2,Nature lover | Saving the planet 🌍,Real
27008,3052,451,4.16,296,82,0,9,Love exploring new places 🌎,Real
40676,2282,344,7.62,800,94,0,8,DM for collaborations or inquiries!,Real
37963,58,41,5.61,473,45,0,2,Personal blog | Stay positive ✨,Real
28879,2611,196,0.36,991,32,0,9,Business inquiries? Contact below 👇,Real
8360,166,370,8.94,713,91,0,5,Check out my website for more updates!,Real
30393,44,476,7.24,1,56,0,11,DM for collaborations or inquiries!,Fake
41059,3149,321,3.86,508,6,0,4,Sharing moments from my journey,Real
44451,2048,143,1.21,23,15,0,5,Nature lover | Saving the planet 🌍,Fake
2656,808,217,9.58,933,67,0,3,Aspiring artist | Drawing my dreams,Real
41811,4555,259,6.1,299,37,0,10,Photographer and content creator 📸,Fake
25767,3666,131,0.95,83,30,0,4,Digital nomad living my best life 🌴,Real
17455,3309,485,1.81,255,16,0,3,Fitness enthusiast 💪 | Health advocate,Fake
8683,1612,40,7.94,88,89,0,7,Personal blog | Stay positive ✨,Real
28586,2427,323,9.27,980,87,0,5,Foodie | Reviews and recipes,Fake
19899,1837,418,0.27,822,28,0,4,Personal blog | Stay positive ✨,Real
19492,1420,222,0.08,557,23,1,11,Business inquiries? Contact below 👇,Fake
7957,4115,402,9.38,128,4,0,10,Photographer and content creator 📸,Fake
21525,1762,45,9.64,869,80,0,2,Business inquiries? Contact below 👇,Fake
21565,2205,14,7.07,663,70,0,6,Check out my website for more updates!,Real
8595,1922,394,5.83,737,35,0,8,Aspiring artist | Drawing my dreams,Fake
42334,372,245,2.7,894,49,0,10,Passionate traveler and food lover,Real
25820,269,470,0.23,15,12,0,9,Aspiring artist | Drawing my dreams,Fake
17981,4994,142,7.71,56,64,0,9,Nature lover | Saving the planet 🌍,Fake
3261,3588,362,1.31,199,88,0,5,Check out my website for more updates!,Real
16831,1048,310,0.69,183,7,0,9,Follow for daily inspiration 🌟,Real
27033,1621,383,3.83,487,74,0,9,Follow for daily inspiration 🌟,Real
45773,3726,306,4.7,349,60,0,8,Aspiring artist | Drawing my dreams,Fake
38011,3517,338,1.06,875,32,0,4,Check out my website for more updates!,Real
21135,2367,111,4.52,133,50,0,3,Foodie | Reviews and recipes,Fake
21601,4418,493,7.47,409,89,0,2,Personal blog | Stay positive ✨,Real
20480,1135,474,5.22,88,56,0,8,Check out my website for more updates!,Fake
7917,1709,405,4.81,744,87,1,10,Passionate traveler and food lover,Real
3951,4005,175,1.89,583,49,0,4,Passionate traveler and food lover,Real
34444,4885,67,6.24,86,72,0,10,Entrepreneur & lifestyle blogger,Real
31338,1582,259,6.42,542,2,0,4,DM for collaborations or inquiries!,Fake
49872,2169,474,8.48,361,75,0,5,Sharing moments from my journey,Fake
47276,3974,469,3.65,780,11,0,5,Follow for daily inspiration 🌟,Fake
23624,3322,433,4.86,948,93,0,2,Love exploring new places 🌎,Fake
12982,2691,169,5.79,218,38,1,10,Photographer and content creator 📸,Real
36689,484,287,2.47,235,87,0,8,Nature lover | Saving the planet 🌍,Real
23382,3122,86,8.05,317,79,0,7,Sharing moments from my journey,Real
31035,1469,407,7.98,623,76,0,8,Passionate traveler and food lover,Real
29892,3474,346,3.51,18,55,0,8,Follow for daily inspiration 🌟,Real
13763,4427,89,9.66,592,1,0,7,Check out my website for more updates!,Real
1835,4888,187,2.99,306,35,0,1,Foodie | Reviews and recipes,Real
23801,1965,137,7.72,825,10,0,3,Nature lover | Saving the planet 🌍,Real
13534,858,7,7.95,885,80,0,10,Photographer and content creator 📸,Real
36500,2701,487,9.65,363,63,0,6,Follow for daily inspiration 🌟,Fake
16191,4848,331,2.44,895,13,0,8,Digital nomad living my best life 🌴,Real
48901,4276,375,6.55,901,18,0,2,Nature lover | Saving the planet 🌍,Real
29367,2051,478,8.7,106,86,1,7,Fitness enthusiast 💪 | Health advocate,Real
2106,3233,166,6.57,271,35,0,5,Photographer and content creator 📸,Real
206,4731,100,4.47,428,23,0,3,Passionate traveler and food lover,Fake
37811,795,486,9.2,54,97,0,7,DM for collaborations or inquiries!,Real
10826,4612,65,6.73,557,15,1,6,Digital nomad living my best life 🌴,Fake
43724,1210,402,6.04,838,29,1,11,DM for collaborations or inquiries!,Fake
31179,4839,48,3.16,340,44,0,5,Sharing moments from my journey,Real
27566,3064,460,0.26,233,88,1,10,Follow for daily inspiration 🌟,Fake
48266,877,90,3.98,703,78,0,10,Business inquiries? Contact below 👇,Real
9190,4868,324,2.55,928,86,0,2,DM for collaborations or inquiries!,Fake
34485,3256,283,0.49,338,90,0,3,Entrepreneur & lifestyle blogger,Fake
14211,414,140,7.81,240,64,0,5,Digital nomad living my best life 🌴,Real
38319,324,1,8.63,44,38,0,9,Passionate traveler and food lover,Fake
37193,4153,207,6.26,110,76,0,6,Love exploring new places 🌎,Real
44164,2432,409,4.42,796,27,0,5,Foodie | Reviews and recipes,Real
26173,2696,32,7.56,927,48,0,6,Photographer and content creator 📸,Fake
15813,956,422,3.81,641,17,0,9,Nature lover | Saving the planet 🌍,Fake
44855,1894,37,0.24,328,87,0,2,Love exploring new places 🌎,Real
23708,3841,200,5.97,573,30,0,3,Entrepreneur & lifestyle blogger,Real
49111,4410,251,7.41,621,68,0,3,Foodie | Reviews and recipes,Fake
40891,4580,87,9.98,360,6,0,10,Love exploring new places 🌎,Real
15715,787,125,5.29,826,34,0,4,Sharing moments from my journey,Real
44019,2700,374,7.92,650,97,0,9,Sharing moments from my journey,Real
24626,3979,413,1.88,145,0,0,5,Entrepreneur & lifestyle blogger,Real
20296,3357,488,3.32,378,14,0,6,Check out my website for more updates!,Real
12262,2609,430,5.88,319,86,0,9,Aspiring artist | Drawing my dreams,Real
25230,3985,489,3.31,988,65,0,4,Passionate traveler and food lover,Real
2881,4721,398,1.28,388,87,0,5,Follow for daily inspiration 🌟,Fake
41400,114,349,9.21,839,39,1,7,Aspiring artist | Drawing my dreams,Fake
12610,370,238,3.78,513,62,0,6,Love exploring new places 🌎,Fake
3062,935,410,4.18,856,46,0,1,Fitness enthusiast 💪 | Health advocate,Real
15917,1740,483,7.0,198,2,0,6,Sharing moments from my journey,Real
44474,1094,291,7.54,165,92,0,3,Love exploring new places 🌎,Fake
49724,2136,191,0.31,817,29,0,2,Entrepreneur & lifestyle blogger,Real
33754,1986,209,1.25,773,78,0,8,Photographer and content creator 📸,Fake
2936,3352,188,5.42,736,0,0,6,DM for collaborations or inquiries!,Real
42080,4650,180,4.94,93,62,0,4,Digital nomad living my best life 🌴,Fake
654,846,333,3.87,461,61,0,9,Sharing moments from my journey,Fake
4526,791,67,1.23,173,76,0,5,Entrepreneur & lifestyle blogger,Fake
49785,908,296,3.49,41,70,0,10,Check out my website for more updates!,Fake
23312,2448,396,8.43,180,63,0,5,Photographer and content creator 📸,Real
41835,4718,448,9.18,965,25,0,3,Photographer and content creator 📸,Fake
40074,830,226,0.77,823,98,0,3,Sharing moments from my journey,Real
22256,167,132,0.78,314,8,0,2,DM for collaborations or inquiries!,Real
32344,4473,116,1.21,2,0,0,7,Entrepreneur & lifestyle blogger,Real
31763,13,182,1.57,809,77,1,11,Love exploring new places 🌎,Real
11168,718,215,9.44,290,28,0,5,Personal blog | Stay positive ✨,Fake
1477,1427,112,5.58,644,83,1,3,Photographer and content creator 📸,Real
31977,2192,52,0.34,737,7,0,11,Foodie | Reviews and recipes,Real
44586,4088,34,9.34,471,93,0,5,Passionate traveler and food lover,Real
31157,2063,284,1.41,146,24,0,6,Follow for daily inspiration 🌟,Real
34126,2262,490,4.53,327,11,0,3,DM for collaborations or inquiries!,Fake
29959,2812,238,3.18,287,82,1,2,Digital nomad living my best life 🌴,Real
32921,3699,267,9.55,792,16,0,3,Love exploring new places 🌎,Real
44135,4753,6,8.54,356,43,0,2,Foodie | Reviews and recipes,Fake
46276,2112,368,2.08,763,1,0,9,Nature lover | Saving the planet 🌍,Real
26870,4776,298,8.96,931,21,0,11,Aspiring artist | Drawing my dreams,Real
42879,3644,44,0.01,147,78,0,7,Foodie | Reviews and recipes,Fake
5425,4034,347,2.0,389,96,0,6,Sharing moments from my journey,Real
33804,4029,267,2.7,340,73,0,9,Foodie | Reviews and recipes,Fake
4789,1290,274,5.92,652,39,0,8,Check out my website for more updates!,Fake
16191,2470,207,3.72,283,93,0,7,Passionate traveler and food lover,Fake
12384,3506,83,5.52,147,29,0,9,Follow for daily inspiration 🌟,Real
28224,1526,83,9.6,933,22,0,11,Love exploring new places 🌎,Real
26811,2946,83,2.5,392,60,0,2,Business inquiries? Contact below 👇,Real
22362,4249,103,2.32,487,1,0,3,Follow for daily inspiration 🌟,Real
49933,4852,450,4.39,606,31,0,7,DM for collaborations or inquiries!,Fake
16258,350,255,2.51,156,47,0,3,Sharing moments from my journey,Fake
39425,3046,267,7.36,589,47,0,3,Foodie | Reviews and recipes,Real
33590,4377,190,3.78,560,40,0,6,Nature lover | Saving the planet 🌍,Fake
20490,1609,81,4.95,76,7,0,2,Love exploring new places 🌎,Real
14713,1370,477,7.36,763,36,0,10,Foodie | Reviews and recipes,Real
5258,4257,178,6.86,784,49,0,3,Passionate traveler and food lover,Fake
25923,48,63,3.38,638,23,0,8,Foodie | Reviews and recipes,Fake
48132,331,165,8.0,455,58,0,5,Nature lover | Saving the planet 🌍,Real
7946,4028,11,3.77,522,70,0,2,Follow for daily inspiration 🌟,Real
45739,3648,19,9.99,490,54,0,2,DM for collaborations or inquiries!,Real
27267,1636,128,5.23,558,31,0,1,Love exploring new places 🌎,Fake
37809,1575,237,6.55,23,68,0,5,Passionate traveler and food lover,Fake
20395,256,431,3.36,547,8,1,6,Nature lover | Saving the planet 🌍,Fake
7182,335,149,5.11,439,76,0,5,Love exploring new places 🌎,Fake
34505,1061,106,8.32,454,94,0,10,DM for collaborations or inquiries!,Real
28714,1624,285,8.83,592,41,0,9,Love exploring new places 🌎,Real
34307,4301,423,5.81,974,57,0,2,Aspiring artist | Drawing my dreams,Fake
12602,1608,446,5.42,714,2,0,4,Digital nomad living my best life 🌴,Real
14305,4800,370,8.54,549,8,0,8,Follow for daily inspiration 🌟,Fake
12610,1160,340,6.75,952,60,1,10,Photographer and content creator 📸,Real
19872,4875,133,1.0,907,81,0,10,DM for collaborations or inquiries!,Fake
47559,4751,246,9.2,739,35,0,8,Fitness enthusiast 💪 | Health advocate,Real
40483,1156,426,5.04,689,7,0,7,Personal blog | Stay positive ✨,Real
39645,1783,119,0.14,30,54,0,3,Sharing moments from my journey,Fake
9551,2415,130,4.51,736,65,0,3,Business inquiries? Contact below 👇,Fake
30473,3480,297,7.32,595,37,0,4,Love exploring new places 🌎,Real
10145,1117,449,2.23,855,15,1,4,Entrepreneur & lifestyle blogger,Fake
39427,3646,201,8.33,295,33,0,4,Entrepreneur & lifestyle blogger,Fake
20321,3395,282,5.72,824,56,0,2,Digital nomad living my best life 🌴,Fake
1639,927,70,6.46,251,38,1,10,DM for collaborations or inquiries!,Real
4556,454,481,0.99,352,56,0,3,Photographer and content creator 📸,Fake
21401,1351,433,6.26,623,34,0,2,DM for collaborations or inquiries!,Real
43544,4637,434,1.68,130,62,0,3,Follow for daily inspiration 🌟,Real
14935,3667,245,9.51,710,91,0,11,Digital nomad living my best life 🌴,Fake
44376,4882,456,7.46,694,9,0,8,Follow for daily inspiration 🌟,Fake
30777,3579,44,0.31,208,87,1,4,Check out my website for more updates!,Real
1886,4907,87,4.94,516,21,0,8,Personal blog | Stay positive ✨,Fake
6812,3715,200,6.24,898,25,0,2,Photographer and content creator 📸,Fake
29594,2201,147,7.81,299,85,0,9,Foodie | Reviews and recipes,Fake
43036,1491,325,8.59,475,23,1,5,Aspiring artist | Drawing my dreams,Real
31815,1094,67,8.23,520,51,0,5,Follow for daily inspiration 🌟,Fake
5561,4111,400,0.39,463,14,0,5,Aspiring artist | Drawing my dreams,Real
38360,3299,22,0.65,637,97,1,6,Photographer and content creator 📸,Real
23663,4352,42,6.79,476,57,1,10,Aspiring artist | Drawing my dreams,Fake
44416,4893,319,4.75,287,76,0,3,DM for collaborations or inquiries!,Real
42680,4284,161,6.9,222,92,0,9,Love exploring new places 🌎,Real
29320,2076,483,4.27,897,18,0,4,Nature lover | Saving the planet 🌍,Fake
29780,3184,100,8.34,33,3,0,10,Nature lover | Saving the planet 🌍,Fake
1125,704,168,6.82,571,94,0,5,DM for collaborations or inquiries!,Fake
14902,3971,126,2.08,172,50,0,7,DM for collaborations or inquiries!,Real
48297,1490,290,0.78,722,1,0,8,Entrepreneur & lifestyle blogger,Fake
15707,2663,321,4.73,938,24,0,5,Business inquiries? Contact below 👇,Real
36490,952,211,2.23,877,17,0,6,Fitness enthusiast 💪 | Health advocate,Real
42581,2320,273,8.02,93,85,0,11,Passionate traveler and food lover,Fake
26582,3946,256,0.6,573,66,1,4,Entrepreneur & lifestyle blogger,Fake
38531,2567,25,9.66,575,20,0,9,Digital nomad living my best life 🌴,Real
36647,1518,38,8.69,886,40,0,7,Entrepreneur & lifestyle blogger,Fake
26196,606,473,3.59,924,70,0,3,Fitness enthusiast 💪 | Health advocate,Fake
21051,4790,146,3.55,416,82,0,4,Nature lover | Saving the planet 🌍,Real
42061,263,252,3.25,969,0,0,7,Follow for daily inspiration 🌟,Fake
40856,2660,339,6.44,563,56,1,6,Digital nomad living my best life 🌴,Fake
41571,4365,161,6.82,270,35,0,9,Follow for daily inspiration 🌟,Fake
169,3063,275,9.71,638,26,1,5,Digital nomad living my best life 🌴,Real
23371,1733,214,6.69,414,96,0,2,Nature lover | Saving the planet 🌍,Fake
4205,4934,408,8.62,930,18,1,7,Passionate traveler and food lover,Fake
3946,3191,126,7.22,453,92,0,11,DM for collaborations or inquiries!,Real
30692,2469,176,2.59,299,54,0,5,Aspiring artist | Drawing my dreams,Real
472,97,451,0.7,369,70,0,5,Foodie | Reviews and recipes,Fake
27142,2971,452,4.01,724,84,0,9,Photographer and content creator 📸,Real
42357,1822,323,0.58,117,78,0,7,Business inquiries? Contact below 👇,Fake
48248,4019,490,3.3,202,11,0,1,Photographer and content creator 📸,Fake
23432,4155,54,7.63,529,11,0,4,Passionate traveler and food lover,Real
36738,3596,428,7.73,410,28,0,1,Photographer and content creator 📸,Real
12594,1557,326,0.74,822,46,1,2,DM for collaborations or inquiries!,Real
4191,4873,335,9.72,16,38,0,8,Nature lover | Saving the planet 🌍,Fake
20603,2440,462,5.33,475,84,0,10,Nature lover | Saving the planet 🌍,Real
28309,1252,255,8.61,478,66,0,7,Photographer and content creator 📸,Real
47166,1013,244,0.54,992,62,0,3,Business inquiries? Contact below 👇,Real
45866,192,238,7.29,783,50,0,3,Aspiring artist | Drawing my dreams,Fake
43980,1809,309,4.22,171,54,0,7,Digital nomad living my best life 🌴,Real
17649,2201,238,7.11,60,42,0,8,Foodie | Reviews and recipes,Fake
20127,412,73,6.32,312,23,1,3,Aspiring artist | Drawing my dreams,Fake
30592,3780,479,6.27,378,78,0,9,Digital nomad living my best life 🌴,Fake
7237,1024,465,0.19,637,17,0,3,Check out my website for more updates!,Real
30823,4126,459,3.84,624,39,0,1,Love exploring new places 🌎,Fake
48906,4865,397,0.72,24,80,0,7,Fitness enthusiast 💪 | Health advocate,Real
28409,2520,7,4.51,645,72,1,10,Aspiring artist | Drawing my dreams,Fake
28316,2265,468,3.92,556,24,0,1,DM for collaborations or inquiries!,Fake
40437,3943,385,1.61,455,40,0,9,Digital nomad living my best life 🌴,Fake
33034,4908,212,2.79,958,37,0,3,Photographer and content creator 📸,Real
31849,3362,29,2.21,219,21,0,4,Aspiring artist | Drawing my dreams,Fake
11740,1475,425,7.97,973,37,0,6,Sharing moments from my journey,Fake
24410,2950,227,8.73,700,61,0,7,Entrepreneur & lifestyle blogger,Real
6497,1435,395,1.39,499,91,0,6,Entrepreneur & lifestyle blogger,Fake
43437,604,472,4.53,14,64,0,5,Fitness enthusiast 💪 | Health advocate,Real
17927,4389,484,0.59,903,45,0,2,Entrepreneur & lifestyle blogger,Fake
3796,3901,443,0.96,132,74,0,10,Photographer and content creator 📸,Real
19961,461,121,7.87,293,98,0,3,Passionate traveler and food lover,Real
37052,2352,498,4.69,721,8,0,2,Business inquiries? Contact below 👇,Fake
1191,431,487,7.09,235,45,0,4,Check out my website for more updates!,Fake
14233,2559,448,6.65,31,25,1,10,Aspiring artist | Drawing my dreams,Fake
8512,786,381,5.84,458,15,0,2,Check out my website for more updates!,Fake
1139,3008,481,5.97,513,1,0,9,Foodie | Reviews and recipes,Fake
17920,1000,79,1.11,103,97,0,10,Fitness enthusiast 💪 | Health advocate,Fake
36717,3161,371,5.29,877,5,0,11,Digital nomad living my best life 🌴,Real
25844,2980,190,4.2,886,65,0,4,Aspiring artist | Drawing my dreams,Real
27454,428,276,2.06,884,84,0,1,Love exploring new places 🌎,Real
39526,1807,413,4.36,103,44,0,9,Sharing moments from my journey,Real
20826,4272,137,5.45,511,63,0,1,Nature lover | Saving the planet 🌍,Fake
37995,723,281,9.39,585,29,0,3,Business inquiries? Contact below 👇,Fake
49258,306,265,1.48,430,30,0,9,Aspiring artist | Drawing my dreams,Fake
24270,2095,165,9.84,989,79,0,9,Aspiring artist | Drawing my dreams,Real
3957,749,341,3.81,897,29,0,2,Business inquiries? Contact below 👇,Real
23826,18,385,0.98,412,58,0,10,Photographer and content creator 📸,Fake
6307,1712,174,3.47,95,66,0,2,Foodie | Reviews and recipes,Fake
23665,3451,164,8.9,704,16,0,3,Foodie | Reviews and recipes,Fake
33164,3353,468,7.65,396,18,0,2,Nature lover | Saving the planet 🌍,Fake
19080,4208,105,8.91,358,44,0,5,DM for collaborations or inquiries!,Fake
19733,4019,197,2.16,70,85,1,3,Digital nomad living my best life 🌴,Real
44887,2295,372,1.41,94,36,0,3,Personal blog | Stay positive ✨,Real
18910,4965,247,2.87,244,1,1,10,Digital nomad living my best life 🌴,Real
10229,4607,477,5.3,478,19,0,2,Aspiring artist | Drawing my dreams,Fake
5205,4758,186,8.21,423,48,0,7,Nature lover | Saving the planet 🌍,Real
24090,3576,481,9.13,906,20,0,4,Check out my website for more updates!,Fake
11020,1766,347,5.65,666,67,0,9,Business inquiries? Contact below 👇,Real
17381,3412,69,0.23,373,57,0,9,Follow for daily inspiration 🌟,Real
45034,4568,408,4.49,90,85,0,11,DM for collaborations or inquiries!,Real
37615,3547,271,6.65,211,62,0,6,Fitness enthusiast 💪 | Health advocate,Real
45464,312,329,7.22,245,48,0,9,Fitness enthusiast 💪 | Health advocate,Real
7054,3375,283,7.83,225,30,0,3,Aspiring artist | Drawing my dreams,Real
42147,1622,433,8.42,200,28,0,3,Digital nomad living my best life 🌴,Fake
44126,2425,108,9.27,808,2,1,8,Follow for daily inspiration 🌟,Fake
28660,3495,167,5.88,567,23,0,9,Follow for daily inspiration 🌟,Fake
14558,1302,200,9.76,788,42,0,3,Nature lover | Saving the planet 🌍,Real
14672,2181,225,8.54,869,53,0,2,Sharing moments from my journey,Real
6394,2277,29,4.81,637,6,0,5,Follow for daily inspiration 🌟,Real
6169,4571,493,7.09,176,93,0,10,DM for collaborations or inquiries!,Real
45959,3347,161,6.48,330,0,0,7,Follow for daily inspiration 🌟,Fake
14394,1438,471,1.75,953,89,0,2,Love exploring new places 🌎,Fake
28307,1948,350,4.7,608,9,0,3,Digital nomad living my best life 🌴,Fake
20543,1251,79,0.15,84,47,0,3,Foodie | Reviews and recipes,Fake
27370,960,489,9.32,345,55,0,5,Photographer and content creator 📸,Real
10083,4414,217,9.89,107,96,0,8,Digital nomad living my best life 🌴,Fake
1118,2895,185,1.27,625,99,0,5,DM for collaborations or inquiries!,Real
40180,2777,132,1.07,905,13,0,6,Nature lover | Saving the planet 🌍,Real
39359,1161,6,3.65,546,45,0,8,Business inquiries? Contact below 👇,Fake
1323,1557,498,5.18,831,46,0,8,Passionate traveler and food lover,Fake
18728,2331,30,6.75,391,17,1,7,Sharing moments from my journey,Fake
28467,4730,254,2.86,115,53,0,3,Foodie | Reviews and recipes,Real
22195,453,256,4.95,581,15,0,10,Entrepreneur & lifestyle blogger,Real
18384,958,133,5.5,406,68,0,7,Personal blog | Stay positive ✨,Real
44242,32,43,3.8,370,58,0,1,Photographer and content creator 📸,Real
1372,2048,487,1.36,692,48,0,4,Digital nomad living my best life 🌴,Real
13189,1409,33,1.67,152,22,1,3,Business inquiries? Contact below 👇,Fake
26287,553,311,1.55,903,31,1,8,Photographer and content creator 📸,Fake
38796,3840,49,2.74,154,95,0,7,Aspiring artist | Drawing my dreams,Real
26183,762,371,2.25,78,21,0,4,Aspiring artist | Drawing my dreams,Fake
18840,1687,459,4.58,499,65,0,5,Follow for daily inspiration 🌟,Fake
39541,2027,293,5.84,554,19,0,1,Fitness enthusiast 💪 | Health advocate,Fake
6432,3180,153,8.41,232,41,0,6,Business inquiries? Contact below 👇,Fake
8416,2532,419,9.03,474,45,0,3,Fitness enthusiast 💪 | Health advocate,Real
860,4221,34,7.48,655,76,0,5,Digital nomad living my best life 🌴,Fake
15023,3234,305,2.76,895,97,0,5,Digital nomad living my best life 🌴,Real
1103,1223,67,8.53,910,64,0,2,Foodie | Reviews and recipes,Real
23330,775,226,3.2,712,50,0,4,Nature lover | Saving the planet 🌍,Real
26408,718,493,6.42,459,52,0,4,Personal blog | Stay positive ✨,Fake
6318,4460,268,5.6,495,46,0,2,Digital nomad living my best life 🌴,Fake
37956,4445,197,6.66,643,91,1,2,Sharing moments from my journey,Real
11408,2754,213,2.69,436,8,0,2,Sharing moments from my journey,Real
39624,73,449,4.68,249,99,0,9,Personal blog | Stay positive ✨,Fake
16330,2477,311,2.33,386,33,0,10,Entrepreneur & lifestyle blogger,Real
16636,1033,300,1.28,966,66,0,10,Entrepreneur & lifestyle blogger,Fake
7861,1444,286,2.91,832,38,0,2,Sharing moments from my journey,Real
27984,3793,65,9.43,210,34,0,3,Nature lover | Saving the planet 🌍,Real
4732,3387,111,1.55,291,57,0,10,DM for collaborations or inquiries!,Real
31917,2675,229,0.2,781,13,0,2,Check out my website for more updates!,Real
12554,2386,431,4.61,545,91,0,2,Fitness enthusiast 💪 | Health advocate,Real
39487,3941,468,5.47,596,82,0,2,Photographer and content creator 📸,Fake
49535,2539,180,6.78,624,94,0,11,Personal blog | Stay positive ✨,Fake
7455,2549,266,8.37,881,21,0,8,DM for collaborations or inquiries!,Fake
1026,533,192,8.88,111,13,0,1,Business inquiries? Contact below 👇,Fake
22197,2835,307,6.53,90,46,1,5,Nature lover | Saving the planet 🌍,Fake
33580,537,241,3.2,575,1,0,6,Passionate traveler and food lover,Fake
4527,2671,485,5.59,952,85,0,8,Love exploring new places 🌎,Fake
44925,2687,395,7.59,801,11,0,3,Business inquiries? Contact below 👇,Fake
24778,2717,195,9.94,325,86,0,4,Sharing moments from my journey,Fake
11789,1856,457,9.62,410,45,0,9,Fitness enthusiast 💪 | Health advocate,Fake
367,2662,242,1.35,598,62,0,6,Entrepreneur & lifestyle blogger,Real
25640,376,59,3.2,445,96,0,8,Fitness enthusiast 💪 | Health advocate,Real
4787,1573,484,4.12,378,53,0,9,Fitness enthusiast 💪 | Health advocate,Fake
36016,3978,7,2.41,523,16,0,11,Business inquiries? Contact below 👇,Real
9404,682,75,1.15,561,55,0,3,Fitness enthusiast 💪 | Health advocate,Real
5764,1415,89,4.01,530,64,0,3,Aspiring artist | Drawing my dreams,Fake
15509,2302,323,2.17,452,66,0,8,Fitness enthusiast 💪 | Health advocate,Real
23361,3144,348,8.51,926,61,1,3,Photographer and content creator 📸,Fake
22591,4514,374,2.33,21,14,0,11,Nature lover | Saving the planet 🌍,Fake
8796,4729,294,2.95,429,87,0,5,Sharing moments from my journey,Fake
46827,3235,95,2.66,306,80,0,4,Follow for daily inspiration 🌟,Fake
9590,2427,433,2.76,398,89,0,5,Sharing moments from my journey,Fake
12794,816,116,6.5,401,51,0,5,Fitness enthusiast 💪 | Health advocate,Fake
49292,1243,74,3.07,862,28,0,4,Nature lover | Saving the planet 🌍,Real
9436,369,173,6.44,349,77,0,9,Personal blog | Stay positive ✨,Real
7796,3325,160,3.1,751,67,0,4,Passionate traveler and food lover,Fake
22138,415,10,1.35,849,25,0,3,Sharing moments from my journey,Fake
19483,1012,321,5.16,472,3,1,10,Digital nomad living my best life 🌴,Real
2483,3804,482,8.31,953,88,0,8,Entrepreneur & lifestyle blogger,Fake
28018,1765,428,7.49,767,25,0,5,Entrepreneur & lifestyle blogger,Fake
16729,625,73,2.33,676,31,0,10,Aspiring artist | Drawing my dreams,Fake
46739,2628,317,9.92,648,6,0,4,Love exploring new places 🌎,Real
19505,2725,487,2.42,236,61,1,3,Check out my website for more updates!,Real
30079,1996,28,1.02,103,87,0,11,Foodie | Reviews and recipes,Fake
3659,3881,290,2.05,178,57,1,6,Business inquiries? Contact below 👇,Fake
23643,2770,223,2.74,319,95,0,6,Passionate traveler and food lover,Real
36208,3210,255,5.19,405,47,0,10,Foodie | Reviews and recipes,Real
42189,572,85,4.98,488,99,0,11,Check out my website for more updates!,Real
16175,1645,434,2.84,219,79,0,10,Fitness enthusiast 💪 | Health advocate,Real
31766,194,491,7.4,612,28,0,5,Fitness enthusiast 💪 | Health advocate,Fake
7726,1434,158,7.37,191,20,0,2,Business inquiries? Contact below 👇,Real
40491,54,139,3.48,660,53,0,6,DM for collaborations or inquiries!,Fake
38270,766,464,6.41,125,45,0,9,Fitness enthusiast 💪 | Health advocate,Real
37711,2340,318,6.69,888,58,0,8,Digital nomad living my best life 🌴,Real
36351,3617,419,3.93,922,53,0,11,Foodie | Reviews and recipes,Fake
9800,835,28,3.92,392,59,0,8,Aspiring artist | Drawing my dreams,Fake
33323,1371,62,3.07,471,61,0,6,Love exploring new places 🌎,Real
44010,4410,427,3.59,57,58,0,9,Passionate traveler and food lover,Real
9420,36,70,1.38,414,20,0,8,Foodie | Reviews and recipes,Fake
8282,394,303,8.62,828,33,0,5,Business inquiries? Contact below 👇,Real
47747,1028,68,1.03,128,18,0,3,DM for collaborations or inquiries!,Real
42573,1973,487,1.24,619,37,0,3,Sharing moments from my journey,Real
15706,1547,458,2.21,431,33,0,3,Photographer and content creator 📸,Real
546,159,337,0.53,664,15,0,5,Digital nomad living my best life 🌴,Real
41460,1098,242,2.78,456,62,0,7,Business inquiries? Contact below 👇,Real
36937,1081,400,0.25,640,45,0,7,Love exploring new places 🌎,Fake
26584,828,205,3.35,363,55,0,10,DM for collaborations or inquiries!,Fake
26553,3474,295,6.53,677,38,0,10,Business inquiries? Contact below 👇,Fake
37447,1419,230,3.2,273,70,0,2,Digital nomad living my best life 🌴,Real
15822,527,472,9.61,281,28,0,11,Photographer and content creator 📸,Fake
26305,3506,53,4.61,171,10,0,6,Entrepreneur & lifestyle blogger,Fake
26772,2606,379,3.93,49,99,0,2,Sharing moments from my journey,Real
46461,2473,22,0.38,874,2,0,5,Entrepreneur & lifestyle blogger,Real
49252,1470,495,6.78,44,93,1,4,Fitness enthusiast 💪 | Health advocate,Real
29714,3903,329,8.88,672,15,0,3,Check out my website for more updates!,Fake
3672,1274,127,9.29,535,37,0,10,Personal blog | Stay positive ✨,Real
31061,1481,270,1.05,48,73,0,7,Nature lover | Saving the planet 🌍,Fake
19577,2221,66,7.35,379,1,0,11,Entrepreneur & lifestyle blogger,Real
26773,2635,450,5.62,449,50,0,2,Digital nomad living my best life 🌴,Fake
33957,2032,214,5.25,723,17,0,7,Personal blog | Stay positive ✨,Fake
47466,2181,21,9.25,664,8,0,7,Nature lover | Saving the planet 🌍,Fake
18610,1362,179,8.95,40,2,0,8,Foodie | Reviews and recipes,Real
5841,963,391,5.24,845,74,0,11,Love exploring new places 🌎,Fake
31255,1844,206,6.34,26,50,0,3,Foodie | Reviews and recipes,Real
48888,2450,402,2.22,134,9,0,6,DM for collaborations or inquiries!,Real
22655,652,287,3.27,249,96,0,6,Love exploring new places 🌎,Fake
38282,4630,263,0.14,536,97,0,6,Photographer and content creator 📸,Real
18894,4232,60,1.13,9,75,0,8,Photographer and content creator 📸,Real
42481,2184,82,3.7,612,66,1,2,Digital nomad living my best life 🌴,Fake
40248,21,391,5.67,378,39,0,4,Foodie | Reviews and recipes,Real
39363,2894,285,4.11,611,18,1,11,Photographer and content creator 📸,Real
41998,467,156,9.67,684,32,0,10,Love exploring new places 🌎,Real
34124,1918,117,6.25,708,57,0,4,Sharing moments from my journey,Fake
11795,1302,154,9.92,58,17,0,7,Fitness enthusiast 💪 | Health advocate,Fake
46849,3263,238,4.41,633,14,0,6,DM for collaborations or inquiries!,Real
36869,2053,368,2.39,362,19,0,6,Personal blog | Stay positive ✨,Fake
8805,4601,355,5.35,833,37,0,5,Follow for daily inspiration 🌟,Fake
36012,4057,358,0.97,684,15,0,3,Digital nomad living my best life 🌴,Real
43973,4246,259,9.88,548,69,1,6,Digital nomad living my best life 🌴,Real
13080,346,31,5.15,859,56,0,9,Photographer and content creator 📸,Real
33544,1735,377,2.61,423,23,0,6,Fitness enthusiast 💪 | Health advocate,Real
8085,1783,28,0.86,776,90,0,3,Digital nomad living my best life 🌴,Real
18812,224,356,6.44,103,14,0,10,Photographer and content creator 📸,Real
46396,2721,123,6.17,29,53,0,11,Photographer and content creator 📸,Fake
43260,1268,218,1.66,329,93,1,5,Sharing moments from my journey,Real
28248,684,19,7.11,883,72,0,6,Photographer and content creator 📸,Real
35460,1826,44,3.49,179,54,0,10,Nature lover | Saving the planet 🌍,Real
8792,4992,444,0.78,130,87,0,11,Passionate traveler and food lover,Fake
16895,3583,70,8.47,678,43,0,4,Follow for daily inspiration 🌟,Real
45934,3544,322,8.34,536,62,0,10,Personal blog | Stay positive ✨,Real
13991,4905,41,2.61,549,65,0,9,Digital nomad living my best life 🌴,Fake
35057,2052,422,6.8,357,31,0,5,DM for collaborations or inquiries!,Fake
39983,703,270,4.83,536,34,1,9,Foodie | Reviews and recipes,Fake
30585,1659,13,5.26,12,54,0,6,Foodie | Reviews and recipes,Fake
22636,2728,337,9.23,47,49,0,3,Love exploring new places 🌎,Real
44732,2980,377,7.94,581,77,0,4,Check out my website for more updates!,Real
31524,4713,361,2.63,583,8,0,4,Entrepreneur & lifestyle blogger,Fake
4364,4820,312,6.49,255,21,0,9,Fitness enthusiast 💪 | Health advocate,Real
15297,1684,211,1.76,596,15,0,4,Fitness enthusiast 💪 | Health advocate,Real
29445,3616,64,9.97,478,65,0,2,Sharing moments from my journey,Fake
31818,2185,394,6.04,982,69,0,8,Personal blog | Stay positive ✨,Fake
18504,4468,252,9.16,247,84,0,2,Fitness enthusiast 💪 | Health advocate,Fake
49044,1578,429,4.07,337,33,0,10,Passionate traveler and food lover,Fake
27228,3234,119,8.75,49,72,0,5,Digital nomad living my best life 🌴,Real
8463,783,418,6.19,933,0,0,3,Personal blog | Stay positive ✨,Fake
6461,2035,350,4.42,209,74,1,7,DM for collaborations or inquiries!,Fake
4812,1456,274,5.41,609,35,0,4,Aspiring artist | Drawing my dreams,Real
12824,2562,304,0.37,818,18,0,9,Personal blog | Stay positive ✨,Fake
28224,1910,13,9.35,144,36,0,4,Photographer and content creator 📸,Real
9746,134,194,1.8,331,49,0,2,Aspiring artist | Drawing my dreams,Real
27780,2530,187,0.62,582,13,0,3,Love exploring new places 🌎,Fake
8376,885,411,6.6,214,68,0,9,DM for collaborations or inquiries!,Real
7314,3060,220,1.52,713,79,0,2,Check out my website for more updates!,Fake
29075,1774,29,8.29,306,41,0,2,Sharing moments from my journey,Fake
44286,4266,131,1.74,768,98,0,8,Foodie | Reviews and recipes,Real
9142,3171,428,6.49,931,60,1,11,Photographer and content creator 📸,Fake
20554,4760,110,8.23,291,20,0,4,Entrepreneur & lifestyle blogger,Fake
35106,275,392,6.36,677,16,0,9,Personal blog | Stay positive ✨,Fake
1209,4108,284,7.74,592,60,0,4,Nature lover | Saving the planet 🌍,Fake
39373,4194,169,7.93,556,14,1,9,Aspiring artist | Drawing my dreams,Fake
10034,2187,107,8.32,88,29,0,3,Digital nomad living my best life 🌴,Fake
32855,3338,268,3.34,817,16,0,6,Nature lover | Saving the planet 🌍,Fake
3383,1880,266,6.72,116,96,0,3,Entrepreneur & lifestyle blogger,Fake
21386,4311,442,0.54,858,19,0,3,Passionate traveler and food lover,Real
5613,1166,200,2.61,757,67,0,5,Digital nomad living my best life 🌴,Fake
27527,88,396,1.95,89,6,0,9,Check out my website for more updates!,Fake
32356,600,90,1.48,9,91,0,7,Love exploring new places 🌎,Fake
19304,4191,245,2.8,146,19,0,8,Love exploring new places 🌎,Fake
1415,64,208,1.48,265,8,0,8,Business inquiries? Contact below 👇,Fake
45663,2948,325,5.56,160,84,0,5,Passionate traveler and food lover,Real
40061,3576,168,3.96,147,7,0,5,Sharing moments from my journey,Real
8551,4202,357,7.38,85,88,0,7,Aspiring artist | Drawing my dreams,Real
31079,3182,207,4.22,938,53,0,2,Entrepreneur & lifestyle blogger,Real
44003,3768,43,3.9,630,95,0,2,Entrepreneur & lifestyle blogger,Real
4265,366,100,5.43,842,73,0,8,Nature lover | Saving the planet 🌍,Real
2100,1266,27,6.83,176,3,0,8,DM for collaborations or inquiries!,Fake
22425,3269,192,9.78,292,31,0,6,Check out my website for more updates!,Fake
13960,4274,236,7.15,69,70,0,3,Love exploring new places 🌎,Real
22762,594,57,5.45,263,10,0,5,Love exploring new places 🌎,Real
22124,1576,361,8.55,529,9,0,8,DM for collaborations or inquiries!,Fake
3129,3365,283,2.63,861,13,0,10,Love exploring new places 🌎,Real
47342,1230,141,4.42,643,62,0,9,DM for collaborations or inquiries!,Real
16988,1559,314,7.5,806,97,0,2,Digital nomad living my best life 🌴,Real
13868,4650,457,4.78,695,22,0,7,Entrepreneur & lifestyle blogger,Real
27975,3036,166,1.94,293,26,0,7,Check out my website for more updates!,Real
30953,4324,171,4.63,518,70,1,6,Check out my website for more updates!,Fake
11506,1507,96,2.67,705,4,0,9,Aspiring artist | Drawing my dreams,Fake
2726,331,15,9.37,52,5,0,10,Foodie | Reviews and recipes,Fake
14971,2758,249,7.0,424,4,0,5,Aspiring artist | Drawing my dreams,Fake
42195,2566,372,2.35,421,10,0,6,Photographer and content creator 📸,Fake
11033,2347,299,0.37,880,70,0,11,Personal blog | Stay positive ✨,Real
20466,4150,75,1.73,900,12,0,6,Nature lover | Saving the planet 🌍,Fake
14918,2886,463,6.75,550,58,0,9,Digital nomad living my best life 🌴,Real
12446,1043,169,8.06,849,14,0,2,Photographer and content creator 📸,Real
33092,2509,400,0.8,161,87,0,5,Follow for daily inspiration 🌟,Fake
10160,1277,434,6.47,212,76,0,9,Fitness enthusiast 💪 | Health advocate,Real
10475,4759,61,0.03,735,92,0,7,Fitness enthusiast 💪 | Health advocate,Fake
39522,2064,370,2.57,99,70,0,7,Entrepreneur & lifestyle blogger,Real
40059,1451,71,5.85,440,60,0,2,Personal blog | Stay positive ✨,Real
38341,4576,279,5.15,684,83,0,7,Nature lover | Saving the planet 🌍,Real
42886,1587,438,6.66,864,0,0,5,Check out my website for more updates!,Real
7425,3248,114,9.91,996,16,0,8,Check out my website for more updates!,Fake
42247,1178,425,8.41,463,31,0,2,Foodie | Reviews and recipes,Fake
18810,4824,199,4.93,807,70,0,9,Check out my website for more updates!,Real
32405,3779,394,0.71,595,35,0,6,Digital nomad living my best life 🌴,Real
47104,2854,302,7.1,53,48,0,5,Sharing moments from my journey,Fake
12942,1659,150,3.57,859,18,0,10,Aspiring artist | Drawing my dreams,Fake
42274,2080,331,5.05,476,35,0,3,Business inquiries? Contact below 👇,Real
48150,1769,309,6.69,301,46,0,4,Fitness enthusiast 💪 | Health advocate,Real
23121,424,173,6.55,163,90,0,11,Check out my website for more updates!,Fake
6014,666,388,8.24,976,53,0,9,Sharing moments from my journey,Fake
12404,1577,188,3.81,229,57,0,4,Digital nomad living my best life 🌴,Fake
6911,2272,361,9.35,948,71,0,10,Foodie | Reviews and recipes,Real
9078,3090,124,8.7,172,21,0,5,Fitness enthusiast 💪 | Health advocate,Real
47485,2217,125,9.57,492,44,0,5,Business inquiries? Contact below 👇,Real
22893,4919,212,8.83,818,72,0,10,Passionate traveler and food lover,Fake
12612,3388,194,0.22,264,49,0,6,Personal blog | Stay positive ✨,Real
43052,4436,428,9.66,862,45,0,2,Passionate traveler and food lover,Real
4684,1758,359,7.51,414,93,0,2,Follow for daily inspiration 🌟,Real
40691,254,333,4.16,405,94,0,6,Sharing moments from my journey,Real
42087,1152,268,3.53,787,52,0,2,Digital nomad living my best life 🌴,Fake
39145,4208,215,7.0,402,8,0,4,Personal blog | Stay positive ✨,Fake
8983,3339,265,3.31,823,33,0,3,DM for collaborations or inquiries!,Fake
22546,2259,324,8.16,72,34,0,5,DM for collaborations or inquiries!,Real
38804,341,494,3.4,47,27,0,10,Love exploring new places 🌎,Real
7473,1036,324,0.69,117,88,1,6,Digital nomad living my best life 🌴,Fake
19697,3554,119,0.22,700,9,0,2,Love exploring new places 🌎,Real
42396,3441,226,7.24,556,51,0,10,Aspiring artist | Drawing my dreams,Fake
1915,1290,149,2.34,900,54,0,9,Sharing moments from my journey,Real
40532,4223,182,3.99,697,82,0,4,Follow for daily inspiration 🌟,Real
46374,203,292,8.94,990,54,0,9,Entrepreneur & lifestyle blogger,Fake
48069,3264,78,0.44,414,88,0,2,Love exploring new places 🌎,Fake
35559,4019,155,4.95,872,18,0,3,Foodie | Reviews and recipes,Real
15376,4359,114,6.06,241,23,0,4,DM for collaborations or inquiries!,Fake
36970,4955,297,5.44,933,78,0,9,DM for collaborations or inquiries!,Fake
11599,20,41,7.76,176,21,0,7,Love exploring new places 🌎,Fake
10231,1870,54,3.31,976,18,1,3,Sharing moments from my journey,Real
10656,837,18,9.35,98,37,0,5,Personal blog | Stay positive ✨,Real
1758,1947,180,3.49,367,97,0,10,Passionate traveler and food lover,Fake
47645,2902,390,7.3,118,57,0,8,DM for collaborations or inquiries!,Real
34565,3881,234,5.74,106,59,0,10,Sharing moments from my journey,Real
33247,2038,251,5.78,737,59,0,8,Check out my website for more updates!,Fake
44452,3364,12,9.64,790,43,0,2,Love exploring new places 🌎,Fake
22323,3063,132,3.31,443,6,0,7,Fitness enthusiast 💪 | Health advocate,Real
32040,1448,330,0.11,354,31,0,1,Sharing moments from my journey,Real
19209,3975,253,8.53,44,45,0,7,Digital nomad living my best life 🌴,Real
14344,1317,337,5.14,746,93,0,4,Passionate traveler and food lover,Fake
47970,1229,373,4.12,675,12,0,7,Digital nomad living my best life 🌴,Fake
47681,4944,498,3.36,238,65,0,5,Digital nomad living my best life 🌴,Real
49691,2528,456,5.62,259,58,0,3,Fitness enthusiast 💪 | Health advocate,Fake
40236,1345,1,8.26,323,44,0,3,Check out my website for more updates!,Real
41798,2451,124,2.49,508,70,0,9,Follow for daily inspiration 🌟,Real
3648,1304,353,6.75,500,25,0,8,Entrepreneur & lifestyle blogger,Real
4976,1045,132,6.46,722,67,0,3,DM for collaborations or inquiries!,Real
20525,2412,52,4.98,142,38,0,10,Digital nomad living my best life 🌴,Fake
1083,397,404,4.9,102,29,0,10,Passionate traveler and food lover,Real
2442,389,227,3.77,770,70,0,9,Love exploring new places 🌎,Fake
4892,1659,491,2.7,797,37,0,9,Passionate traveler and food lover,Fake
11234,4062,337,4.33,341,15,0,11,Check out my website for more updates!,Real
42780,1223,274,5.78,678,55,0,7,Passionate traveler and food lover,Real
34421,1398,30,2.92,934,65,0,2,Nature lover | Saving the planet 🌍,Real
19955,1690,11,2.61,53,79,0,1,Aspiring artist | Drawing my dreams,Real
26047,4706,118,2.26,594,7,0,6,Photographer and content creator 📸,Real
7005,385,50,1.12,311,40,0,4,Fitness enthusiast 💪 | Health advocate,Fake
14672,1999,156,2.95,761,49,0,4,Aspiring artist | Drawing my dreams,Real
23508,3040,156,7.81,164,25,0,4,DM for collaborations or inquiries!,Real
2431,4064,206,1.83,519,94,0,11,Aspiring artist | Drawing my dreams,Real
26300,4460,229,5.83,39,97,0,6,Check out my website for more updates!,Fake
44456,3605,196,1.15,373,23,0,5,Nature lover | Saving the planet 🌍,Real
33157,2951,166,5.0,604,56,0,4,Digital nomad living my best life 🌴,Fake
1032,1412,121,0.89,152,14,0,6,Fitness enthusiast 💪 | Health advocate,Real
49255,4599,414,1.02,700,46,0,9,Business inquiries? Contact below 👇,Real
986,2303,1,1.51,800,65,0,8,Love exploring new places 🌎,Real
32564,4915,120,1.88,856,93,0,2,Passionate traveler and food lover,Real
27175,816,326,7.48,919,32,0,5,Follow for daily inspiration 🌟,Fake
27476,4413,58,3.81,311,97,0,5,Digital nomad living my best life 🌴,Real
26692,3599,466,0.57,571,79,0,5,Digital nomad living my best life 🌴,Real
3804,2679,281,4.05,200,9,0,8,Nature lover | Saving the planet 🌍,Fake
38252,4843,191,8.03,772,8,0,6,Follow for daily inspiration 🌟,Fake
33851,1810,358,8.1,186,82,0,11,Entrepreneur & lifestyle blogger,Fake
46046,117,8,4.85,236,43,0,8,Love exploring new places 🌎,Fake
48685,4952,410,5.28,241,36,0,7,Business inquiries? Contact below 👇,Real
5906,3108,189,1.89,219,65,0,2,Aspiring artist | Drawing my dreams,Fake
30619,2915,97,5.07,613,6,1,1,Sharing moments from my journey,Real
5142,4776,95,5.89,846,75,1,2,Entrepreneur & lifestyle blogger,Fake
16476,4953,317,8.31,391,83,0,2,Nature lover | Saving the planet 🌍,Real
30652,2631,122,8.26,737,62,0,7,Digital nomad living my best life 🌴,Real
46739,851,478,6.89,953,65,0,10,Nature lover | Saving the planet 🌍,Real
17901,4687,67,4.58,641,44,0,7,Foodie | Reviews and recipes,Real
1066,4165,59,8.48,418,46,0,8,Love exploring new places 🌎,Real
40987,1474,202,1.88,42,66,0,2,Entrepreneur & lifestyle blogger,Fake
24917,2275,234,3.23,222,13,0,6,Digital nomad living my best life 🌴,Fake
14778,1230,376,9.15,704,56,0,3,Aspiring artist | Drawing my dreams,Real
7655,2763,136,2.03,513,73,0,2,Digital nomad living my best life 🌴,Fake
40342,1668,53,7.44,262,77,0,3,Foodie | Reviews and recipes,Real
40018,2044,305,9.13,499,58,0,2,Fitness enthusiast 💪 | Health advocate,Fake
89,4783,155,9.66,549,27,0,2,Check out my website for more updates!,Real
7670,2703,438,3.01,662,49,0,3,Aspiring artist | Drawing my dreams,Real
46199,2766,85,3.03,439,75,0,10,Photographer and content creator 📸,Fake
18885,1746,358,7.9,157,16,0,5,Business inquiries? Contact below 👇,Fake
4772,3760,120,7.87,380,34,0,5,Follow for daily inspiration 🌟,Real
42728,3440,179,0.53,883,42,0,8,Business inquiries? Contact below 👇,Fake
33169,4841,264,1.25,562,77,0,6,Nature lover | Saving the planet 🌍,Real
3568,2908,103,1.14,752,88,0,11,Sharing moments from my journey,Fake
45906,4555,334,7.21,203,59,1,8,Photographer and content creator 📸,Fake
46311,2484,128,1.45,858,93,0,11,DM for collaborations or inquiries!,Fake
43697,193,375,4.97,769,79,0,2,Sharing moments from my journey,Real
8363,1253,209,0.77,781,33,0,7,Check out my website for more updates!,Fake
30840,3448,67,6.43,486,61,0,5,Personal blog | Stay positive ✨,Real
20496,4216,340,3.56,8,73,0,3,Business inquiries? Contact below 👇,Real
22002,2445,0,3.42,343,31,0,10,Photographer and content creator 📸,Fake
33162,3583,83,0.68,966,99,0,10,Photographer and content creator 📸,Real
48204,2021,87,9.79,617,79,0,3,Foodie | Reviews and recipes,Real
31198,4919,71,3.64,936,69,0,2,Foodie | Reviews and recipes,Fake
37830,4724,17,0.68,937,63,0,8,Passionate traveler and food lover,Fake
15778,2744,54,7.7,85,18,0,3,Nature lover | Saving the planet 🌍,Fake
20514,2009,85,5.75,500,80,0,7,Foodie | Reviews and recipes,Real
474,1397,37,5.29,900,39,1,11,Personal blog | Stay positive ✨,Fake
24228,958,209,1.18,849,91,0,9,Personal blog | Stay positive ✨,Fake
2059,131,75,4.61,701,52,0,7,Passionate traveler and food lover,Fake
24890,686,217,2.81,149,49,0,11,Love exploring new places 🌎,Real
28005,1897,144,2.7,872,98,0,4,DM for collaborations or inquiries!,Real
42182,322,337,2.97,386,73,0,8,Aspiring artist | Drawing my dreams,Fake
19833,315,38,6.41,310,36,1,9,Sharing moments from my journey,Real
38067,4844,276,1.6,761,75,0,10,Fitness enthusiast 💪 | Health advocate,Real
2993,2844,164,9.36,164,42,0,2,Passionate traveler and food lover,Real
23524,4103,119,8.25,925,74,0,2,Follow for daily inspiration 🌟,Fake
35778,1138,499,4.99,94,19,0,6,Love exploring new places 🌎,Real
35616,4740,139,7.59,495,4,0,2,Photographer and content creator 📸,Fake
14284,464,426,4.67,518,48,0,7,Fitness enthusiast 💪 | Health advocate,Fake
32550,3064,17,8.89,235,96,0,2,Photographer and content creator 📸,Fake
40282,1669,409,6.09,660,96,0,3,Love exploring new places 🌎,Fake
49146,3831,191,5.18,64,12,0,5,Fitness enthusiast 💪 | Health advocate,Fake
38749,3563,405,2.74,984,58,0,5,Foodie | Reviews and recipes,Fake
3120,3757,116,2.27,335,32,0,8,Passionate traveler and food lover,Fake
29968,3310,329,2.7,638,60,0,9,Passionate traveler and food lover,Real
23316,3289,419,4.95,601,88,0,11,Foodie | Reviews and recipes,Real
13953,3778,460,5.68,318,10,0,7,Foodie | Reviews and recipes,Fake
39853,3012,358,8.87,182,75,0,5,Aspiring artist | Drawing my dreams,Fake
5889,2023,120,2.96,969,97,0,2,Photographer and content creator 📸,Real
14105,3340,323,2.16,556,65,0,3,Aspiring artist | Drawing my dreams,Real
4083,4713,495,9.19,597,59,0,8,Business inquiries? Contact below 👇,Real
46805,4939,447,2.26,701,30,0,9,Follow for daily inspiration 🌟,Fake
5903,3973,30,5.73,450,74,0,10,Digital nomad living my best life 🌴,Fake
16592,1923,52,2.73,313,33,0,7,Passionate traveler and food lover,Fake
19172,101,268,2.8,394,54,0,11,Entrepreneur & lifestyle blogger,Real
8178,1358,12,6.49,958,92,1,4,Check out my website for more updates!,Fake
13705,4217,388,2.49,547,82,0,8,Follow for daily inspiration 🌟,Real
3516,4516,244,8.63,810,78,0,8,Entrepreneur & lifestyle blogger,Fake
43843,2520,159,7.66,102,41,0,5,Fitness enthusiast 💪 | Health advocate,Fake
20325,4303,381,0.81,198,72,0,7,Sharing moments from my journey,Fake
46477,437,70,3.44,811,17,0,8,Aspiring artist | Drawing my dreams,Real
677,913,418,9.29,50,92,0,2,Personal blog | Stay positive ✨,Real
23611,4709,347,3.3,419,69,0,9,Aspiring artist | Drawing my dreams,Real
44390,4407,65,6.97,257,61,1,8,Digital nomad living my best life 🌴,Real
21001,4575,216,1.94,935,34,0,9,DM for collaborations or inquiries!,Real
38314,2670,299,5.3,225,97,1,9,Entrepreneur & lifestyle blogger,Real
38052,142,18,2.22,592,56,0,7,DM for collaborations or inquiries!,Fake
11090,3894,89,5.02,373,61,0,7,Entrepreneur & lifestyle blogger,Real
3433,2511,231,8.53,715,87,0,2,Fitness enthusiast 💪 | Health advocate,Real
36945,1835,475,8.62,353,65,1,2,Digital nomad living my best life 🌴,Real
43807,3567,407,7.47,394,72,0,4,Business inquiries? Contact below 👇,Fake
22814,4964,356,9.3,973,57,0,11,Photographer and content creator 📸,Real
41502,2225,452,7.77,327,85,0,11,Entrepreneur & lifestyle blogger,Real
44753,2781,385,5.83,134,9,0,8,Fitness enthusiast 💪 | Health advocate,Real
9911,4109,296,4.11,672,55,0,7,Passionate traveler and food lover,Real
28699,3392,203,0.65,789,82,0,9,Photographer and content creator 📸,Fake
30646,2272,426,6.77,800,99,0,5,Passionate traveler and food lover,Fake
22548,2465,80,6.04,28,0,0,10,Personal blog | Stay positive ✨,Fake
30235,2474,3,5.96,622,88,0,10,Check out my website for more updates!,Real
8260,2203,268,7.6,301,19,0,10,Nature lover | Saving the planet 🌍,Real
48934,3084,222,6.91,741,5,0,9,Foodie | Reviews and recipes,Real
35899,32,219,2.86,925,63,0,6,Love exploring new places 🌎,Real
3614,2407,275,0.33,109,79,0,5,Fitness enthusiast 💪 | Health advocate,Fake
16535,2904,345,3.54,729,18,1,11,Entrepreneur & lifestyle blogger,Real
43179,4420,298,8.78,596,30,0,9,Check out my website for more updates!,Fake
3184,1645,47,6.73,4,94,0,3,Foodie | Reviews and recipes,Fake
4179,2555,153,0.81,357,5,0,4,Foodie | Reviews and recipes,Real
48064,4017,291,4.77,619,27,0,10,Sharing moments from my journey,Fake
27809,3987,365,7.39,14,96,0,8,Follow for daily inspiration 🌟,Fake
22102,3853,438,1.62,597,39,0,2,Aspiring artist | Drawing my dreams,Fake
16599,2869,230,9.86,793,10,0,2,Check out my website for more updates!,Real
29396,995,251,9.1,137,61,0,3,Foodie | Reviews and recipes,Real
44183,446,244,6.24,538,70,0,10,Aspiring artist | Drawing my dreams,Fake
46485,1539,127,4.74,396,69,0,7,Nature lover | Saving the planet 🌍,Fake
46495,3326,104,3.91,588,32,0,11,Foodie | Reviews and recipes,Fake
41421,2098,320,0.01,786,42,0,10,Passionate traveler and food lover,Fake
33171,1267,443,1.27,796,23,1,9,Check out my website for more updates!,Fake
27207,2043,356,9.99,416,65,0,6,Foodie | Reviews and recipes,Fake
43088,3371,129,1.97,354,74,0,5,Passionate traveler and food lover,Fake
33266,2816,408,2.71,759,20,0,10,Follow for daily inspiration 🌟,Fake
1672,1599,409,3.2,787,32,0,2,Digital nomad living my best life 🌴,Fake
45875,934,113,4.83,793,86,0,5,Love exploring new places 🌎,Fake
19286,4859,151,1.11,327,97,0,9,Digital nomad living my best life 🌴,Fake
40997,3951,469,8.96,230,80,0,9,Sharing moments from my journey,Fake
29051,223,475,3.19,897,16,0,7,Fitness enthusiast 💪 | Health advocate,Real
19799,795,161,3.42,412,6,0,9,Fitness enthusiast 💪 | Health advocate,Real
14207,1149,407,7.86,508,16,0,3,Aspiring artist | Drawing my dreams,Real
33081,2728,285,3.68,868,2,0,2,Love exploring new places 🌎,Fake
10399,3147,197,1.77,609,94,0,6,Sharing moments from my journey,Real
24487,3328,141,1.82,991,29,0,6,Check out my website for more updates!,Fake
46790,2811,360,5.49,642,26,0,9,Nature lover | Saving the planet 🌍,Fake
27760,1338,166,4.93,225,52,0,6,Foodie | Reviews and recipes,Fake
21647,4368,413,8.24,767,0,1,5,Aspiring artist | Drawing my dreams,Fake
29783,4246,235,1.23,171,52,0,5,Business inquiries? Contact below 👇,Real
12470,1664,49,8.22,807,96,0,10,Personal blog | Stay positive ✨,Fake
40141,429,251,1.69,856,44,0,5,Sharing moments from my journey,Fake
17523,3055,385,5.56,285,9,0,7,Sharing moments from my journey,Fake
47525,741,475,4.8,603,39,0,10,Entrepreneur & lifestyle blogger,Fake
20361,4658,290,5.25,255,99,0,8,Sharing moments from my journey,Fake
40990,4987,310,3.09,705,88,0,3,Aspiring artist | Drawing my dreams,Real
25330,631,132,7.29,233,84,1,10,Entrepreneur & lifestyle blogger,Real
28374,3617,427,1.76,436,72,0,6,Check out my website for more updates!,Real
2444,4507,131,5.39,690,11,0,5,Digital nomad living my best life 🌴,Real
11902,3441,240,3.19,947,57,0,5,Love exploring new places 🌎,Real
42944,3446,48,1.67,268,60,0,9,Personal blog | Stay positive ✨,Fake
13628,3429,153,6.74,470,70,0,7,Nature lover | Saving the planet 🌍,Fake
27682,4673,291,2.33,32,27,0,5,Passionate traveler and food lover,Fake
11271,1358,120,7.55,782,48,0,7,Aspiring artist | Drawing my dreams,Real
32032,653,223,2.34,142,98,0,9,Nature lover | Saving the planet 🌍,Fake
12696,4605,65,8.91,686,24,0,6,Personal blog | Stay positive ✨,Fake
49785,4083,164,6.73,352,91,0,10,Entrepreneur & lifestyle blogger,Fake
26145,1166,249,6.86,923,94,0,10,Digital nomad living my best life 🌴,Real
15302,1417,450,5.35,178,52,0,10,Love exploring new places 🌎,Fake
10627,4173,246,2.47,698,29,0,6,Check out my website for more updates!,Real
36876,1928,263,2.69,895,67,0,8,Love exploring new places 🌎,Fake
34180,937,22,8.38,670,58,0,8,Aspiring artist | Drawing my dreams,Real
5256,1701,401,0.56,590,18,0,10,Entrepreneur & lifestyle blogger,Real
46900,1828,186,1.71,155,29,0,4,Photographer and content creator 📸,Fake
13460,1380,123,4.01,392,7,0,4,DM for collaborations or inquiries!,Fake
14273,359,406,1.45,53,73,1,2,Passionate traveler and food lover,Real
7109,2999,368,3.66,502,42,0,4,Business inquiries? Contact below 👇,Fake
26277,4189,349,0.59,331,30,0,6,Entrepreneur & lifestyle blogger,Fake
13329,1109,86,7.3,719,87,0,5,Nature lover | Saving the planet 🌍,Real
44745,50,193,6.18,29,82,0,7,Entrepreneur & lifestyle blogger,Real
842,1806,231,4.39,284,7,0,3,Love exploring new places 🌎,Fake
5975,3029,212,9.69,366,38,0,3,Check out my website for more updates!,Fake
10642,4280,404,1.94,403,33,0,2,Follow for daily inspiration 🌟,Fake
23964,649,93,6.33,336,79,0,3,Photographer and content creator 📸,Real
25406,1812,250,3.19,608,34,0,8,DM for collaborations or inquiries!,Fake
11665,3662,159,1.97,947,52,0,4,Sharing moments from my journey,Real
20392,3406,167,3.56,970,4,0,9,Love exploring new places 🌎,Real
24574,468,97,0.35,300,66,0,6,Foodie | Reviews and recipes,Fake
26612,2588,245,5.95,527,69,0,2,Photographer and content creator 📸,Real
8394,1649,243,0.96,400,51,0,4,Aspiring artist | Drawing my dreams,Fake
11979,897,36,0.11,740,51,0,2,Follow for daily inspiration 🌟,Real
3677,953,288,7.63,307,79,0,7,Personal blog | Stay positive ✨,Fake
2774,391,465,2.29,604,67,0,2,Nature lover | Saving the planet 🌍,Real
36411,813,205,1.62,291,4,0,3,Nature lover | Saving the planet 🌍,Real
20220,1042,230,1.73,795,57,0,3,Sharing moments from my journey,Real
17580,4557,28,2.76,368,41,0,2,Entrepreneur & lifestyle blogger,Real
49073,3666,155,5.22,691,56,0,5,Nature lover | Saving the planet 🌍,Real
42598,4812,79,5.0,130,41,0,6,DM for collaborations or inquiries!,Fake
8719,2629,197,5.4,955,50,1,10,Love exploring new places 🌎,Real
21255,3362,349,3.6,378,13,0,10,Nature lover | Saving the planet 🌍,Real
5591,2517,125,5.92,949,41,0,2,Digital nomad living my best life 🌴,Real
12287,2496,483,7.02,450,55,0,3,Love exploring new places 🌎,Fake
29487,1137,313,1.97,266,22,0,8,DM for collaborations or inquiries!,Real
30653,2359,426,0.44,420,86,0,10,Aspiring artist | Drawing my dreams,Fake
39762,2529,394,8.23,506,87,0,4,Entrepreneur & lifestyle blogger,Fake
13019,2016,364,1.63,225,97,0,11,Digital nomad living my best life 🌴,Fake
8646,416,302,4.07,236,71,0,9,Digital nomad living my best life 🌴,Real
37029,3160,108,0.71,864,66,0,4,Check out my website for more updates!,Fake
43834,86,364,0.87,312,54,0,7,Digital nomad living my best life 🌴,Fake
49575,3486,438,5.17,427,52,0,4,Business inquiries? Contact below 👇,Fake
25267,4654,499,5.04,761,56,0,4,Aspiring artist | Drawing my dreams,Fake
49258,1531,420,6.29,321,85,0,9,Nature lover | Saving the planet 🌍,Fake
17286,2386,259,2.47,707,2,0,2,Fitness enthusiast 💪 | Health advocate,Real
28513,1372,381,7.18,475,98,1,2,Nature lover | Saving the planet 🌍,Real
11879,808,41,3.9,291,54,0,5,Check out my website for more updates!,Real
7213,3064,269,6.05,375,0,0,6,Nature lover | Saving the planet 🌍,Fake
14786,4987,45,8.77,748,70,0,8,Follow for daily inspiration 🌟,Real
23005,769,432,2.49,693,5,0,6,Nature lover | Saving the planet 🌍,Real
42268,2666,393,9.49,288,81,0,9,Sharing moments from my journey,Fake
18240,975,18,2.26,85,93,0,11,Business inquiries? Contact below 👇,Real
15447,2889,497,1.1,292,37,0,5,Personal blog | Stay positive ✨,Fake
29558,431,96,6.36,726,99,0,2,Nature lover | Saving the planet 🌍,Fake
17387,2660,226,9.85,425,92,0,10,Photographer and content creator 📸,Real
22705,413,202,1.33,547,41,0,1,Aspiring artist | Drawing my dreams,Fake
23359,2010,353,0.06,725,15,0,4,Business inquiries? Contact below 👇,Real
36951,2418,365,3.21,375,29,1,1,Love exploring new places 🌎,Fake
24646,4321,112,6.23,659,29,0,3,Check out my website for more updates!,Real
28077,4009,368,4.51,342,14,0,1,Check out my website for more updates!,Real
44875,2284,12,5.84,186,90,0,6,Follow for daily inspiration 🌟,Real
14468,1155,264,6.05,939,29,0,6,Check out my website for more updates!,Fake
26028,2715,67,3.5,308,86,1,5,Passionate traveler and food lover,Real
48878,2441,128,0.03,705,26,0,6,Digital nomad living my best life 🌴,Real
24105,918,36,1.26,555,24,0,9,Nature lover | Saving the planet 🌍,Real
7198,376,407,4.78,771,87,0,8,Business inquiries? Contact below 👇,Real
27049,2453,188,8.04,314,86,0,9,Check out my website for more updates!,Fake
39910,4717,313,8.46,360,12,1,6,Passionate traveler and food lover,Fake
48693,2550,237,0.62,41,24,0,8,Sharing moments from my journey,Fake
26974,4406,151,0.02,7,64,0,8,Love exploring new places 🌎,Fake
23194,3488,315,2.29,958,74,0,9,Digital nomad living my best life 🌴,Real
16321,1056,483,7.61,779,55,0,8,Foodie | Reviews and recipes,Fake
44653,4599,353,5.99,521,1,0,11,Business inquiries? Contact below 👇,Fake
12404,3703,480,5.78,704,46,1,9,DM for collaborations or inquiries!,Real
49046,217,389,1.91,488,42,0,2,DM for collaborations or inquiries!,Real
41428,3312,294,4.74,349,7,0,6,Passionate traveler and food lover,Real
48182,4749,182,9.8,836,49,0,11,Sharing moments from my journey,Fake
25821,2266,352,2.65,909,64,0,11,Entrepreneur & lifestyle blogger,Fake
5174,1192,32,7.88,225,59,0,6,Digital nomad living my best life 🌴,Real
8856,2726,474,7.63,876,52,0,6,Personal blog | Stay positive ✨,Real
33511,1410,401,9.87,37,16,0,6,Check out my website for more updates!,Fake
21905,4626,188,6.86,848,55,1,6,Business inquiries? Contact below 👇,Fake
16735,1073,210,9.82,299,21,0,2,Foodie | Reviews and recipes,Fake
15032,2175,223,2.15,435,95,0,2,Love exploring new places 🌎,Fake
37453,941,488,2.12,804,70,0,5,Digital nomad living my best life 🌴,Fake
10500,1886,270,1.08,833,14,0,8,Sharing moments from my journey,Real
33647,3308,166,4.74,732,46,0,2,Entrepreneur & lifestyle blogger,Real
26880,145,244,8.85,866,22,0,5,Nature lover | Saving the planet 🌍,Real
40572,3458,171,3.56,96,31,0,6,Aspiring artist | Drawing my dreams,Real
45780,563,169,5.04,559,58,0,7,Entrepreneur & lifestyle blogger,Real
12457,2429,296,5.38,249,2,1,9,Love exploring new places 🌎,Real
40032,2000,6,9.49,455,3,0,5,DM for collaborations or inquiries!,Fake
16824,320,35,8.88,647,42,0,7,Foodie | Reviews and recipes,Real
7645,1885,61,1.76,784,23,0,8,Business inquiries? Contact below 👇,Fake
41774,1436,61,9.65,930,81,0,11,Business inquiries? Contact below 👇,Real
42681,1026,194,0.05,687,98,0,4,Nature lover | Saving the planet 🌍,Real
37295,4286,452,1.36,887,86,0,4,Passionate traveler and food lover,Real
2136,54,373,3.38,351,58,0,3,DM for collaborations or inquiries!,Real
37630,3522,333,0.24,362,1,0,3,Passionate traveler and food lover,Fake
21143,2907,349,0.61,455,61,0,2,Personal blog | Stay positive ✨,Fake
34888,4444,166,3.76,725,66,0,9,Foodie | Reviews and recipes,Real
17211,4834,475,9.64,583,70,0,2,Love exploring new places 🌎,Fake
4149,3874,101,9.37,370,5,0,6,Nature lover | Saving the planet 🌍,Real
13299,528,91,7.33,212,88,0,10,Aspiring artist | Drawing my dreams,Fake
46323,4982,20,9.36,408,84,0,3,Digital nomad living my best life 🌴,Real
41808,681,414,2.72,80,18,0,8,Fitness enthusiast 💪 | Health advocate,Real
3118,3616,428,6.97,963,67,0,4,Personal blog | Stay positive ✨,Fake
5845,1194,148,6.91,902,88,0,3,Entrepreneur & lifestyle blogger,Fake
33876,4534,65,7.18,824,93,0,4,Business inquiries? Contact below 👇,Fake
41795,1331,397,6.82,500,62,1,11,Nature lover | Saving the planet 🌍,Real
36589,2718,460,8.59,183,94,0,2,Follow for daily inspiration 🌟,Fake
37492,652,335,6.94,818,66,0,11,Follow for daily inspiration 🌟,Real
33250,3565,490,7.64,597,84,0,8,Love exploring new places 🌎,Real
332,4910,422,5.71,183,75,0,7,Personal blog | Stay positive ✨,Fake
30908,2450,95,7.25,952,91,0,5,Photographer and content creator 📸,Real
17474,3672,241,8.3,955,82,0,8,DM for collaborations or inquiries!,Real
29421,3349,498,7.03,726,27,0,10,Aspiring artist | Drawing my dreams,Real
16205,3958,471,3.37,396,64,0,7,Love exploring new places 🌎,Fake
1076,2442,453,8.04,300,37,0,5,Aspiring artist | Drawing my dreams,Fake
10143,3750,256,2.25,114,65,0,5,Personal blog | Stay positive ✨,Fake
43589,655,355,9.85,418,24,0,7,Business inquiries? Contact below 👇,Real
11428,2671,409,4.38,567,96,0,5,Business inquiries? Contact below 👇,Real
10995,2827,346,1.16,745,16,0,2,Entrepreneur & lifestyle blogger,Fake
16276,818,251,4.3,72,46,0,3,Sharing moments from my journey,Real
7921,1772,151,8.88,493,84,0,2,Nature lover | Saving the planet 🌍,Real
24667,133,389,3.31,161,57,0,4,Sharing moments from my journey,Fake
32153,3788,437,9.38,298,83,0,2,Photographer and content creator 📸,Fake
14037,4380,108,1.4,351,23,0,8,Entrepreneur & lifestyle blogger,Real
44723,3917,44,9.11,330,43,0,9,Foodie | Reviews and recipes,Real
42988,371,309,8.04,714,83,0,1,Aspiring artist | Drawing my dreams,Real
1029,3866,472,8.35,896,79,0,10,Check out my website for more updates!,Real
30251,4525,163,0.84,336,91,0,7,Passionate traveler and food lover,Real
27274,417,188,7.63,241,54,0,1,DM for collaborations or inquiries!,Fake
49267,2899,304,7.43,2,13,0,7,Foodie | Reviews and recipes,Fake
2553,2984,193,4.32,286,0,0,10,Fitness enthusiast 💪 | Health advocate,Fake
46192,4716,216,1.57,714,99,1,6,Entrepreneur & lifestyle blogger,Real
35461,4918,49,8.82,208,77,0,5,Entrepreneur & lifestyle blogger,Real
2110,1404,100,8.39,317,21,0,10,DM for collaborations or inquiries!,Real
37302,1165,484,9.89,67,11,0,2,Personal blog | Stay positive ✨,Fake
48217,4570,412,6.69,147,83,0,6,Entrepreneur & lifestyle blogger,Real
4602,4124,182,8.27,252,96,0,9,Sharing moments from my journey,Fake
49184,2895,380,4.89,555,4,0,8,Passionate traveler and food lover,Fake
19644,3677,124,3.0,329,2,0,11,DM for collaborations or inquiries!,Fake
19323,1248,180,1.58,14,58,1,4,DM for collaborations or inquiries!,Real
44938,1053,241,7.22,934,73,0,8,Business inquiries? Contact below 👇,Real
45347,300,213,8.21,815,85,0,9,Sharing moments from my journey,Fake
35509,3909,96,8.31,170,90,0,8,Digital nomad living my best life 🌴,Fake
10225,274,237,5.77,563,88,0,4,Nature lover | Saving the planet 🌍,Fake
36334,69,262,3.24,706,45,0,10,Sharing moments from my journey,Fake
2745,849,346,0.14,695,78,0,6,Passionate traveler and food lover,Real
3158,1492,212,2.91,400,80,0,2,Business inquiries? Contact below 👇,Real
1605,1272,207,0.75,519,76,1,3,Entrepreneur & lifestyle blogger,Real
22111,2240,248,8.71,474,26,0,6,DM for collaborations or inquiries!,Real
42922,4011,3,2.69,133,63,0,6,Photographer and content creator 📸,Fake
25667,910,320,6.98,875,94,0,9,Foodie | Reviews and recipes,Real
25935,2361,302,0.43,495,73,0,7,Check out my website for more updates!,Real
567,2382,1,7.85,979,0,0,7,Fitness enthusiast 💪 | Health advocate,Real
15026,4283,92,9.85,563,94,0,5,Aspiring artist | Drawing my dreams,Real
24171,1876,391,5.11,315,56,0,2,Entrepreneur & lifestyle blogger,Real
29715,2386,494,5.46,912,54,0,2,Check out my website for more updates!,Fake
35444,1588,317,3.65,692,0,0,8,Fitness enthusiast 💪 | Health advocate,Real
3260,1776,50,7.15,548,45,0,4,Check out my website for more updates!,Real
21479,2012,47,4.2,514,49,0,4,DM for collaborations or inquiries!,Fake
17770,4715,82,4.17,740,27,0,3,Aspiring artist | Drawing my dreams,Real
9406,223,368,7.25,272,98,0,10,Business inquiries? Contact below 👇,Real
9277,1020,24,3.93,302,1,0,5,Aspiring artist | Drawing my dreams,Real
3686,3286,161,4.35,748,14,1,8,Digital nomad living my best life 🌴,Fake
17116,1311,420,7.17,521,62,0,9,DM for collaborations or inquiries!,Real
4013,2943,74,2.1,447,54,0,2,Sharing moments from my journey,Real
41628,4519,35,7.68,468,26,0,3,DM for collaborations or inquiries!,Fake
9267,3508,205,1.33,111,55,0,10,Passionate traveler and food lover,Real
46554,1811,170,3.29,482,9,0,10,Foodie | Reviews and recipes,Fake
3998,3985,362,2.58,495,14,0,7,DM for collaborations or inquiries!,Fake
9318,941,248,0.06,574,65,0,5,Nature lover | Saving the planet 🌍,Real
28962,3137,323,7.95,478,13,0,6,Digital nomad living my best life 🌴,Fake
46973,1194,349,6.75,482,57,1,2,Foodie | Reviews and recipes,Fake
13696,751,341,0.18,58,19,0,4,Fitness enthusiast 💪 | Health advocate,Real
35699,3644,27,0.08,230,56,0,5,Digital nomad living my best life 🌴,Real
29217,4853,51,8.08,251,58,0,5,Personal blog | Stay positive ✨,Fake
32044,1710,91,1.51,908,18,0,9,Business inquiries? Contact below 👇,Fake
37602,3903,267,6.74,472,65,0,7,Aspiring artist | Drawing my dreams,Real
3103,1111,472,3.98,650,70,0,11,DM for collaborations or inquiries!,Real
1796,529,30,1.5,992,53,0,5,DM for collaborations or inquiries!,Real
26991,1038,23,3.55,176,65,0,6,Follow for daily inspiration 🌟,Fake
8548,4405,208,2.14,689,10,0,10,Digital nomad living my best life 🌴,Real
34054,650,273,2.52,703,43,0,4,Photographer and content creator 📸,Fake
31876,1103,381,1.78,510,21,0,2,DM for collaborations or inquiries!,Fake
32340,3379,353,2.66,751,86,0,11,Nature lover | Saving the planet 🌍,Fake
8600,4285,86,5.69,532,57,0,3,Follow for daily inspiration 🌟,Real
13532,412,169,0.2,133,64,0,3,Love exploring new places 🌎,Real
43923,1399,172,9.67,466,22,0,10,Passionate traveler and food lover,Fake
9243,1822,130,3.49,333,49,0,4,Personal blog | Stay positive ✨,Real
43323,1571,147,1.08,639,57,0,3,Sharing moments from my journey,Real
44427,2482,93,8.3,863,22,1,3,Check out my website for more updates!,Fake
22704,2012,36,7.41,959,33,0,2,Personal blog | Stay positive ✨,Fake
21155,3757,95,5.74,853,5,0,3,DM for collaborations or inquiries!,Real
26585,2001,463,6.53,702,81,0,6,Sharing moments from my journey,Fake
38753,4318,32,3.2,401,37,0,5,Fitness enthusiast 💪 | Health advocate,Real
47052,2671,309,8.18,950,50,0,7,Business inquiries? Contact below 👇,Fake
42038,1753,147,4.27,426,21,0,9,Photographer and content creator 📸,Fake
21124,2117,61,0.8,633,4,0,2,Entrepreneur & lifestyle blogger,Real
26185,4158,166,1.48,232,14,0,7,DM for collaborations or inquiries!,Fake
6258,931,236,6.26,880,2,0,3,Nature lover | Saving the planet 🌍,Real
34118,1273,209,4.24,488,8,0,3,Foodie | Reviews and recipes,Real
31658,1891,86,2.17,909,6,0,10,Nature lover | Saving the planet 🌍,Real
12805,3491,457,2.94,14,49,0,4,DM for collaborations or inquiries!,Real
30003,4676,104,6.76,692,1,0,8,Digital nomad living my best life 🌴,Real
31422,1862,380,7.56,847,32,0,6,Business inquiries? Contact below 👇,Real
11738,2413,5,7.98,829,83,0,7,Follow for daily inspiration 🌟,Real
34893,1433,185,0.54,193,11,1,6,Fitness enthusiast 💪 | Health advocate,Real
5958,4248,266,4.03,920,49,0,4,Personal blog | Stay positive ✨,Real
42512,2151,399,6.38,453,43,0,8,Follow for daily inspiration 🌟,Fake
15299,4982,53,4.54,700,71,0,3,DM for collaborations or inquiries!,Fake
29430,1364,452,7.38,370,13,0,10,Follow for daily inspiration 🌟,Fake
16157,261,186,6.23,926,97,0,8,Nature lover | Saving the planet 🌍,Real
17692,3588,110,7.27,502,36,0,4,Passionate traveler and food lover,Fake
13607,2461,424,4.3,266,84,1,9,Sharing moments from my journey,Fake
45298,1296,460,1.21,89,30,0,4,Business inquiries? Contact below 👇,Fake
4873,3664,145,1.3,176,44,0,9,Follow for daily inspiration 🌟,Real
7298,1298,404,1.26,805,3,0,7,Follow for daily inspiration 🌟,Fake
46396,3834,224,5.86,136,40,0,4,Foodie | Reviews and recipes,Real
13885,183,96,0.24,56,86,0,5,Follow for daily inspiration 🌟,Real
14464,2259,454,7.33,467,44,0,9,Personal blog | Stay positive ✨,Fake
49456,4962,188,6.02,582,31,0,6,Entrepreneur & lifestyle blogger,Real
20447,3782,82,8.95,396,1,0,3,Fitness enthusiast 💪 | Health advocate,Fake
11377,3953,416,6.89,61,99,0,8,Nature lover | Saving the planet 🌍,Real
41593,107,217,3.2,676,58,0,6,Foodie | Reviews and recipes,Real
39337,1682,4,9.65,695,77,0,9,Nature lover | Saving the planet 🌍,Real
27844,4506,428,4.48,890,22,0,5,Business inquiries? Contact below 👇,Fake
17230,4072,17,3.39,43,63,0,6,DM for collaborations or inquiries!,Real
42961,4711,106,4.23,377,51,0,3,Fitness enthusiast 💪 | Health advocate,Real
42300,4660,425,4.69,760,27,0,3,Entrepreneur & lifestyle blogger,Real
11939,3104,267,1.75,638,32,0,2,Fitness enthusiast 💪 | Health advocate,Real
34528,1422,436,7.09,555,76,0,2,Fitness enthusiast 💪 | Health advocate,Real
38134,2845,483,1.81,288,85,0,2,Follow for daily inspiration 🌟,Real
41462,540,123,8.03,429,3,0,5,Passionate traveler and food lover,Real
47998,3862,385,4.34,982,60,0,7,Follow for daily inspiration 🌟,Fake
710,4161,131,5.98,685,78,0,5,Sharing moments from my journey,Fake
44589,2587,16,2.81,852,58,0,2,Photographer and content creator 📸,Fake
32298,3277,196,3.01,16,48,1,6,Passionate traveler and food lover,Fake
14258,865,373,5.78,49,63,0,6,DM for collaborations or inquiries!,Fake
20602,4790,209,3.77,955,71,0,3,Photographer and content creator 📸,Fake
43509,1707,132,1.8,18,5,1,9,Follow for daily inspiration 🌟,Fake
677,2332,146,4.85,678,79,0,10,Follow for daily inspiration 🌟,Fake
22438,4972,282,1.05,246,91,0,8,Fitness enthusiast 💪 | Health advocate,Real
11490,3924,319,6.74,778,32,0,5,Aspiring artist | Drawing my dreams,Real
39335,2124,332,1.05,244,53,0,2,Passionate traveler and food lover,Real
8939,3621,452,4.1,337,83,0,2,Check out my website for more updates!,Real
13986,2856,349,0.26,884,33,0,5,Foodie | Reviews and recipes,Real
40374,4430,165,7.45,201,84,1,10,DM for collaborations or inquiries!,Fake
5754,1548,207,0.27,239,68,0,3,Nature lover | Saving the planet 🌍,Fake
40872,1485,464,2.2,641,25,0,4,Fitness enthusiast 💪 | Health advocate,Real
31885,761,425,4.44,854,32,1,3,Love exploring new places 🌎,Fake
19449,4771,277,8.34,532,87,0,7,Passionate traveler and food lover,Fake
15217,348,182,8.31,945,71,0,10,DM for collaborations or inquiries!,Fake
6804,4236,394,1.81,813,20,0,6,Entrepreneur & lifestyle blogger,Real
12257,1022,336,4.37,60,36,0,8,Nature lover | Saving the planet 🌍,Fake
27483,1054,333,5.54,382,10,0,8,Personal blog | Stay positive ✨,Fake
12257,4759,376,6.11,463,47,0,6,DM for collaborations or inquiries!,Real
4009,2791,171,6.25,525,23,0,4,Check out my website for more updates!,Real
49411,862,323,7.73,653,96,0,7,Personal blog | Stay positive ✨,Real
29721,977,445,2.84,289,90,1,7,Aspiring artist | Drawing my dreams,Real
33578,3638,161,0.11,217,42,0,10,Nature lover | Saving the planet 🌍,Real
28728,825,12,6.91,586,29,0,5,Fitness enthusiast 💪 | Health advocate,Fake
35944,2601,247,7.37,873,0,0,2,Foodie | Reviews and recipes,Fake
45329,3473,392,3.94,692,91,0,6,Business inquiries? Contact below 👇,Fake
31240,2309,353,1.24,760,50,0,4,Aspiring artist | Drawing my dreams,Real
1015,4858,482,2.05,475,97,0,7,Business inquiries? Contact below 👇,Real
29780,1251,275,0.6,868,77,0,7,Love exploring new places 🌎,Real
35673,4053,349,8.53,213,40,0,10,Entrepreneur & lifestyle blogger,Fake
45443,1896,247,6.62,661,41,0,3,Follow for daily inspiration 🌟,Fake
24390,412,250,2.27,659,70,0,5,Personal blog | Stay positive ✨,Fake
37803,3115,86,1.57,554,99,0,11,Check out my website for more updates!,Real
10613,3817,86,6.77,406,90,0,10,Aspiring artist | Drawing my dreams,Real
48188,911,272,5.59,94,75,1,7,DM for collaborations or inquiries!,Fake
6533,2444,46,2.57,951,56,0,4,Entrepreneur & lifestyle blogger,Fake
42827,3603,428,6.17,929,53,0,3,Passionate traveler and food lover,Real
24963,3206,123,3.75,780,23,0,4,Business inquiries? Contact below 👇,Fake
37338,4658,499,6.42,613,91,0,10,DM for collaborations or inquiries!,Fake
42061,3313,293,7.44,371,22,0,6,Foodie | Reviews and recipes,Fake
23458,2251,0,3.42,491,65,0,3,Entrepreneur & lifestyle blogger,Fake
23307,979,73,2.04,553,16,0,4,Personal blog | Stay positive ✨,Fake
47500,243,453,4.98,151,43,0,6,Love exploring new places 🌎,Real
5637,2524,459,2.27,767,22,0,2,Love exploring new places 🌎,Fake
37504,2925,211,2.69,198,84,0,6,Personal blog | Stay positive ✨,Fake
37105,4761,339,3.69,895,84,1,6,Photographer and content creator 📸,Fake
44969,2497,380,5.39,405,49,1,3,Entrepreneur & lifestyle blogger,Real
30432,4551,207,5.98,392,42,0,3,Personal blog | Stay positive ✨,Fake
25158,753,329,2.97,271,83,0,9,Check out my website for more updates!,Real
46597,3165,354,1.86,303,88,0,1,Follow for daily inspiration 🌟,Real
17151,1345,33,1.82,308,18,0,3,Fitness enthusiast 💪 | Health advocate,Fake
3846,4731,193,4.52,622,11,0,2,Passionate traveler and food lover,Real
37023,2069,397,8.74,150,82,0,3,Business inquiries? Contact below 👇,Fake
48935,620,130,0.67,306,71,1,3,Follow for daily inspiration 🌟,Fake
5242,4717,130,2.72,616,28,0,6,Business inquiries? Contact below 👇,Real
18671,2457,446,0.9,75,18,0,2,Follow for daily inspiration 🌟,Fake
30796,3897,466,6.22,415,20,1,5,Digital nomad living my best life 🌴,Real
9024,3558,9,3.63,17,67,0,10,Photographer and content creator 📸,Fake
21672,1225,493,0.19,757,13,1,11,Fitness enthusiast 💪 | Health advocate,Real
8864,4427,414,6.81,33,25,0,10,Love exploring new places 🌎,Fake
22964,1285,3,6.84,695,94,0,10,Passionate traveler and food lover,Fake
34118,1565,242,3.03,755,15,0,2,Follow for daily inspiration 🌟,Real
13210,4376,462,9.68,998,27,0,8,Digital nomad living my best life 🌴,Fake
13126,3595,496,8.44,779,44,0,9,DM for collaborations or inquiries!,Real
21770,3351,46,5.61,334,36,0,7,Follow for daily inspiration 🌟,Fake
47536,4696,148,4.03,764,7,0,3,Foodie | Reviews and recipes,Fake
46997,1677,462,5.9,139,35,0,6,Aspiring artist | Drawing my dreams,Fake
7881,698,437,4.06,995,91,0,7,Love exploring new places 🌎,Fake
24999,628,12,6.33,579,57,0,9,Love exploring new places 🌎,Fake
3920,2360,105,4.1,431,63,0,10,Follow for daily inspiration 🌟,Real
31285,904,61,4.12,988,3,0,10,Check out my website for more updates!,Fake
20872,2761,327,7.16,247,64,0,3,Sharing moments from my journey,Real
20733,1090,132,2.94,78,60,0,4,Passionate traveler and food lover,Real
49986,4569,136,2.05,957,73,0,5,Sharing moments from my journey,Fake
6257,2318,334,8.42,181,49,0,9,Sharing moments from my journey,Fake
24159,4779,398,4.04,175,33,0,5,Entrepreneur & lifestyle blogger,Fake
1401,2250,275,3.64,516,95,0,8,Nature lover | Saving the planet 🌍,Fake
13781,3166,371,7.12,825,56,0,2,Business inquiries? Contact below 👇,Fake
8829,2302,481,1.96,180,38,0,7,Business inquiries? Contact below 👇,Real
1666,2600,341,1.26,215,88,0,10,Foodie | Reviews and recipes,Fake
19657,4976,333,2.75,308,86,0,10,Business inquiries? Contact below 👇,Real
34293,4742,294,6.25,860,52,0,9,Sharing moments from my journey,Real
40284,3798,416,7.3,131,69,0,5,Fitness enthusiast 💪 | Health advocate,Real
11921,1803,362,2.88,734,17,0,7,DM for collaborations or inquiries!,Fake
2339,1720,53,6.35,33,15,0,4,Check out my website for more updates!,Fake
832,1289,278,8.54,852,75,0,10,Follow for daily inspiration 🌟,Fake
45162,2962,432,7.16,427,81,0,5,Aspiring artist | Drawing my dreams,Real
30178,4982,353,8.68,734,11,0,5,Check out my website for more updates!,Fake
34830,850,86,7.73,211,85,0,4,Photographer and content creator 📸,Real
45042,485,334,2.77,840,11,0,8,DM for collaborations or inquiries!,Fake
14770,1209,352,3.83,158,19,0,6,Follow for daily inspiration 🌟,Real
38156,1636,291,4.32,437,1,0,11,Follow for daily inspiration 🌟,Real
20378,2084,278,2.85,828,58,0,9,Fitness enthusiast 💪 | Health advocate,Fake
5592,2445,260,6.02,56,64,0,8,Fitness enthusiast 💪 | Health advocate,Fake
38500,66,269,6.83,321,32,0,6,Business inquiries? Contact below 👇,Real
8470,766,146,5.2,178,49,0,2,Sharing moments from my journey,Fake
12491,3107,171,8.13,137,56,0,4,Love exploring new places 🌎,Real
45831,3139,443,5.2,628,39,0,4,Photographer and content creator 📸,Real
49694,2569,465,7.74,384,15,0,10,Nature lover | Saving the planet 🌍,Fake
7261,1561,410,3.83,581,35,0,8,Love exploring new places 🌎,Fake
46204,3931,381,4.29,360,90,0,10,Business inquiries? Contact below 👇,Real
43218,3761,175,8.11,868,63,0,8,Fitness enthusiast 💪 | Health advocate,Fake
46525,827,101,4.57,353,79,0,8,Nature lover | Saving the planet 🌍,Real
4700,1430,496,2.61,697,60,0,9,Passionate traveler and food lover,Real
8447,3549,24,5.31,255,1,0,7,Aspiring artist | Drawing my dreams,Real
47870,2375,291,1.59,852,39,0,4,Foodie | Reviews and recipes,Fake
17935,549,452,3.68,888,37,0,11,Personal blog | Stay positive ✨,Fake
18622,4308,441,1.76,145,29,0,9,Personal blog | Stay positive ✨,Fake
38298,3164,238,1.21,465,97,0,10,Photographer and content creator 📸,Fake
34551,423,492,8.76,662,81,0,7,Check out my website for more updates!,Real
1390,1283,324,3.18,14,78,0,7,Fitness enthusiast 💪 | Health advocate,Fake
34995,3692,292,5.74,82,72,0,2,Aspiring artist | Drawing my dreams,Real
811,339,382,9.01,464,40,1,7,Nature lover | Saving the planet 🌍,Real
30869,165,116,4.15,206,39,0,5,Digital nomad living my best life 🌴,Real
48781,4209,497,9.02,697,94,0,5,DM for collaborations or inquiries!,Real
9306,1018,495,2.31,486,32,0,9,Entrepreneur & lifestyle blogger,Real
44977,3580,407,7.27,864,56,0,10,Digital nomad living my best life 🌴,Fake
2196,3271,222,3.69,274,17,0,4,DM for collaborations or inquiries!,Fake
21438,3916,259,8.43,621,95,0,3,DM for collaborations or inquiries!,Fake
14064,4367,170,4.06,463,40,0,10,DM for collaborations or inquiries!,Real
19702,750,453,0.41,378,3,0,5,Fitness enthusiast 💪 | Health advocate,Fake
9293,1475,121,6.16,738,26,0,7,Nature lover | Saving the planet 🌍,Fake
44164,3624,285,7.23,759,29,0,8,Love exploring new places 🌎,Fake
1127,2114,400,8.56,29,49,0,3,Personal blog | Stay positive ✨,Fake
11504,4423,193,2.98,879,72,0,7,Foodie | Reviews and recipes,Fake
7313,2754,150,7.01,947,13,0,7,Sharing moments from my journey,Real
15338,1954,434,6.88,575,78,0,6,Personal blog | Stay positive ✨,Fake
11069,349,41,7.22,434,92,0,10,Business inquiries? Contact below 👇,Real
30592,1989,437,8.44,749,5,0,5,Nature lover | Saving the planet 🌍,Fake
39817,2649,12,4.69,336,38,0,6,Foodie | Reviews and recipes,Fake
24975,4483,383,0.68,333,65,0,6,Digital nomad living my best life 🌴,Fake
44634,442,390,2.67,332,8,1,4,Check out my website for more updates!,Fake
11802,4830,61,9.81,286,90,0,11,Digital nomad living my best life 🌴,Fake
14055,3122,31,2.65,995,82,0,5,Nature lover | Saving the planet 🌍,Real
48613,3227,435,0.18,398,74,0,9,Passionate traveler and food lover,Fake
36540,3640,187,9.27,472,70,0,11,Digital nomad living my best life 🌴,Fake
30736,3433,175,9.27,375,28,0,5,Check out my website for more updates!,Fake
7926,934,405,3.01,506,81,0,10,DM for collaborations or inquiries!,Fake
13885,975,358,1.1,301,82,1,6,Nature lover | Saving the planet 🌍,Fake
21699,4433,360,4.82,822,51,0,7,Foodie | Reviews and recipes,Fake
39993,3906,466,7.03,110,47,0,7,Aspiring artist | Drawing my dreams,Real
12588,3520,185,4.71,857,94,0,11,Passionate traveler and food lover,Real
27082,4538,374,6.14,84,95,0,4,Follow for daily inspiration 🌟,Fake
30389,4123,72,0.4,148,56,0,7,DM for collaborations or inquiries!,Real
27133,3619,493,0.72,505,95,0,8,Follow for daily inspiration 🌟,Fake
1184,1211,394,9.41,64,86,0,8,Check out my website for more updates!,Real
5758,3900,385,5.09,937,35,0,2,Check out my website for more updates!,Real
17655,3145,366,0.82,927,18,0,4,Follow for daily inspiration 🌟,Fake
14710,1630,305,3.75,992,61,1,3,Digital nomad living my best life 🌴,Fake
47326,627,247,2.95,666,41,0,3,Entrepreneur & lifestyle blogger,Fake
40050,461,269,7.66,715,94,0,8,Love exploring new places 🌎,Real
25601,1737,91,3.8,257,96,0,6,Love exploring new places 🌎,Real
8570,1809,86,5.93,284,21,0,7,Entrepreneur & lifestyle blogger,Real
39739,1881,195,9.37,498,82,0,6,Nature lover | Saving the planet 🌍,Real
19537,1822,26,8.14,759,94,0,2,Foodie | Reviews and recipes,Real
21815,3295,391,2.4,23,94,0,5,Personal blog | Stay positive ✨,Fake
41893,848,436,4.18,618,96,0,2,Digital nomad living my best life 🌴,Real
49455,256,346,9.26,429,15,0,10,Passionate traveler and food lover,Real
15386,361,428,3.37,642,77,0,1,Love exploring new places 🌎,Fake
33754,2201,10,4.56,767,24,1,5,Business inquiries? Contact below 👇,Real
29317,1781,449,4.37,949,90,0,8,Business inquiries? Contact below 👇,Fake
2077,637,370,6.65,87,46,0,7,Follow for daily inspiration 🌟,Fake
34476,1871,172,4.28,371,91,0,3,Photographer and content creator 📸,Fake
39080,3338,67,8.89,722,53,0,8,Digital nomad living my best life 🌴,Fake
18592,671,108,6.23,776,80,0,9,Check out my website for more updates!,Real
16032,3752,118,0.32,973,31,0,10,Nature lover | Saving the planet 🌍,Real
12848,4558,404,8.17,362,49,0,7,Love exploring new places 🌎,Fake
28497,573,98,8.95,212,18,0,8,Photographer and content creator 📸,Real
37932,85,50,2.36,747,72,0,11,Nature lover | Saving the planet 🌍,Fake
12318,4557,120,2.39,670,87,0,2,Fitness enthusiast 💪 | Health advocate,Fake
5111,2933,385,3.67,592,81,0,8,Business inquiries? Contact below 👇,Fake
7524,28,83,7.5,106,6,0,9,Entrepreneur & lifestyle blogger,Real
46922,4881,499,9.52,937,84,0,2,Fitness enthusiast 💪 | Health advocate,Fake
37333,2874,265,3.5,163,72,0,8,Foodie | Reviews and recipes,Real
19936,2761,330,4.2,309,73,0,3,Nature lover | Saving the planet 🌍,Real
3334,739,127,6.73,422,80,0,6,Photographer and content creator 📸,Real
43958,470,37,6.34,930,75,0,11,Follow for daily inspiration 🌟,Fake
16998,601,146,5.75,428,64,0,11,Follow for daily inspiration 🌟,Fake
28479,3778,192,9.67,928,6,0,4,Foodie | Reviews and recipes,Real
17631,3787,250,5.2,24,83,1,9,DM for collaborations or inquiries!,Fake
44879,334,484,3.08,372,26,0,6,Business inquiries? Contact below 👇,Fake
31181,1639,314,4.57,97,92,0,4,Follow for daily inspiration 🌟,Real
46315,3711,474,6.03,155,27,0,9,DM for collaborations or inquiries!,Fake
39309,3999,393,8.93,532,57,1,9,Follow for daily inspiration 🌟,Fake
43915,2742,160,0.13,438,73,0,10,Personal blog | Stay positive ✨,Fake
21224,2619,460,5.5,111,6,0,6,Passionate traveler and food lover,Fake
9643,3873,354,6.49,536,66,0,4,Digital nomad living my best life 🌴,Fake
45951,995,14,2.55,712,72,0,6,Entrepreneur & lifestyle blogger,Fake
35614,3018,256,9.52,533,19,0,11,Entrepreneur & lifestyle blogger,Fake
2140,2436,355,5.95,452,24,0,7,Business inquiries? Contact below 👇,Real
16107,652,229,1.53,379,44,0,1,Check out my website for more updates!,Real
4058,1897,72,2.37,750,66,1,3,Personal blog | Stay positive ✨,Real
20228,1030,149,0.0,888,72,0,1,DM for collaborations or inquiries!,Real
49965,2953,392,10.0,135,73,0,10,Entrepreneur & lifestyle blogger,Fake
31210,1246,205,4.62,630,78,0,1,Sharing moments from my journey,Real
32851,3008,196,1.73,56,52,0,11,Photographer and content creator 📸,Real
35367,3474,328,9.23,275,0,0,3,Love exploring new places 🌎,Fake
9459,2699,479,1.82,496,82,0,3,Follow for daily inspiration 🌟,Real
39090,2054,51,6.27,945,98,0,5,Nature lover | Saving the planet 🌍,Fake
30442,229,184,6.46,302,89,0,6,Passionate traveler and food lover,Fake
2353,3167,316,7.44,694,5,0,9,Aspiring artist | Drawing my dreams,Real
23555,2730,251,2.35,544,16,0,1,Check out my website for more updates!,Fake
32209,2720,319,6.55,404,17,1,8,Sharing moments from my journey,Fake
972,340,404,8.36,498,3,0,6,Check out my website for more updates!,Fake
19295,4607,123,1.27,576,73,0,5,Nature lover | Saving the planet 🌍,Fake
17572,4034,136,4.9,504,36,0,3,Aspiring artist | Drawing my dreams,Real
12740,1344,294,5.19,27,13,0,2,Follow for daily inspiration 🌟,Real
9817,2189,307,4.87,946,86,1,8,Love exploring new places 🌎,Fake
26772,3569,439,4.04,444,1,0,4,Love exploring new places 🌎,Fake
49683,684,369,4.51,977,92,0,4,Personal blog | Stay positive ✨,Real
6891,4295,280,5.73,604,43,0,9,Follow for daily inspiration 🌟,Real
786,4701,259,0.01,607,74,0,10,DM for collaborations or inquiries!,Real
23966,3145,455,7.51,761,53,0,6,Photographer and content creator 📸,Real
26321,3413,106,4.94,811,25,0,10,Follow for daily inspiration 🌟,Fake
37036,4099,285,2.08,294,75,0,7,Sharing moments from my journey,Real
42551,1420,395,4.67,754,21,0,8,Business inquiries? Contact below 👇,Fake
41633,432,151,4.65,855,14,0,3,Personal blog | Stay positive ✨,Real
49644,2533,287,6.5,178,34,0,8,Love exploring new places 🌎,Real
49862,3313,269,2.0,648,64,0,4,Entrepreneur & lifestyle blogger,Fake
12039,3062,265,3.39,288,54,0,10,Aspiring artist | Drawing my dreams,Fake
39667,905,7,5.89,69,70,0,1,Digital nomad living my best life 🌴,Real
44379,4657,431,4.89,654,94,0,6,Aspiring artist | Drawing my dreams,Real
25184,1452,192,6.11,649,65,1,2,Fitness enthusiast 💪 | Health advocate,Real
42247,602,51,8.06,991,39,0,4,Digital nomad living my best life 🌴,Fake
11853,2380,269,0.29,887,97,1,10,Fitness enthusiast 💪 | Health advocate,Real
8304,4931,445,9.02,861,83,0,9,Personal blog | Stay positive ✨,Real
30404,149,93,0.49,919,22,1,8,Digital nomad living my best life 🌴,Real
47474,1758,390,4.62,546,2,0,6,Love exploring new places 🌎,Fake
19943,4232,114,9.46,200,70,0,11,Entrepreneur & lifestyle blogger,Fake
39599,2241,110,2.26,109,35,0,10,Check out my website for more updates!,Real
12146,2555,354,9.51,372,91,0,2,Business inquiries? Contact below 👇,Real
4310,2021,167,0.37,10,82,1,11,Foodie | Reviews and recipes,Real
6216,1280,308,0.22,264,99,0,5,Check out my website for more updates!,Fake
33919,2858,68,9.67,722,95,0,3,Passionate traveler and food lover,Fake
4153,2220,51,8.79,363,74,0,10,Passionate traveler and food lover,Real
48679,2156,69,4.52,589,21,0,2,Sharing moments from my journey,Real
34777,128,153,9.92,370,17,0,11,Foodie | Reviews and recipes,Fake
36363,2527,376,5.59,154,18,0,11,Follow for daily inspiration 🌟,Fake
23519,1133,135,5.41,156,15,0,2,Passionate traveler and food lover,Fake
30504,3180,188,4.74,398,19,0,10,Personal blog | Stay positive ✨,Fake
2121,1971,308,2.41,411,10,0,9,Aspiring artist | Drawing my dreams,Real
32564,3815,124,3.61,172,57,0,8,Check out my website for more updates!,Real
40492,2334,71,6.53,390,46,0,9,Aspiring artist | Drawing my dreams,Fake
41294,2394,259,7.21,485,94,0,10,Foodie | Reviews and recipes,Real
17148,3392,137,5.94,195,49,1,8,Foodie | Reviews and recipes,Real
43473,3096,431,7.97,503,50,0,7,Love exploring new places 🌎,Real
5271,4219,35,5.41,401,16,0,2,Photographer and content creator 📸,Fake
7406,1579,413,4.01,542,73,0,5,DM for collaborations or inquiries!,Real
30007,3586,378,6.86,760,75,0,7,Business inquiries? Contact below 👇,Fake
11578,95,59,1.27,294,98,0,7,DM for collaborations or inquiries!,Fake
16305,277,338,5.6,797,27,0,4,Follow for daily inspiration 🌟,Fake
32757,461,156,3.3,290,19,0,11,Follow for daily inspiration 🌟,Real
17852,3538,103,8.37,295,5,0,4,Entrepreneur & lifestyle blogger,Fake
46602,1346,365,7.54,50,37,0,3,Aspiring artist | Drawing my dreams,Real
39210,1960,37,7.18,115,19,0,6,Sharing moments from my journey,Real
48408,1898,235,1.27,610,86,0,3,Sharing moments from my journey,Fake
48359,2752,98,2.05,261,96,0,4,Fitness enthusiast 💪 | Health advocate,Fake
48159,4682,155,6.42,534,59,0,5,Check out my website for more updates!,Real
16576,2967,35,6.9,848,93,0,10,Foodie | Reviews and recipes,Real
32292,1428,312,2.85,916,53,0,5,Sharing moments from my journey,Fake
21053,1711,77,5.39,543,80,0,10,Digital nomad living my best life 🌴,Fake
40517,3240,151,5.23,618,4,0,8,Business inquiries? Contact below 👇,Fake
20959,969,110,0.67,150,27,0,10,Fitness enthusiast 💪 | Health advocate,Fake
34228,4315,283,1.9,352,13,0,4,Business inquiries? Contact below 👇,Real
41458,21,282,9.54,843,67,0,9,Business inquiries? Contact below 👇,Fake
36988,2427,112,5.96,233,97,0,9,Photographer and content creator 📸,Real
42289,1915,345,4.08,802,24,0,10,Nature lover | Saving the planet 🌍,Real
44636,4083,459,8.12,160,76,0,5,Aspiring artist | Drawing my dreams,Real
24304,1661,58,0.94,591,72,0,10,Photographer and content creator 📸,Fake
10261,3028,154,8.46,221,46,0,11,Entrepreneur & lifestyle blogger,Real
46019,4065,123,5.13,835,40,0,6,Fitness enthusiast 💪 | Health advocate,Real
27392,777,112,1.8,18,63,0,11,Digital nomad living my best life 🌴,Real
4150,11,412,7.12,312,73,0,11,Love exploring new places 🌎,Real
28794,2192,173,8.02,304,48,0,3,Foodie | Reviews and recipes,Real
41307,473,271,8.93,984,49,0,6,Fitness enthusiast 💪 | Health advocate,Fake
44224,405,109,3.61,346,85,0,11,Aspiring artist | Drawing my dreams,Fake
33112,2747,480,1.23,126,12,0,2,Digital nomad living my best life 🌴,Real
22680,102,351,9.15,417,79,0,4,Nature lover | Saving the planet 🌍,Real
26166,323,426,6.24,451,3,1,4,Photographer and content creator 📸,Fake
13109,1111,392,7.2,329,48,1,8,DM for collaborations or inquiries!,Fake
18486,1093,88,9.68,631,57,0,9,Follow for daily inspiration 🌟,Fake
47381,98,413,5.0,608,59,0,6,Fitness enthusiast 💪 | Health advocate,Fake
11847,4520,59,3.42,793,42,0,5,Photographer and content creator 📸,Real
37686,2702,230,4.55,851,59,0,10,Personal blog | Stay positive ✨,Fake
16304,4263,314,4.4,402,30,0,2,Photographer and content creator 📸,Fake
29949,1042,464,7.69,906,15,0,3,Sharing moments from my journey,Real
32078,1159,210,0.38,39,76,0,4,Personal blog | Stay positive ✨,Real
7330,2130,255,1.07,288,52,0,2,Love exploring new places 🌎,Real
45788,94,409,1.68,635,57,0,8,Check out my website for more updates!,Fake
11201,4284,492,2.57,599,31,0,7,Nature lover | Saving the planet 🌍,Fake
16562,507,51,3.06,705,74,0,3,Business inquiries? Contact below 👇,Fake
2293,2836,68,9.63,247,59,0,2,Foodie | Reviews and recipes,Real
33183,2462,328,6.33,126,82,0,9,Fitness enthusiast 💪 | Health advocate,Fake
41463,3110,73,4.1,336,46,1,3,Photographer and content creator 📸,Real
27368,4625,169,0.28,695,45,0,6,Passionate traveler and food lover,Real
44751,1832,146,9.82,741,20,0,8,Love exploring new places 🌎,Real
41424,1903,112,2.32,840,21,0,11,DM for collaborations or inquiries!,Real
28667,3130,293,1.01,666,49,0,2,Passionate traveler and food lover,Real
12789,3867,159,6.35,397,87,0,9,Follow for daily inspiration 🌟,Fake
23181,269,284,0.15,336,82,0,9,Entrepreneur & lifestyle blogger,Real
21022,1452,211,1.45,863,85,0,8,Follow for daily inspiration 🌟,Fake
10787,2620,339,3.21,565,1,0,7,Photographer and content creator 📸,Fake
5314,3713,381,3.23,107,76,0,1,Fitness enthusiast 💪 | Health advocate,Real
28839,3820,479,0.28,945,8,0,10,Nature lover | Saving the planet 🌍,Fake
9887,3807,94,4.38,128,9,0,5,Entrepreneur & lifestyle blogger,Fake
41275,884,410,7.67,856,98,0,5,Entrepreneur & lifestyle blogger,Real
33107,4326,231,3.93,621,34,0,4,Digital nomad living my best life 🌴,Real
23583,272,312,7.67,470,91,0,2,Passionate traveler and food lover,Real
43286,4876,41,5.02,616,65,0,7,Digital nomad living my best life 🌴,Fake
25082,2342,422,3.16,159,33,0,3,Fitness enthusiast 💪 | Health advocate,Real
32465,4139,325,6.4,780,75,0,8,Fitness enthusiast 💪 | Health advocate,Fake
43525,4063,324,7.7,841,86,0,10,Personal blog | Stay positive ✨,Fake
35403,875,188,9.02,546,49,0,7,Aspiring artist | Drawing my dreams,Real
13322,955,187,8.97,923,2,0,2,Entrepreneur & lifestyle blogger,Fake
37769,2141,39,2.89,695,63,1,5,Foodie | Reviews and recipes,Fake
43312,3975,225,2.47,410,38,0,8,Foodie | Reviews and recipes,Fake
24998,4429,149,3.56,250,43,0,4,Fitness enthusiast 💪 | Health advocate,Real
6304,3620,302,4.56,916,8,0,7,Love exploring new places 🌎,Fake
5455,113,301,9.3,935,75,0,3,Love exploring new places 🌎,Real
18958,453,426,9.78,334,30,0,11,Passionate traveler and food lover,Real
42102,315,13,2.61,234,2,0,8,Digital nomad living my best life 🌴,Real
6420,3425,380,7.33,101,12,0,6,Sharing moments from my journey,Fake
2501,4485,344,6.24,768,86,0,5,Passionate traveler and food lover,Real
35249,3548,19,4.42,690,59,0,4,Nature lover | Saving the planet 🌍,Real
29665,1522,412,2.22,894,21,0,11,DM for collaborations or inquiries!,Real
16041,4595,456,8.39,728,42,0,3,Entrepreneur & lifestyle blogger,Real
2803,274,233,4.7,591,95,0,7,Sharing moments from my journey,Fake
8309,3616,320,7.88,729,54,0,4,Aspiring artist | Drawing my dreams,Real
6517,4443,219,2.49,53,88,0,3,Follow for daily inspiration 🌟,Fake
24366,1213,77,4.09,143,58,0,7,Check out my website for more updates!,Real
5146,4626,215,8.04,409,84,0,6,DM for collaborations or inquiries!,Fake
11664,4501,181,9.08,399,48,0,10,Passionate traveler and food lover,Fake
24937,241,373,1.53,603,27,0,6,Nature lover | Saving the planet 🌍,Fake
48492,4132,152,3.09,421,80,1,5,Love exploring new places 🌎,Real
7681,523,130,4.29,726,48,0,6,Aspiring artist | Drawing my dreams,Real
33159,4694,392,1.31,478,86,0,5,Nature lover | Saving the planet 🌍,Fake
15749,1825,322,5.89,718,72,0,7,Love exploring new places 🌎,Real
32320,268,240,4.71,476,94,0,6,Digital nomad living my best life 🌴,Fake
38624,3815,318,7.53,796,82,0,9,Check out my website for more updates!,Real
23950,672,223,2.71,821,24,1,5,Passionate traveler and food lover,Real
17940,1534,399,5.87,622,14,0,8,Business inquiries? Contact below 👇,Fake
8070,1948,478,3.34,331,18,0,9,Sharing moments from my journey,Real
5029,496,37,5.68,757,0,0,6,Photographer and content creator 📸,Real
9561,2203,15,7.72,452,65,0,5,Follow for daily inspiration 🌟,Real
32558,3610,153,8.0,228,73,0,11,Personal blog | Stay positive ✨,Real
15810,4074,194,1.21,891,10,0,4,Photographer and content creator 📸,Real
23538,2994,147,5.99,615,32,0,5,DM for collaborations or inquiries!,Fake
12470,2092,147,7.81,868,40,0,9,Fitness enthusiast 💪 | Health advocate,Real
22594,3350,388,4.63,5,76,0,3,Personal blog | Stay positive ✨,Fake
48632,3827,19,1.52,314,31,0,4,DM for collaborations or inquiries!,Real
43087,2585,409,5.53,742,32,0,9,DM for collaborations or inquiries!,Real
20226,2021,415,8.37,624,42,0,4,Personal blog | Stay positive ✨,Fake
3536,328,299,8.07,477,53,0,5,Foodie | Reviews and recipes,Fake
28670,3800,289,7.92,5,98,0,4,Personal blog | Stay positive ✨,Real
4043,3186,363,9.53,626,25,0,2,DM for collaborations or inquiries!,Real
27311,4602,22,4.83,23,97,0,7,Fitness enthusiast 💪 | Health advocate,Real
30053,951,172,5.82,132,19,0,11,Check out my website for more updates!,Fake
46072,1035,62,9.18,845,30,1,5,Aspiring artist | Drawing my dreams,Fake
32880,565,148,7.62,793,7,0,7,Nature lover | Saving the planet 🌍,Fake
15509,1939,476,9.19,19,92,1,9,Passionate traveler and food lover,Fake
10963,378,156,1.3,894,52,0,6,Foodie | Reviews and recipes,Real
36254,685,253,4.45,836,34,1,8,Love exploring new places 🌎,Fake
224,3020,31,1.43,967,15,0,2,Foodie | Reviews and recipes,Fake
6450,3776,308,4.52,567,68,0,9,Passionate traveler and food lover,Real
29559,2716,84,3.23,332,15,0,4,Business inquiries? Contact below 👇,Fake
40597,1836,310,0.62,691,17,0,6,Sharing moments from my journey,Fake
35466,3229,262,4.38,659,56,0,8,Fitness enthusiast 💪 | Health advocate,Real
1898,667,386,1.0,748,78,0,10,Sharing moments from my journey,Fake
42203,3643,128,4.03,579,19,0,8,Business inquiries? Contact below 👇,Real
888,3377,192,4.0,60,94,0,9,Digital nomad living my best life 🌴,Fake
642,2379,206,7.26,668,46,0,11,Nature lover | Saving the planet 🌍,Fake
22559,2602,480,5.58,844,26,0,5,Foodie | Reviews and recipes,Real
36723,228,140,3.42,599,42,0,8,Digital nomad living my best life 🌴,Fake
14610,3579,245,4.82,306,43,0,4,Love exploring new places 🌎,Fake
21182,4501,340,5.13,478,92,0,3,Sharing moments from my journey,Fake
24266,1586,434,0.46,372,39,0,2,Passionate traveler and food lover,Fake
45157,4222,89,6.76,409,25,1,9,Love exploring new places 🌎,Fake
36359,548,472,6.03,789,81,0,9,Nature lover | Saving the planet 🌍,Fake
47395,378,366,5.1,903,54,0,10,Sharing moments from my journey,Real
14872,3607,127,6.65,263,24,0,2,Follow for daily inspiration 🌟,Real
48322,1646,477,3.77,7,7,0,9,Foodie | Reviews and recipes,Fake
30072,4532,371,2.17,527,80,0,5,DM for collaborations or inquiries!,Real
1606,949,275,8.73,896,81,1,5,Nature lover | Saving the planet 🌍,Fake
39547,4896,121,4.99,204,53,0,4,Digital nomad living my best life 🌴,Fake
12568,3218,495,3.61,109,78,0,8,Digital nomad living my best life 🌴,Real
46774,2964,409,1.24,596,41,0,10,Personal blog | Stay positive ✨,Fake
26119,4891,494,0.88,694,45,0,10,Nature lover | Saving the planet 🌍,Real
15655,2953,50,4.51,373,4,0,4,Love exploring new places 🌎,Real
16702,624,260,1.55,742,5,0,7,Fitness enthusiast 💪 | Health advocate,Real
602,4714,256,9.34,647,42,0,3,Entrepreneur & lifestyle blogger,Real
838,1297,229,3.64,391,80,0,9,Foodie | Reviews and recipes,Real
23672,2026,337,0.67,779,86,0,3,Love exploring new places 🌎,Real
24448,2723,307,7.51,714,90,0,10,Passionate traveler and food lover,Real
29138,4220,5,3.98,347,39,0,8,Digital nomad living my best life 🌴,Real
34379,776,42,5.71,717,35,0,6,Check out my website for more updates!,Real
3677,3666,358,4.9,398,49,0,7,Digital nomad living my best life 🌴,Real
9499,3121,364,2.47,667,28,0,6,Love exploring new places 🌎,Fake
38802,695,492,9.6,799,87,0,5,Fitness enthusiast 💪 | Health advocate,Fake
46916,802,439,6.98,997,60,0,3,Sharing moments from my journey,Fake
46284,1177,106,3.54,124,96,0,9,DM for collaborations or inquiries!,Fake
8575,1648,356,2.33,400,90,0,11,Love exploring new places 🌎,Real
8250,257,126,6.6,747,37,0,10,Fitness enthusiast 💪 | Health advocate,Fake
30582,2793,487,4.67,875,39,0,8,Business inquiries? Contact below 👇,Fake
32476,2196,87,7.99,408,53,1,4,Photographer and content creator 📸,Fake
22730,1911,330,6.15,189,66,0,3,Follow for daily inspiration 🌟,Fake
26705,467,408,8.76,133,91,0,5,Passionate traveler and food lover,Real
36596,256,43,6.17,951,52,0,11,Photographer and content creator 📸,Fake
19680,2806,192,8.77,56,65,0,7,Check out my website for more updates!,Real
2589,4571,355,7.29,785,82,1,5,Aspiring artist | Drawing my dreams,Fake
44676,316,118,7.01,32,70,0,2,Sharing moments from my journey,Fake
45121,1506,103,6.4,609,26,0,8,Digital nomad living my best life 🌴,Real
2662,2248,368,5.59,856,99,0,2,Foodie | Reviews and recipes,Fake
46660,742,459,2.43,718,80,0,9,Check out my website for more updates!,Real
48072,1288,17,5.48,751,9,0,6,Personal blog | Stay positive ✨,Fake
19530,345,476,9.0,486,45,0,8,Check out my website for more updates!,Real
9889,299,127,8.6,365,63,0,8,Digital nomad living my best life 🌴,Fake
3968,672,301,0.32,55,2,0,7,Foodie | Reviews and recipes,Fake
14559,4944,114,7.86,680,91,1,3,Fitness enthusiast 💪 | Health advocate,Real
31110,3613,279,8.26,820,15,0,7,Passionate traveler and food lover,Real
17577,105,193,0.99,750,32,0,4,DM for collaborations or inquiries!,Real
47078,1562,411,4.84,923,52,0,4,Aspiring artist | Drawing my dreams,Fake
43819,4206,128,0.88,150,54,0,7,Sharing moments from my journey,Real
41697,4084,156,3.47,680,33,0,11,Fitness enthusiast 💪 | Health advocate,Real
40961,1489,75,3.38,114,57,0,10,Check out my website for more updates!,Real
34030,3867,48,8.34,92,35,0,8,Love exploring new places 🌎,Real
34735,1471,87,7.67,565,57,0,8,DM for collaborations or inquiries!,Fake
38798,2580,108,1.72,501,40,0,2,Passionate traveler and food lover,Fake
9552,4053,330,3.56,526,83,0,8,Entrepreneur & lifestyle blogger,Real
11391,4528,124,3.89,296,89,0,8,Entrepreneur & lifestyle blogger,Real
11290,1700,142,2.95,404,39,0,4,Sharing moments from my journey,Fake
1486,4340,329,6.53,55,30,0,4,Love exploring new places 🌎,Real
31835,675,181,0.11,164,55,0,6,Digital nomad living my best life 🌴,Fake
6403,4828,458,3.62,395,41,0,3,Passionate traveler and food lover,Real
18207,1663,12,1.87,372,2,0,4,Foodie | Reviews and recipes,Real
23549,2849,303,1.12,315,90,0,10,Fitness enthusiast 💪 | Health advocate,Fake
23138,2750,351,9.63,257,68,0,9,Love exploring new places 🌎,Fake
43101,1116,126,9.02,543,14,0,2,Nature lover | Saving the planet 🌍,Real
4856,3212,35,0.89,185,97,0,10,Business inquiries? Contact below 👇,Real
3869,147,215,1.19,457,62,0,4,Sharing moments from my journey,Fake
41841,1325,379,1.1,478,31,0,6,Sharing moments from my journey,Fake
38504,547,448,0.07,126,28,0,5,Follow for daily inspiration 🌟,Fake
5702,178,133,3.48,617,49,0,3,Digital nomad living my best life 🌴,Fake
27521,2723,394,7.38,253,9,0,11,Digital nomad living my best life 🌴,Real
29678,3520,300,9.28,405,2,0,10,Follow for daily inspiration 🌟,Fake
2948,3038,421,3.15,748,93,0,2,DM for collaborations or inquiries!,Real
44167,4645,293,0.3,169,45,0,4,Check out my website for more updates!,Fake
998,3434,290,8.8,363,38,0,4,Sharing moments from my journey,Real
40545,1351,266,6.8,791,67,0,9,Foodie | Reviews and recipes,Real
49053,3010,73,7.61,357,90,0,6,Sharing moments from my journey,Fake
37215,1493,423,9.15,697,81,0,4,Aspiring artist | Drawing my dreams,Fake
35523,2475,175,0.64,409,38,0,2,Fitness enthusiast 💪 | Health advocate,Real
27380,88,451,1.37,79,54,0,10,Passionate traveler and food lover,Fake
3669,2974,340,1.99,909,94,0,8,Photographer and content creator 📸,Real
11026,1622,465,3.08,925,53,0,6,Check out my website for more updates!,Fake
2945,4059,208,9.02,499,36,0,8,Passionate traveler and food lover,Fake
31005,4325,478,0.04,639,90,0,6,Business inquiries? Contact below 👇,Real
19220,3414,259,2.39,421,30,0,2,Personal blog | Stay positive ✨,Fake
10612,466,420,0.57,123,23,0,9,Foodie | Reviews and recipes,Fake
8996,912,388,9.5,887,92,0,11,Nature lover | Saving the planet 🌍,Fake
6884,3007,435,2.45,819,64,0,2,Photographer and content creator 📸,Fake
39617,4439,105,4.33,765,53,0,6,Follow for daily inspiration 🌟,Real
44887,3424,208,3.52,546,90,0,11,Digital nomad living my best life 🌴,Fake
9328,3327,207,5.72,140,22,0,4,Photographer and content creator 📸,Fake
10681,4274,481,7.24,618,99,0,8,Follow for daily inspiration 🌟,Fake
31555,3429,356,7.07,560,43,0,6,Sharing moments from my journey,Real
35131,308,473,6.89,470,75,0,2,Love exploring new places 🌎,Fake
23641,4357,231,6.6,802,70,0,11,DM for collaborations or inquiries!,Real
18402,2749,270,7.13,241,8,0,6,Photographer and content creator 📸,Fake
11126,523,145,8.25,591,29,0,9,Entrepreneur & lifestyle blogger,Fake
1904,4335,101,0.47,376,36,0,5,Sharing moments from my journey,Real
38323,247,347,9.34,43,5,0,5,Love exploring new places 🌎,Fake
31880,1372,441,5.81,289,62,0,10,Personal blog | Stay positive ✨,Real
29497,2852,498,0.01,805,10,0,10,Photographer and content creator 📸,Fake
11808,1834,438,6.6,373,34,1,9,Sharing moments from my journey,Real
16081,912,423,2.17,122,69,0,6,Business inquiries? Contact below 👇,Fake
46672,1724,386,2.31,130,1,0,11,Sharing moments from my journey,Real
7141,4759,408,2.49,348,81,0,3,Sharing moments from my journey,Fake
34237,4071,164,3.22,625,28,0,8,Follow for daily inspiration 🌟,Real
12966,234,211,8.02,336,42,0,4,Digital nomad living my best life 🌴,Fake
47741,998,462,6.38,676,94,0,2,Digital nomad living my best life 🌴,Fake
24342,778,280,8.23,188,51,0,7,DM for collaborations or inquiries!,Fake
46813,2064,373,4.33,353,86,0,5,Love exploring new places 🌎,Real
25998,3388,27,8.35,30,68,0,2,Love exploring new places 🌎,Real
32871,3208,107,7.38,195,59,0,8,DM for collaborations or inquiries!,Real
26999,1827,67,5.49,117,23,0,5,Fitness enthusiast 💪 | Health advocate,Real
38231,4920,484,7.21,235,25,0,3,Check out my website for more updates!,Real
11060,1871,70,9.33,979,36,0,7,Passionate traveler and food lover,Fake
34993,1726,315,1.19,460,83,0,11,Passionate traveler and food lover,Fake
3889,1536,104,0.9,976,8,0,5,Foodie | Reviews and recipes,Real
37757,2205,436,7.5,923,6,1,4,Aspiring artist | Drawing my dreams,Real
15381,4154,310,9.68,303,42,0,7,Personal blog | Stay positive ✨,Fake
41713,2784,327,3.78,325,85,0,8,Foodie | Reviews and recipes,Real
45852,4428,415,8.22,217,32,0,7,Follow for daily inspiration 🌟,Real
43943,232,354,8.65,383,39,0,10,Passionate traveler and food lover,Fake
25039,2760,34,3.56,376,54,0,11,Fitness enthusiast 💪 | Health advocate,Real
27080,1931,436,0.2,663,22,0,7,Aspiring artist | Drawing my dreams,Real
21330,1176,336,9.95,743,57,0,6,Follow for daily inspiration 🌟,Fake
47154,2366,496,6.95,144,20,0,7,Entrepreneur & lifestyle blogger,Fake
39132,2036,33,4.24,331,75,0,11,Business inquiries? Contact below 👇,Fake
35976,2259,65,8.78,630,90,0,5,Aspiring artist | Drawing my dreams,Real
23349,3900,205,5.98,980,6,0,10,Digital nomad living my best life 🌴,Fake
2493,2610,441,5.57,132,76,0,11,Fitness enthusiast 💪 | Health advocate,Real
40112,2185,171,1.23,585,70,1,6,Passionate traveler and food lover,Fake
34726,4971,421,6.48,447,44,0,5,DM for collaborations or inquiries!,Real
3079,2154,20,1.76,407,65,0,6,Photographer and content creator 📸,Fake
11774,1604,188,0.77,449,11,0,2,Love exploring new places 🌎,Fake
19427,1635,353,1.77,145,14,1,11,Personal blog | Stay positive ✨,Fake
27813,486,10,0.93,707,30,0,5,Aspiring artist | Drawing my dreams,Fake
8355,4296,426,4.71,547,12,0,7,Business inquiries? Contact below 👇,Real
4551,301,206,8.67,86,63,0,5,Foodie | Reviews and recipes,Real
7973,2747,25,2.96,722,63,0,10,Foodie | Reviews and recipes,Fake
42012,2673,248,5.65,359,94,1,7,Love exploring new places 🌎,Real
13314,2934,20,7.46,449,19,1,9,DM for collaborations or inquiries!,Real
15245,1469,73,5.3,104,74,0,1,Business inquiries? Contact below 👇,Fake
32901,3235,443,9.65,848,15,0,10,Foodie | Reviews and recipes,Fake
42178,1175,264,7.49,464,20,0,11,Digital nomad living my best life 🌴,Real
43621,3660,17,0.14,293,16,0,7,Fitness enthusiast 💪 | Health advocate,Fake
23833,2721,129,3.22,762,7,0,4,Love exploring new places 🌎,Real
49812,3938,181,0.76,680,69,0,3,Entrepreneur & lifestyle blogger,Real
41344,1773,424,3.91,95,37,0,6,Digital nomad living my best life 🌴,Fake
29592,3877,477,1.74,924,22,0,9,Personal blog | Stay positive ✨,Fake
15605,2957,94,9.11,691,2,0,4,Business inquiries? Contact below 👇,Fake
39291,4880,184,4.85,850,7,0,10,Photographer and content creator 📸,Real
30112,2418,242,4.16,408,41,0,6,Love exploring new places 🌎,Real
49198,4757,191,2.32,422,11,0,10,Entrepreneur & lifestyle blogger,Real
10500,825,159,1.1,456,59,1,6,Personal blog | Stay positive ✨,Real
16081,930,459,4.44,287,76,1,11,Digital nomad living my best life 🌴,Fake
1502,4346,200,4.57,67,38,0,6,Sharing moments from my journey,Fake
34228,2977,10,3.19,733,53,0,4,Nature lover | Saving the planet 🌍,Real
44834,3341,491,1.95,838,41,1,3,Digital nomad living my best life 🌴,Fake
24074,1507,255,4.07,504,71,0,5,Sharing moments from my journey,Real
10938,3967,324,8.39,916,94,0,5,Aspiring artist | Drawing my dreams,Real
42149,4169,309,7.7,713,81,0,7,Entrepreneur & lifestyle blogger,Fake
33428,94,200,5.34,179,56,0,3,Fitness enthusiast 💪 | Health advocate,Real
30503,3581,467,8.24,152,70,0,5,Love exploring new places 🌎,Real
25819,3939,180,6.36,639,52,0,7,Passionate traveler and food lover,Real
49213,1116,473,0.7,401,33,0,8,Personal blog | Stay positive ✨,Real
48329,2444,211,8.2,793,21,0,10,Follow for daily inspiration 🌟,Real
9476,1554,476,5.53,142,69,0,4,Digital nomad living my best life 🌴,Fake
32253,1517,167,1.35,784,99,0,2,Passionate traveler and food lover,Fake
33017,3687,69,6.95,146,84,1,8,Aspiring artist | Drawing my dreams,Fake
12448,247,392,3.03,390,94,0,7,Nature lover | Saving the planet 🌍,Fake
4183,554,92,5.25,229,26,0,10,Entrepreneur & lifestyle blogger,Fake
44154,1879,47,1.19,392,42,0,8,Passionate traveler and food lover,Fake
9014,3660,8,4.7,31,6,1,7,Fitness enthusiast 💪 | Health advocate,Fake
8034,1960,326,6.4,810,42,0,2,Sharing moments from my journey,Fake
28847,2033,269,8.72,320,75,0,11,Check out my website for more updates!,Real
21704,1782,193,3.31,133,85,0,2,Check out my website for more updates!,Fake
4184,3319,460,9.57,133,79,0,5,Passionate traveler and food lover,Real
42079,3261,372,4.58,59,56,0,8,Entrepreneur & lifestyle blogger,Fake
128,3078,77,2.09,286,45,0,4,Love exploring new places 🌎,Fake
40038,3487,276,6.72,470,66,0,7,Business inquiries? Contact below 👇,Real
42929,1701,75,1.95,273,84,0,11,Entrepreneur & lifestyle blogger,Real
21154,4940,238,3.48,452,63,0,7,Digital nomad living my best life 🌴,Fake
19818,615,80,1.85,522,9,0,1,Fitness enthusiast 💪 | Health advocate,Fake
15335,2830,72,5.67,29,40,0,5,Follow for daily inspiration 🌟,Fake
37520,2256,93,8.1,232,2,0,4,Passionate traveler and food lover,Real
12455,1400,186,9.46,54,37,0,6,Check out my website for more updates!,Real
942,2135,318,8.58,194,66,0,2,Passionate traveler and food lover,Fake
27922,426,464,4.9,910,7,1,3,Aspiring artist | Drawing my dreams,Fake
14917,2807,201,5.0,758,31,0,10,Photographer and content creator 📸,Fake
42698,2589,376,8.98,300,73,1,10,Photographer and content creator 📸,Real
34568,3966,75,0.01,212,79,0,11,Check out my website for more updates!,Real
2607,143,449,7.62,889,4,0,2,Digital nomad living my best life 🌴,Real
19148,1908,263,8.58,592,46,0,6,Entrepreneur & lifestyle blogger,Fake
39743,3865,130,0.4,484,12,0,9,Business inquiries? Contact below 👇,Fake
36637,509,352,5.24,473,69,0,7,Nature lover | Saving the planet 🌍,Real
43452,3630,434,7.56,643,35,0,6,Fitness enthusiast 💪 | Health advocate,Fake
2506,3678,193,7.36,283,89,0,4,Follow for daily inspiration 🌟,Fake
38014,1532,472,8.84,457,5,1,2,Follow for daily inspiration 🌟,Fake
1078,3670,78,2.13,431,71,1,2,Check out my website for more updates!,Real
38129,670,232,1.57,24,25,0,6,Nature lover | Saving the planet 🌍,Real
3392,3143,118,1.73,951,18,0,8,Business inquiries? Contact below 👇,Real
27025,2138,404,7.67,531,98,0,9,Digital nomad living my best life 🌴,Fake
28888,2643,65,3.96,741,42,0,8,Sharing moments from my journey,Fake
15558,641,112,9.3,488,77,0,8,Passionate traveler and food lover,Fake
45694,3099,87,7.92,683,78,0,9,Digital nomad living my best life 🌴,Fake
22430,3777,138,5.38,983,32,0,2,Foodie | Reviews and recipes,Fake
14682,4223,168,9.56,993,44,0,9,Passionate traveler and food lover,Fake
41544,1507,444,3.79,171,14,0,6,Nature lover | Saving the planet 🌍,Fake
41284,470,173,8.42,883,87,0,2,Business inquiries? Contact below 👇,Fake
23920,1091,203,8.03,247,16,0,2,Love exploring new places 🌎,Real
30750,4746,64,3.3,560,2,0,3,Nature lover | Saving the planet 🌍,Fake
23784,3562,19,3.55,167,86,0,4,Digital nomad living my best life 🌴,Fake
7916,1768,107,6.34,710,85,0,6,Personal blog | Stay positive ✨,Fake
41252,2933,252,7.28,592,77,0,8,Personal blog | Stay positive ✨,Fake
44171,1953,7,7.81,275,23,0,8,Passionate traveler and food lover,Fake
33928,3936,228,9.89,518,45,0,1,Fitness enthusiast 💪 | Health advocate,Real
19588,1839,12,5.74,508,4,0,2,Follow for daily inspiration 🌟,Real
11320,2163,281,8.95,908,32,0,4,Aspiring artist | Drawing my dreams,Fake
12452,921,286,6.52,459,84,0,10,Foodie | Reviews and recipes,Real
25671,1780,99,2.07,691,10,1,7,Foodie | Reviews and recipes,Fake
38717,4181,391,1.28,566,73,1,10,Fitness enthusiast 💪 | Health advocate,Real
17174,4700,338,1.47,934,50,0,3,Nature lover | Saving the planet 🌍,Fake
23261,1377,344,2.63,957,80,0,6,Personal blog | Stay positive ✨,Real
6092,1925,30,2.63,432,19,0,11,Business inquiries? Contact below 👇,Real
24996,1434,135,1.76,722,61,0,7,Sharing moments from my journey,Fake
1561,2992,136,2.5,397,25,0,8,Check out my website for more updates!,Real
49204,3295,404,0.39,151,36,0,5,Foodie | Reviews and recipes,Real
14664,1814,484,1.01,425,67,0,10,Personal blog | Stay positive ✨,Fake
28286,1578,347,0.17,378,81,0,10,DM for collaborations or inquiries!,Real
22234,3204,18,6.26,316,67,0,4,Photographer and content creator 📸,Fake
38674,4473,467,6.7,202,2,0,2,Sharing moments from my journey,Real
4447,40,359,1.91,172,41,0,4,Entrepreneur & lifestyle blogger,Real
44413,3455,239,2.83,611,1,0,2,Photographer and content creator 📸,Real
28284,3907,31,8.92,346,62,0,9,Love exploring new places 🌎,Fake
11497,1458,336,9.2,49,50,0,10,Digital nomad living my best life 🌴,Fake
31846,3803,173,5.39,241,84,0,7,Love exploring new places 🌎,Real
45963,1762,425,2.53,562,6,0,10,Follow for daily inspiration 🌟,Fake
4110,2207,442,2.85,705,36,1,8,Love exploring new places 🌎,Real
13629,4714,255,0.77,517,76,0,2,Photographer and content creator 📸,Real
26403,230,60,9.42,73,86,0,9,Personal blog | Stay positive ✨,Real
25057,2097,306,2.81,644,29,0,7,Personal blog | Stay positive ✨,Fake
42750,3973,369,2.42,878,70,0,3,Foodie | Reviews and recipes,Fake
13605,3305,340,6.16,625,98,0,4,Follow for daily inspiration 🌟,Fake
517,3225,401,3.01,283,99,0,7,Sharing moments from my journey,Fake
11053,4845,36,4.84,209,53,0,3,Business inquiries? Contact below 👇,Fake
37539,553,91,5.75,65,75,0,11,Check out my website for more updates!,Real
20145,1969,339,4.4,715,27,0,10,Nature lover | Saving the planet 🌍,Real
29305,833,219,4.22,676,99,0,1,Passionate traveler and food lover,Real
42634,1604,80,9.42,939,92,0,9,Passionate traveler and food lover,Fake
47366,2040,45,4.56,686,14,1,7,Love exploring new places 🌎,Fake
303,3332,280,4.29,836,61,0,8,Aspiring artist | Drawing my dreams,Real
48942,730,368,4.11,868,96,0,4,Follow for daily inspiration 🌟,Real
6543,1541,118,3.54,179,39,0,7,Personal blog | Stay positive ✨,Fake
8785,4934,359,1.27,456,72,0,3,Check out my website for more updates!,Fake
33701,4313,133,9.58,473,8,0,2,Personal blog | Stay positive ✨,Real
9654,4407,254,9.86,574,12,0,10,Passionate traveler and food lover,Fake
14441,3254,205,7.87,792,66,0,9,Foodie | Reviews and recipes,Real
17057,3874,282,4.39,261,31,0,9,Passionate traveler and food lover,Real
4129,1843,216,2.03,699,56,0,7,Photographer and content creator 📸,Real
41415,2840,41,8.35,255,37,0,7,Photographer and content creator 📸,Fake
28673,3750,106,7.45,828,54,1,7,Photographer and content creator 📸,Fake
28637,3030,134,7.92,698,24,0,9,Entrepreneur & lifestyle blogger,Fake
37754,3316,421,4.33,573,82,0,4,Love exploring new places 🌎,Fake
29505,1221,70,9.34,110,50,0,4,Aspiring artist | Drawing my dreams,Fake
20606,1557,132,0.55,654,7,0,2,Follow for daily inspiration 🌟,Real
47285,836,361,8.91,580,32,0,3,Love exploring new places 🌎,Real
38459,3839,244,1.94,547,96,0,11,Entrepreneur & lifestyle blogger,Real
33092,3065,199,4.86,800,21,0,9,Foodie | Reviews and recipes,Real
641,1720,146,0.87,232,74,0,6,Nature lover | Saving the planet 🌍,Real
32737,2732,117,0.46,822,68,0,4,Aspiring artist | Drawing my dreams,Real
43096,3359,121,0.03,187,37,0,4,Sharing moments from my journey,Fake
11406,1176,257,3.5,227,63,0,8,Entrepreneur & lifestyle blogger,Real
22119,414,145,9.49,931,80,0,5,Aspiring artist | Drawing my dreams,Fake
19522,148,306,1.7,212,66,0,7,Check out my website for more updates!,Real
21519,3284,135,1.24,918,22,0,8,Sharing moments from my journey,Fake
44159,94,390,8.45,960,58,0,7,DM for collaborations or inquiries!,Real
32119,932,347,9.34,828,71,0,8,Personal blog | Stay positive ✨,Real
40864,2331,171,2.59,92,55,0,7,Passionate traveler and food lover,Real
49435,704,19,2.0,514,99,1,4,Digital nomad living my best life 🌴,Real
17222,3558,22,0.88,722,99,0,2,Aspiring artist | Drawing my dreams,Fake
6647,3432,128,5.19,365,75,0,11,Sharing moments from my journey,Fake
47772,4091,492,8.6,290,2,0,3,DM for collaborations or inquiries!,Real
41694,1661,405,5.6,298,2,0,9,Aspiring artist | Drawing my dreams,Fake
45478,1486,309,9.16,899,92,0,4,Passionate traveler and food lover,Real
6493,3297,223,0.06,946,86,0,6,Follow for daily inspiration 🌟,Fake
24347,3675,480,4.97,951,73,0,9,Photographer and content creator 📸,Fake
48321,497,163,9.92,759,74,0,5,Entrepreneur & lifestyle blogger,Fake
26588,2906,150,2.55,623,76,0,5,Entrepreneur & lifestyle blogger,Real
48277,3325,64,6.22,238,35,0,9,Personal blog | Stay positive ✨,Real
3611,2927,278,4.07,562,82,0,2,Digital nomad living my best life 🌴,Real
31352,1572,44,2.58,718,85,1,10,Photographer and content creator 📸,Fake
6685,614,338,0.56,315,12,0,1,Entrepreneur & lifestyle blogger,Real
20047,313,335,0.16,702,27,0,11,DM for collaborations or inquiries!,Real
16110,4467,251,3.71,307,91,0,3,DM for collaborations or inquiries!,Real
26269,990,57,4.43,33,91,0,8,Personal blog | Stay positive ✨,Fake
19395,749,242,2.58,999,55,0,6,Follow for daily inspiration 🌟,Real
39315,409,359,8.87,376,54,0,2,Check out my website for more updates!,Real
41680,4595,132,6.26,284,85,1,2,Entrepreneur & lifestyle blogger,Fake
2694,95,486,8.22,509,39,1,10,Check out my website for more updates!,Real
48913,1186,420,7.46,498,23,0,7,Nature lover | Saving the planet 🌍,Real
38912,4777,342,5.31,806,88,0,10,DM for collaborations or inquiries!,Fake
5581,1408,275,4.81,715,96,0,10,Follow for daily inspiration 🌟,Fake
24947,70,182,1.13,471,14,0,5,Personal blog | Stay positive ✨,Real
21230,4088,456,5.64,695,88,0,6,Business inquiries? Contact below 👇,Real
23252,1022,380,2.72,907,0,1,2,Love exploring new places 🌎,Fake
2916,4640,381,4.06,795,80,0,5,Sharing moments from my journey,Fake
12942,862,125,9.27,527,94,0,5,Aspiring artist | Drawing my dreams,Real
25424,1470,427,3.49,294,71,0,5,Aspiring artist | Drawing my dreams,Real
47037,105,447,9.7,366,63,0,4,Business inquiries? Contact below 👇,Real
20671,2464,458,8.27,711,11,0,10,Passionate traveler and food lover,Real
47577,881,417,2.6,120,14,0,5,Fitness enthusiast 💪 | Health advocate,Fake
48850,300,267,6.15,797,89,0,8,Aspiring artist | Drawing my dreams,Fake
22066,4532,351,0.54,867,24,0,5,Digital nomad living my best life 🌴,Real
48226,1817,303,1.18,150,39,0,3,DM for collaborations or inquiries!,Real
15922,3363,412,4.7,242,72,0,8,Check out my website for more updates!,Fake
17964,621,10,3.9,586,83,0,5,DM for collaborations or inquiries!,Fake
2858,2826,369,0.77,780,20,0,4,Love exploring new places 🌎,Fake
33947,3661,86,9.78,251,10,0,3,Digital nomad living my best life 🌴,Fake
12293,2542,389,0.59,574,43,1,9,Entrepreneur & lifestyle blogger,Fake
49539,1675,19,9.55,778,34,0,3,Entrepreneur & lifestyle blogger,Real
41573,1313,29,7.25,704,71,0,6,Foodie | Reviews and recipes,Fake
22632,2732,453,0.62,439,9,0,4,Digital nomad living my best life 🌴,Fake
19152,3501,265,4.37,105,53,0,10,Personal blog | Stay positive ✨,Fake
47917,1199,452,8.7,267,48,0,9,DM for collaborations or inquiries!,Fake
15423,2466,134,1.63,669,43,0,6,Love exploring new places 🌎,Real
29600,4124,164,0.17,581,32,0,7,Passionate traveler and food lover,Fake
44997,1792,404,5.0,187,78,0,1,DM for collaborations or inquiries!,Fake
12421,4260,368,0.91,354,72,0,7,Business inquiries? Contact below 👇,Real
8726,403,327,4.29,485,51,1,11,Fitness enthusiast 💪 | Health advocate,Real
22016,4218,385,6.02,386,98,0,6,Fitness enthusiast 💪 | Health advocate,Fake
39633,514,470,4.67,126,45,0,5,Love exploring new places 🌎,Real
43599,3538,480,6.68,545,48,0,2,Check out my website for more updates!,Fake
44950,3961,252,5.95,965,71,0,4,DM for collaborations or inquiries!,Fake
22232,1200,80,2.12,482,67,1,11,Check out my website for more updates!,Fake
22889,3593,242,4.48,566,95,0,6,Personal blog | Stay positive ✨,Real
32103,1139,4,7.64,267,33,0,10,Love exploring new places 🌎,Real
22803,4269,443,1.03,426,5,0,10,Personal blog | Stay positive ✨,Fake
408,1887,473,9.21,313,10,0,7,DM for collaborations or inquiries!,Fake
36356,3271,14,4.41,557,1,0,10,Entrepreneur & lifestyle blogger,Real
30445,2851,109,0.11,208,10,0,4,Photographer and content creator 📸,Fake
40519,1751,103,1.68,998,98,0,7,Business inquiries? Contact below 👇,Fake
10567,942,205,5.0,733,14,0,7,Entrepreneur & lifestyle blogger,Fake
28422,2953,56,2.83,279,90,0,3,Entrepreneur & lifestyle blogger,Real
11174,3020,348,7.43,648,57,0,7,Personal blog | Stay positive ✨,Real
44804,3168,12,8.36,853,6,0,4,Check out my website for more updates!,Real
28270,2670,109,2.81,400,34,0,5,Foodie | Reviews and recipes,Fake
24704,3789,308,8.11,834,5,0,6,Entrepreneur & lifestyle blogger,Real
6324,849,420,7.52,760,19,0,2,Foodie | Reviews and recipes,Fake
38904,4404,336,2.34,627,83,0,5,Love exploring new places 🌎,Real
18209,1877,221,8.93,625,45,0,3,Digital nomad living my best life 🌴,Fake
10842,4823,6,4.13,97,66,0,11,Foodie | Reviews and recipes,Fake
49929,866,78,4.97,744,56,0,6,DM for collaborations or inquiries!,Real
3730,3797,480,5.87,678,30,0,4,Love exploring new places 🌎,Fake
26419,4971,27,0.92,90,49,1,4,Love exploring new places 🌎,Fake
18948,4037,455,3.64,810,77,0,1,Photographer and content creator 📸,Fake
6991,2155,379,8.03,935,3,0,6,Personal blog | Stay positive ✨,Real
26322,3736,332,9.6,939,77,0,1,Digital nomad living my best life 🌴,Fake
35711,143,379,7.37,402,65,1,4,Aspiring artist | Drawing my dreams,Fake
4946,534,365,3.3,493,40,0,10,Business inquiries? Contact below 👇,Fake
19055,4766,313,7.73,910,63,0,2,Follow for daily inspiration 🌟,Fake
16945,347,31,0.86,637,49,0,11,Digital nomad living my best life 🌴,Fake
46620,3347,432,9.52,277,49,0,3,Personal blog | Stay positive ✨,Real
3574,1698,23,4.81,303,65,1,9,Passionate traveler and food lover,Real
3855,1924,244,6.08,486,13,1,9,Passionate traveler and food lover,Real
47032,3577,360,1.57,204,98,0,8,Follow for daily inspiration 🌟,Real
15395,2525,490,4.8,417,85,0,5,Foodie | Reviews and recipes,Real
17870,3609,53,7.02,580,42,1,2,Sharing moments from my journey,Real
40074,328,422,8.15,817,1,0,10,Fitness enthusiast 💪 | Health advocate,Fake
20710,3771,51,1.91,790,20,0,4,Passionate traveler and food lover,Fake
21819,2361,171,1.79,251,79,0,10,Foodie | Reviews and recipes,Real
26938,440,46,9.05,710,43,0,8,Foodie | Reviews and recipes,Fake
27296,2726,5,8.03,462,34,1,10,Love exploring new places 🌎,Real
42181,3354,452,4.27,934,79,0,11,Foodie | Reviews and recipes,Fake
40191,3218,19,0.34,815,98,0,8,Photographer and content creator 📸,Real
15085,4300,392,9.16,708,31,0,7,Entrepreneur & lifestyle blogger,Fake
37263,3501,311,6.99,347,32,0,10,Nature lover | Saving the planet 🌍,Fake
25667,2259,17,7.0,737,95,0,6,Follow for daily inspiration 🌟,Fake
23312,2827,338,9.7,735,91,0,5,Nature lover | Saving the planet 🌍,Fake
43945,2663,167,1.31,29,24,0,8,Check out my website for more updates!,Fake
36749,614,423,6.91,594,65,0,2,Fitness enthusiast 💪 | Health advocate,Fake
37285,4126,315,2.9,170,88,0,3,Sharing moments from my journey,Fake
34300,1605,0,8.0,497,83,0,6,Business inquiries? Contact below 👇,Fake
34585,3914,201,8.92,787,87,0,8,Nature lover | Saving the planet 🌍,Fake
18210,4002,22,9.56,620,22,0,7,Foodie | Reviews and recipes,Fake
24792,428,30,1.26,308,6,0,11,Follow for daily inspiration 🌟,Fake
32360,1412,25,6.43,810,22,0,4,Aspiring artist | Drawing my dreams,Fake
12957,419,462,5.54,452,97,1,7,Foodie | Reviews and recipes,Fake
49841,4758,168,5.9,192,29,0,8,Check out my website for more updates!,Real
14839,4546,20,7.35,38,67,0,4,Photographer and content creator 📸,Fake
26980,1492,282,7.15,801,94,0,6,Passionate traveler and food lover,Real
4653,4700,492,7.89,141,6,0,2,Fitness enthusiast 💪 | Health advocate,Real
23123,4819,41,0.44,164,5,0,11,Follow for daily inspiration 🌟,Fake
34370,3174,272,3.84,138,51,0,5,Nature lover | Saving the planet 🌍,Fake
26688,1051,362,2.68,680,64,1,7,Photographer and content creator 📸,Fake
44388,793,103,5.31,211,71,0,9,Check out my website for more updates!,Fake
17884,462,314,5.77,594,6,0,2,Digital nomad living my best life 🌴,Real
18654,1813,465,4.44,859,50,0,9,Passionate traveler and food lover,Real
42954,4538,12,8.5,606,86,0,4,Personal blog | Stay positive ✨,Real
49162,460,446,6.43,4,31,1,11,DM for collaborations or inquiries!,Fake
37944,60,392,9.45,166,71,0,6,Passionate traveler and food lover,Real
46221,1773,260,9.14,438,23,0,7,Business inquiries? Contact below 👇,Fake
48000,4899,210,5.66,367,50,0,5,Foodie | Reviews and recipes,Real
3813,2811,387,2.43,621,81,1,4,Love exploring new places 🌎,Fake
11447,1357,195,0.38,100,8,0,10,DM for collaborations or inquiries!,Fake
29809,2038,285,2.94,23,74,0,5,Business inquiries? Contact below 👇,Fake
13559,1587,358,6.4,479,45,0,4,Fitness enthusiast 💪 | Health advocate,Real
27888,1492,88,8.54,524,57,0,2,Digital nomad living my best life 🌴,Real
12419,3823,167,1.51,873,52,0,4,Follow for daily inspiration 🌟,Fake
43418,820,125,0.02,301,49,0,4,Check out my website for more updates!,Real
24333,2171,3,4.49,939,58,0,7,Entrepreneur & lifestyle blogger,Real
33497,334,175,8.8,357,7,0,3,Foodie | Reviews and recipes,Fake
13087,650,38,1.48,296,75,0,8,Aspiring artist | Drawing my dreams,Real
33304,4213,282,8.34,503,20,0,3,Check out my website for more updates!,Fake
48141,4351,79,8.41,695,43,1,4,Digital nomad living my best life 🌴,Real
5464,563,196,2.96,985,10,0,3,Photographer and content creator 📸,Real
40844,4069,298,4.29,995,44,0,10,Sharing moments from my journey,Real
18999,2281,317,4.25,821,99,0,3,Check out my website for more updates!,Fake
9324,4521,46,3.65,759,30,0,10,Sharing moments from my journey,Real
36257,3540,134,6.32,982,50,0,5,Passionate traveler and food lover,Fake
30377,3929,311,2.75,3,3,0,8,Foodie | Reviews and recipes,Fake
5416,3560,475,9.68,785,47,0,4,Passionate traveler and food lover,Real
9501,682,282,1.31,856,2,0,10,Digital nomad living my best life 🌴,Fake
6797,2314,235,8.51,595,81,0,5,DM for collaborations or inquiries!,Fake
5426,1232,314,8.49,384,86,0,9,Business inquiries? Contact below 👇,Fake
9400,4320,233,7.86,286,88,1,9,Check out my website for more updates!,Real
39041,2040,16,4.16,425,66,0,1,Fitness enthusiast 💪 | Health advocate,Real
49636,4895,307,4.85,631,36,0,4,Fitness enthusiast 💪 | Health advocate,Real
10484,1884,301,1.84,184,84,0,11,DM for collaborations or inquiries!,Fake
35457,4412,349,4.42,3,43,0,5,Fitness enthusiast 💪 | Health advocate,Fake
4219,1606,9,5.23,927,49,0,6,Love exploring new places 🌎,Fake
3802,2274,470,8.43,854,52,0,4,Passionate traveler and food lover,Fake
41506,550,325,0.62,594,61,0,5,Business inquiries? Contact below 👇,Real
25329,590,205,3.16,925,49,0,8,Check out my website for more updates!,Fake
947,3345,145,8.56,966,56,0,2,Digital nomad living my best life 🌴,Real
3392,1833,278,7.79,378,38,0,7,Entrepreneur & lifestyle blogger,Fake
41746,165,195,2.51,448,71,0,4,Photographer and content creator 📸,Real
18785,4376,269,7.04,622,4,0,4,Check out my website for more updates!,Real
41583,2112,240,5.03,541,19,0,9,Passionate traveler and food lover,Fake
35751,710,207,6.75,365,37,0,7,Check out my website for more updates!,Real
22306,3194,149,0.8,917,22,0,2,Business inquiries? Contact below 👇,Real
40243,1584,120,4.94,204,51,0,10,Foodie | Reviews and recipes,Fake
38428,1877,6,4.35,156,70,0,7,Aspiring artist | Drawing my dreams,Real
40777,4954,72,9.36,949,25,0,3,Photographer and content creator 📸,Fake
31297,659,115,5.35,204,7,0,3,Check out my website for more updates!,Real
9164,1504,334,5.72,317,74,0,9,Entrepreneur & lifestyle blogger,Fake
9994,2696,480,3.26,839,82,0,4,Love exploring new places 🌎,Real
24462,1546,238,1.67,152,72,0,11,DM for collaborations or inquiries!,Fake
7300,4188,281,7.06,829,97,0,8,Entrepreneur & lifestyle blogger,Real
2955,2645,178,8.55,58,53,0,2,DM for collaborations or inquiries!,Fake
19484,3314,222,4.86,289,11,0,8,Follow for daily inspiration 🌟,Real
35346,1643,249,2.76,930,42,0,11,DM for collaborations or inquiries!,Fake
645,3942,352,8.36,364,45,0,9,Personal blog | Stay positive ✨,Fake
15653,1368,151,0.64,313,4,0,8,Fitness enthusiast 💪 | Health advocate,Fake
1935,3712,233,4.25,662,59,0,8,Nature lover | Saving the planet 🌍,Real
14651,3573,183,5.74,313,95,0,7,Sharing moments from my journey,Fake
48312,4330,467,3.39,252,76,0,6,Personal blog | Stay positive ✨,Real
42247,2818,498,4.04,552,52,0,4,Follow for daily inspiration 🌟,Fake
4100,3252,179,7.7,152,82,0,8,Love exploring new places 🌎,Fake
5730,4587,155,4.96,941,20,0,6,Sharing moments from my journey,Real
26197,2344,424,8.37,853,9,0,7,DM for collaborations or inquiries!,Fake
23281,3025,213,0.71,452,55,0,11,Follow for daily inspiration 🌟,Fake
47589,3381,422,1.53,273,30,0,9,Entrepreneur & lifestyle blogger,Real
42444,2557,233,5.99,239,77,0,4,Sharing moments from my journey,Fake
10106,1945,231,8.95,917,86,0,4,Nature lover | Saving the planet 🌍,Fake
36949,1349,221,2.59,193,35,0,7,Digital nomad living my best life 🌴,Real
9552,87,6,6.94,819,53,0,4,Business inquiries? Contact below 👇,Fake
28529,1922,264,3.87,893,24,0,10,Fitness enthusiast 💪 | Health advocate,Fake
19452,2873,497,4.12,462,70,0,6,Business inquiries? Contact below 👇,Fake
43438,1939,19,5.22,903,6,0,9,Check out my website for more updates!,Real
47285,4684,498,8.52,142,62,0,8,Foodie | Reviews and recipes,Fake
6701,3360,302,1.46,973,82,0,8,Passionate traveler and food lover,Fake
28906,1270,404,4.1,615,63,0,6,Aspiring artist | Drawing my dreams,Fake
39442,3619,346,5.59,847,49,0,6,Photographer and content creator 📸,Real
13402,2038,51,9.54,608,22,0,10,Love exploring new places 🌎,Real
38752,829,4,9.72,658,61,0,11,DM for collaborations or inquiries!,Real
10607,2754,261,8.6,898,18,0,2,Follow for daily inspiration 🌟,Fake
13210,4328,483,7.33,183,22,0,5,Aspiring artist | Drawing my dreams,Fake
27578,4899,430,2.68,901,73,0,5,Business inquiries? Contact below 👇,Fake
44812,4388,433,0.55,898,25,0,4,Business inquiries? Contact below 👇,Real
34565,3614,239,9.92,600,38,0,3,Digital nomad living my best life 🌴,Real
7477,2220,242,8.52,961,60,0,11,Digital nomad living my best life 🌴,Fake
1144,2759,196,6.66,667,63,0,9,Aspiring artist | Drawing my dreams,Real
15720,634,382,0.63,568,29,0,9,Sharing moments from my journey,Fake
43858,3058,325,6.98,446,89,1,2,Love exploring new places 🌎,Fake
44657,1123,36,9.63,65,33,0,3,Personal blog | Stay positive ✨,Real
23829,4633,146,8.07,470,90,0,6,Business inquiries? Contact below 👇,Fake
26907,548,437,8.21,745,18,0,3,Passionate traveler and food lover,Real
28290,2381,121,6.48,170,12,0,10,Aspiring artist | Drawing my dreams,Fake
16945,4211,163,3.7,926,30,0,10,Passionate traveler and food lover,Real
21925,2965,298,2.68,699,3,0,7,Passionate traveler and food lover,Fake
17588,539,303,8.83,213,71,0,11,Passionate traveler and food lover,Real
5999,3657,277,8.31,120,97,0,7,Photographer and content creator 📸,Fake
43410,248,342,9.13,139,35,0,4,Foodie | Reviews and recipes,Real
15867,2132,341,6.47,686,5,0,8,Nature lover | Saving the planet 🌍,Real
34849,2441,381,5.54,992,80,0,3,Fitness enthusiast 💪 | Health advocate,Real
47488,239,132,2.02,599,83,0,5,Sharing moments from my journey,Fake
6155,4374,299,2.69,858,65,0,8,Sharing moments from my journey,Real
40058,4351,251,2.87,494,76,0,4,Follow for daily inspiration 🌟,Fake
18799,4638,469,1.88,400,73,0,6,Love exploring new places 🌎,Fake
6790,4296,437,4.6,450,98,0,9,Business inquiries? Contact below 👇,Real
48430,2899,202,2.34,671,87,0,6,Love exploring new places 🌎,Real
12487,1554,242,1.78,899,0,0,4,Fitness enthusiast 💪 | Health advocate,Real
15011,4114,167,7.41,144,19,0,9,Fitness enthusiast 💪 | Health advocate,Real
45783,4984,199,8.48,315,19,0,5,Personal blog | Stay positive ✨,Real
24325,4017,406,5.68,802,68,0,8,Personal blog | Stay positive ✨,Fake
49788,1415,156,2.53,365,47,0,2,Foodie | Reviews and recipes,Real
8936,1815,159,3.52,980,59,0,10,Love exploring new places 🌎,Real
26275,3205,62,5.5,435,42,0,4,Foodie | Reviews and recipes,Fake
25304,4436,154,7.61,941,67,0,5,Fitness enthusiast 💪 | Health advocate,Fake
24714,470,50,7.55,895,39,0,2,DM for collaborations or inquiries!,Fake
7041,4273,320,2.92,427,13,0,3,Fitness enthusiast 💪 | Health advocate,Fake
3935,2274,142,1.44,754,56,0,9,Personal blog | Stay positive ✨,Fake
48536,561,113,1.25,752,8,0,2,Digital nomad living my best life 🌴,Fake
37083,2038,448,9.84,588,62,0,6,Digital nomad living my best life 🌴,Fake
45981,2415,192,5.5,492,4,0,5,Follow for daily inspiration 🌟,Real
30460,4823,358,6.84,518,83,1,4,Business inquiries? Contact below 👇,Real
12682,1478,272,1.76,774,73,0,11,Love exploring new places 🌎,Fake
17884,4203,307,7.05,792,77,0,4,Digital nomad living my best life 🌴,Real
22038,2261,268,0.72,567,52,0,9,Check out my website for more updates!,Real
40773,3440,375,0.68,69,37,0,8,Fitness enthusiast 💪 | Health advocate,Real
46516,4520,288,0.52,613,12,0,8,Aspiring artist | Drawing my dreams,Fake
35623,1985,442,6.77,978,78,0,10,Business inquiries? Contact below 👇,Fake
35950,160,58,6.09,540,85,0,11,Foodie | Reviews and recipes,Fake
18253,4808,130,3.96,70,87,0,6,Aspiring artist | Drawing my dreams,Real
17741,1217,95,4.05,49,46,0,5,Digital nomad living my best life 🌴,Real
16654,4093,167,8.88,587,1,0,6,Nature lover | Saving the planet 🌍,Fake
36427,3914,379,6.06,718,5,0,4,Entrepreneur & lifestyle blogger,Fake
33617,4800,350,3.35,33,3,0,4,Fitness enthusiast 💪 | Health advocate,Real
11717,4002,489,6.43,464,92,0,2,Digital nomad living my best life 🌴,Real
9261,4752,418,5.87,251,18,0,9,Business inquiries? Contact below 👇,Fake
17251,4086,323,3.71,771,1,0,8,Business inquiries? Contact below 👇,Fake
27021,2693,146,3.79,120,44,0,8,Aspiring artist | Drawing my dreams,Fake
7799,4019,127,4.48,38,56,0,10,Entrepreneur & lifestyle blogger,Real
29172,3574,22,5.09,31,6,0,9,Business inquiries? Contact below 👇,Fake
10065,2887,190,1.87,985,54,0,10,Business inquiries? Contact below 👇,Real
32721,3706,178,7.62,567,77,0,2,Fitness enthusiast 💪 | Health advocate,Fake
43332,1294,18,4.58,68,22,0,7,Follow for daily inspiration 🌟,Fake
40419,4251,200,8.29,631,50,0,4,Photographer and content creator 📸,Fake
46173,753,193,1.56,40,36,0,3,Nature lover | Saving the planet 🌍,Real
45253,1821,439,8.13,762,24,0,5,Love exploring new places 🌎,Fake
1634,3944,299,1.53,958,3,1,11,Photographer and content creator 📸,Fake
33916,3323,7,3.46,72,36,0,9,Business inquiries? Contact below 👇,Fake
43479,3600,64,9.14,731,68,0,6,Personal blog | Stay positive ✨,Real
27894,3300,210,2.96,70,34,1,2,Entrepreneur & lifestyle blogger,Real
33097,4029,41,4.75,163,94,0,9,Photographer and content creator 📸,Fake
22642,1079,91,7.75,398,78,1,3,Follow for daily inspiration 🌟,Real
24462,2591,102,7.54,537,68,0,3,Nature lover | Saving the planet 🌍,Real
17840,3635,286,1.26,941,5,0,10,Personal blog | Stay positive ✨,Real
13863,616,200,9.55,795,74,0,10,Personal blog | Stay positive ✨,Real
10662,4279,384,0.92,92,39,0,9,Personal blog | Stay positive ✨,Fake
37769,1680,44,3.79,115,27,0,5,Love exploring new places 🌎,Fake
46280,266,155,0.53,378,26,0,8,Nature lover | Saving the planet 🌍,Real
25676,3613,462,1.65,933,64,1,3,Follow for daily inspiration 🌟,Real
39226,2023,204,6.84,542,57,1,7,DM for collaborations or inquiries!,Real
43210,4540,169,8.39,571,95,1,5,Personal blog | Stay positive ✨,Fake
12161,4612,464,7.94,28,73,0,6,DM for collaborations or inquiries!,Fake
41050,4355,439,2.98,768,38,0,4,Personal blog | Stay positive ✨,Real
29316,2922,346,7.55,763,94,1,3,Check out my website for more updates!,Real
48712,1223,210,5.94,361,13,0,10,Fitness enthusiast 💪 | Health advocate,Fake
27331,4247,54,0.31,856,34,0,6,Sharing moments from my journey,Real
43132,2714,104,6.69,83,55,0,9,Aspiring artist | Drawing my dreams,Real
23638,1678,325,1.18,947,94,0,6,Aspiring artist | Drawing my dreams,Fake
17863,2509,196,4.82,891,73,0,3,Entrepreneur & lifestyle blogger,Fake
37246,2116,490,7.5,694,32,0,8,Passionate traveler and food lover,Real
13938,3675,441,9.24,678,4,0,8,Business inquiries? Contact below 👇,Real
36335,4062,260,0.23,574,26,0,4,DM for collaborations or inquiries!,Real
45013,3994,251,9.38,802,42,0,5,Fitness enthusiast 💪 | Health advocate,Fake
6917,1895,429,9.59,971,97,0,2,Check out my website for more updates!,Real
14531,2711,136,5.37,811,76,0,9,Fitness enthusiast 💪 | Health advocate,Real
13186,4147,267,7.93,338,47,0,6,DM for collaborations or inquiries!,Fake
30958,4679,88,9.2,358,17,0,2,Photographer and content creator 📸,Fake
38021,2503,265,4.87,95,18,0,9,Photographer and content creator 📸,Real
23338,4393,140,2.09,209,40,0,3,Digital nomad living my best life 🌴,Fake
47955,1617,417,4.39,452,10,1,4,Fitness enthusiast 💪 | Health advocate,Real
10740,1269,425,9.5,431,93,0,9,Business inquiries? Contact below 👇,Fake
48688,354,324,6.72,978,8,0,4,Business inquiries? Contact below 👇,Real
1704,1839,152,0.08,781,83,0,5,DM for collaborations or inquiries!,Fake
25234,1637,384,1.35,627,94,0,4,Sharing moments from my journey,Real
40657,836,409,5.63,549,88,0,2,Aspiring artist | Drawing my dreams,Real
22596,1650,477,4.1,73,6,0,2,Personal blog | Stay positive ✨,Fake
17727,1104,420,9.86,909,58,0,7,Digital nomad living my best life 🌴,Fake
16422,1025,88,3.06,556,40,0,9,Personal blog | Stay positive ✨,Real
25728,271,395,1.8,65,24,0,5,Nature lover | Saving the planet 🌍,Fake
14313,1871,12,8.31,286,25,0,9,Nature lover | Saving the planet 🌍,Real
1307,3732,289,9.44,508,21,0,8,Personal blog | Stay positive ✨,Fake
35901,163,108,4.49,335,56,0,2,Entrepreneur & lifestyle blogger,Fake
30405,45,122,0.6,493,50,0,7,Aspiring artist | Drawing my dreams,Fake
40793,3123,350,2.87,541,67,0,8,Digital nomad living my best life 🌴,Real
38375,4509,23,4.77,678,14,0,5,Aspiring artist | Drawing my dreams,Fake
16682,1508,400,7.71,217,27,0,4,Check out my website for more updates!,Fake
2522,2757,407,0.85,564,80,0,6,Aspiring artist | Drawing my dreams,Fake
42529,2620,238,8.04,197,93,0,8,Personal blog | Stay positive ✨,Real
38746,3912,482,7.44,897,77,0,7,Foodie | Reviews and recipes,Fake
18698,4575,1,8.21,44,33,0,6,Sharing moments from my journey,Fake
41774,3342,297,7.71,866,90,0,3,DM for collaborations or inquiries!,Real
12750,2915,133,7.43,554,30,0,5,Foodie | Reviews and recipes,Real
7563,4438,110,5.25,505,87,0,1,Personal blog | Stay positive ✨,Real
14934,2674,175,4.86,348,64,0,1,Fitness enthusiast 💪 | Health advocate,Real
20845,1931,37,0.6,39,80,0,2,Fitness enthusiast 💪 | Health advocate,Fake
8405,921,243,9.88,18,80,0,8,Photographer and content creator 📸,Fake
271,4881,429,4.24,145,67,0,6,Fitness enthusiast 💪 | Health advocate,Fake
4735,3227,359,1.9,376,64,0,11,DM for collaborations or inquiries!,Fake
35095,17,169,6.26,104,44,0,9,Digital nomad living my best life 🌴,Fake
49059,4882,41,5.44,560,92,0,2,Love exploring new places 🌎,Real
11393,3076,237,7.6,196,61,0,3,Entrepreneur & lifestyle blogger,Fake
35066,2521,214,0.51,498,53,0,11,Love exploring new places 🌎,Fake
47293,1351,299,5.84,273,6,0,2,Love exploring new places 🌎,Real
20535,516,226,0.12,819,39,0,3,Sharing moments from my journey,Real
8966,319,333,0.64,370,96,0,9,Passionate traveler and food lover,Fake
31347,3453,171,1.53,986,83,0,3,Aspiring artist | Drawing my dreams,Real
31710,4517,477,4.27,297,30,0,2,Personal blog | Stay positive ✨,Fake
20807,2196,225,6.26,42,24,0,2,DM for collaborations or inquiries!,Real
28136,2162,155,3.59,473,22,0,5,Passionate traveler and food lover,Fake
5570,638,36,1.81,889,44,0,3,Fitness enthusiast 💪 | Health advocate,Fake
16391,839,370,3.78,882,46,0,10,Fitness enthusiast 💪 | Health advocate,Real
23761,853,429,7.33,664,62,0,1,Sharing moments from my journey,Fake
25153,3551,311,0.2,548,5,1,10,Passionate traveler and food lover,Fake
48136,662,422,5.02,497,78,0,4,Business inquiries? Contact below 👇,Real
42404,3979,247,2.08,702,3,0,10,Check out my website for more updates!,Fake
16301,2676,196,9.25,937,33,1,9,Aspiring artist | Drawing my dreams,Fake
41457,1497,241,1.67,180,0,0,10,Digital nomad living my best life 🌴,Fake
22514,2183,305,3.86,54,60,0,3,Follow for daily inspiration 🌟,Fake
18174,3908,126,6.46,352,52,0,9,Foodie | Reviews and recipes,Real
13672,2948,68,4.21,303,18,0,3,Personal blog | Stay positive ✨,Real
20069,2018,382,6.39,851,3,0,9,Foodie | Reviews and recipes,Real
2791,4122,325,9.06,818,8,0,5,Sharing moments from my journey,Real
35303,3379,157,7.64,44,37,1,7,Photographer and content creator 📸,Fake
6087,4582,475,1.09,938,4,0,5,Passionate traveler and food lover,Fake
18999,4877,373,1.09,196,72,0,3,DM for collaborations or inquiries!,Real
25918,517,262,0.77,79,79,0,4,Digital nomad living my best life 🌴,Real
18391,4484,315,1.81,423,86,0,11,Love exploring new places 🌎,Fake
27529,652,291,9.55,619,28,0,3,Photographer and content creator 📸,Fake
4733,3206,359,4.39,290,11,0,4,Entrepreneur & lifestyle blogger,Fake
40025,3187,181,1.81,984,67,0,8,Business inquiries? Contact below 👇,Fake
36273,4048,281,4.75,632,83,0,4,Love exploring new places 🌎,Fake
39999,4246,275,9.71,152,97,1,10,Follow for daily inspiration 🌟,Real
47387,3092,112,8.33,80,5,0,8,Check out my website for more updates!,Real
3188,2098,478,0.37,873,11,0,9,DM for collaborations or inquiries!,Real
11601,1657,104,7.29,143,5,0,4,Check out my website for more updates!,Real
16714,163,343,6.2,930,33,0,11,Entrepreneur & lifestyle blogger,Real
43645,2116,112,8.08,271,32,0,10,Aspiring artist | Drawing my dreams,Real
6392,4708,491,3.25,242,97,0,9,Nature lover | Saving the planet 🌍,Real
419,1536,319,1.86,485,41,0,6,Digital nomad living my best life 🌴,Real
16343,610,165,5.88,817,76,1,1,Nature lover | Saving the planet 🌍,Fake
14922,1004,132,2.99,498,13,0,11,Aspiring artist | Drawing my dreams,Real
44046,1408,105,0.65,628,22,0,11,Foodie | Reviews and recipes,Real
44574,1902,145,5.37,598,58,0,3,Digital nomad living my best life 🌴,Real
44828,4366,226,3.01,662,71,0,3,Entrepreneur & lifestyle blogger,Real
13662,4210,206,8.1,790,52,0,4,Sharing moments from my journey,Real
45912,52,102,2.32,680,92,0,10,Personal blog | Stay positive ✨,Fake
39777,3800,329,5.88,382,19,0,6,Personal blog | Stay positive ✨,Fake
7079,3172,133,7.98,227,77,0,3,Nature lover | Saving the planet 🌍,Fake
6778,1103,290,5.38,314,2,1,6,Business inquiries? Contact below 👇,Fake
7155,4773,341,9.27,50,27,1,8,Passionate traveler and food lover,Fake
42585,3506,312,6.57,189,38,0,5,DM for collaborations or inquiries!,Real
30115,1372,314,0.57,725,68,0,10,Aspiring artist | Drawing my dreams,Fake
46005,745,397,3.03,743,48,0,6,Sharing moments from my journey,Fake
6210,3851,62,6.1,615,98,0,10,Sharing moments from my journey,Real
39263,3026,457,5.98,514,66,0,8,Nature lover | Saving the planet 🌍,Real
47404,873,195,6.45,469,36,0,6,Business inquiries? Contact below 👇,Fake
2188,4556,491,5.3,67,86,0,8,Passionate traveler and food lover,Real
14303,3118,498,6.35,83,94,0,6,Digital nomad living my best life 🌴,Real
36591,3976,237,5.69,103,18,0,4,Digital nomad living my best life 🌴,Real
10126,1878,270,1.3,697,47,0,4,Fitness enthusiast 💪 | Health advocate,Fake
22532,4938,270,2.81,575,14,1,6,Aspiring artist | Drawing my dreams,Fake
28569,3948,157,1.42,258,94,0,2,Follow for daily inspiration 🌟,Real
31015,2497,26,2.44,988,29,0,11,Digital nomad living my best life 🌴,Fake
23777,1941,136,9.64,519,20,0,6,Nature lover | Saving the planet 🌍,Fake
9790,1002,209,7.73,713,9,1,1,Entrepreneur & lifestyle blogger,Fake
46196,133,92,2.18,314,67,0,4,Photographer and content creator 📸,Real
42138,2562,366,3.93,833,69,0,1,Personal blog | Stay positive ✨,Real
9055,220,73,8.23,100,72,0,1,Fitness enthusiast 💪 | Health advocate,Fake
1646,2842,59,3.92,764,56,0,10,Passionate traveler and food lover,Fake
47141,4147,471,9.53,291,72,0,8,Passionate traveler and food lover,Real
42801,1853,291,4.6,420,26,0,8,Sharing moments from my journey,Real
43718,3580,386,0.52,39,29,0,8,Follow for daily inspiration 🌟,Fake
9272,3131,160,7.83,132,12,0,7,Follow for daily inspiration 🌟,Real
11203,3003,436,8.07,135,4,0,4,Personal blog | Stay positive ✨,Fake
33454,4471,164,9.53,900,13,1,7,Passionate traveler and food lover,Fake
39106,1272,140,6.31,161,69,0,7,Nature lover | Saving the planet 🌍,Fake
2746,1561,323,9.64,423,58,0,11,Personal blog | Stay positive ✨,Real
44815,4571,427,4.06,13,87,0,8,Follow for daily inspiration 🌟,Real
7980,1693,315,0.3,689,67,0,7,Business inquiries? Contact below 👇,Real
41750,1426,444,8.08,854,70,0,8,Aspiring artist | Drawing my dreams,Real
28451,2588,243,7.17,979,25,0,6,Personal blog | Stay positive ✨,Fake
13829,2110,301,4.15,989,56,0,5,Fitness enthusiast 💪 | Health advocate,Real
26764,3603,270,5.82,12,46,0,10,Check out my website for more updates!,Fake
13911,4705,375,7.46,837,89,0,2,Aspiring artist | Drawing my dreams,Real
16158,2604,489,5.49,758,27,0,2,Photographer and content creator 📸,Real
37327,2272,263,3.61,671,20,0,7,Photographer and content creator 📸,Fake
18509,1586,346,7.29,78,15,0,4,Business inquiries? Contact below 👇,Fake
13204,1360,18,4.73,650,15,0,2,Business inquiries? Contact below 👇,Real
29119,1995,193,3.38,50,2,0,8,Business inquiries? Contact below 👇,Fake
36779,3832,14,8.12,290,24,1,9,Nature lover | Saving the planet 🌍,Real
6868,1030,28,6.63,143,34,0,8,Aspiring artist | Drawing my dreams,Real
29799,1542,435,0.33,863,26,0,10,Photographer and content creator 📸,Real
1884,386,138,9.2,341,65,0,4,Sharing moments from my journey,Real
22860,4711,371,8.7,924,71,0,6,Check out my website for more updates!,Fake
819,3092,47,9.58,528,38,0,3,Business inquiries? Contact below 👇,Fake
45544,4028,232,5.5,294,98,1,10,Nature lover | Saving the planet 🌍,Fake
43196,3640,369,2.17,525,5,0,3,Nature lover | Saving the planet 🌍,Fake
33150,4390,457,6.96,95,41,0,10,Entrepreneur & lifestyle blogger,Fake
3421,648,229,0.57,907,94,0,2,Passionate traveler and food lover,Fake
9469,4704,8,1.55,499,0,0,7,Personal blog | Stay positive ✨,Fake
447,3952,196,9.38,909,5,0,5,DM for collaborations or inquiries!,Fake
9703,589,229,6.56,138,71,0,3,Fitness enthusiast 💪 | Health advocate,Fake
31279,2395,166,5.87,965,12,0,6,Business inquiries? Contact below 👇,Fake
4545,3021,476,7.17,607,32,0,4,Fitness enthusiast 💪 | Health advocate,Fake
12576,2825,298,5.32,885,29,0,5,Aspiring artist | Drawing my dreams,Fake
17399,4976,208,3.9,840,7,0,2,Nature lover | Saving the planet 🌍,Real
22971,72,182,1.56,62,68,1,3,Passionate traveler and food lover,Fake
15439,2906,418,9.86,37,68,0,8,Fitness enthusiast 💪 | Health advocate,Real
47474,1001,68,1.43,164,73,0,2,Business inquiries? Contact below 👇,Fake
21994,2566,132,2.73,352,85,1,7,Photographer and content creator 📸,Fake
28738,3632,270,8.17,813,34,0,8,DM for collaborations or inquiries!,Real
15992,724,238,4.7,457,52,0,9,Aspiring artist | Drawing my dreams,Real
1906,2421,5,3.83,242,5,0,1,Business inquiries? Contact below 👇,Real
44377,438,372,9.06,319,24,0,10,Check out my website for more updates!,Fake
48838,2904,320,4.17,934,90,0,10,Aspiring artist | Drawing my dreams,Fake
26491,3159,158,8.78,161,89,0,4,Fitness enthusiast 💪 | Health advocate,Fake
19308,901,294,9.42,206,5,1,8,Check out my website for more updates!,Fake
3053,1893,134,5.39,325,41,0,9,Sharing moments from my journey,Real
9618,3455,199,2.13,253,93,0,4,Entrepreneur & lifestyle blogger,Fake
42071,1071,440,1.41,469,42,0,5,Fitness enthusiast 💪 | Health advocate,Real
24298,3923,437,7.16,181,40,0,5,Personal blog | Stay positive ✨,Real
3799,533,252,3.23,615,50,0,9,Photographer and content creator 📸,Real
25063,3320,233,8.11,277,44,0,1,Love exploring new places 🌎,Fake
4039,2828,440,1.73,803,90,0,4,Entrepreneur & lifestyle blogger,Real
47296,449,217,4.65,184,58,0,6,Personal blog | Stay positive ✨,Real
16478,532,260,9.17,402,13,1,9,Photographer and content creator 📸,Fake
13691,189,408,4.57,156,61,0,2,Love exploring new places 🌎,Real
30283,2316,24,5.83,873,9,0,3,Business inquiries? Contact below 👇,Fake
5679,3046,106,2.96,8,98,0,9,Personal blog | Stay positive ✨,Real
13379,137,320,2.05,498,80,0,3,Love exploring new places 🌎,Real
18325,2880,488,9.54,430,63,0,7,Aspiring artist | Drawing my dreams,Real
42949,4441,141,0.9,254,37,0,7,Love exploring new places 🌎,Real
27216,2193,449,2.43,772,18,0,6,Photographer and content creator 📸,Fake
30101,2617,389,6.35,535,89,0,5,Digital nomad living my best life 🌴,Fake
35164,671,460,6.9,947,90,0,5,Check out my website for more updates!,Real
203,577,398,0.45,215,26,0,6,Entrepreneur & lifestyle blogger,Fake
11092,3360,277,8.11,344,2,0,9,Sharing moments from my journey,Real
25189,3043,273,9.27,328,54,0,4,Nature lover | Saving the planet 🌍,Fake
17135,4048,120,0.41,85,74,0,7,Nature lover | Saving the planet 🌍,Fake
22989,1123,0,4.61,586,86,0,4,Aspiring artist | Drawing my dreams,Fake
38404,4715,39,1.29,14,94,0,4,Passionate traveler and food lover,Fake
11236,2397,286,1.98,215,0,0,8,DM for collaborations or inquiries!,Fake
5525,2829,484,4.77,579,21,0,10,Business inquiries? Contact below 👇,Fake
22206,4939,85,9.97,708,52,0,5,Check out my website for more updates!,Fake
30387,1627,343,7.37,736,48,0,10,DM for collaborations or inquiries!,Real
23034,2933,388,6.4,922,6,0,3,Sharing moments from my journey,Fake
10496,2909,480,1.26,404,73,0,10,Nature lover | Saving the planet 🌍,Real
10498,1055,123,5.4,699,84,0,7,Nature lover | Saving the planet 🌍,Real
14428,3736,404,0.75,251,64,0,3,Love exploring new places 🌎,Real
49136,2300,218,2.46,916,55,0,5,Business inquiries? Contact below 👇,Real
31480,44,85,0.03,604,76,0,9,DM for collaborations or inquiries!,Real
43161,4020,97,9.94,730,33,0,9,DM for collaborations or inquiries!,Real
44284,2263,177,4.35,571,86,0,1,Photographer and content creator 📸,Real
2099,845,322,8.89,730,70,0,4,Love exploring new places 🌎,Fake
34905,2157,223,0.78,933,47,0,2,Sharing moments from my journey,Fake
22750,3315,147,2.61,324,29,0,8,Entrepreneur & lifestyle blogger,Fake
11551,1357,246,5.1,653,10,0,11,Entrepreneur & lifestyle blogger,Real
13762,3736,364,4.46,722,2,0,10,Sharing moments from my journey,Fake
6565,4203,359,6.27,565,30,0,11,Digital nomad living my best life 🌴,Fake
10312,1711,282,2.99,895,73,0,11,Photographer and content creator 📸,Real
35088,1865,91,6.13,287,91,1,11,Aspiring artist | Drawing my dreams,Fake
25786,151,0,6.92,472,16,0,2,Passionate traveler and food lover,Real
19265,3991,487,3.6,190,4,0,3,Check out my website for more updates!,Real
7592,3598,39,1.89,958,31,0,4,Photographer and content creator 📸,Fake
15544,3642,300,2.3,536,7,0,4,Follow for daily inspiration 🌟,Real
3112,4892,254,5.85,645,7,0,1,Love exploring new places 🌎,Real
2702,2602,204,9.93,191,97,0,10,Passionate traveler and food lover,Fake
10730,70,390,3.55,838,69,0,8,Follow for daily inspiration 🌟,Real
3409,3747,474,5.21,160,31,0,5,Personal blog | Stay positive ✨,Real
3095,851,301,8.27,827,71,0,9,Foodie | Reviews and recipes,Real
21050,559,184,7.94,688,52,1,11,Entrepreneur & lifestyle blogger,Real
13816,4191,301,0.64,782,32,0,7,Personal blog | Stay positive ✨,Fake
44831,725,325,5.99,699,57,0,4,Aspiring artist | Drawing my dreams,Fake
38634,536,230,3.65,943,95,0,4,Love exploring new places 🌎,Real
20844,1739,283,4.98,570,65,1,4,Sharing moments from my journey,Real
23075,4182,232,9.38,253,6,0,9,Personal blog | Stay positive ✨,Real
5018,1623,5,2.24,372,27,0,6,Fitness enthusiast 💪 | Health advocate,Fake
39043,4703,395,6.62,313,37,0,1,Business inquiries? Contact below 👇,Real
24197,2970,453,8.28,218,67,1,7,Passionate traveler and food lover,Fake
9662,1622,30,9.78,257,38,0,3,Aspiring artist | Drawing my dreams,Fake
34254,4045,168,9.8,994,66,0,10,Fitness enthusiast 💪 | Health advocate,Real
4301,2373,170,6.88,973,45,0,11,Digital nomad living my best life 🌴,Real
11380,263,107,2.81,135,81,1,7,Fitness enthusiast 💪 | Health advocate,Real
24737,2903,16,4.32,139,13,0,11,DM for collaborations or inquiries!,Real
15197,1967,454,7.84,967,10,0,8,Personal blog | Stay positive ✨,Fake
1678,1418,129,4.23,408,92,0,9,Digital nomad living my best life 🌴,Real
10587,675,246,1.53,993,25,0,3,Love exploring new places 🌎,Fake
17467,1363,393,0.25,623,67,0,4,Nature lover | Saving the planet 🌍,Fake
15924,4675,210,8.58,774,58,0,4,Check out my website for more updates!,Real
19897,1068,314,5.91,187,20,0,3,Check out my website for more updates!,Fake
38296,1693,377,4.79,501,17,1,10,Follow for daily inspiration 🌟,Fake
21657,4935,473,6.76,868,50,0,7,DM for collaborations or inquiries!,Fake
11805,1307,112,2.63,318,70,0,9,Passionate traveler and food lover,Real
7005,4640,37,8.93,843,58,0,9,Business inquiries? Contact below 👇,Real
26052,3047,177,9.53,617,68,0,4,Follow for daily inspiration 🌟,Real
28421,1869,128,5.54,924,45,0,3,Entrepreneur & lifestyle blogger,Real
5617,2605,361,9.08,27,4,0,9,Passionate traveler and food lover,Fake
1009,2014,138,7.7,535,11,1,1,Business inquiries? Contact below 👇,Fake
9436,164,112,1.74,380,0,0,4,Digital nomad living my best life 🌴,Fake
25078,88,279,3.97,158,0,0,9,DM for collaborations or inquiries!,Fake
4301,1454,467,1.82,585,58,0,2,Foodie | Reviews and recipes,Fake
47004,3444,493,9.83,528,40,0,7,Aspiring artist | Drawing my dreams,Real
12216,3595,123,1.29,34,77,0,10,Follow for daily inspiration 🌟,Fake
40187,1547,175,4.38,384,59,0,9,Love exploring new places 🌎,Real
23559,3767,421,4.34,703,61,0,6,Sharing moments from my journey,Real
30696,4778,303,0.35,975,83,0,7,Fitness enthusiast 💪 | Health advocate,Real
12167,266,265,1.4,787,14,0,3,Personal blog | Stay positive ✨,Fake
34353,3477,104,8.36,409,22,0,2,Entrepreneur & lifestyle blogger,Fake
13989,1961,15,1.71,75,76,0,5,DM for collaborations or inquiries!,Real
34935,1440,489,7.12,624,48,0,4,Digital nomad living my best life 🌴,Fake
16390,2094,481,9.62,809,9,0,5,Personal blog | Stay positive ✨,Fake
31593,1964,290,0.89,378,66,0,1,Fitness enthusiast 💪 | Health advocate,Fake
21256,4926,0,8.0,538,23,0,9,Aspiring artist | Drawing my dreams,Fake
7163,1689,252,8.88,957,83,0,6,Foodie | Reviews and recipes,Fake
25974,4371,183,6.82,882,71,0,9,Love exploring new places 🌎,Real
32013,3258,65,3.34,719,90,0,8,Check out my website for more updates!,Fake
4459,1398,468,6.85,960,14,0,9,Aspiring artist | Drawing my dreams,Fake
1472,1189,300,8.22,930,59,0,6,Love exploring new places 🌎,Fake
8436,3141,221,0.3,840,83,0,3,Nature lover | Saving the planet 🌍,Real
26809,3076,79,8.91,318,75,0,5,Check out my website for more updates!,Real
16199,1683,208,3.0,466,72,0,1,Fitness enthusiast 💪 | Health advocate,Fake
43969,1898,366,7.42,565,84,0,8,Business inquiries? Contact below 👇,Real
22146,4475,299,5.65,39,43,1,10,Photographer and content creator 📸,Fake
10175,665,84,6.48,181,99,0,6,Nature lover | Saving the planet 🌍,Fake
37260,1208,120,9.14,576,45,0,6,Check out my website for more updates!,Real
33864,827,393,5.78,489,66,0,5,Passionate traveler and food lover,Fake
32146,2874,469,6.23,137,1,0,8,Digital nomad living my best life 🌴,Fake
38876,4869,276,3.41,247,20,0,5,Nature lover | Saving the planet 🌍,Real
45910,4548,103,2.37,494,32,0,3,Foodie | Reviews and recipes,Fake
16837,1693,495,2.54,761,89,0,6,Personal blog | Stay positive ✨,Real
28652,3149,474,4.09,196,6,0,10,Entrepreneur & lifestyle blogger,Real
14305,45,427,7.33,548,68,0,4,DM for collaborations or inquiries!,Real
46663,1030,199,9.14,651,31,1,4,Sharing moments from my journey,Fake
23625,455,220,9.1,3,41,1,1,Nature lover | Saving the planet 🌍,Real
2062,1603,322,3.96,450,89,0,6,Foodie | Reviews and recipes,Real
14308,4298,388,4.15,607,8,0,11,Passionate traveler and food lover,Real
41865,1707,14,1.27,73,93,0,1,Entrepreneur & lifestyle blogger,Fake
38653,4065,19,7.08,954,24,1,4,Nature lover | Saving the planet 🌍,Fake
27093,2557,27,6.89,788,49,0,1,Sharing moments from my journey,Real
43469,1016,281,8.03,102,88,0,7,Personal blog | Stay positive ✨,Real
16124,2942,253,5.89,745,70,0,6,Business inquiries? Contact below 👇,Fake
34368,4682,257,4.52,607,28,0,7,Check out my website for more updates!,Fake
49474,1800,354,1.75,820,95,0,8,Sharing moments from my journey,Fake
1188,4069,291,1.29,441,63,0,9,Business inquiries? Contact below 👇,Real
32605,1924,30,7.51,941,36,0,8,Personal blog | Stay positive ✨,Fake
43269,53,409,4.18,442,69,0,4,Digital nomad living my best life 🌴,Fake
11381,3018,111,5.79,521,83,1,6,Business inquiries? Contact below 👇,Real
26347,2700,494,2.93,494,9,1,6,Follow for daily inspiration 🌟,Fake
14567,3139,340,4.99,378,64,0,7,Sharing moments from my journey,Real
46006,942,286,8.77,663,38,0,4,Passionate traveler and food lover,Fake
5117,3746,68,5.52,325,88,0,3,Fitness enthusiast 💪 | Health advocate,Fake
3294,4258,49,5.27,293,93,0,6,Business inquiries? Contact below 👇,Fake
33599,3504,432,4.23,694,42,0,9,Foodie | Reviews and recipes,Fake
42134,1180,246,6.63,915,7,0,8,Fitness enthusiast 💪 | Health advocate,Real
32978,3295,107,4.95,173,81,0,7,Photographer and content creator 📸,Fake
36411,587,361,7.35,649,42,0,3,Nature lover | Saving the planet 🌍,Fake
28470,1733,424,2.66,593,33,0,6,Passionate traveler and food lover,Fake
14970,352,489,3.5,170,20,0,10,Passionate traveler and food lover,Fake
46893,1180,207,9.91,414,93,0,8,Check out my website for more updates!,Fake
36931,4302,21,3.52,209,17,0,10,Nature lover | Saving the planet 🌍,Real
49963,624,408,8.71,793,9,0,6,Sharing moments from my journey,Real
39333,1164,248,3.2,925,17,0,7,Love exploring new places 🌎,Real
30427,1825,201,9.37,55,20,0,5,Passionate traveler and food lover,Fake
17817,571,186,6.51,9,8,0,6,Foodie | Reviews and recipes,Real
12123,2958,395,0.18,374,86,0,8,Aspiring artist | Drawing my dreams,Fake
24760,4236,267,2.34,393,55,0,11,Digital nomad living my best life 🌴,Real
227,3822,480,2.05,2,97,0,5,Foodie | Reviews and recipes,Real
18842,2887,233,1.54,88,31,0,2,Business inquiries? Contact below 👇,Fake
34816,2548,438,9.2,949,66,1,9,Photographer and content creator 📸,Fake
39454,3864,143,2.83,434,47,0,3,Nature lover | Saving the planet 🌍,Real
36778,1482,425,5.11,166,20,0,8,Photographer and content creator 📸,Real
22204,4403,487,1.81,420,79,0,3,Digital nomad living my best life 🌴,Real
12315,4571,320,6.02,593,93,0,10,Personal blog | Stay positive ✨,Real
20735,1679,8,0.18,759,27,1,9,Passionate traveler and food lover,Fake
45853,1648,492,2.8,63,24,0,3,DM for collaborations or inquiries!,Fake
39638,3224,337,3.94,946,48,0,10,Digital nomad living my best life 🌴,Real
36478,1651,408,0.76,740,27,0,7,Digital nomad living my best life 🌴,Real
36473,2987,318,0.76,333,84,0,7,Check out my website for more updates!,Real
48019,834,46,0.67,350,0,0,11,Fitness enthusiast 💪 | Health advocate,Real
45577,4767,74,1.78,288,57,0,9,Aspiring artist | Drawing my dreams,Real
1315,1294,200,3.1,263,90,0,8,Business inquiries? Contact below 👇,Fake
20212,2409,67,3.91,522,49,0,9,Aspiring artist | Drawing my dreams,Fake
4188,2877,267,4.27,863,12,0,4,Entrepreneur & lifestyle blogger,Real
21398,3680,16,8.8,650,20,1,2,Entrepreneur & lifestyle blogger,Fake
41529,936,418,3.55,514,99,0,6,Passionate traveler and food lover,Fake
11574,2365,243,6.89,361,44,0,8,Business inquiries? Contact below 👇,Fake
18401,4400,186,3.63,522,95,0,3,Aspiring artist | Drawing my dreams,Fake
4831,3297,221,7.36,889,0,0,6,Business inquiries? Contact below 👇,Fake
42803,4489,186,1.91,127,15,0,3,Passionate traveler and food lover,Fake
3200,4159,396,6.77,517,84,0,10,Aspiring artist | Drawing my dreams,Fake
37922,813,70,8.48,961,10,0,7,Follow for daily inspiration 🌟,Real
25269,2947,459,5.66,289,72,0,3,Passionate traveler and food lover,Real
33969,2396,299,2.0,75,74,0,8,Sharing moments from my journey,Real
49087,525,145,7.08,195,14,0,5,Follow for daily inspiration 🌟,Real
13657,4932,98,7.17,155,16,0,9,Photographer and content creator 📸,Real
29967,648,191,9.84,789,18,0,11,Fitness enthusiast 💪 | Health advocate,Fake
49333,3842,140,9.52,546,48,0,10,Foodie | Reviews and recipes,Fake
11716,4820,59,7.94,321,29,0,9,Follow for daily inspiration 🌟,Fake
3090,1193,100,9.86,334,13,0,3,Fitness enthusiast 💪 | Health advocate,Real
35162,2083,267,9.9,189,69,1,2,Digital nomad living my best life 🌴,Real
12948,1375,103,9.14,849,18,0,7,Fitness enthusiast 💪 | Health advocate,Real
41037,2396,51,6.24,519,72,0,9,Fitness enthusiast 💪 | Health advocate,Fake
2207,3519,414,2.34,288,36,1,1,Aspiring artist | Drawing my dreams,Real
48362,223,47,8.37,629,10,0,10,Check out my website for more updates!,Fake
11191,3562,301,6.46,629,65,0,2,Digital nomad living my best life 🌴,Fake
27327,4194,481,4.76,817,71,0,7,Digital nomad living my best life 🌴,Fake
5305,2498,150,0.84,270,36,0,5,Fitness enthusiast 💪 | Health advocate,Fake
43123,425,264,4.8,317,35,0,1,Aspiring artist | Drawing my dreams,Real
34296,3562,241,1.16,995,48,0,1,Business inquiries? Contact below 👇,Fake
37038,194,310,8.78,360,10,0,4,Love exploring new places 🌎,Fake
39707,1024,307,4.18,212,44,0,2,Business inquiries? Contact below 👇,Real
10213,3029,3,0.22,393,94,0,7,Sharing moments from my journey,Fake
12030,495,76,8.03,355,3,0,7,Aspiring artist | Drawing my dreams,Real
43006,2724,407,2.18,176,92,0,2,Aspiring artist | Drawing my dreams,Fake
38070,2391,45,1.62,109,48,0,2,Entrepreneur & lifestyle blogger,Real
4970,4412,464,4.79,154,16,0,10,Fitness enthusiast 💪 | Health advocate,Fake
25398,3890,412,9.85,444,26,0,11,Nature lover | Saving the planet 🌍,Fake
39688,2157,18,6.1,333,37,0,11,Fitness enthusiast 💪 | Health advocate,Real
16171,1494,480,8.63,93,70,0,8,Fitness enthusiast 💪 | Health advocate,Real
22875,1265,285,8.36,673,92,0,7,Check out my website for more updates!,Fake
17667,4847,17,9.03,709,2,0,10,Photographer and content creator 📸,Fake
26726,1551,196,7.86,879,62,0,1,Photographer and content creator 📸,Fake
40546,1985,294,5.68,235,53,0,7,Entrepreneur & lifestyle blogger,Fake
19194,1750,458,2.42,486,74,0,10,Love exploring new places 🌎,Fake
6742,2649,470,7.28,913,12,1,1,Sharing moments from my journey,Fake
13286,364,166,1.3,695,77,0,2,Business inquiries? Contact below 👇,Real
10703,569,395,7.42,63,32,0,9,Entrepreneur & lifestyle blogger,Real
28336,964,85,1.59,119,24,0,2,DM for collaborations or inquiries!,Real
37368,800,279,2.74,225,78,0,7,Digital nomad living my best life 🌴,Real
26112,193,92,4.45,573,91,0,7,Passionate traveler and food lover,Fake
41680,4237,252,4.65,124,1,0,2,DM for collaborations or inquiries!,Fake
37788,2571,272,8.52,719,52,0,4,Nature lover | Saving the planet 🌍,Fake
22327,4140,304,4.58,971,40,0,4,Foodie | Reviews and recipes,Fake
30970,873,378,7.61,161,84,0,5,Sharing moments from my journey,Fake
36658,4051,303,6.2,774,98,1,8,Sharing moments from my journey,Real
41204,250,355,0.57,957,50,0,10,Passionate traveler and food lover,Real
15520,102,317,9.37,273,78,0,9,Foodie | Reviews and recipes,Real
47218,2245,350,7.39,834,77,0,4,Fitness enthusiast 💪 | Health advocate,Fake
47324,854,375,8.61,130,23,0,7,Digital nomad living my best life 🌴,Real
680,3974,409,9.22,701,10,0,7,Nature lover | Saving the planet 🌍,Fake
9059,2360,286,0.07,563,63,0,9,Love exploring new places 🌎,Real
32349,1077,479,9.29,669,90,0,1,Digital nomad living my best life 🌴,Fake
25605,2522,133,9.56,39,85,0,7,Entrepreneur & lifestyle blogger,Fake
18127,4061,86,7.8,315,61,0,2,Follow for daily inspiration 🌟,Fake
21786,1300,114,0.6,639,52,0,10,Follow for daily inspiration 🌟,Real
48422,1399,348,8.37,641,58,0,11,Entrepreneur & lifestyle blogger,Fake
4843,124,278,6.66,776,79,0,2,Fitness enthusiast 💪 | Health advocate,Fake
24493,1065,162,1.76,637,34,0,8,Nature lover | Saving the planet 🌍,Fake
37164,2719,433,3.44,550,53,0,8,DM for collaborations or inquiries!,Fake
40314,418,137,3.47,735,6,0,6,Personal blog | Stay positive ✨,Fake
32563,2951,253,0.74,829,3,0,3,Passionate traveler and food lover,Fake
42109,4079,280,9.94,689,7,0,6,Digital nomad living my best life 🌴,Real
10455,2229,22,8.46,504,26,0,9,Fitness enthusiast 💪 | Health advocate,Real
3526,1964,83,6.4,485,56,0,5,DM for collaborations or inquiries!,Fake
6544,4628,274,8.84,719,77,0,4,Photographer and content creator 📸,Real
10663,819,488,5.36,27,19,0,8,Business inquiries? Contact below 👇,Real
23372,3163,190,4.8,741,47,0,5,Digital nomad living my best life 🌴,Real
600,761,297,4.91,217,66,1,5,Passionate traveler and food lover,Fake
28288,3754,378,7.33,210,29,0,5,Personal blog | Stay positive ✨,Fake
49353,3348,393,2.23,823,46,0,10,Follow for daily inspiration 🌟,Real
38103,1699,349,1.5,382,75,0,6,DM for collaborations or inquiries!,Real
46628,2354,29,8.42,732,91,0,8,Fitness enthusiast 💪 | Health advocate,Real
24001,3312,16,4.11,17,20,0,9,Foodie | Reviews and recipes,Fake
17366,4163,469,6.17,455,13,0,9,Foodie | Reviews and recipes,Real
18818,4912,310,0.26,284,4,0,7,Foodie | Reviews and recipes,Fake
42846,2580,349,4.98,567,7,0,9,Photographer and content creator 📸,Real
18344,2697,32,3.07,24,37,0,2,Foodie | Reviews and recipes,Real
41934,950,248,9.89,633,98,0,8,Follow for daily inspiration 🌟,Fake
7295,4950,362,1.65,242,54,0,6,Fitness enthusiast 💪 | Health advocate,Real
31838,1322,94,8.34,718,10,0,5,Personal blog | Stay positive ✨,Fake
47816,1714,271,7.9,718,45,0,11,Fitness enthusiast 💪 | Health advocate,Fake
13702,4176,305,1.26,855,51,0,7,Nature lover | Saving the planet 🌍,Real
43671,2617,315,6.53,848,91,0,2,DM for collaborations or inquiries!,Real
18262,3827,423,9.22,102,38,0,6,Follow for daily inspiration 🌟,Fake
5384,4140,253,9.63,126,87,0,2,Aspiring artist | Drawing my dreams,Real
29597,2629,322,6.79,472,46,0,10,Fitness enthusiast 💪 | Health advocate,Fake
14097,4529,206,6.15,904,59,1,7,Business inquiries? Contact below 👇,Real
1236,2293,387,2.34,499,27,0,8,Digital nomad living my best life 🌴,Real
45105,1045,27,5.51,146,33,0,6,Fitness enthusiast 💪 | Health advocate,Real
22675,1648,43,3.72,616,85,0,5,DM for collaborations or inquiries!,Fake
44711,1759,72,1.48,926,68,0,11,DM for collaborations or inquiries!,Fake
10265,1236,236,4.14,383,28,0,3,Passionate traveler and food lover,Fake
24709,3946,477,3.42,495,60,0,3,Aspiring artist | Drawing my dreams,Fake
49217,4655,141,3.09,177,0,1,11,Personal blog | Stay positive ✨,Real
1818,4450,481,6.56,553,42,0,11,Sharing moments from my journey,Fake
29832,4787,12,5.41,813,56,1,6,Entrepreneur & lifestyle blogger,Fake
31400,2421,80,6.58,261,73,0,7,Photographer and content creator 📸,Real
2182,807,41,6.76,991,38,0,2,Foodie | Reviews and recipes,Real
408,499,75,0.93,900,12,0,6,Digital nomad living my best life 🌴,Real
8299,3881,378,8.95,819,74,0,5,Foodie | Reviews and recipes,Fake
1528,412,61,4.26,950,49,0,2,Nature lover | Saving the planet 🌍,Real
5226,155,99,9.19,854,68,0,10,Aspiring artist | Drawing my dreams,Real
14379,4043,366,2.22,964,62,0,3,Love exploring new places 🌎,Fake
5011,4048,392,9.26,894,70,0,6,Foodie | Reviews and recipes,Real
20263,3315,140,1.96,388,12,0,5,Entrepreneur & lifestyle blogger,Fake
22076,2070,165,4.79,662,63,0,4,Foodie | Reviews and recipes,Real
8576,3920,85,5.71,184,66,0,2,Business inquiries? Contact below 👇,Real
1606,130,265,8.04,358,26,0,8,Digital nomad living my best life 🌴,Real
19850,1502,5,9.38,267,44,1,7,Nature lover | Saving the planet 🌍,Fake
37920,3522,130,9.28,537,13,0,5,Check out my website for more updates!,Real
23224,4114,22,1.23,173,48,0,3,Follow for daily inspiration 🌟,Fake
28808,1817,125,6.8,678,0,0,5,Passionate traveler and food lover,Real
14449,2193,81,9.45,574,10,0,10,Follow for daily inspiration 🌟,Real
32515,3654,462,0.86,227,12,0,4,DM for collaborations or inquiries!,Fake
41635,1607,484,5.88,169,13,0,3,Entrepreneur & lifestyle blogger,Real
18152,4114,78,5.73,28,49,0,9,Love exploring new places 🌎,Real
38732,4351,49,4.7,900,39,0,11,Business inquiries? Contact below 👇,Real
6122,1911,135,8.29,723,33,0,5,Follow for daily inspiration 🌟,Real
10791,82,82,0.56,266,37,0,5,Fitness enthusiast 💪 | Health advocate,Real
34518,486,12,7.39,956,5,0,7,Business inquiries? Contact below 👇,Real
42136,4331,446,0.43,440,17,0,2,Fitness enthusiast 💪 | Health advocate,Real
9519,4755,174,2.16,404,76,0,7,Business inquiries? Contact below 👇,Real
47325,4728,60,8.1,854,96,0,5,DM for collaborations or inquiries!,Fake
34614,2622,361,0.57,795,50,0,2,Love exploring new places 🌎,Fake
20487,3578,289,8.39,188,51,0,7,Personal blog | Stay positive ✨,Real
7063,4740,156,8.12,938,60,0,1,DM for collaborations or inquiries!,Fake
3473,483,352,0.31,968,84,0,8,DM for collaborations or inquiries!,Fake
12022,2756,498,3.3,216,54,0,2,Follow for daily inspiration 🌟,Real
37286,1833,75,0.93,256,16,0,11,Business inquiries? Contact below 👇,Real
28903,657,159,6.97,412,88,0,11,Nature lover | Saving the planet 🌍,Fake
27536,2592,356,1.85,614,94,0,6,Foodie | Reviews and recipes,Real
24890,4537,420,5.09,236,44,0,7,Foodie | Reviews and recipes,Real
6441,947,104,9.24,806,23,0,10,Sharing moments from my journey,Real
12920,3937,222,9.18,483,73,0,6,Aspiring artist | Drawing my dreams,Fake
8003,4614,35,0.57,721,13,0,11,Check out my website for more updates!,Real
37258,3488,167,0.14,837,89,0,6,Sharing moments from my journey,Fake
7215,2111,133,3.7,166,95,1,8,Aspiring artist | Drawing my dreams,Real
11676,1212,109,0.98,392,99,0,9,DM for collaborations or inquiries!,Real
11881,1142,88,3.65,462,39,1,7,Sharing moments from my journey,Fake
6058,4835,229,0.35,818,85,0,6,Photographer and content creator 📸,Real
34370,4966,260,3.66,188,97,0,3,Follow for daily inspiration 🌟,Real
10380,3486,486,3.56,338,59,0,11,Passionate traveler and food lover,Fake
15625,1954,315,6.47,991,42,0,7,Passionate traveler and food lover,Real
39337,742,218,0.14,347,57,0,8,DM for collaborations or inquiries!,Fake
1279,159,7,6.76,676,57,0,10,DM for collaborations or inquiries!,Fake
37544,3110,480,9.35,880,75,0,11,Foodie | Reviews and recipes,Fake
46112,4755,47,2.12,142,48,0,8,Fitness enthusiast 💪 | Health advocate,Fake
36553,2792,449,4.89,176,89,0,9,Fitness enthusiast 💪 | Health advocate,Real
26362,2870,54,6.87,442,33,1,4,Check out my website for more updates!,Real
42696,2981,360,5.88,473,79,0,5,DM for collaborations or inquiries!,Real
48493,2011,54,7.31,187,98,0,3,Entrepreneur & lifestyle blogger,Fake
46853,1605,354,2.54,588,83,0,6,Check out my website for more updates!,Real
44386,2223,392,9.94,853,34,0,1,Nature lover | Saving the planet 🌍,Fake
14333,2747,321,4.44,762,65,0,3,Digital nomad living my best life 🌴,Fake
38042,4463,255,0.21,814,76,0,3,Entrepreneur & lifestyle blogger,Real
35854,121,181,2.28,499,73,1,11,Follow for daily inspiration 🌟,Real
7312,4446,358,7.2,894,87,0,2,Entrepreneur & lifestyle blogger,Real
3722,1425,331,5.75,828,50,0,3,Digital nomad living my best life 🌴,Real
17536,1786,76,8.28,939,24,0,4,Sharing moments from my journey,Fake
37088,1654,304,3.1,902,46,0,7,Fitness enthusiast 💪 | Health advocate,Real
15221,4189,135,0.43,166,51,0,6,Passionate traveler and food lover,Fake
22071,1087,82,8.32,350,40,1,1,Sharing moments from my journey,Fake
37798,320,464,7.97,205,99,0,5,Entrepreneur & lifestyle blogger,Real
32585,3999,494,0.35,607,37,0,9,Entrepreneur & lifestyle blogger,Fake
38341,3576,127,3.99,492,39,0,4,Foodie | Reviews and recipes,Real
9186,2887,101,2.04,421,20,0,10,Photographer and content creator 📸,Fake
14027,4766,420,9.43,680,58,0,6,Entrepreneur & lifestyle blogger,Fake
6157,802,433,1.27,199,30,0,6,Follow for daily inspiration 🌟,Fake
33615,127,328,9.68,506,7,0,9,Check out my website for more updates!,Real
15492,1485,390,6.13,4,38,1,2,Fitness enthusiast 💪 | Health advocate,Real
39605,816,45,3.04,367,63,0,10,Fitness enthusiast 💪 | Health advocate,Fake
43089,283,155,6.15,396,75,0,8,Check out my website for more updates!,Fake
33580,217,139,4.91,203,92,0,1,Business inquiries? Contact below 👇,Fake
26403,1241,380,7.32,109,61,0,8,Love exploring new places 🌎,Real
23943,1351,80,4.88,382,17,0,7,Check out my website for more updates!,Fake
35959,3542,166,4.68,400,13,0,2,Digital nomad living my best life 🌴,Real
30817,1852,131,3.8,71,46,0,4,Business inquiries? Contact below 👇,Fake
17647,2834,55,5.35,633,77,1,6,DM for collaborations or inquiries!,Real
13523,4698,92,9.78,941,31,0,2,Follow for daily inspiration 🌟,Fake
4074,3288,470,1.95,125,78,1,4,Fitness enthusiast 💪 | Health advocate,Real
45405,4381,199,3.86,262,4,0,4,Love exploring new places 🌎,Fake
37031,2495,84,7.59,653,61,0,11,Love exploring new places 🌎,Real
49809,3879,410,3.28,265,9,0,3,Check out my website for more updates!,Fake
40162,933,304,8.61,319,72,0,9,Digital nomad living my best life 🌴,Real
36810,598,409,3.74,854,26,0,2,Fitness enthusiast 💪 | Health advocate,Real
35072,799,290,8.66,223,22,0,3,DM for collaborations or inquiries!,Fake
10688,4090,57,9.44,587,39,1,11,Aspiring artist | Drawing my dreams,Fake
35679,90,47,6.97,278,14,0,10,Personal blog | Stay positive ✨,Fake
31303,697,449,7.78,896,78,0,5,Foodie | Reviews and recipes,Real
44515,1745,426,5.78,903,50,0,4,Photographer and content creator 📸,Real
47925,1720,20,5.45,656,72,0,5,Business inquiries? Contact below 👇,Real
27784,447,397,8.77,883,81,0,10,Business inquiries? Contact below 👇,Fake
48426,425,66,1.32,944,72,0,8,Sharing moments from my journey,Real
37285,3624,223,0.19,585,81,0,2,Passionate traveler and food lover,Real
26707,3214,456,4.91,248,86,0,2,Photographer and content creator 📸,Fake
36761,3339,494,0.06,282,22,0,5,Follow for daily inspiration 🌟,Fake
42096,1590,210,2.63,437,37,0,2,Business inquiries? Contact below 👇,Real
36830,2319,246,8.35,317,89,0,11,Passionate traveler and food lover,Real
4733,1553,442,5.56,717,8,0,5,Sharing moments from my journey,Fake
20785,4018,5,6.31,667,54,0,3,Passionate traveler and food lover,Real
32124,2859,423,9.67,648,42,0,6,Love exploring new places 🌎,Real
6805,3678,5,5.79,872,11,0,7,Photographer and content creator 📸,Real
39935,2621,374,2.82,286,83,0,6,Personal blog | Stay positive ✨,Real
24421,1785,129,8.07,118,8,0,7,Sharing moments from my journey,Fake
16583,1754,51,9.14,0,69,0,4,Passionate traveler and food lover,Fake
36232,2496,383,8.88,401,62,0,5,Photographer and content creator 📸,Fake
22279,3299,339,6.03,841,86,0,7,Photographer and content creator 📸,Fake
5983,751,69,5.02,175,71,0,4,Check out my website for more updates!,Real
30807,3441,0,8.71,162,27,0,9,Passionate traveler and food lover,Fake
14104,1337,301,9.12,742,91,0,8,Love exploring new places 🌎,Real
7910,143,244,8.24,485,71,0,11,Passionate traveler and food lover,Real
2239,4309,98,9.72,516,68,0,10,DM for collaborations or inquiries!,Fake
19705,4277,145,4.57,67,24,0,3,Nature lover | Saving the planet 🌍,Fake
16685,3355,96,3.31,101,11,0,8,Nature lover | Saving the planet 🌍,Fake
42451,3183,421,3.8,753,53,0,2,Foodie | Reviews and recipes,Real
1024,409,346,8.09,642,44,0,3,Follow for daily inspiration 🌟,Fake
36638,1024,430,9.98,658,26,0,2,Business inquiries? Contact below 👇,Real
1572,4414,361,5.83,554,95,1,7,Entrepreneur & lifestyle blogger,Fake
14621,3559,179,1.9,121,81,0,1,Fitness enthusiast 💪 | Health advocate,Fake
15418,4545,294,6.24,478,88,0,6,Follow for daily inspiration 🌟,Real
44715,133,170,0.68,682,72,0,3,Foodie | Reviews and recipes,Real
2583,1641,381,7.09,740,30,0,5,Business inquiries? Contact below 👇,Fake
10569,2309,402,6.29,123,85,0,4,Sharing moments from my journey,Fake
27891,1502,39,4.97,602,62,0,9,Entrepreneur & lifestyle blogger,Real
2858,742,489,4.32,920,15,0,5,Sharing moments from my journey,Real
14261,3808,446,9.85,726,15,0,9,Fitness enthusiast 💪 | Health advocate,Real
700,4686,430,9.14,824,8,0,6,Fitness enthusiast 💪 | Health advocate,Real
13445,2344,53,3.35,7,94,0,4,Foodie | Reviews and recipes,Real
46123,4402,54,0.05,579,83,0,1,DM for collaborations or inquiries!,Fake
2651,4473,471,6.81,852,3,0,8,Entrepreneur & lifestyle blogger,Fake
6403,272,97,4.29,224,73,0,7,Nature lover | Saving the planet 🌍,Real
4471,1736,117,4.81,386,4,0,6,Foodie | Reviews and recipes,Real
42422,3361,72,6.38,628,49,0,9,Love exploring new places 🌎,Fake
12939,4294,325,6.74,328,87,0,2,Nature lover | Saving the planet 🌍,Fake
20450,548,66,5.4,589,60,0,6,Nature lover | Saving the planet 🌍,Fake
36160,665,456,7.77,54,44,0,7,Photographer and content creator 📸,Real
4778,4575,382,8.84,922,39,0,11,Fitness enthusiast 💪 | Health advocate,Fake
33156,283,133,2.75,860,70,0,8,Business inquiries? Contact below 👇,Fake
26289,1329,254,3.76,601,94,0,2,Fitness enthusiast 💪 | Health advocate,Real
27582,1191,292,0.33,449,21,0,5,Follow for daily inspiration 🌟,Real
46661,1282,489,7.51,450,16,0,4,Business inquiries? Contact below 👇,Real
28690,1818,272,7.5,135,48,0,11,Aspiring artist | Drawing my dreams,Fake
37032,80,244,8.82,380,37,0,10,DM for collaborations or inquiries!,Fake
24003,2239,278,4.46,10,84,0,3,Personal blog | Stay positive ✨,Real
12256,2608,48,6.85,614,3,1,4,Passionate traveler and food lover,Fake
27632,4632,182,3.87,679,91,0,7,Entrepreneur & lifestyle blogger,Fake
25874,4079,222,9.57,407,99,0,9,Personal blog | Stay positive ✨,Fake
41417,2261,252,0.63,668,99,0,4,Nature lover | Saving the planet 🌍,Real
17792,4963,426,8.06,715,1,0,5,Follow for daily inspiration 🌟,Real
23431,3309,230,6.39,20,79,0,5,Aspiring artist | Drawing my dreams,Fake
31972,4470,386,5.77,209,14,0,7,Digital nomad living my best life 🌴,Real
15466,4036,435,2.84,899,34,0,7,Follow for daily inspiration 🌟,Real
48875,3160,316,6.79,287,27,1,8,Passionate traveler and food lover,Fake
10391,469,312,2.02,578,83,0,2,Sharing moments from my journey,Fake
1669,3009,283,0.77,784,7,0,8,Digital nomad living my best life 🌴,Fake
47877,3761,353,1.29,243,97,1,2,Check out my website for more updates!,Fake
8021,2890,364,8.34,951,6,0,2,Passionate traveler and food lover,Real
20748,2273,198,7.28,661,65,0,8,DM for collaborations or inquiries!,Real
32864,4953,437,0.8,835,2,0,3,Sharing moments from my journey,Real
44062,698,417,0.99,529,45,0,7,Fitness enthusiast 💪 | Health advocate,Real
42131,4433,349,2.77,646,49,0,10,DM for collaborations or inquiries!,Real
33107,1164,294,9.31,846,54,0,10,Aspiring artist | Drawing my dreams,Fake
47651,421,46,9.29,371,43,0,7,Check out my website for more updates!,Fake
22397,934,61,9.61,586,60,0,2,Business inquiries? Contact below 👇,Fake
30420,2140,175,1.84,528,58,0,5,Fitness enthusiast 💪 | Health advocate,Fake
22165,2998,431,6.43,767,82,0,11,Follow for daily inspiration 🌟,Fake
15243,4715,476,6.55,667,3,0,8,Entrepreneur & lifestyle blogger,Real
39189,3932,203,1.26,252,95,0,9,Check out my website for more updates!,Real
1841,3563,325,8.56,343,34,0,7,Love exploring new places 🌎,Real
33393,4545,30,7.66,319,56,0,3,Personal blog | Stay positive ✨,Fake
23081,3683,11,7.8,176,31,1,6,Foodie | Reviews and recipes,Fake
48458,3037,249,6.79,860,58,0,11,Business inquiries? Contact below 👇,Real
22079,1574,117,4.05,313,99,0,2,Nature lover | Saving the planet 🌍,Fake
31067,327,79,9.86,625,34,0,11,Follow for daily inspiration 🌟,Fake
5463,75,19,7.96,322,15,0,9,Aspiring artist | Drawing my dreams,Fake
37906,225,226,6.54,763,21,0,7,Love exploring new places 🌎,Fake
27306,4527,67,9.41,692,90,0,9,Digital nomad living my best life 🌴,Real
26592,3691,244,3.84,816,69,0,7,Follow for daily inspiration 🌟,Real
39712,187,431,4.98,124,3,0,6,Passionate traveler and food lover,Real
26940,2125,499,9.42,32,74,0,5,Love exploring new places 🌎,Fake
47682,1031,343,7.77,553,90,0,3,Passionate traveler and food lover,Fake
24417,2417,364,8.43,660,8,0,5,Sharing moments from my journey,Fake
11107,354,284,9.82,114,51,0,5,Digital nomad living my best life 🌴,Real
7257,4392,28,0.51,16,43,0,2,Aspiring artist | Drawing my dreams,Fake
26093,4809,55,7.41,998,27,0,8,Fitness enthusiast 💪 | Health advocate,Fake
4640,3709,72,8.8,348,98,0,6,Aspiring artist | Drawing my dreams,Fake
23836,3551,345,2.91,258,2,1,3,Passionate traveler and food lover,Real
6741,2164,78,3.97,820,28,1,8,Nature lover | Saving the planet 🌍,Fake
19888,4296,18,5.01,333,36,1,8,Fitness enthusiast 💪 | Health advocate,Fake
24867,3826,274,5.87,567,86,0,9,Business inquiries? Contact below 👇,Fake
17506,2633,408,7.98,266,6,0,2,Follow for daily inspiration 🌟,Fake
36390,2683,485,7.72,511,49,0,9,Nature lover | Saving the planet 🌍,Fake
18552,2583,162,9.82,138,71,0,5,Check out my website for more updates!,Fake
18635,2567,321,0.48,301,49,0,10,Follow for daily inspiration 🌟,Fake
15935,2709,210,6.63,52,83,0,8,Check out my website for more updates!,Real
8532,526,426,0.1,881,27,0,2,Passionate traveler and food lover,Fake
21734,4768,103,5.7,384,18,0,4,Entrepreneur & lifestyle blogger,Fake
32506,4733,136,5.99,850,40,1,10,Foodie | Reviews and recipes,Fake
44757,1562,163,1.41,720,19,0,9,DM for collaborations or inquiries!,Fake
49425,1124,228,8.21,99,1,0,10,Photographer and content creator 📸,Real
30429,141,195,8.68,68,47,0,8,Entrepreneur & lifestyle blogger,Fake
23685,2051,77,9.07,638,54,0,6,Foodie | Reviews and recipes,Fake
2605,4220,155,4.27,516,64,0,2,Passionate traveler and food lover,Fake
4428,3004,443,6.55,576,21,0,5,Sharing moments from my journey,Real
28852,1051,465,4.71,328,51,0,9,Personal blog | Stay positive ✨,Fake
5740,385,283,1.58,777,2,0,2,Personal blog | Stay positive ✨,Real
34720,2234,202,4.25,601,49,0,6,Business inquiries? Contact below 👇,Fake
22814,3696,287,4.71,397,27,0,6,Fitness enthusiast 💪 | Health advocate,Real
15488,4305,182,9.89,604,4,0,10,Aspiring artist | Drawing my dreams,Real
9817,2875,300,9.27,689,79,1,5,Business inquiries? Contact below 👇,Real
2408,2615,306,6.27,74,67,0,9,Photographer and content creator 📸,Fake
6053,1774,378,0.76,198,9,0,4,Sharing moments from my journey,Real
35603,3189,461,5.56,757,6,0,4,Sharing moments from my journey,Real
11982,3866,225,6.56,752,16,0,5,Passionate traveler and food lover,Real
26962,3528,379,1.74,329,56,1,6,Entrepreneur & lifestyle blogger,Fake
7796,4853,453,5.99,374,52,0,9,Business inquiries? Contact below 👇,Real
25032,1286,1,2.04,874,94,1,10,Sharing moments from my journey,Real
22219,3007,377,1.09,939,20,1,9,Entrepreneur & lifestyle blogger,Real
44021,1401,174,0.62,4,15,0,6,Passionate traveler and food lover,Fake
13242,4516,321,9.33,740,11,0,4,Entrepreneur & lifestyle blogger,Real
36948,81,89,5.72,327,46,0,2,Follow for daily inspiration 🌟,Fake
45351,970,454,5.51,915,40,0,6,Follow for daily inspiration 🌟,Fake
26505,2200,156,1.91,364,86,0,9,Aspiring artist | Drawing my dreams,Fake
9362,2910,459,5.58,116,8,0,6,Entrepreneur & lifestyle blogger,Real
32208,1270,101,8.12,937,32,0,4,Aspiring artist | Drawing my dreams,Real
28862,1986,12,8.03,804,33,0,10,Photographer and content creator 📸,Real
28574,3894,55,7.19,495,13,0,10,Love exploring new places 🌎,Real
6826,772,42,4.22,315,26,0,5,Passionate traveler and food lover,Fake
10221,250,439,1.31,815,79,0,4,Follow for daily inspiration 🌟,Real
21961,1668,337,1.23,904,70,0,6,Sharing moments from my journey,Fake
49364,266,293,8.24,49,18,0,11,Sharing moments from my journey,Fake
13142,4791,282,9.01,883,1,0,8,Entrepreneur & lifestyle blogger,Fake
31381,848,338,1.58,603,94,0,7,Photographer and content creator 📸,Fake
42971,2406,473,5.83,479,70,0,4,Sharing moments from my journey,Real
31527,180,171,9.46,878,27,0,8,Business inquiries? Contact below 👇,Fake
40872,2861,258,5.49,831,21,0,4,Aspiring artist | Drawing my dreams,Real
43075,1668,92,8.96,826,85,0,3,Entrepreneur & lifestyle blogger,Fake
22485,2026,90,2.73,936,9,0,8,Photographer and content creator 📸,Fake
48127,4122,225,7.67,923,68,0,7,Photographer and content creator 📸,Real
15710,4673,295,9.82,204,28,0,8,Personal blog | Stay positive ✨,Fake
48661,254,174,4.17,877,1,0,3,Fitness enthusiast 💪 | Health advocate,Fake
9898,4823,239,9.03,735,24,1,4,Aspiring artist | Drawing my dreams,Real
44874,3780,49,4.44,108,85,0,4,Digital nomad living my best life 🌴,Real
29084,3601,82,6.54,691,22,0,3,Aspiring artist | Drawing my dreams,Fake
12996,3413,346,2.59,996,0,0,10,Love exploring new places 🌎,Fake
32025,2618,55,4.4,828,47,0,8,Entrepreneur & lifestyle blogger,Real
30443,3504,286,6.3,215,87,0,11,Follow for daily inspiration 🌟,Real
8346,2474,359,4.08,898,44,0,2,Nature lover | Saving the planet 🌍,Fake
8066,1156,335,7.31,629,58,0,6,Aspiring artist | Drawing my dreams,Fake
11282,2163,150,0.74,503,96,0,7,Digital nomad living my best life 🌴,Real
43556,3803,473,0.5,883,7,0,3,Nature lover | Saving the planet 🌍,Real
48400,1518,376,2.63,288,44,0,11,Sharing moments from my journey,Real
18523,2619,462,7.51,614,24,0,5,Business inquiries? Contact below 👇,Fake
1460,1832,17,0.84,815,22,0,3,DM for collaborations or inquiries!,Fake
42917,1701,127,8.12,684,52,0,3,Aspiring artist | Drawing my dreams,Fake
28590,312,171,0.4,966,75,0,5,Fitness enthusiast 💪 | Health advocate,Fake
34120,1239,250,4.19,975,53,0,7,Love exploring new places 🌎,Fake
40913,477,337,8.07,119,98,0,9,Business inquiries? Contact below 👇,Fake
47668,640,7,1.67,835,11,0,7,Foodie | Reviews and recipes,Fake
42835,2461,347,3.08,80,50,1,4,Entrepreneur & lifestyle blogger,Real
8096,120,11,2.48,391,80,0,6,Aspiring artist | Drawing my dreams,Fake
28517,3550,166,3.51,733,48,0,3,Personal blog | Stay positive ✨,Fake
34025,220,412,2.07,243,97,0,3,Personal blog | Stay positive ✨,Real
48042,826,256,7.72,171,69,0,5,Digital nomad living my best life 🌴,Fake
25526,3869,284,2.38,306,1,0,3,Sharing moments from my journey,Real
35332,3290,367,1.84,176,87,0,7,Foodie | Reviews and recipes,Real
20036,3001,400,6.12,123,22,0,7,Check out my website for more updates!,Fake
35840,3579,469,4.76,680,13,0,3,DM for collaborations or inquiries!,Real
17380,3059,327,1.64,122,70,0,8,DM for collaborations or inquiries!,Fake
36219,1841,378,1.6,170,97,0,3,Fitness enthusiast 💪 | Health advocate,Fake
21647,937,42,6.84,527,66,1,11,Sharing moments from my journey,Fake
44004,2523,440,6.48,236,94,0,9,Passionate traveler and food lover,Fake
22141,1145,326,7.28,412,16,1,2,DM for collaborations or inquiries!,Fake
44914,3015,352,3.74,763,71,0,2,DM for collaborations or inquiries!,Fake
44630,3145,344,6.23,528,1,0,3,Nature lover | Saving the planet 🌍,Real
31047,3307,245,5.81,247,13,0,3,Foodie | Reviews and recipes,Real
4509,16,241,2.5,133,50,0,2,Love exploring new places 🌎,Real
46711,1329,420,7.96,196,80,1,2,Foodie | Reviews and recipes,Fake
25767,1541,184,4.18,794,56,0,1,Nature lover | Saving the planet 🌍,Fake
37614,4835,153,3.44,759,10,0,8,Passionate traveler and food lover,Real
31833,4676,19,5.22,778,52,0,6,Aspiring artist | Drawing my dreams,Fake
23070,2929,247,6.75,414,76,1,2,Sharing moments from my journey,Real
4733,4230,385,6.19,274,90,0,8,Check out my website for more updates!,Real
40122,1658,370,1.42,974,81,0,3,Foodie | Reviews and recipes,Fake
15890,3561,408,4.11,706,31,0,10,Sharing moments from my journey,Real
3203,3902,186,9.68,782,57,0,9,Business inquiries? Contact below 👇,Real
32930,996,417,1.03,135,94,0,8,Fitness enthusiast 💪 | Health advocate,Real
23938,4783,29,7.6,608,73,0,9,Passionate traveler and food lover,Fake
28718,4911,261,2.33,662,81,0,4,Nature lover | Saving the planet 🌍,Fake
38532,2803,104,2.04,388,81,0,11,Passionate traveler and food lover,Fake
15580,1850,224,8.5,802,13,0,2,Entrepreneur & lifestyle blogger,Fake
43712,645,275,6.75,123,33,0,9,Digital nomad living my best life 🌴,Real
8884,1319,259,9.71,362,50,0,5,Digital nomad living my best life 🌴,Real
44726,352,200,2.21,60,59,0,4,Check out my website for more updates!,Fake
527,2215,227,9.5,92,0,0,9,Personal blog | Stay positive ✨,Fake
13751,1607,267,0.62,167,68,0,9,Nature lover | Saving the planet 🌍,Fake
658,3941,12,1.19,378,38,0,5,Entrepreneur & lifestyle blogger,Fake
26753,2259,61,2.47,169,13,0,9,Sharing moments from my journey,Real
34669,3641,163,9.15,39,91,0,6,Follow for daily inspiration 🌟,Real
34879,411,275,6.04,63,99,0,11,Check out my website for more updates!,Fake
38806,2942,174,7.65,908,8,0,4,Business inquiries? Contact below 👇,Fake
5594,1246,306,0.71,949,11,0,5,Photographer and content creator 📸,Real
20222,1115,5,2.6,601,77,0,9,Sharing moments from my journey,Fake
19259,1198,366,4.36,519,53,0,11,Aspiring artist | Drawing my dreams,Real
31916,659,208,9.46,961,11,0,1,DM for collaborations or inquiries!,Fake
35505,3151,113,6.25,326,3,0,7,Aspiring artist | Drawing my dreams,Real
14018,2308,46,5.05,491,59,0,8,Aspiring artist | Drawing my dreams,Fake
15763,3230,474,1.17,699,48,0,9,Aspiring artist | Drawing my dreams,Real
49262,4663,22,8.8,604,93,0,8,Fitness enthusiast 💪 | Health advocate,Real
291,310,7,1.13,828,45,0,10,Photographer and content creator 📸,Real
3869,4975,114,7.26,310,14,0,3,Nature lover | Saving the planet 🌍,Real
40726,703,481,0.3,379,39,0,7,DM for collaborations or inquiries!,Fake
10033,2868,18,9.1,448,22,1,3,Business inquiries? Contact below 👇,Real
39855,3559,373,4.09,272,10,0,10,Photographer and content creator 📸,Real
15747,4847,215,8.6,88,57,0,9,Love exploring new places 🌎,Real
7367,3392,337,2.85,905,20,0,2,Sharing moments from my journey,Real
34339,3161,119,4.57,364,38,0,5,Photographer and content creator 📸,Real
3706,3800,24,4.28,773,67,0,3,Aspiring artist | Drawing my dreams,Fake
3148,4529,361,5.79,277,86,1,2,Entrepreneur & lifestyle blogger,Fake
41034,1391,57,2.3,631,42,0,7,Follow for daily inspiration 🌟,Real
22422,4702,9,2.39,374,22,0,5,Business inquiries? Contact below 👇,Fake
48450,3184,215,2.78,786,88,0,11,Photographer and content creator 📸,Fake
11596,1017,234,1.84,596,79,1,7,Business inquiries? Contact below 👇,Fake
17980,4879,371,2.02,162,89,0,9,Love exploring new places 🌎,Fake
11325,651,302,3.16,737,99,0,9,DM for collaborations or inquiries!,Real
18141,4479,5,1.06,85,99,0,10,Love exploring new places 🌎,Real
35302,2486,414,1.37,859,42,0,10,Personal blog | Stay positive ✨,Fake
10375,3613,21,5.22,366,47,0,10,Entrepreneur & lifestyle blogger,Fake
16582,2796,318,7.51,346,42,0,5,Nature lover | Saving the planet 🌍,Fake
1385,2508,342,2.81,123,16,1,7,Photographer and content creator 📸,Fake
35315,4726,110,8.06,458,47,0,2,Photographer and content creator 📸,Real
19010,1757,71,4.22,521,88,0,11,Personal blog | Stay positive ✨,Real
31719,879,404,6.64,415,62,0,5,Business inquiries? Contact below 👇,Real
15126,1643,281,1.54,456,89,0,6,Fitness enthusiast 💪 | Health advocate,Real
32962,4103,205,5.11,137,78,0,3,Fitness enthusiast 💪 | Health advocate,Fake
1857,4019,245,8.53,591,4,0,7,Foodie | Reviews and recipes,Real
13470,2534,314,0.4,971,15,0,6,Business inquiries? Contact below 👇,Fake
24130,2399,157,5.59,862,41,0,5,Love exploring new places 🌎,Real
40439,3992,355,1.99,859,4,0,9,Photographer and content creator 📸,Fake
3430,879,458,7.85,434,38,0,8,Personal blog | Stay positive ✨,Real
10232,2584,107,7.88,718,45,0,7,Photographer and content creator 📸,Real
18807,3978,14,4.73,678,15,1,11,Love exploring new places 🌎,Real
23583,3563,280,9.05,6,90,0,9,Personal blog | Stay positive ✨,Fake
14267,3966,122,1.54,370,19,0,1,Fitness enthusiast 💪 | Health advocate,Fake
23434,4779,198,0.92,469,71,0,4,Passionate traveler and food lover,Real
21179,1358,473,9.26,928,84,0,9,Love exploring new places 🌎,Real
42636,1978,309,7.78,617,44,0,10,Nature lover | Saving the planet 🌍,Fake
28971,213,230,1.42,707,91,0,11,Love exploring new places 🌎,Fake
26418,3726,497,8.16,592,59,0,6,Check out my website for more updates!,Real
23478,3848,319,7.7,280,90,0,6,Nature lover | Saving the planet 🌍,Real
39860,976,445,8.49,418,71,0,2,Personal blog | Stay positive ✨,Real
36352,3260,463,7.71,185,26,0,9,Fitness enthusiast 💪 | Health advocate,Real
47485,1876,90,8.15,358,55,0,10,Digital nomad living my best life 🌴,Fake
26073,4982,427,3.27,159,66,0,2,DM for collaborations or inquiries!,Real
44175,2434,25,2.95,399,32,0,1,Personal blog | Stay positive ✨,Fake
45493,1673,374,6.5,847,72,0,11,Fitness enthusiast 💪 | Health advocate,Real
49611,3380,425,0.84,430,5,0,3,Digital nomad living my best life 🌴,Fake
28573,4577,1,3.09,473,98,0,6,Photographer and content creator 📸,Real
7285,30,253,9.55,895,27,0,5,Check out my website for more updates!,Fake
14374,4852,177,3.44,877,90,0,7,Sharing moments from my journey,Fake
39288,1383,480,9.55,433,19,0,4,Sharing moments from my journey,Real
24914,1857,493,7.17,858,99,0,11,Fitness enthusiast 💪 | Health advocate,Real
46580,2632,354,1.71,560,90,0,8,Personal blog | Stay positive ✨,Real
24268,1334,58,9.2,62,4,1,2,Fitness enthusiast 💪 | Health advocate,Fake
32027,1283,370,1.35,159,89,0,4,Nature lover | Saving the planet 🌍,Fake
26817,1135,71,4.81,205,73,0,7,Follow for daily inspiration 🌟,Real
32547,2305,77,7.77,305,47,0,8,Passionate traveler and food lover,Real
40740,871,341,1.11,130,76,0,2,Entrepreneur & lifestyle blogger,Fake
7997,3977,296,6.31,684,14,0,3,Follow for daily inspiration 🌟,Real
10282,57,412,8.08,628,87,0,9,Check out my website for more updates!,Fake
29270,3927,146,8.95,256,77,0,2,Fitness enthusiast 💪 | Health advocate,Fake
30297,1625,386,8.3,950,55,0,4,Fitness enthusiast 💪 | Health advocate,Real
3804,876,490,7.86,401,12,0,10,Foodie | Reviews and recipes,Real
39747,3025,354,7.11,607,63,0,4,Photographer and content creator 📸,Fake
41512,3176,461,1.5,414,96,1,11,Photographer and content creator 📸,Real
9113,1222,0,5.37,402,17,0,9,Business inquiries? Contact below 👇,Real
15534,338,47,2.29,6,80,0,7,Entrepreneur & lifestyle blogger,Fake
21247,1411,44,1.58,542,72,0,9,DM for collaborations or inquiries!,Real
30258,2131,84,4.7,192,96,0,11,Check out my website for more updates!,Fake
44623,796,128,5.85,736,77,1,2,Nature lover | Saving the planet 🌍,Real
22840,4036,419,0.17,786,39,0,8,Aspiring artist | Drawing my dreams,Real
4660,1646,398,5.1,676,51,0,9,Love exploring new places 🌎,Fake
2302,826,398,3.65,445,62,0,5,Follow for daily inspiration 🌟,Fake
1512,2861,329,3.0,348,89,0,11,DM for collaborations or inquiries!,Fake
909,2623,11,0.26,556,75,0,2,Follow for daily inspiration 🌟,Fake
15345,1964,268,3.66,105,33,0,7,Photographer and content creator 📸,Fake
48190,3819,33,5.66,998,8,0,5,DM for collaborations or inquiries!,Real
22021,4784,30,5.43,841,22,0,2,Personal blog | Stay positive ✨,Fake
40502,1960,320,2.05,678,97,0,7,Personal blog | Stay positive ✨,Fake
19158,2850,15,0.15,122,25,0,4,Digital nomad living my best life 🌴,Real
28988,4278,67,9.45,120,78,0,4,Sharing moments from my journey,Real
48507,3522,102,2.92,325,89,1,3,Business inquiries? Contact below 👇,Fake
18860,1319,68,5.93,556,17,0,11,Love exploring new places 🌎,Real
29203,3167,30,8.5,951,45,0,2,Aspiring artist | Drawing my dreams,Fake
25565,3277,140,9.86,438,84,1,10,Passionate traveler and food lover,Fake
4387,2681,80,6.17,770,67,0,6,Digital nomad living my best life 🌴,Real
19450,2218,83,2.77,191,38,0,3,Foodie | Reviews and recipes,Fake
41107,4677,323,0.8,128,93,0,4,Foodie | Reviews and recipes,Real
38156,887,436,8.76,346,55,0,9,Passionate traveler and food lover,Fake
11619,510,115,9.38,122,64,0,3,Digital nomad living my best life 🌴,Fake
46391,3215,76,2.57,962,29,0,7,Love exploring new places 🌎,Real
22001,3353,168,6.0,618,2,0,9,Aspiring artist | Drawing my dreams,Fake
10109,929,57,3.9,372,58,0,7,Passionate traveler and food lover,Fake
38334,4169,150,9.89,726,97,1,1,Nature lover | Saving the planet 🌍,Real
2829,388,29,0.61,511,54,1,1,Sharing moments from my journey,Fake
8865,579,495,6.38,289,43,0,7,Business inquiries? Contact below 👇,Real
13683,3930,405,5.58,514,99,0,5,Personal blog | Stay positive ✨,Fake
29271,672,266,4.69,101,78,0,9,Passionate traveler and food lover,Real
25412,3982,208,1.87,908,67,0,10,Photographer and content creator 📸,Fake
37296,438,494,3.64,902,80,0,6,Personal blog | Stay positive ✨,Fake
36027,1935,64,8.5,172,61,0,7,Photographer and content creator 📸,Fake
47561,106,62,1.1,671,63,1,6,Love exploring new places 🌎,Fake
2500,2957,486,3.13,666,58,0,3,Personal blog | Stay positive ✨,Fake
41906,4432,137,1.86,375,4,0,7,Check out my website for more updates!,Fake
3223,4453,153,7.16,514,28,0,4,Aspiring artist | Drawing my dreams,Real
9458,2007,36,1.98,65,48,0,2,Aspiring artist | Drawing my dreams,Real
12880,240,259,8.82,111,45,0,8,DM for collaborations or inquiries!,Real
39428,4811,331,4.68,364,66,1,10,Digital nomad living my best life 🌴,Fake
48497,3321,68,6.86,173,0,0,8,Photographer and content creator 📸,Real
19278,2327,467,9.35,795,6,1,8,Fitness enthusiast 💪 | Health advocate,Real
32622,178,405,0.87,459,15,0,4,Love exploring new places 🌎,Real
25521,941,121,8.34,359,25,0,8,Nature lover | Saving the planet 🌍,Real
39311,2106,258,3.73,530,45,0,4,Photographer and content creator 📸,Fake
9030,419,339,2.44,97,39,0,7,Aspiring artist | Drawing my dreams,Real
31279,3131,155,5.01,456,85,0,11,Sharing moments from my journey,Real
1900,10,126,1.49,781,69,0,6,Business inquiries? Contact below 👇,Fake
40965,3543,0,6.01,933,31,0,10,Foodie | Reviews and recipes,Fake
25119,1354,170,9.7,629,95,0,9,Sharing moments from my journey,Fake
41384,3682,258,9.86,38,26,0,5,Digital nomad living my best life 🌴,Fake
34364,3434,19,6.2,973,18,0,11,Foodie | Reviews and recipes,Fake
3339,42,75,7.36,262,1,0,9,Aspiring artist | Drawing my dreams,Real
43005,2368,415,3.22,423,33,0,4,Passionate traveler and food lover,Real
18168,4832,37,6.56,793,26,0,3,Passionate traveler and food lover,Fake
3734,2685,474,9.29,616,73,0,5,DM for collaborations or inquiries!,Real
17184,3002,369,7.91,935,65,0,7,Fitness enthusiast 💪 | Health advocate,Fake
14184,2435,186,1.05,549,44,0,2,Aspiring artist | Drawing my dreams,Fake
36977,4177,35,0.68,409,54,0,6,Follow for daily inspiration 🌟,Fake
49356,896,386,1.9,512,11,0,4,Entrepreneur & lifestyle blogger,Real
14821,4185,234,8.5,544,70,0,4,Check out my website for more updates!,Fake
30481,684,225,3.65,2,81,0,2,Follow for daily inspiration 🌟,Real
39067,217,437,0.45,511,74,0,11,Passionate traveler and food lover,Fake
3275,3069,99,5.15,947,59,0,2,Love exploring new places 🌎,Fake
14825,888,326,6.71,146,24,0,1,Nature lover | Saving the planet 🌍,Real
19896,403,418,0.39,775,8,0,6,Follow for daily inspiration 🌟,Real
5217,3071,71,4.84,967,46,0,9,Aspiring artist | Drawing my dreams,Fake
25390,163,423,7.76,885,37,0,7,Digital nomad living my best life 🌴,Real
35497,885,419,5.61,612,52,0,2,Fitness enthusiast 💪 | Health advocate,Fake
46612,1877,248,3.83,852,78,0,4,Follow for daily inspiration 🌟,Real
24173,1094,405,5.54,933,40,0,2,Photographer and content creator 📸,Real
31577,3737,76,0.4,704,44,1,8,Fitness enthusiast 💪 | Health advocate,Real
30446,1488,347,5.54,104,90,0,2,Foodie | Reviews and recipes,Fake
48153,3200,307,0.23,446,32,0,8,Nature lover | Saving the planet 🌍,Fake
28468,4238,199,5.34,966,69,0,5,Entrepreneur & lifestyle blogger,Real
6374,3727,490,4.14,180,86,0,5,Photographer and content creator 📸,Fake
28854,3870,466,8.98,70,99,0,7,Personal blog | Stay positive ✨,Real
22429,3485,122,3.54,825,49,0,8,DM for collaborations or inquiries!,Real
3347,3760,113,4.78,438,60,0,6,Personal blog | Stay positive ✨,Fake
27394,883,226,3.63,506,91,1,5,Fitness enthusiast 💪 | Health advocate,Fake
6817,4134,160,1.28,980,45,0,2,Check out my website for more updates!,Real
34509,4343,332,4.96,645,5,0,3,Love exploring new places 🌎,Real
7661,4815,401,0.48,423,52,0,7,Passionate traveler and food lover,Fake
7694,4626,168,0.92,308,61,0,4,Passionate traveler and food lover,Fake
18996,626,247,8.29,118,82,0,8,Nature lover | Saving the planet 🌍,Real
32778,3033,309,9.37,649,98,0,11,Business inquiries? Contact below 👇,Fake
25113,767,380,7.3,240,67,0,8,Entrepreneur & lifestyle blogger,Fake
32379,471,469,8.38,265,43,0,8,Nature lover | Saving the planet 🌍,Real
49932,4631,362,5.46,410,4,0,7,Fitness enthusiast 💪 | Health advocate,Real
22207,2189,53,5.0,102,93,0,10,Check out my website for more updates!,Fake
4643,1021,420,9.0,162,68,0,9,Photographer and content creator 📸,Real
19983,2696,28,1.43,139,90,0,5,Entrepreneur & lifestyle blogger,Real
32718,924,106,8.36,106,95,0,9,Aspiring artist | Drawing my dreams,Fake
40472,176,199,9.3,453,54,0,5,Entrepreneur & lifestyle blogger,Real
17088,1227,38,1.78,744,40,0,10,Photographer and content creator 📸,Real
35540,2473,238,5.81,139,11,0,7,DM for collaborations or inquiries!,Fake
683,1113,262,5.12,286,95,0,8,DM for collaborations or inquiries!,Fake
8220,2388,267,3.67,658,42,0,3,Follow for daily inspiration 🌟,Fake
39621,1715,112,3.06,949,11,0,8,Personal blog | Stay positive ✨,Real
17590,2510,152,0.11,907,88,1,9,Follow for daily inspiration 🌟,Real
42513,4070,285,5.09,819,11,0,3,Business inquiries? Contact below 👇,Fake
18086,4097,175,7.2,12,67,0,5,DM for collaborations or inquiries!,Fake
36572,1405,285,5.57,86,7,0,9,Sharing moments from my journey,Real
39472,2444,28,7.05,705,33,0,6,Fitness enthusiast 💪 | Health advocate,Fake
49856,3478,90,3.77,681,64,0,9,Business inquiries? Contact below 👇,Real
29705,2196,446,6.31,614,96,0,9,DM for collaborations or inquiries!,Fake
10320,578,235,5.08,634,55,0,2,Follow for daily inspiration 🌟,Fake
41451,970,248,0.2,270,11,0,8,Fitness enthusiast 💪 | Health advocate,Fake
46493,4518,297,9.88,654,59,0,2,DM for collaborations or inquiries!,Real
35068,1526,27,3.55,457,47,0,8,Sharing moments from my journey,Fake
45929,1825,182,6.24,923,77,0,11,Photographer and content creator 📸,Real
2465,535,206,5.24,874,50,0,4,Digital nomad living my best life 🌴,Real
35579,3192,129,8.28,973,25,0,6,Personal blog | Stay positive ✨,Fake
13956,2449,323,1.94,65,40,0,5,Fitness enthusiast 💪 | Health advocate,Real
15461,3596,182,0.85,873,37,1,6,Personal blog | Stay positive ✨,Real
5063,3106,438,2.61,984,81,0,4,Nature lover | Saving the planet 🌍,Fake
43197,2127,345,6.67,4,55,0,4,Personal blog | Stay positive ✨,Fake
6367,2538,66,5.8,628,70,0,7,Photographer and content creator 📸,Fake
25591,2321,395,8.33,369,32,1,7,Passionate traveler and food lover,Real
9080,243,320,5.13,134,79,0,1,Entrepreneur & lifestyle blogger,Real
8536,1083,209,1.06,643,26,0,4,Personal blog | Stay positive ✨,Real
2044,3140,370,2.77,798,2,0,11,Follow for daily inspiration 🌟,Real
24061,3806,432,0.88,372,43,1,6,Business inquiries? Contact below 👇,Real
8836,3261,92,9.03,367,86,0,5,Check out my website for more updates!,Fake
48154,1872,7,0.82,511,21,0,11,Love exploring new places 🌎,Real
3511,1672,381,9.23,361,3,0,4,Digital nomad living my best life 🌴,Fake
42219,2170,4,5.67,516,18,0,7,DM for collaborations or inquiries!,Fake
17154,4620,113,1.48,142,0,0,3,Fitness enthusiast 💪 | Health advocate,Fake
18046,2654,444,4.95,812,99,0,11,Check out my website for more updates!,Fake
20959,2546,415,8.56,471,59,1,3,Foodie | Reviews and recipes,Real
4655,1848,6,1.14,438,31,0,3,Foodie | Reviews and recipes,Real
13445,3039,205,4.41,950,14,0,7,DM for collaborations or inquiries!,Fake
18678,825,376,1.85,336,87,0,8,Love exploring new places 🌎,Fake
8304,192,350,2.8,794,4,0,8,Nature lover | Saving the planet 🌍,Fake
44149,459,497,4.84,524,69,0,9,Follow for daily inspiration 🌟,Real
16066,2650,191,3.45,54,91,0,2,Passionate traveler and food lover,Fake
24970,687,149,6.54,85,83,0,10,Sharing moments from my journey,Real
27834,967,130,5.63,587,56,0,11,Love exploring new places 🌎,Real
5737,1998,431,5.29,377,14,0,10,Aspiring artist | Drawing my dreams,Real
30997,2120,187,7.24,446,84,0,5,Digital nomad living my best life 🌴,Real
46786,1252,7,5.93,433,34,0,3,Passionate traveler and food lover,Real
2158,1279,336,1.87,22,87,0,5,Nature lover | Saving the planet 🌍,Real
4775,4333,299,7.39,734,45,0,9,DM for collaborations or inquiries!,Real
34760,200,318,8.03,764,12,0,4,Photographer and content creator 📸,Fake
9894,1892,190,4.4,315,45,0,2,Photographer and content creator 📸,Real
44689,828,391,4.27,98,56,0,7,Photographer and content creator 📸,Real
37822,2774,84,8.8,704,7,0,6,Aspiring artist | Drawing my dreams,Real
48899,3616,92,4.38,755,90,0,2,Passionate traveler and food lover,Fake
7369,2065,377,5.47,47,87,0,4,Personal blog | Stay positive ✨,Fake
15963,2028,240,4.17,617,4,0,9,Follow for daily inspiration 🌟,Real
31419,12,317,0.0,89,79,0,11,Fitness enthusiast 💪 | Health advocate,Fake
17441,3955,149,9.06,975,29,0,2,Fitness enthusiast 💪 | Health advocate,Real
15818,1528,216,8.03,190,62,0,9,Photographer and content creator 📸,Fake
41519,4746,227,1.24,132,62,0,5,Passionate traveler and food lover,Real
4230,112,440,2.97,853,71,1,10,Aspiring artist | Drawing my dreams,Fake
12242,427,340,0.92,297,89,1,1,Personal blog | Stay positive ✨,Fake
4303,565,164,7.49,795,22,0,10,Love exploring new places 🌎,Real
2622,3483,393,9.08,731,24,0,9,Aspiring artist | Drawing my dreams,Fake
35840,1745,263,6.39,998,3,0,5,Passionate traveler and food lover,Real
11580,723,108,1.6,667,26,0,6,Love exploring new places 🌎,Fake
40312,3999,417,9.63,447,62,0,4,Digital nomad living my best life 🌴,Real
46605,1236,293,7.04,25,20,1,6,Passionate traveler and food lover,Real
37311,4203,363,9.89,273,37,0,6,Sharing moments from my journey,Real
2006,4287,474,8.25,562,98,1,8,Business inquiries? Contact below 👇,Fake
39480,4620,308,8.32,292,18,0,10,DM for collaborations or inquiries!,Fake
6475,4689,107,5.67,967,90,0,11,Digital nomad living my best life 🌴,Fake
14509,4196,480,4.75,462,84,0,3,Digital nomad living my best life 🌴,Fake
25768,2281,409,6.79,415,55,0,6,Entrepreneur & lifestyle blogger,Fake
30085,1016,364,6.79,310,9,0,4,Entrepreneur & lifestyle blogger,Fake
11300,58,341,3.3,96,48,1,5,Photographer and content creator 📸,Fake
43326,246,85,6.74,347,66,0,7,Digital nomad living my best life 🌴,Fake
23039,3562,184,0.92,880,62,0,7,Follow for daily inspiration 🌟,Real
48615,3788,451,8.36,958,72,0,11,Sharing moments from my journey,Fake
28437,2782,434,1.81,970,57,0,3,DM for collaborations or inquiries!,Real
44509,2317,368,5.15,625,17,0,8,Nature lover | Saving the planet 🌍,Real
48320,3275,313,0.53,607,61,0,1,Aspiring artist | Drawing my dreams,Fake
35979,1934,278,3.57,2,48,0,4,Personal blog | Stay positive ✨,Fake
19136,4306,21,2.11,351,23,0,2,Passionate traveler and food lover,Real
41119,4102,295,5.44,762,45,0,7,Nature lover | Saving the planet 🌍,Real
1000,1137,80,2.98,1,86,0,3,Nature lover | Saving the planet 🌍,Fake
45269,3578,378,6.07,676,4,0,9,Digital nomad living my best life 🌴,Fake
2416,3105,330,3.9,115,1,0,10,DM for collaborations or inquiries!,Fake
41778,1501,202,1.16,438,26,0,11,Check out my website for more updates!,Real
3029,2651,370,0.02,629,55,0,9,Foodie | Reviews and recipes,Real
32107,3786,333,1.13,521,44,0,10,DM for collaborations or inquiries!,Fake
14491,549,447,8.1,994,34,0,5,Sharing moments from my journey,Fake
35611,2545,242,9.85,250,54,0,8,Photographer and content creator 📸,Real
25742,1372,162,1.02,832,96,0,5,Foodie | Reviews and recipes,Fake
5081,1080,13,8.95,548,71,0,8,Fitness enthusiast 💪 | Health advocate,Fake
22085,4685,186,1.19,426,93,0,6,Entrepreneur & lifestyle blogger,Real
44564,3744,165,0.58,340,49,0,9,Foodie | Reviews and recipes,Real
14732,4959,157,0.53,581,68,0,6,Aspiring artist | Drawing my dreams,Fake
18210,769,431,7.13,358,53,0,7,Business inquiries? Contact below 👇,Fake
46356,2504,331,4.61,111,22,0,6,Sharing moments from my journey,Real
26178,702,231,6.51,877,87,0,4,Digital nomad living my best life 🌴,Fake
49275,4946,205,0.51,836,8,1,9,Entrepreneur & lifestyle blogger,Real
39120,3041,34,9.38,104,31,0,11,Business inquiries? Contact below 👇,Fake
41767,1478,59,0.41,897,40,0,9,Digital nomad living my best life 🌴,Real
31720,4084,71,9.84,800,55,0,8,Entrepreneur & lifestyle blogger,Real
21462,303,470,2.44,994,58,0,3,Sharing moments from my journey,Real
25805,2130,32,5.03,276,53,0,3,Sharing moments from my journey,Fake
8855,1379,101,7.78,478,24,0,1,Photographer and content creator 📸,Real
5070,1448,294,2.6,770,4,0,10,Fitness enthusiast 💪 | Health advocate,Real
19562,4665,296,8.98,662,16,0,9,Digital nomad living my best life 🌴,Real
35799,926,414,0.35,962,35,0,4,Nature lover | Saving the planet 🌍,Real
40959,3739,68,8.75,357,90,0,5,Aspiring artist | Drawing my dreams,Real
25145,4050,32,9.17,214,51,0,2,Entrepreneur & lifestyle blogger,Fake
5089,4762,225,2.64,732,71,0,11,DM for collaborations or inquiries!,Real
10647,4333,478,4.17,4,67,0,11,Fitness enthusiast 💪 | Health advocate,Fake
16870,762,59,7.55,151,13,0,8,Sharing moments from my journey,Fake
29601,2247,382,5.35,110,12,0,2,Entrepreneur & lifestyle blogger,Fake
13183,4013,227,1.78,101,93,0,5,Follow for daily inspiration 🌟,Fake
54,18,85,9.55,704,72,0,3,Check out my website for more updates!,Real
37860,4383,454,4.64,20,22,0,5,Passionate traveler and food lover,Fake
13877,3772,351,5.89,744,47,0,10,Check out my website for more updates!,Real
31719,2466,241,1.18,579,92,0,9,Fitness enthusiast 💪 | Health advocate,Fake
46829,2377,403,8.98,549,48,0,3,Entrepreneur & lifestyle blogger,Real
34853,1661,478,1.22,225,48,0,5,Fitness enthusiast 💪 | Health advocate,Fake
3150,763,360,9.33,517,87,0,6,Nature lover | Saving the planet 🌍,Fake
5008,4968,377,8.42,611,38,0,10,Fitness enthusiast 💪 | Health advocate,Real
3910,4869,38,8.73,958,84,0,2,Fitness enthusiast 💪 | Health advocate,Real
16185,4459,422,0.04,120,79,0,4,Follow for daily inspiration 🌟,Fake
10890,4209,488,2.52,972,31,0,7,Aspiring artist | Drawing my dreams,Fake
21742,2980,115,2.77,567,39,0,3,Check out my website for more updates!,Fake
34914,1252,88,0.54,762,23,0,8,Sharing moments from my journey,Real
19868,3950,201,4.18,199,61,0,6,Love exploring new places 🌎,Real
34102,4143,81,6.71,751,32,0,2,Passionate traveler and food lover,Real
20164,4478,118,2.56,635,22,0,1,Fitness enthusiast 💪 | Health advocate,Real
31084,4563,429,7.14,664,79,0,2,Fitness enthusiast 💪 | Health advocate,Real
4917,1098,299,2.68,915,33,0,9,Entrepreneur & lifestyle blogger,Fake
19420,289,264,5.75,80,46,0,6,Fitness enthusiast 💪 | Health advocate,Fake
40722,2212,109,3.36,547,12,0,9,Digital nomad living my best life 🌴,Fake
44623,2482,363,8.15,224,66,0,11,Personal blog | Stay positive ✨,Real
24470,2783,439,9.55,855,59,0,9,Photographer and content creator 📸,Real
9761,866,318,9.48,404,43,0,5,Business inquiries? Contact below 👇,Fake
8630,2573,410,8.07,49,14,0,3,Digital nomad living my best life 🌴,Real
48072,285,349,4.61,452,26,0,5,Photographer and content creator 📸,Real
15403,259,157,4.93,809,45,0,7,Love exploring new places 🌎,Real
24030,684,107,1.04,307,32,0,3,Love exploring new places 🌎,Real
29608,3915,247,5.09,729,68,1,10,Personal blog | Stay positive ✨,Fake
29440,3038,436,9.02,908,74,1,10,Passionate traveler and food lover,Fake
10321,1167,233,3.81,925,23,0,1,Love exploring new places 🌎,Real
3822,881,349,8.23,476,38,0,10,Check out my website for more updates!,Fake
4913,883,362,2.2,156,91,1,5,Business inquiries? Contact below 👇,Real
38318,808,142,3.22,101,88,0,5,Entrepreneur & lifestyle blogger,Real
17225,2871,313,1.12,956,29,0,11,Business inquiries? Contact below 👇,Real
43444,1385,438,3.5,932,30,0,7,Personal blog | Stay positive ✨,Fake
39709,3935,24,1.37,445,49,0,2,DM for collaborations or inquiries!,Fake
23129,284,16,0.47,322,56,0,3,Nature lover | Saving the planet 🌍,Real
24584,451,116,3.16,72,92,0,2,Sharing moments from my journey,Fake
10474,4414,296,3.25,335,76,0,5,Entrepreneur & lifestyle blogger,Real
14874,2322,389,0.61,543,42,1,4,Follow for daily inspiration 🌟,Fake
25421,2509,416,5.33,981,75,0,8,Passionate traveler and food lover,Fake
45335,344,89,4.34,626,32,0,9,Fitness enthusiast 💪 | Health advocate,Fake
48011,3423,247,3.91,384,93,0,10,Nature lover | Saving the planet 🌍,Real
4673,312,23,4.27,740,40,0,3,Follow for daily inspiration 🌟,Fake
21573,4322,293,3.87,195,68,0,6,Passionate traveler and food lover,Real
14012,3938,356,9.03,130,34,0,7,Check out my website for more updates!,Fake
2925,996,289,8.7,147,70,0,5,Business inquiries? Contact below 👇,Real
10814,611,478,1.06,904,88,0,4,Check out my website for more updates!,Fake
17465,642,206,8.67,684,18,0,7,Check out my website for more updates!,Fake
11896,4673,91,0.47,396,66,0,8,Check out my website for more updates!,Real
40204,3586,327,9.37,172,87,1,10,Fitness enthusiast 💪 | Health advocate,Fake
29928,210,95,0.82,528,60,0,5,Follow for daily inspiration 🌟,Real
26576,1141,151,8.91,177,20,1,9,Passionate traveler and food lover,Fake
22045,4700,422,7.85,478,31,0,7,Passionate traveler and food lover,Fake
12845,1544,454,6.82,971,99,0,10,Foodie | Reviews and recipes,Real
34270,1331,457,7.96,415,64,0,9,Nature lover | Saving the planet 🌍,Real
34518,3114,79,6.55,980,79,0,11,Fitness enthusiast 💪 | Health advocate,Real
35063,3077,104,6.14,340,12,0,3,Photographer and content creator 📸,Real
31914,3444,375,6.13,652,60,0,5,Aspiring artist | Drawing my dreams,Real
41198,753,270,6.11,454,28,0,7,Check out my website for more updates!,Real
18636,1722,146,4.71,390,85,0,5,Photographer and content creator 📸,Fake
29680,4743,264,4.77,849,14,0,11,Fitness enthusiast 💪 | Health advocate,Fake
34557,3836,429,9.99,613,63,0,5,Photographer and content creator 📸,Fake
5166,4921,198,8.83,889,96,1,11,Entrepreneur & lifestyle blogger,Real
46991,196,457,2.88,414,96,0,1,Follow for daily inspiration 🌟,Real
42059,4036,393,6.71,972,59,0,3,Fitness enthusiast 💪 | Health advocate,Fake
1429,814,209,1.4,937,37,0,10,Fitness enthusiast 💪 | Health advocate,Fake
19827,19,388,0.2,468,99,0,11,Follow for daily inspiration 🌟,Fake
36232,615,484,6.31,792,48,0,3,Passionate traveler and food lover,Real
35966,776,435,5.7,502,66,1,6,Entrepreneur & lifestyle blogger,Real
24641,1901,198,5.43,220,24,0,6,Aspiring artist | Drawing my dreams,Fake
4104,1156,189,7.35,968,17,0,7,Business inquiries? Contact below 👇,Real
6728,3114,245,3.64,389,58,1,4,Love exploring new places 🌎,Real
9221,3802,252,7.31,168,52,1,6,Passionate traveler and food lover,Real
41660,4713,231,7.18,739,53,1,7,Nature lover | Saving the planet 🌍,Real
48899,4842,282,4.63,383,69,0,4,Fitness enthusiast 💪 | Health advocate,Real
24915,1055,4,2.74,67,71,0,5,Passionate traveler and food lover,Real
937,240,158,2.42,80,14,0,9,Photographer and content creator 📸,Real
16463,3576,355,5.08,633,75,0,5,Fitness enthusiast 💪 | Health advocate,Fake
6385,3564,432,1.61,737,77,0,6,Check out my website for more updates!,Real
31252,3475,214,3.14,725,2,0,4,Digital nomad living my best life 🌴,Fake
49895,2986,321,1.0,41,36,0,10,DM for collaborations or inquiries!,Fake
43697,3722,479,8.33,784,45,1,9,DM for collaborations or inquiries!,Real
18361,2930,326,5.59,670,3,0,4,Nature lover | Saving the planet 🌍,Real
2582,3378,53,9.49,21,99,0,5,Entrepreneur & lifestyle blogger,Fake
44614,4062,370,8.42,956,21,0,8,Sharing moments from my journey,Real
31013,1933,214,6.82,296,17,0,7,Sharing moments from my journey,Real
9495,2576,90,7.6,890,76,0,5,Photographer and content creator 📸,Real
39612,4346,236,3.03,56,94,0,5,Aspiring artist | Drawing my dreams,Fake
38959,1978,340,9.38,288,82,0,11,Fitness enthusiast 💪 | Health advocate,Fake
25124,1270,303,2.58,103,73,0,3,Passionate traveler and food lover,Real
40631,368,406,5.99,966,90,0,6,Sharing moments from my journey,Fake
29624,3449,281,2.55,665,28,0,2,Personal blog | Stay positive ✨,Fake
34220,784,306,9.49,336,59,0,11,Fitness enthusiast 💪 | Health advocate,Real
8810,4118,290,2.3,153,94,0,7,Digital nomad living my best life 🌴,Fake
1704,1967,461,2.38,13,45,0,2,Follow for daily inspiration 🌟,Fake
27621,1166,106,8.31,460,59,0,4,Personal blog | Stay positive ✨,Fake
34013,2608,114,4.49,56,18,0,7,Follow for daily inspiration 🌟,Fake
36848,4627,347,1.19,738,98,1,2,Fitness enthusiast 💪 | Health advocate,Fake
35189,2421,39,2.42,33,77,0,11,DM for collaborations or inquiries!,Real
43628,2637,94,8.34,670,30,0,11,Personal blog | Stay positive ✨,Fake
804,2067,301,2.9,535,1,0,10,Check out my website for more updates!,Real
7086,2554,495,9.62,500,72,0,9,Love exploring new places 🌎,Fake
42343,3368,13,7.68,798,79,0,11,Foodie | Reviews and recipes,Fake
27019,1569,261,2.26,773,63,0,9,Photographer and content creator 📸,Real
2022,2394,302,1.83,511,22,0,2,Entrepreneur & lifestyle blogger,Real
24398,978,82,5.72,40,27,0,8,Personal blog | Stay positive ✨,Fake
37242,843,251,5.85,365,48,0,8,Business inquiries? Contact below 👇,Real
7923,1190,290,4.41,398,98,0,9,Nature lover | Saving the planet 🌍,Fake
37523,4929,395,1.75,351,33,0,6,Love exploring new places 🌎,Fake
12218,937,277,6.72,971,62,0,9,Photographer and content creator 📸,Fake
17245,3875,284,8.71,884,33,0,3,Check out my website for more updates!,Fake
29451,294,89,5.96,12,86,0,8,Foodie | Reviews and recipes,Real
31688,2561,464,9.6,514,97,0,2,Business inquiries? Contact below 👇,Real
1729,4701,489,8.9,215,90,0,6,Sharing moments from my journey,Real
14638,1097,476,9.33,492,18,0,8,Photographer and content creator 📸,Real
48493,3342,466,7.01,415,16,0,4,Photographer and content creator 📸,Real
35973,289,98,5.85,587,22,0,6,Entrepreneur & lifestyle blogger,Real
24499,4206,499,7.46,257,92,0,4,Nature lover | Saving the planet 🌍,Fake
24224,207,189,6.8,675,52,0,3,Photographer and content creator 📸,Real
30048,1318,197,9.41,673,69,1,10,Passionate traveler and food lover,Fake
15541,4105,281,0.24,560,91,0,6,Sharing moments from my journey,Real
32994,4692,195,8.66,635,87,0,6,Entrepreneur & lifestyle blogger,Real
40374,3612,181,0.25,147,52,0,1,Passionate traveler and food lover,Real
46220,4898,23,3.58,440,67,0,7,Love exploring new places 🌎,Real
40439,869,330,7.66,887,30,0,5,Foodie | Reviews and recipes,Fake
22627,2277,324,5.69,438,54,0,11,Passionate traveler and food lover,Real
27173,1085,280,0.6,48,95,0,11,Digital nomad living my best life 🌴,Fake
3740,4893,135,6.15,342,97,0,9,Sharing moments from my journey,Fake
34120,1703,486,5.15,159,38,0,4,Check out my website for more updates!,Fake
7084,4569,293,8.15,601,65,0,8,Check out my website for more updates!,Real
2761,2867,318,6.39,477,51,0,6,Passionate traveler and food lover,Fake
17330,4309,43,1.32,716,75,1,9,Photographer and content creator 📸,Real
30018,1339,170,7.13,484,90,0,11,Follow for daily inspiration 🌟,Real
42107,3110,4,6.82,879,38,0,10,Follow for daily inspiration 🌟,Fake
13128,1917,65,9.86,474,25,0,9,Nature lover | Saving the planet 🌍,Fake
26204,3060,10,1.31,794,76,1,3,Digital nomad living my best life 🌴,Real
44967,4042,12,2.74,330,19,0,3,Passionate traveler and food lover,Real
22134,113,149,9.0,534,9,0,9,Digital nomad living my best life 🌴,Real
35803,3082,136,9.4,602,5,0,3,DM for collaborations or inquiries!,Real
37288,2819,90,4.51,438,21,0,8,Aspiring artist | Drawing my dreams,Real
8995,3059,300,7.71,94,91,0,3,Photographer and content creator 📸,Fake
32444,3124,215,6.08,972,72,1,7,Nature lover | Saving the planet 🌍,Real
9137,213,19,6.99,441,40,0,3,Photographer and content creator 📸,Real
2547,3479,474,5.2,381,45,0,11,Nature lover | Saving the planet 🌍,Fake
29446,3105,256,2.39,968,55,0,3,Entrepreneur & lifestyle blogger,Fake
43734,968,279,2.57,825,83,0,7,Follow for daily inspiration 🌟,Real
22667,3137,282,2.15,762,59,0,4,Fitness enthusiast 💪 | Health advocate,Fake
20320,3923,26,3.31,858,15,0,10,Follow for daily inspiration 🌟,Real
34513,4064,462,8.83,454,82,0,10,Follow for daily inspiration 🌟,Fake
39600,295,489,4.19,434,23,0,5,Follow for daily inspiration 🌟,Real
21304,3553,158,3.47,417,67,0,5,Love exploring new places 🌎,Fake
38986,3430,115,6.23,258,32,0,2,Sharing moments from my journey,Real
38424,766,499,6.91,306,81,0,7,Personal blog | Stay positive ✨,Real
3850,2283,124,5.48,748,69,0,8,Digital nomad living my best life 🌴,Real
23439,2357,176,1.99,758,48,0,8,Sharing moments from my journey,Real
31186,2509,62,0.91,588,39,0,2,Fitness enthusiast 💪 | Health advocate,Fake
39194,3671,154,1.96,385,71,0,2,Nature lover | Saving the planet 🌍,Fake
12900,2605,404,6.63,709,53,0,6,Business inquiries? Contact below 👇,Real
990,4028,473,5.73,108,66,0,11,Business inquiries? Contact below 👇,Fake
13600,3893,447,9.39,670,1,0,2,Business inquiries? Contact below 👇,Real
47224,1508,421,7.24,211,98,1,8,Aspiring artist | Drawing my dreams,Real
48277,4257,136,6.71,346,58,0,2,Photographer and content creator 📸,Fake
18082,495,121,7.8,925,54,0,6,Personal blog | Stay positive ✨,Real
10401,4958,305,3.89,294,27,0,7,Personal blog | Stay positive ✨,Real
20937,2703,451,2.33,772,4,0,2,Love exploring new places 🌎,Fake
17825,184,178,8.17,976,60,0,4,Passionate traveler and food lover,Fake
19002,1367,81,8.83,96,7,1,2,Fitness enthusiast 💪 | Health advocate,Real
43088,2226,498,3.42,51,32,0,3,Love exploring new places 🌎,Fake
4285,4557,449,4.51,116,21,0,11,Fitness enthusiast 💪 | Health advocate,Real
12879,3069,480,4.94,996,84,0,9,Foodie | Reviews and recipes,Real
39968,1903,194,5.64,847,35,0,3,DM for collaborations or inquiries!,Real
9018,3694,369,6.11,939,69,0,7,Sharing moments from my journey,Real
11066,3423,476,6.91,178,21,0,8,Business inquiries? Contact below 👇,Fake
37563,3612,442,7.82,272,65,0,5,Foodie | Reviews and recipes,Real
1492,3336,211,0.88,561,67,0,10,Sharing moments from my journey,Fake
11503,3230,177,1.97,112,43,0,7,Personal blog | Stay positive ✨,Real
45405,4734,443,3.69,636,55,0,3,Sharing moments from my journey,Fake
7295,958,329,4.49,863,87,0,5,Check out my website for more updates!,Fake
47164,4931,373,2.91,557,67,0,8,Check out my website for more updates!,Fake
25631,2886,152,3.75,783,97,0,1,Passionate traveler and food lover,Fake
25726,1155,344,4.28,270,72,1,3,Business inquiries? Contact below 👇,Real
37479,3070,358,1.68,57,84,0,6,Sharing moments from my journey,Real
47845,2086,27,9.99,206,2,0,4,Passionate traveler and food lover,Fake
44814,2942,481,4.27,139,34,0,2,Entrepreneur & lifestyle blogger,Fake
29769,1336,125,7.5,76,41,0,3,Business inquiries? Contact below 👇,Real
15576,4367,498,3.59,677,50,0,2,Photographer and content creator 📸,Real
12282,4324,345,3.94,316,41,0,8,Entrepreneur & lifestyle blogger,Fake
41584,1262,179,0.75,392,46,0,7,Follow for daily inspiration 🌟,Real
19930,2718,92,6.32,195,34,0,4,Check out my website for more updates!,Real
25326,2035,416,6.64,807,97,0,5,Follow for daily inspiration 🌟,Fake
41185,2522,77,7.92,142,89,0,8,Passionate traveler and food lover,Fake
13954,3986,475,1.66,786,67,0,7,Aspiring artist | Drawing my dreams,Real
37772,371,498,4.39,318,28,0,5,Follow for daily inspiration 🌟,Real
26873,2159,296,7.24,744,19,1,9,Foodie | Reviews and recipes,Fake
26588,452,427,2.93,159,93,0,2,Personal blog | Stay positive ✨,Real
10223,3901,35,6.69,854,72,0,6,Personal blog | Stay positive ✨,Real
46511,468,144,5.71,399,21,0,2,Love exploring new places 🌎,Fake
13264,2558,251,5.23,302,94,0,2,Aspiring artist | Drawing my dreams,Fake
11901,4359,372,6.25,252,14,1,2,Entrepreneur & lifestyle blogger,Real
28944,3786,29,7.53,290,25,0,10,DM for collaborations or inquiries!,Real
5088,4508,370,6.25,873,41,0,11,Love exploring new places 🌎,Real
7221,164,97,6.61,47,17,0,11,Entrepreneur & lifestyle blogger,Real
26199,2628,378,2.62,3,87,0,5,Personal blog | Stay positive ✨,Real
7068,1492,217,4.92,268,91,0,6,Entrepreneur & lifestyle blogger,Fake
18343,2565,377,5.2,131,24,0,4,DM for collaborations or inquiries!,Fake
41851,3078,193,6.79,324,25,0,1,Foodie | Reviews and recipes,Fake
5229,999,291,7.88,514,50,0,10,DM for collaborations or inquiries!,Fake
41346,2930,481,7.47,215,2,0,2,Personal blog | Stay positive ✨,Fake
14062,1905,89,10.0,617,47,0,3,Personal blog | Stay positive ✨,Real
25234,2054,451,1.84,269,29,0,11,Check out my website for more updates!,Real
15501,1524,71,7.53,878,6,0,7,Sharing moments from my journey,Real
26345,2808,108,8.88,1,27,0,7,Passionate traveler and food lover,Fake
357,3012,495,5.85,169,53,0,5,Foodie | Reviews and recipes,Fake
33792,3561,150,2.85,800,31,0,7,Business inquiries? Contact below 👇,Fake
40393,1379,362,6.17,891,36,0,1,Aspiring artist | Drawing my dreams,Fake
16752,4137,413,6.27,988,96,0,10,DM for collaborations or inquiries!,Real
28651,1757,155,4.19,311,20,0,6,Love exploring new places 🌎,Real
28993,2168,91,1.01,531,27,0,4,Follow for daily inspiration 🌟,Fake
36212,1692,461,5.23,215,54,0,7,Business inquiries? Contact below 👇,Fake
32933,2732,170,2.31,654,90,0,9,Passionate traveler and food lover,Real
33093,523,475,2.08,507,25,0,6,Entrepreneur & lifestyle blogger,Real
18040,2578,457,0.47,224,88,0,4,Fitness enthusiast 💪 | Health advocate,Real
6732,1205,268,4.09,183,97,0,10,Entrepreneur & lifestyle blogger,Fake
44945,4502,348,7.87,987,79,0,4,Personal blog | Stay positive ✨,Real
8821,4953,134,6.01,899,14,1,4,Fitness enthusiast 💪 | Health advocate,Real
6190,3519,125,3.88,718,64,0,11,Nature lover | Saving the planet 🌍,Real
27487,2578,48,4.71,689,85,0,4,DM for collaborations or inquiries!,Real
12003,1762,145,4.26,494,23,0,7,Entrepreneur & lifestyle blogger,Fake
21265,412,242,8.2,538,57,0,11,Entrepreneur & lifestyle blogger,Real
27047,933,405,0.85,793,65,0,3,Nature lover | Saving the planet 🌍,Real
36629,2388,158,5.74,997,75,0,3,Check out my website for more updates!,Real
23996,2936,265,2.51,511,78,0,5,Follow for daily inspiration 🌟,Real
22098,593,132,8.15,591,57,0,5,Love exploring new places 🌎,Real
39068,2287,31,6.65,560,91,0,5,Nature lover | Saving the planet 🌍,Real
21952,4247,477,6.51,587,18,0,4,Sharing moments from my journey,Real
47824,1005,362,1.65,193,53,0,1,Passionate traveler and food lover,Real
6504,4256,407,1.81,346,0,0,9,Photographer and content creator 📸,Real
5636,4986,55,3.12,567,83,0,8,Photographer and content creator 📸,Real
7182,4799,104,3.95,233,41,0,10,Personal blog | Stay positive ✨,Fake
7412,342,334,4.32,985,41,1,3,Foodie | Reviews and recipes,Fake
7407,382,489,7.12,288,59,0,3,Personal blog | Stay positive ✨,Fake
23833,4325,397,9.25,379,84,0,8,Passionate traveler and food lover,Fake
32917,1366,373,8.21,677,25,1,9,Love exploring new places 🌎,Fake
15001,554,369,3.91,888,87,0,3,DM for collaborations or inquiries!,Fake
17354,189,97,7.34,181,74,0,2,DM for collaborations or inquiries!,Fake
33366,194,125,8.82,188,23,0,11,Check out my website for more updates!,Fake
9425,2848,306,4.9,189,28,0,6,Passionate traveler and food lover,Real
48276,2507,16,9.03,991,4,1,1,Foodie | Reviews and recipes,Real
46393,3760,163,6.09,983,26,1,10,Personal blog | Stay positive ✨,Real
48908,3812,22,1.55,324,98,0,2,Love exploring new places 🌎,Real
17293,1176,277,0.99,171,5,0,10,Nature lover | Saving the planet 🌍,Real
2697,1702,421,2.77,701,38,0,8,Digital nomad living my best life 🌴,Real
18032,4957,436,9.54,930,42,0,9,Foodie | Reviews and recipes,Fake
23445,2848,396,1.56,225,92,0,1,Nature lover | Saving the planet 🌍,Real
23271,1258,440,2.67,839,75,1,3,Foodie | Reviews and recipes,Fake
2178,4902,106,4.68,211,48,1,7,Sharing moments from my journey,Real
20776,978,38,3.57,15,67,0,3,Sharing moments from my journey,Fake
46114,1202,159,5.74,643,73,0,4,Follow for daily inspiration 🌟,Fake
20422,4683,76,6.29,48,54,0,9,DM for collaborations or inquiries!,Real
16113,338,99,9.95,417,33,0,2,Check out my website for more updates!,Real
48105,2126,206,5.42,965,81,0,7,Passionate traveler and food lover,Fake
7713,472,443,1.05,836,31,0,11,Check out my website for more updates!,Fake
5310,1755,450,9.3,704,25,0,2,Entrepreneur & lifestyle blogger,Real
18290,496,52,8.55,652,58,0,3,Passionate traveler and food lover,Fake
715,1121,53,8.95,680,12,1,11,Love exploring new places 🌎,Fake
31049,3515,37,0.64,704,90,0,8,Personal blog | Stay positive ✨,Real
31293,4114,414,2.97,753,78,1,2,Aspiring artist | Drawing my dreams,Real
44770,4847,380,6.6,454,55,0,2,Follow for daily inspiration 🌟,Fake
12731,1996,112,2.68,236,28,0,7,Entrepreneur & lifestyle blogger,Real
26882,1393,56,9.87,587,34,0,10,Nature lover | Saving the planet 🌍,Real
35601,2225,164,2.45,730,8,1,8,Aspiring artist | Drawing my dreams,Fake
8971,1385,164,0.25,533,66,0,4,Love exploring new places 🌎,Fake
23841,3391,413,0.49,275,94,0,11,Passionate traveler and food lover,Real
48125,3506,379,8.79,665,50,1,8,Personal blog | Stay positive ✨,Real
35431,4377,260,4.1,172,81,0,4,DM for collaborations or inquiries!,Fake
6601,1019,108,9.6,317,85,0,10,Photographer and content creator 📸,Fake
38767,1477,288,8.34,921,18,0,7,Photographer and content creator 📸,Real
35020,2425,36,1.76,888,0,0,4,Passionate traveler and food lover,Real
31697,3474,110,1.99,709,2,0,3,Check out my website for more updates!,Real
26099,1641,226,7.84,260,87,0,11,Aspiring artist | Drawing my dreams,Fake
9462,2937,309,3.93,204,45,0,8,Digital nomad living my best life 🌴,Real
12322,3348,32,5.25,376,94,0,2,Aspiring artist | Drawing my dreams,Real
35471,3046,415,4.84,862,69,0,3,Digital nomad living my best life 🌴,Fake
14083,4692,384,2.35,462,15,0,5,Entrepreneur & lifestyle blogger,Fake
47581,2150,23,2.18,563,82,0,5,Love exploring new places 🌎,Real
24949,1503,367,8.76,1,38,0,9,Photographer and content creator 📸,Real
13098,608,299,6.2,32,15,0,5,Follow for daily inspiration 🌟,Fake
2397,1983,208,1.46,857,71,0,3,Digital nomad living my best life 🌴,Fake
47300,2979,273,9.42,31,19,0,7,Fitness enthusiast 💪 | Health advocate,Real
44407,4596,147,8.37,887,27,0,3,Check out my website for more updates!,Real
16686,3028,196,7.05,277,36,0,8,Entrepreneur & lifestyle blogger,Real
48323,3025,372,6.84,415,55,0,9,Personal blog | Stay positive ✨,Real
39504,434,27,3.51,321,41,0,4,Aspiring artist | Drawing my dreams,Fake
38784,610,480,4.55,887,73,0,3,DM for collaborations or inquiries!,Fake
20928,2922,141,1.82,478,82,0,3,Nature lover | Saving the planet 🌍,Real
39848,1101,340,5.26,327,33,0,8,Follow for daily inspiration 🌟,Real
36916,2414,276,0.24,598,92,0,7,Business inquiries? Contact below 👇,Fake
7364,4859,303,7.86,70,95,1,4,Foodie | Reviews and recipes,Fake
7579,4104,261,0.51,905,80,1,10,DM for collaborations or inquiries!,Fake
19213,3637,61,0.02,287,80,0,10,Check out my website for more updates!,Real
14536,4909,494,2.1,439,49,0,4,Nature lover | Saving the planet 🌍,Real
22687,1289,236,9.75,761,52,0,5,Personal blog | Stay positive ✨,Real
6782,338,221,6.66,694,77,0,2,Personal blog | Stay positive ✨,Real
25816,2268,443,6.86,402,66,0,10,Love exploring new places 🌎,Real
31724,2173,377,4.34,948,15,0,3,Nature lover | Saving the planet 🌍,Real
35565,3687,45,3.74,290,67,0,10,Business inquiries? Contact below 👇,Real
45603,29,233,5.49,105,17,0,6,Digital nomad living my best life 🌴,Real
3174,3835,215,5.65,488,51,1,7,Follow for daily inspiration 🌟,Real
568,2757,369,9.44,586,35,0,6,Foodie | Reviews and recipes,Fake
6111,909,327,1.27,447,83,0,7,Foodie | Reviews and recipes,Fake
36484,1001,60,6.88,907,56,0,4,Personal blog | Stay positive ✨,Real
16378,2517,224,9.91,410,21,0,7,Nature lover | Saving the planet 🌍,Fake
19470,4043,337,4.89,719,97,0,10,Love exploring new places 🌎,Fake
22755,1238,60,4.5,583,79,0,2,Entrepreneur & lifestyle blogger,Fake
26750,3963,421,0.82,65,51,1,10,DM for collaborations or inquiries!,Fake
28291,3492,184,6.0,322,98,0,10,Nature lover | Saving the planet 🌍,Real
3082,1324,161,4.08,840,29,1,9,Check out my website for more updates!,Real
49704,2404,99,7.66,145,12,0,10,Aspiring artist | Drawing my dreams,Real
3540,2231,258,3.49,76,68,0,11,Business inquiries? Contact below 👇,Fake
34967,2316,379,0.58,95,52,0,9,Aspiring artist | Drawing my dreams,Real
22285,709,100,3.13,677,25,0,2,Aspiring artist | Drawing my dreams,Fake
7855,4908,51,5.24,270,21,0,11,Follow for daily inspiration 🌟,Real
49801,3951,114,3.99,44,18,0,11,Business inquiries? Contact below 👇,Real
364,2075,268,2.97,506,9,0,3,Follow for daily inspiration 🌟,Real
41436,2408,493,1.06,363,50,0,5,Photographer and content creator 📸,Fake
15490,2162,269,7.38,869,34,0,7,Follow for daily inspiration 🌟,Fake
4049,1226,137,9.54,856,56,0,5,Fitness enthusiast 💪 | Health advocate,Fake
36577,249,31,1.21,898,83,0,6,Business inquiries? Contact below 👇,Real
42597,1701,357,7.51,485,93,0,3,DM for collaborations or inquiries!,Fake
24579,3287,496,0.45,530,36,0,11,Digital nomad living my best life 🌴,Fake
28688,1682,470,2.88,730,46,0,9,Fitness enthusiast 💪 | Health advocate,Real
32588,1627,93,3.41,453,91,0,10,DM for collaborations or inquiries!,Real
21472,1952,453,6.1,987,83,0,5,Fitness enthusiast 💪 | Health advocate,Real
32275,4648,77,0.22,94,45,0,8,DM for collaborations or inquiries!,Fake
44451,2478,376,2.49,49,97,0,11,Passionate traveler and food lover,Real
46553,125,38,4.17,998,80,0,2,Digital nomad living my best life 🌴,Real
39128,4404,192,7.09,290,83,0,9,Photographer and content creator 📸,Real
20154,1309,115,2.92,284,6,0,1,Photographer and content creator 📸,Fake
13891,2875,103,0.07,160,87,0,10,Follow for daily inspiration 🌟,Real
21654,2664,147,4.21,929,35,1,2,Passionate traveler and food lover,Fake
45037,1554,490,3.52,303,85,0,10,Passionate traveler and food lover,Real
9576,3037,470,0.97,11,93,0,9,Foodie | Reviews and recipes,Real
13118,3785,11,2.54,892,55,0,11,Digital nomad living my best life 🌴,Real
7983,2392,320,5.04,770,93,0,5,Passionate traveler and food lover,Fake
35281,4212,244,6.23,426,28,0,6,Photographer and content creator 📸,Fake
13569,2040,373,9.24,10,20,0,2,Foodie | Reviews and recipes,Fake
42302,1907,83,7.12,544,14,0,11,Business inquiries? Contact below 👇,Fake
22445,1370,253,5.94,165,1,0,2,Love exploring new places 🌎,Real
27520,4677,89,3.74,337,40,0,3,Photographer and content creator 📸,Real
12968,230,192,6.15,263,37,0,4,Follow for daily inspiration 🌟,Real
20962,134,25,3.66,491,42,0,8,Photographer and content creator 📸,Fake
10504,1488,141,6.1,243,82,0,4,Business inquiries? Contact below 👇,Real
29138,2026,417,5.5,595,34,1,2,Love exploring new places 🌎,Real
34626,1141,225,4.23,357,89,0,10,Foodie | Reviews and recipes,Fake
1402,1113,252,0.16,323,0,0,9,Personal blog | Stay positive ✨,Fake
34236,4238,466,1.54,109,78,0,4,Aspiring artist | Drawing my dreams,Real
23604,1467,480,1.7,652,19,0,6,Digital nomad living my best life 🌴,Real
26111,1775,237,3.72,10,38,1,8,Passionate traveler and food lover,Fake
41617,2372,413,9.93,232,62,0,3,Follow for daily inspiration 🌟,Fake
37054,15,134,5.51,180,20,0,3,DM for collaborations or inquiries!,Fake
44760,3792,344,0.42,280,29,0,4,Photographer and content creator 📸,Fake
36721,2679,257,5.21,276,96,0,2,Personal blog | Stay positive ✨,Fake
45325,4721,174,2.21,134,91,0,9,Fitness enthusiast 💪 | Health advocate,Fake
23856,32,42,5.61,364,65,0,11,Passionate traveler and food lover,Real
30837,310,140,9.06,659,31,0,6,Check out my website for more updates!,Real
23819,1127,13,9.02,967,57,0,6,Love exploring new places 🌎,Real
39172,3767,487,2.79,662,9,0,8,DM for collaborations or inquiries!,Fake
8592,4102,71,7.38,785,30,1,3,DM for collaborations or inquiries!,Fake
27799,2104,234,0.98,39,60,0,5,Digital nomad living my best life 🌴,Real
29772,1194,52,5.29,958,10,0,7,Passionate traveler and food lover,Real
9564,4268,320,7.29,780,77,0,5,Personal blog | Stay positive ✨,Real
29639,3783,198,4.57,561,44,0,4,Digital nomad living my best life 🌴,Real
12533,2483,470,1.09,602,28,0,3,DM for collaborations or inquiries!,Fake
33883,321,331,5.01,166,30,0,2,Business inquiries? Contact below 👇,Real
44577,2049,64,1.95,955,94,1,7,Aspiring artist | Drawing my dreams,Fake
25625,1325,196,7.68,3,12,0,8,Foodie | Reviews and recipes,Real
25999,1152,50,0.18,541,65,0,5,Foodie | Reviews and recipes,Fake
45917,1899,396,2.73,603,7,0,9,Aspiring artist | Drawing my dreams,Fake
26458,2443,159,9.71,272,62,0,10,DM for collaborations or inquiries!,Fake
14420,1111,343,2.15,560,99,0,6,Digital nomad living my best life 🌴,Fake
5605,291,422,6.47,740,75,0,6,Sharing moments from my journey,Fake
42366,4341,173,8.44,896,27,0,7,Digital nomad living my best life 🌴,Fake
25003,2734,498,9.76,91,61,0,2,Love exploring new places 🌎,Real
13500,4299,451,2.05,718,64,0,6,Passionate traveler and food lover,Real
38741,617,172,8.94,923,95,0,5,Entrepreneur & lifestyle blogger,Fake
17154,2139,282,8.46,702,58,0,5,Sharing moments from my journey,Real
6278,2198,467,2.17,832,28,0,11,Passionate traveler and food lover,Fake
888,4231,466,5.43,267,20,0,11,Aspiring artist | Drawing my dreams,Fake
40105,1065,251,9.87,392,58,0,7,Digital nomad living my best life 🌴,Fake
30958,4330,483,7.88,127,38,0,10,Business inquiries? Contact below 👇,Real
7202,4236,164,6.01,381,13,0,7,Follow for daily inspiration 🌟,Real
22848,1110,86,7.59,10,38,0,6,Personal blog | Stay positive ✨,Fake
972,1771,28,6.99,637,82,0,3,Passionate traveler and food lover,Real
24335,348,410,5.25,939,20,0,7,Follow for daily inspiration 🌟,Fake
32116,1440,199,5.59,683,86,0,8,Foodie | Reviews and recipes,Real
34976,151,37,2.42,883,83,1,2,Sharing moments from my journey,Fake
3288,254,224,5.74,33,70,0,9,Digital nomad living my best life 🌴,Real
27868,1376,61,5.66,215,37,0,3,Passionate traveler and food lover,Real
2188,3551,156,1.9,178,97,0,6,Follow for daily inspiration 🌟,Fake
16160,1803,123,4.08,258,66,0,6,Follow for daily inspiration 🌟,Fake
42774,1167,320,0.9,452,29,0,9,Nature lover | Saving the planet 🌍,Real
49728,3543,468,1.59,636,60,0,6,Sharing moments from my journey,Real
3410,2700,198,4.66,370,61,0,5,Follow for daily inspiration 🌟,Real
26983,1766,264,2.09,627,14,0,10,Love exploring new places 🌎,Fake
48776,1304,16,5.27,61,37,0,9,Love exploring new places 🌎,Fake
18787,1186,52,9.07,776,46,0,8,Foodie | Reviews and recipes,Real
48236,4728,425,4.3,461,96,0,4,Aspiring artist | Drawing my dreams,Real
47812,1375,451,2.29,81,95,0,7,Passionate traveler and food lover,Fake
27742,4342,384,9.9,858,68,0,7,Personal blog | Stay positive ✨,Real
46526,4488,28,4.48,187,14,0,5,Business inquiries? Contact below 👇,Fake
45569,4739,190,2.14,752,17,0,11,Sharing moments from my journey,Fake
22589,4658,220,9.06,749,28,0,2,Follow for daily inspiration 🌟,Fake
30368,2972,429,0.2,479,79,0,4,Love exploring new places 🌎,Real
281,2427,310,0.21,726,1,1,3,Business inquiries? Contact below 👇,Real
44136,875,86,2.27,882,30,0,7,Foodie | Reviews and recipes,Real
9865,684,362,1.1,196,71,0,3,Photographer and content creator 📸,Fake
49473,1407,394,0.84,774,74,0,9,Personal blog | Stay positive ✨,Real
34803,1589,23,0.56,881,17,0,3,Follow for daily inspiration 🌟,Real
1064,1223,3,1.57,893,81,0,8,Business inquiries? Contact below 👇,Fake
13789,1810,436,8.84,488,18,0,9,Check out my website for more updates!,Fake
36241,3725,277,2.73,825,59,0,5,Entrepreneur & lifestyle blogger,Real
1785,4086,134,8.18,416,70,0,6,Love exploring new places 🌎,Fake
13408,750,271,8.6,344,98,0,6,Aspiring artist | Drawing my dreams,Fake
19580,2166,64,7.06,462,22,0,6,Digital nomad living my best life 🌴,Fake
44591,1417,99,6.48,279,62,0,4,Fitness enthusiast 💪 | Health advocate,Fake
30491,3797,348,0.98,314,12,0,9,Digital nomad living my best life 🌴,Fake
29838,276,146,7.63,314,12,0,7,Nature lover | Saving the planet 🌍,Fake
39642,4721,469,3.31,259,86,0,3,Passionate traveler and food lover,Real
4620,3800,324,4.65,391,97,1,2,Entrepreneur & lifestyle blogger,Fake
28851,4708,449,8.49,122,7,0,3,Check out my website for more updates!,Fake
43671,3860,399,3.28,602,6,0,10,Entrepreneur & lifestyle blogger,Real
7773,565,90,5.54,115,44,0,9,Photographer and content creator 📸,Fake
6038,3746,453,5.86,355,30,0,10,Foodie | Reviews and recipes,Real
28005,2868,191,7.28,897,59,0,5,Check out my website for more updates!,Real
49133,1332,285,3.98,243,74,0,11,Business inquiries? Contact below 👇,Real
798,4630,2,6.87,436,32,1,2,Check out my website for more updates!,Real
811,140,95,3.09,516,80,0,2,Passionate traveler and food lover,Real
46612,3708,445,0.35,621,42,0,6,Business inquiries? Contact below 👇,Fake
20218,1104,188,6.27,128,83,0,6,Entrepreneur & lifestyle blogger,Fake
37741,133,185,1.35,502,31,0,7,Sharing moments from my journey,Fake
24749,2379,435,0.74,461,41,0,5,Foodie | Reviews and recipes,Fake
45320,2743,309,2.19,377,32,0,2,Personal blog | Stay positive ✨,Real
18259,1657,266,5.61,726,10,0,5,Business inquiries? Contact below 👇,Real
6220,1549,222,4.09,559,13,0,7,Check out my website for more updates!,Real
27321,3014,80,3.11,320,0,1,7,Digital nomad living my best life 🌴,Real
46031,1508,438,0.18,941,58,0,4,Photographer and content creator 📸,Real
8752,956,412,0.48,310,37,0,3,DM for collaborations or inquiries!,Fake
19307,4783,289,0.46,733,80,0,3,Digital nomad living my best life 🌴,Real
14010,3853,257,6.08,349,56,0,2,Nature lover | Saving the planet 🌍,Fake
10651,1710,405,2.63,334,24,0,5,Nature lover | Saving the planet 🌍,Fake
30845,4815,317,2.74,884,56,0,10,DM for collaborations or inquiries!,Fake
6877,3538,394,7.54,70,30,0,3,Business inquiries? Contact below 👇,Fake
20023,3326,111,8.46,277,91,0,9,Love exploring new places 🌎,Fake
48603,3207,118,1.46,2,41,0,9,Personal blog | Stay positive ✨,Real
37946,551,310,0.96,948,52,1,11,Love exploring new places 🌎,Fake
17486,1876,315,7.29,694,37,0,5,Personal blog | Stay positive ✨,Real
12740,152,153,5.72,785,92,0,9,Business inquiries? Contact below 👇,Real
47877,3221,101,1.15,400,38,0,5,Digital nomad living my best life 🌴,Fake
32650,1208,483,5.22,69,26,0,2,Personal blog | Stay positive ✨,Real
24189,2516,273,2.13,187,67,0,6,Love exploring new places 🌎,Fake
23234,598,280,3.98,722,72,0,8,Business inquiries? Contact below 👇,Fake
29460,4733,244,5.13,844,56,0,5,Sharing moments from my journey,Fake
40170,438,131,0.82,319,44,0,6,Follow for daily inspiration 🌟,Fake
21112,1598,280,5.1,190,52,0,9,Personal blog | Stay positive ✨,Real
250,2645,273,6.75,553,27,0,4,Foodie | Reviews and recipes,Real
22023,3001,321,8.49,881,49,0,2,Personal blog | Stay positive ✨,Fake
38351,448,267,7.38,805,18,0,4,Entrepreneur & lifestyle blogger,Fake
36306,1063,168,7.79,548,12,0,10,Love exploring new places 🌎,Fake
32386,2635,51,9.79,193,5,0,9,Personal blog | Stay positive ✨,Real
5024,966,420,9.86,690,76,0,11,DM for collaborations or inquiries!,Fake
1500,438,4,8.06,247,0,0,5,Photographer and content creator 📸,Real
45713,1511,196,7.81,89,6,0,8,Entrepreneur & lifestyle blogger,Fake
6600,3980,160,9.92,401,33,1,6,Photographer and content creator 📸,Real
44295,803,44,9.44,417,67,0,11,Check out my website for more updates!,Real
36334,2155,305,6.67,516,44,0,9,Business inquiries? Contact below 👇,Fake
48706,4873,316,0.45,180,88,0,2,Aspiring artist | Drawing my dreams,Fake
4746,3417,175,6.31,553,84,0,3,Love exploring new places 🌎,Real
10598,916,425,7.48,326,85,0,8,Love exploring new places 🌎,Real
44481,3346,8,7.82,841,8,0,2,Foodie | Reviews and recipes,Fake
34571,4631,41,5.65,545,27,0,4,Fitness enthusiast 💪 | Health advocate,Real
30260,2045,295,4.38,347,11,0,3,Check out my website for more updates!,Real
20176,3840,216,4.9,824,5,0,4,Check out my website for more updates!,Real
22638,1268,475,3.55,635,33,0,10,Love exploring new places 🌎,Real
24484,3345,264,2.78,794,81,0,6,Foodie | Reviews and recipes,Fake
11423,709,166,1.83,315,68,0,1,Entrepreneur & lifestyle blogger,Real
36569,4884,227,1.73,136,95,0,5,Business inquiries? Contact below 👇,Real
44699,3954,154,0.83,30,70,0,8,Passionate traveler and food lover,Real
6883,1433,477,4.03,591,78,0,11,Nature lover | Saving the planet 🌍,Real
35638,2933,376,2.44,937,35,0,5,Digital nomad living my best life 🌴,Real
47590,1644,280,4.03,418,80,0,10,Photographer and content creator 📸,Fake
7970,413,325,9.31,30,58,0,3,Passionate traveler and food lover,Fake
34265,2388,458,5.46,95,19,1,7,Aspiring artist | Drawing my dreams,Fake
32830,1497,113,3.87,988,23,0,6,DM for collaborations or inquiries!,Fake
18404,2860,117,3.24,826,41,0,9,DM for collaborations or inquiries!,Fake
19518,4812,334,0.45,651,8,0,3,Follow for daily inspiration 🌟,Real
33754,4620,277,7.29,319,75,0,6,Personal blog | Stay positive ✨,Real
15263,3150,420,3.45,654,64,0,2,Nature lover | Saving the planet 🌍,Fake
18959,468,152,0.86,328,53,0,9,Personal blog | Stay positive ✨,Real
9058,438,317,7.08,970,47,0,2,Personal blog | Stay positive ✨,Real
44477,185,424,9.16,576,24,0,4,Entrepreneur & lifestyle blogger,Fake
11866,495,20,3.13,77,6,0,2,Check out my website for more updates!,Real
31233,2852,65,8.24,939,79,0,6,Check out my website for more updates!,Real
32708,932,327,0.1,672,17,0,3,Love exploring new places 🌎,Real
26686,4719,412,3.18,826,11,0,2,Love exploring new places 🌎,Fake
6639,4670,58,5.8,959,44,0,3,Business inquiries? Contact below 👇,Fake
4103,3316,390,9.97,817,24,0,4,Love exploring new places 🌎,Fake
23538,4663,61,0.82,475,45,0,7,Fitness enthusiast 💪 | Health advocate,Real
49239,4045,395,4.57,389,89,0,4,Fitness enthusiast 💪 | Health advocate,Real
46077,151,206,8.31,824,67,0,4,Follow for daily inspiration 🌟,Real
3943,3294,212,1.21,429,0,0,8,Love exploring new places 🌎,Fake
12966,500,436,3.56,15,17,0,8,Personal blog | Stay positive ✨,Fake
6380,2781,59,1.04,211,48,0,2,Fitness enthusiast 💪 | Health advocate,Fake
26405,3550,372,4.11,938,32,0,8,Entrepreneur & lifestyle blogger,Real
26701,3436,397,6.62,971,25,0,4,Nature lover | Saving the planet 🌍,Fake
24355,4930,299,1.73,499,57,0,10,Personal blog | Stay positive ✨,Fake
34234,3819,49,0.48,953,79,0,9,Follow for daily inspiration 🌟,Real
30177,3660,387,4.33,550,48,0,6,Entrepreneur & lifestyle blogger,Fake
31208,890,416,8.02,515,30,0,10,Sharing moments from my journey,Fake
8416,1027,230,8.55,821,23,0,5,Check out my website for more updates!,Real
43817,3644,351,6.15,995,67,0,9,Sharing moments from my journey,Fake
21930,4196,305,3.36,117,12,0,8,Entrepreneur & lifestyle blogger,Fake
9848,4556,414,9.02,962,40,0,10,Entrepreneur & lifestyle blogger,Real
30484,3292,297,3.35,290,8,0,8,Foodie | Reviews and recipes,Real
16921,4918,167,8.52,75,28,0,4,Passionate traveler and food lover,Fake
48480,67,32,3.99,201,95,0,4,Entrepreneur & lifestyle blogger,Fake
4717,4868,254,2.61,168,91,0,1,Digital nomad living my best life 🌴,Real
3707,559,441,0.53,571,23,0,10,Photographer and content creator 📸,Fake
36150,2006,18,3.19,515,53,0,7,Fitness enthusiast 💪 | Health advocate,Fake
21529,224,58,8.81,23,17,0,10,Foodie | Reviews and recipes,Fake
14386,3244,76,1.37,941,20,0,11,Fitness enthusiast 💪 | Health advocate,Real
37624,475,267,7.76,953,80,0,6,Foodie | Reviews and recipes,Fake
36560,2067,235,0.81,239,92,0,11,Business inquiries? Contact below 👇,Fake
44019,4844,330,3.64,830,88,0,6,Foodie | Reviews and recipes,Fake
40957,514,461,0.02,444,93,0,10,Fitness enthusiast 💪 | Health advocate,Real
4232,2046,45,2.68,89,6,0,5,DM for collaborations or inquiries!,Real
23061,3578,231,9.6,843,23,0,6,Aspiring artist | Drawing my dreams,Fake
8875,4843,260,5.28,266,85,0,8,Passionate traveler and food lover,Fake
24404,733,282,2.48,956,86,0,8,DM for collaborations or inquiries!,Real
34546,875,300,5.59,381,81,0,5,DM for collaborations or inquiries!,Fake
24827,3653,370,7.54,473,53,0,7,DM for collaborations or inquiries!,Real
7262,4266,291,6.94,730,86,0,5,Personal blog | Stay positive ✨,Fake
44961,4706,21,4.16,70,18,0,7,Aspiring artist | Drawing my dreams,Fake
34477,1908,172,8.14,15,65,0,2,Check out my website for more updates!,Real
9934,2880,0,4.41,976,89,0,9,Business inquiries? Contact below 👇,Fake
31895,1788,390,5.21,932,73,0,11,Sharing moments from my journey,Real
5349,4015,172,0.02,849,43,0,7,Foodie | Reviews and recipes,Fake
32674,752,69,0.65,660,0,0,4,Follow for daily inspiration 🌟,Real
41769,4980,389,7.01,734,51,0,11,Fitness enthusiast 💪 | Health advocate,Fake
20066,3668,367,6.58,786,60,0,2,DM for collaborations or inquiries!,Fake
31615,472,384,4.17,150,62,0,5,Personal blog | Stay positive ✨,Fake
45801,2973,411,4.12,758,52,0,4,Sharing moments from my journey,Fake
37971,1656,463,2.78,278,97,0,10,Business inquiries? Contact below 👇,Real
951,4022,23,0.25,595,64,0,5,Business inquiries? Contact below 👇,Real
38772,1843,169,9.53,409,33,0,3,Follow for daily inspiration 🌟,Real
42118,3795,4,4.43,771,41,0,6,Nature lover | Saving the planet 🌍,Real
22642,3236,340,4.92,896,30,0,8,Sharing moments from my journey,Real
19790,2595,417,4.65,978,14,0,2,Entrepreneur & lifestyle blogger,Fake
20442,4059,155,6.7,277,68,0,6,Passionate traveler and food lover,Fake
31228,3394,349,8.5,773,99,0,9,Check out my website for more updates!,Real
17935,992,49,8.62,634,97,0,2,Check out my website for more updates!,Real
49060,2380,387,1.18,46,75,0,5,Sharing moments from my journey,Real
40639,2424,321,5.73,208,6,0,9,Fitness enthusiast 💪 | Health advocate,Fake
46648,3493,464,4.23,259,73,0,7,Photographer and content creator 📸,Real
49852,928,454,8.31,810,53,0,3,Personal blog | Stay positive ✨,Real
16749,190,254,5.51,547,97,0,10,Foodie | Reviews and recipes,Fake
6643,4995,104,6.85,334,80,0,8,Check out my website for more updates!,Fake
30295,1475,161,7.66,362,57,0,9,Entrepreneur & lifestyle blogger,Fake
13437,1816,200,2.95,758,24,1,2,Nature lover | Saving the planet 🌍,Real
2112,411,96,5.93,310,36,0,7,Love exploring new places 🌎,Fake
44674,903,448,2.23,382,66,0,11,Check out my website for more updates!,Fake
45916,4881,454,8.27,838,10,0,6,Entrepreneur & lifestyle blogger,Fake
36212,2127,96,7.83,837,64,0,10,Foodie | Reviews and recipes,Real
2277,1598,409,6.3,375,4,0,4,Aspiring artist | Drawing my dreams,Real
37281,4780,454,4.12,235,66,0,8,Foodie | Reviews and recipes,Fake
14387,1238,154,9.31,239,96,1,3,Aspiring artist | Drawing my dreams,Fake
918,4518,411,6.81,87,76,1,9,Personal blog | Stay positive ✨,Fake
8945,3380,102,7.75,842,35,0,3,Foodie | Reviews and recipes,Real
43777,493,431,9.81,168,60,0,4,Passionate traveler and food lover,Fake
23516,425,185,9.69,742,81,0,9,Check out my website for more updates!,Real
27373,3058,121,1.91,778,65,0,2,Check out my website for more updates!,Fake
34263,1625,353,5.65,195,4,0,3,Entrepreneur & lifestyle blogger,Real
20353,4120,176,6.94,657,45,0,9,DM for collaborations or inquiries!,Real
16767,1413,261,3.51,269,76,1,3,Entrepreneur & lifestyle blogger,Real
12648,3225,199,4.09,973,67,0,9,Follow for daily inspiration 🌟,Real
41498,2783,326,2.8,76,99,0,8,Business inquiries? Contact below 👇,Real
38386,3657,344,9.43,815,94,0,9,Business inquiries? Contact below 👇,Real
33655,4254,441,6.79,649,26,0,11,Check out my website for more updates!,Real
11515,2910,165,5.67,472,65,0,6,Check out my website for more updates!,Fake
19711,1841,215,7.57,380,33,0,4,Personal blog | Stay positive ✨,Fake
33125,4739,329,3.43,264,15,0,3,Foodie | Reviews and recipes,Real
1970,4349,106,6.25,183,96,1,4,Sharing moments from my journey,Fake
44445,4532,368,5.45,275,5,0,5,Nature lover | Saving the planet 🌍,Real
40841,4234,358,6.64,157,19,0,8,Photographer and content creator 📸,Fake
11578,2451,170,1.45,643,13,1,3,Personal blog | Stay positive ✨,Real
33237,218,56,4.86,941,95,0,9,Personal blog | Stay positive ✨,Real
43601,4445,341,6.68,568,96,1,3,DM for collaborations or inquiries!,Fake
39586,2960,109,7.33,795,45,0,2,Entrepreneur & lifestyle blogger,Real
3789,1758,304,3.82,291,59,0,10,Photographer and content creator 📸,Fake
20530,771,428,3.92,234,95,0,4,Love exploring new places 🌎,Real
2584,515,143,1.46,945,55,0,2,Love exploring new places 🌎,Fake
32590,4460,410,3.16,65,1,0,10,Personal blog | Stay positive ✨,Fake
11605,4910,337,0.0,61,70,0,8,DM for collaborations or inquiries!,Fake
16009,1839,372,2.97,869,96,0,9,Fitness enthusiast 💪 | Health advocate,Fake
14832,648,312,8.05,659,92,0,6,Foodie | Reviews and recipes,Real
11490,1824,317,8.72,904,97,0,6,Passionate traveler and food lover,Real
15915,845,327,0.08,632,39,0,5,Aspiring artist | Drawing my dreams,Fake
13902,1073,246,7.94,557,85,0,9,Follow for daily inspiration 🌟,Real
41749,669,241,4.75,124,24,0,8,Business inquiries? Contact below 👇,Fake
12472,116,369,9.65,263,68,0,10,Follow for daily inspiration 🌟,Fake
45310,3176,234,6.4,689,81,0,10,Nature lover | Saving the planet 🌍,Real
20025,4154,114,8.64,311,87,0,8,Follow for daily inspiration 🌟,Real
27536,2714,325,9.26,692,67,0,11,Check out my website for more updates!,Real
42794,4815,66,5.03,338,33,0,6,Entrepreneur & lifestyle blogger,Fake
11566,2018,224,2.63,453,10,0,7,Sharing moments from my journey,Fake
24414,4637,456,5.64,346,95,0,2,Business inquiries? Contact below 👇,Fake
21204,3818,242,2.37,994,22,0,2,Aspiring artist | Drawing my dreams,Fake
32384,1159,277,4.76,298,28,0,10,Digital nomad living my best life 🌴,Fake
7574,2220,245,0.63,404,30,0,4,Passionate traveler and food lover,Fake
48338,1324,488,2.62,291,23,0,2,Personal blog | Stay positive ✨,Fake
43195,4120,233,6.48,368,38,0,7,Photographer and content creator 📸,Real
5223,3037,39,9.96,962,52,0,7,Aspiring artist | Drawing my dreams,Fake
44550,692,493,6.71,683,61,0,6,Passionate traveler and food lover,Real
48375,3240,322,4.1,849,61,0,1,Photographer and content creator 📸,Fake
48110,1441,378,1.79,591,29,1,10,Follow for daily inspiration 🌟,Fake
43274,1742,251,1.45,559,70,0,9,Nature lover | Saving the planet 🌍,Real
43201,1115,387,9.2,237,85,0,2,Foodie | Reviews and recipes,Real
29306,526,293,2.54,396,11,0,5,Personal blog | Stay positive ✨,Fake
19682,1442,366,8.95,260,30,0,4,Sharing moments from my journey,Fake
30496,2721,482,9.62,797,60,0,6,Personal blog | Stay positive ✨,Real
20358,880,326,6.56,718,33,0,10,Photographer and content creator 📸,Fake
1470,4137,111,9.83,536,27,0,3,Foodie | Reviews and recipes,Fake
30867,4883,237,2.97,454,40,0,6,Foodie | Reviews and recipes,Real
36360,1780,198,5.95,45,17,0,5,Passionate traveler and food lover,Fake
18285,818,312,5.06,83,14,0,11,DM for collaborations or inquiries!,Fake
1621,1172,95,8.69,499,9,0,3,Digital nomad living my best life 🌴,Real
21299,4128,172,9.57,13,53,0,2,Entrepreneur & lifestyle blogger,Fake
44763,2871,435,5.99,543,40,0,6,Sharing moments from my journey,Real
37458,1477,297,3.02,817,91,0,2,Aspiring artist | Drawing my dreams,Real
17860,4449,197,6.98,399,45,0,5,Entrepreneur & lifestyle blogger,Fake
28585,188,180,5.66,952,89,0,2,Fitness enthusiast 💪 | Health advocate,Real
32932,3204,156,3.29,559,1,1,7,Photographer and content creator 📸,Fake
10072,1299,398,4.39,610,38,0,5,Digital nomad living my best life 🌴,Fake
17131,4861,302,2.57,50,72,0,8,Nature lover | Saving the planet 🌍,Fake
47407,1841,397,7.34,164,81,0,11,Sharing moments from my journey,Fake
29653,2055,410,7.74,436,67,0,5,Foodie | Reviews and recipes,Real
37211,418,383,7.97,651,49,0,10,Aspiring artist | Drawing my dreams,Fake
22888,4382,496,9.35,799,80,0,3,Fitness enthusiast 💪 | Health advocate,Fake
5747,2986,268,4.57,357,53,0,6,Check out my website for more updates!,Real
48393,1414,210,1.95,526,58,1,5,Photographer and content creator 📸,Fake
31768,3800,123,0.09,477,95,1,4,Entrepreneur & lifestyle blogger,Fake
12782,2340,338,1.0,665,10,0,2,Foodie | Reviews and recipes,Fake
16978,3198,422,7.1,708,62,0,2,Photographer and content creator 📸,Real
10371,1095,281,2.43,116,20,0,4,Entrepreneur & lifestyle blogger,Fake
24299,3134,392,9.3,93,39,0,4,Sharing moments from my journey,Fake
8508,4116,112,9.7,874,63,0,8,Passionate traveler and food lover,Real
47287,2442,93,1.3,731,89,0,5,Passionate traveler and food lover,Real
23575,3474,131,9.61,190,92,0,6,Entrepreneur & lifestyle blogger,Fake
49908,1737,228,2.93,607,65,0,10,Passionate traveler and food lover,Real
2230,4257,176,1.83,244,5,0,9,Photographer and content creator 📸,Fake
8944,4594,472,1.42,921,32,0,8,Foodie | Reviews and recipes,Fake
33083,2110,118,9.24,762,5,0,9,Personal blog | Stay positive ✨,Real
28114,4185,219,3.95,807,60,0,9,Entrepreneur & lifestyle blogger,Fake
21828,3862,277,1.11,320,35,0,5,Foodie | Reviews and recipes,Fake
41798,3804,5,0.34,36,81,0,5,Personal blog | Stay positive ✨,Real
20195,4155,88,3.82,589,88,0,8,Aspiring artist | Drawing my dreams,Real
26298,3503,229,9.11,298,90,0,2,Follow for daily inspiration 🌟,Fake
10947,3533,344,5.71,762,73,0,10,Passionate traveler and food lover,Fake
33399,839,373,0.91,811,13,0,11,Love exploring new places 🌎,Fake
19774,3425,146,2.71,525,87,0,9,Love exploring new places 🌎,Fake
40014,4531,321,6.38,936,31,0,1,Love exploring new places 🌎,Fake
44050,4426,161,5.16,732,2,0,4,Check out my website for more updates!,Real
47869,537,488,9.52,434,2,0,7,Digital nomad living my best life 🌴,Fake
24409,1840,468,0.44,993,63,0,10,Follow for daily inspiration 🌟,Real
25148,1958,352,3.75,249,31,0,4,Follow for daily inspiration 🌟,Fake
14976,1562,84,5.65,223,81,1,8,Entrepreneur & lifestyle blogger,Fake
7040,3009,371,4.75,661,88,0,6,Personal blog | Stay positive ✨,Real
38141,1932,194,4.17,13,58,0,7,Check out my website for more updates!,Real
19636,2471,418,9.1,303,71,0,4,Aspiring artist | Drawing my dreams,Real
42153,4962,361,6.54,224,77,0,8,Digital nomad living my best life 🌴,Fake
33260,2013,35,9.87,303,57,0,2,Nature lover | Saving the planet 🌍,Fake
6810,4132,92,5.76,505,77,0,8,Sharing moments from my journey,Real
38171,1657,72,7.33,865,78,1,8,Entrepreneur & lifestyle blogger,Real
46311,2984,76,0.76,88,24,1,10,Photographer and content creator 📸,Fake
47799,1227,85,4.4,665,10,0,10,Foodie | Reviews and recipes,Real
45396,1926,413,5.88,71,35,0,1,Digital nomad living my best life 🌴,Real
24024,2744,425,6.15,453,29,0,8,DM for collaborations or inquiries!,Fake
49437,604,497,3.49,402,41,0,5,Love exploring new places 🌎,Real
15895,633,50,4.72,111,96,0,4,Love exploring new places 🌎,Fake
3463,4966,205,0.74,768,41,0,4,Business inquiries? Contact below 👇,Real
21174,4237,167,9.61,670,75,0,8,Aspiring artist | Drawing my dreams,Fake
40988,1249,200,3.68,261,94,0,5,Business inquiries? Contact below 👇,Fake
31537,1598,327,4.53,632,38,0,7,Follow for daily inspiration 🌟,Fake
19924,4244,124,8.92,227,9,0,10,Digital nomad living my best life 🌴,Fake
9830,2730,33,4.6,926,65,0,9,Nature lover | Saving the planet 🌍,Fake
13921,3389,93,7.75,586,73,0,4,Foodie | Reviews and recipes,Real
20610,2496,153,3.72,314,73,0,2,Nature lover | Saving the planet 🌍,Fake
13137,1238,129,1.49,111,70,0,2,Photographer and content creator 📸,Real
1759,3424,302,1.22,67,43,0,3,DM for collaborations or inquiries!,Real
26861,3752,326,5.06,855,9,0,8,DM for collaborations or inquiries!,Fake
17968,3086,112,8.56,138,46,0,5,Nature lover | Saving the planet 🌍,Real
9514,4379,98,9.07,408,64,0,10,Passionate traveler and food lover,Real
19800,2683,8,3.85,622,95,0,6,Personal blog | Stay positive ✨,Real
35474,1780,390,8.01,428,68,0,7,Sharing moments from my journey,Fake
44023,1305,441,3.08,258,97,0,7,Aspiring artist | Drawing my dreams,Fake
6243,4753,192,0.07,782,52,0,10,Nature lover | Saving the planet 🌍,Real
43329,3037,48,2.1,360,65,0,11,Sharing moments from my journey,Fake
17589,3306,27,2.82,693,1,0,2,Business inquiries? Contact below 👇,Fake
44093,16,305,6.61,133,97,0,6,Entrepreneur & lifestyle blogger,Real
4629,778,28,6.12,744,20,0,9,Personal blog | Stay positive ✨,Real
20097,100,350,2.41,413,91,0,6,Photographer and content creator 📸,Real
21269,4258,430,0.26,265,63,0,4,Foodie | Reviews and recipes,Real
2059,1003,418,8.28,198,70,0,7,Foodie | Reviews and recipes,Fake
44194,3638,309,2.36,831,75,0,6,Check out my website for more updates!,Real
4929,3907,92,0.26,791,8,0,8,Fitness enthusiast 💪 | Health advocate,Real
12446,203,72,4.51,953,50,0,11,Business inquiries? Contact below 👇,Real
37479,1159,450,0.37,966,58,1,9,Nature lover | Saving the planet 🌍,Real
11702,3328,331,3.82,483,35,0,4,Follow for daily inspiration 🌟,Real
19534,4440,117,0.81,288,2,1,3,Sharing moments from my journey,Real
31277,1597,460,3.38,505,2,0,6,Digital nomad living my best life 🌴,Fake
35901,1445,53,7.46,10,6,0,8,Love exploring new places 🌎,Real
44884,491,95,9.66,696,77,0,5,Passionate traveler and food lover,Fake
4302,1938,143,1.96,31,10,0,5,Follow for daily inspiration 🌟,Fake
15024,1237,236,7.63,112,61,0,10,Photographer and content creator 📸,Real
19484,1848,232,9.71,767,51,0,4,Passionate traveler and food lover,Fake
878,275,129,4.17,53,57,0,7,Foodie | Reviews and recipes,Real
9241,1263,376,2.78,194,31,0,11,Love exploring new places 🌎,Fake
25226,4516,434,6.5,93,10,0,2,Sharing moments from my journey,Fake
4731,1908,475,9.4,22,78,1,10,Personal blog | Stay positive ✨,Real
14991,247,364,3.34,549,17,0,11,Check out my website for more updates!,Fake
9896,4957,265,7.36,879,21,0,9,Aspiring artist | Drawing my dreams,Fake
13511,99,250,3.79,192,43,0,3,Digital nomad living my best life 🌴,Real
19000,4041,96,1.7,226,76,0,9,Passionate traveler and food lover,Real
27381,3295,493,5.33,257,2,0,4,Foodie | Reviews and recipes,Real
49811,603,420,6.13,859,59,0,9,Follow for daily inspiration 🌟,Fake
1208,843,155,1.93,953,33,0,9,Foodie | Reviews and recipes,Fake
2338,4968,321,2.7,166,77,0,4,Nature lover | Saving the planet 🌍,Fake
43284,1048,126,6.91,857,92,0,6,Photographer and content creator 📸,Real
28524,1598,103,0.03,505,12,0,3,Love exploring new places 🌎,Real
33013,764,258,8.76,2,75,0,10,Digital nomad living my best life 🌴,Real
7330,565,367,3.33,986,27,0,11,DM for collaborations or inquiries!,Real
41961,2434,18,7.75,421,97,0,10,Check out my website for more updates!,Real
16450,1427,105,3.92,585,61,0,11,Business inquiries? Contact below 👇,Real
13002,3847,387,1.3,510,65,0,4,Fitness enthusiast 💪 | Health advocate,Real
34432,101,339,5.63,134,60,0,3,Nature lover | Saving the planet 🌍,Real
37404,2594,419,2.27,439,38,0,6,Check out my website for more updates!,Fake
30744,4029,388,8.04,323,23,0,2,Entrepreneur & lifestyle blogger,Fake
8560,4022,423,8.41,158,53,0,6,Passionate traveler and food lover,Fake
25153,2351,258,0.54,431,23,0,7,Personal blog | Stay positive ✨,Fake
6422,1536,492,5.76,704,1,1,3,Love exploring new places 🌎,Real
11276,1574,139,9.76,843,6,0,3,Foodie | Reviews and recipes,Real
44909,3551,110,9.92,298,20,0,9,Nature lover | Saving the planet 🌍,Real
40567,2620,203,3.18,571,82,1,5,Photographer and content creator 📸,Fake
30144,1398,24,4.22,184,49,0,4,Foodie | Reviews and recipes,Fake
42449,4168,327,8.1,440,51,0,8,Photographer and content creator 📸,Real
12836,4699,399,6.76,469,0,0,10,Sharing moments from my journey,Fake
34218,4784,499,6.5,422,8,1,5,Personal blog | Stay positive ✨,Fake
21443,3585,346,0.18,150,82,1,9,Check out my website for more updates!,Fake
39754,3812,416,3.34,428,67,0,6,Nature lover | Saving the planet 🌍,Real
34816,4640,314,4.13,160,20,0,9,Photographer and content creator 📸,Real
44028,2577,360,9.83,573,89,0,6,Digital nomad living my best life 🌴,Fake
31942,3433,495,5.36,595,71,0,4,Foodie | Reviews and recipes,Real
7604,4576,396,3.27,927,39,0,7,DM for collaborations or inquiries!,Real
25211,4931,34,7.49,181,38,0,5,Nature lover | Saving the planet 🌍,Real
8596,1374,222,7.6,12,61,0,10,Fitness enthusiast 💪 | Health advocate,Fake
31983,1414,140,5.19,991,86,0,4,Business inquiries? Contact below 👇,Fake
45217,634,477,6.87,16,31,0,7,Fitness enthusiast 💪 | Health advocate,Fake
20020,3978,40,1.84,417,69,0,6,Love exploring new places 🌎,Real
12579,4505,465,0.28,99,86,0,2,Nature lover | Saving the planet 🌍,Fake
9073,4114,90,9.01,726,28,0,11,Entrepreneur & lifestyle blogger,Fake
22295,2170,246,8.26,141,46,0,2,Nature lover | Saving the planet 🌍,Fake
38469,3030,220,7.13,568,45,0,4,Business inquiries? Contact below 👇,Fake
7160,4113,93,9.04,575,92,0,4,Nature lover | Saving the planet 🌍,Real
11485,2706,61,9.21,923,49,0,11,Sharing moments from my journey,Real
6515,1943,182,8.51,313,17,0,7,Photographer and content creator 📸,Real
1424,250,244,7.52,770,23,0,7,Photographer and content creator 📸,Real
15141,929,479,8.1,586,91,0,8,Aspiring artist | Drawing my dreams,Fake
23620,917,322,8.09,552,2,0,5,DM for collaborations or inquiries!,Fake
23883,3165,493,3.39,96,41,0,6,Check out my website for more updates!,Real
13295,2641,312,7.65,154,80,0,8,Sharing moments from my journey,Fake
3677,2995,151,4.49,710,59,0,5,Foodie | Reviews and recipes,Real
5213,1182,276,4.71,605,2,0,5,Personal blog | Stay positive ✨,Real
22131,3102,173,8.92,992,24,0,2,Fitness enthusiast 💪 | Health advocate,Fake
19156,3415,437,7.04,761,94,0,4,Check out my website for more updates!,Fake
37590,1421,149,2.67,976,9,0,5,Love exploring new places 🌎,Fake
38833,1028,394,3.23,854,83,0,5,DM for collaborations or inquiries!,Fake
24188,622,135,8.41,979,6,0,8,Follow for daily inspiration 🌟,Real
10337,1605,359,7.65,411,35,0,6,Personal blog | Stay positive ✨,Real
33911,3233,445,7.17,690,55,0,3,Fitness enthusiast 💪 | Health advocate,Fake
4156,429,19,7.31,319,91,0,3,Aspiring artist | Drawing my dreams,Real
34658,500,363,0.73,728,22,0,6,Sharing moments from my journey,Real
9247,198,89,5.02,540,3,1,6,Digital nomad living my best life 🌴,Real
3832,3737,426,8.95,119,30,0,10,Entrepreneur & lifestyle blogger,Fake
34711,1298,158,6.72,494,10,0,2,Personal blog | Stay positive ✨,Fake
8880,4855,298,4.13,189,72,0,2,Fitness enthusiast 💪 | Health advocate,Fake
31514,2763,25,3.87,925,35,0,6,Fitness enthusiast 💪 | Health advocate,Real
37773,2477,79,9.85,195,17,0,8,DM for collaborations or inquiries!,Fake
19329,4193,53,4.12,928,26,0,10,Photographer and content creator 📸,Fake
20152,524,352,7.05,460,73,0,11,Photographer and content creator 📸,Real
27009,4146,361,1.67,393,67,0,7,Photographer and content creator 📸,Fake
28823,3026,284,7.37,52,83,0,4,Love exploring new places 🌎,Real
8024,2341,376,7.62,941,72,0,1,Fitness enthusiast 💪 | Health advocate,Real
49988,4098,184,1.25,429,33,0,4,Aspiring artist | Drawing my dreams,Real
35925,4252,138,3.21,633,91,1,11,Personal blog | Stay positive ✨,Real
1707,1028,286,1.7,134,96,0,8,Sharing moments from my journey,Fake
26625,4683,453,6.71,832,78,0,8,Foodie | Reviews and recipes,Fake
6200,4202,42,0.94,359,65,0,8,Nature lover | Saving the planet 🌍,Real
39528,1560,29,0.58,485,95,0,2,Passionate traveler and food lover,Real
39797,1144,243,0.63,548,23,0,11,Personal blog | Stay positive ✨,Fake
40547,746,388,0.69,302,17,0,7,Nature lover | Saving the planet 🌍,Fake
7918,2944,434,3.77,25,18,0,3,Love exploring new places 🌎,Real
9196,4132,155,2.5,394,33,1,6,Sharing moments from my journey,Real
36265,2115,499,8.57,863,41,0,10,Fitness enthusiast 💪 | Health advocate,Fake
17184,4791,28,6.75,832,46,0,5,Fitness enthusiast 💪 | Health advocate,Fake
2763,2552,431,7.12,233,32,0,7,Sharing moments from my journey,Fake
29802,3892,396,6.6,119,88,0,10,Check out my website for more updates!,Fake
40351,2527,413,4.59,877,59,0,3,Photographer and content creator 📸,Fake
10227,4110,32,1.32,792,86,0,10,Fitness enthusiast 💪 | Health advocate,Fake
22904,4937,262,3.75,613,83,0,3,Fitness enthusiast 💪 | Health advocate,Fake
18678,126,403,8.24,179,79,0,9,Nature lover | Saving the planet 🌍,Real
15292,2063,113,7.71,41,55,0,11,Digital nomad living my best life 🌴,Fake
6762,3657,26,6.28,477,69,0,2,Passionate traveler and food lover,Real
15067,3576,42,5.55,74,69,0,2,Personal blog | Stay positive ✨,Fake
30821,2195,424,3.31,299,77,0,4,Aspiring artist | Drawing my dreams,Fake
30332,166,82,9.75,22,67,0,5,DM for collaborations or inquiries!,Fake
4915,3946,209,6.9,62,74,0,5,Nature lover | Saving the planet 🌍,Real
46974,2157,144,5.82,996,77,0,3,Foodie | Reviews and recipes,Real
662,3312,364,8.01,705,56,0,4,Foodie | Reviews and recipes,Fake
49567,437,288,0.87,795,6,0,6,Digital nomad living my best life 🌴,Fake
39872,4683,455,8.59,615,71,0,2,DM for collaborations or inquiries!,Real
34983,1830,415,3.91,520,19,0,7,Fitness enthusiast 💪 | Health advocate,Real
2791,2880,432,9.89,218,16,0,3,Nature lover | Saving the planet 🌍,Fake
23097,762,22,8.28,705,51,0,9,Aspiring artist | Drawing my dreams,Real
20860,2225,59,3.81,573,22,1,2,DM for collaborations or inquiries!,Real
7527,1245,236,0.36,443,28,0,6,Photographer and content creator 📸,Fake
32392,4475,324,8.78,790,52,0,10,DM for collaborations or inquiries!,Fake
23858,4942,376,5.87,44,79,0,3,Check out my website for more updates!,Fake
26194,3280,333,8.58,920,68,0,5,Foodie | Reviews and recipes,Fake
18750,3592,422,3.82,141,3,0,10,Love exploring new places 🌎,Real
10086,2897,334,6.32,852,37,0,11,Sharing moments from my journey,Real
37156,2860,439,9.49,766,83,0,11,Personal blog | Stay positive ✨,Fake
32028,4171,397,8.75,942,6,1,7,Aspiring artist | Drawing my dreams,Real
39157,2875,45,0.95,3,56,0,3,Entrepreneur & lifestyle blogger,Fake
25894,163,262,7.37,437,41,0,11,Entrepreneur & lifestyle blogger,Real
39244,2514,373,9.31,185,14,0,9,Nature lover | Saving the planet 🌍,Real
24130,1142,83,7.53,402,14,0,6,Aspiring artist | Drawing my dreams,Fake
3407,2444,418,2.99,207,12,0,2,Photographer and content creator 📸,Fake
20519,3535,20,6.47,449,46,1,2,Passionate traveler and food lover,Real
43927,2200,5,9.33,721,56,0,10,DM for collaborations or inquiries!,Fake
23860,3157,115,0.82,92,20,0,5,Follow for daily inspiration 🌟,Fake
35975,1239,359,8.57,25,12,0,10,Personal blog | Stay positive ✨,Fake
1200,2505,4,8.4,286,5,1,5,Check out my website for more updates!,Fake
43909,1014,190,7.9,781,78,0,2,Love exploring new places 🌎,Fake
18808,2793,225,6.24,824,71,0,9,Nature lover | Saving the planet 🌍,Real
33236,3070,53,3.16,105,12,0,9,Personal blog | Stay positive ✨,Real
37377,1441,327,4.93,397,86,0,5,Nature lover | Saving the planet 🌍,Fake
49582,4162,69,2.57,541,31,0,6,Passionate traveler and food lover,Real
21248,2435,17,1.69,83,16,0,8,Passionate traveler and food lover,Fake
11534,1499,41,2.71,156,61,0,4,Follow for daily inspiration 🌟,Real
24718,231,169,9.91,271,48,0,5,Aspiring artist | Drawing my dreams,Fake
16255,4504,118,8.34,353,5,0,5,Aspiring artist | Drawing my dreams,Fake
2619,4577,224,7.88,86,3,0,6,Love exploring new places 🌎,Fake
46028,4524,3,5.37,510,16,0,1,Personal blog | Stay positive ✨,Real
12060,1677,191,9.43,447,4,0,9,Personal blog | Stay positive ✨,Fake
27903,646,315,1.92,621,47,0,4,Personal blog | Stay positive ✨,Real
33822,4965,355,4.47,520,19,1,2,Follow for daily inspiration 🌟,Real
45817,285,94,8.96,810,51,0,9,DM for collaborations or inquiries!,Real
22582,3540,75,7.5,99,57,1,5,Sharing moments from my journey,Real
39601,2992,193,8.7,261,31,0,11,Foodie | Reviews and recipes,Fake
3418,70,121,7.26,448,38,1,5,DM for collaborations or inquiries!,Fake
3222,2688,95,1.8,285,83,0,11,DM for collaborations or inquiries!,Real
40034,2109,210,6.47,338,13,1,2,Foodie | Reviews and recipes,Fake
39849,4146,307,8.96,316,10,0,6,Nature lover | Saving the planet 🌍,Fake
37104,4184,380,1.02,964,63,0,6,Follow for daily inspiration 🌟,Fake
46130,4460,55,1.01,179,91,0,4,Fitness enthusiast 💪 | Health advocate,Real
23650,4350,188,9.67,28,64,0,9,Sharing moments from my journey,Real
37545,670,94,3.44,720,75,0,6,Aspiring artist | Drawing my dreams,Fake
9906,3451,213,9.11,30,70,0,9,Nature lover | Saving the planet 🌍,Fake
42021,4141,199,1.73,208,92,0,11,Fitness enthusiast 💪 | Health advocate,Fake
24810,3034,464,4.44,726,41,0,4,Fitness enthusiast 💪 | Health advocate,Fake
18356,3177,492,3.63,90,32,0,8,Aspiring artist | Drawing my dreams,Fake
18936,3196,231,2.5,533,4,0,6,Business inquiries? Contact below 👇,Fake
2487,412,107,0.48,406,33,0,3,Fitness enthusiast 💪 | Health advocate,Real
28252,3210,235,8.48,318,69,0,8,Fitness enthusiast 💪 | Health advocate,Real
7004,3374,151,1.59,332,33,0,8,Photographer and content creator 📸,Real
25212,767,239,3.88,336,37,0,11,Check out my website for more updates!,Real
30465,3955,270,8.36,806,34,0,6,Foodie | Reviews and recipes,Real
2668,3466,322,2.02,301,55,1,10,Follow for daily inspiration 🌟,Fake
6144,163,344,7.48,618,34,0,7,Foodie | Reviews and recipes,Fake
9080,4838,18,0.82,671,65,0,2,Sharing moments from my journey,Real
49405,3106,42,8.5,563,15,0,7,Personal blog | Stay positive ✨,Fake
30291,774,39,2.25,932,73,0,11,Nature lover | Saving the planet 🌍,Fake
41939,3161,318,2.24,880,25,0,2,Nature lover | Saving the planet 🌍,Fake
31960,303,225,3.96,376,19,0,7,Personal blog | Stay positive ✨,Real
20286,240,106,5.23,353,13,0,4,Sharing moments from my journey,Real
40936,3394,447,7.94,246,37,0,7,Fitness enthusiast 💪 | Health advocate,Real
43155,1872,155,9.64,988,88,0,9,Business inquiries? Contact below 👇,Real
12999,3573,19,0.48,591,33,0,3,Digital nomad living my best life 🌴,Fake
32314,887,452,2.34,205,89,0,4,Nature lover | Saving the planet 🌍,Fake
36980,740,364,3.19,489,43,0,3,Personal blog | Stay positive ✨,Fake
4093,1055,296,5.58,673,9,0,8,Aspiring artist | Drawing my dreams,Real
16607,464,142,6.4,360,85,1,8,DM for collaborations or inquiries!,Fake
16792,1175,26,5.17,93,53,0,3,Fitness enthusiast 💪 | Health advocate,Fake
2281,4207,90,0.79,115,2,0,2,Love exploring new places 🌎,Real
7518,2034,403,8.39,856,48,0,7,DM for collaborations or inquiries!,Real
20926,2032,481,5.5,244,54,0,7,Passionate traveler and food lover,Real
8436,547,337,2.15,125,60,0,8,Entrepreneur & lifestyle blogger,Real
4726,4103,55,9.64,962,96,0,9,Fitness enthusiast 💪 | Health advocate,Fake
415,2425,122,6.18,234,81,0,6,Sharing moments from my journey,Fake
6562,2981,286,2.4,424,65,0,6,DM for collaborations or inquiries!,Real
738,43,169,3.33,139,39,1,3,Love exploring new places 🌎,Fake
39791,4778,293,1.42,891,12,0,9,Entrepreneur & lifestyle blogger,Real
15224,980,313,4.9,692,10,0,7,Photographer and content creator 📸,Real
1950,2011,406,4.77,911,92,0,1,Love exploring new places 🌎,Real
5549,4403,241,3.4,559,32,0,5,Entrepreneur & lifestyle blogger,Fake
28857,4928,334,5.68,200,30,0,6,Check out my website for more updates!,Real
28848,3708,72,3.44,773,90,0,7,Sharing moments from my journey,Real
48041,4604,428,7.05,192,49,0,6,Aspiring artist | Drawing my dreams,Fake
49414,4303,393,9.77,463,47,0,9,Business inquiries? Contact below 👇,Fake
39006,4529,65,6.94,528,61,0,6,Photographer and content creator 📸,Real
23937,173,387,3.33,43,93,0,5,Fitness enthusiast 💪 | Health advocate,Real
5048,2403,414,0.06,775,43,0,8,Passionate traveler and food lover,Real
37326,3099,132,4.04,499,14,0,11,Personal blog | Stay positive ✨,Real
30111,2263,387,9.72,83,3,0,3,Follow for daily inspiration 🌟,Real
3337,3634,75,5.92,532,54,0,9,Foodie | Reviews and recipes,Fake
2232,4015,455,8.39,236,69,0,10,Nature lover | Saving the planet 🌍,Fake
30557,279,405,9.49,856,28,0,9,Personal blog | Stay positive ✨,Real
18349,4290,335,7.82,660,40,0,3,Personal blog | Stay positive ✨,Fake
35217,1832,39,8.11,994,55,0,11,Follow for daily inspiration 🌟,Real
11839,3051,59,4.52,617,10,1,8,Nature lover | Saving the planet 🌍,Fake
49388,2589,147,2.12,784,99,0,8,Follow for daily inspiration 🌟,Real
15937,2561,71,6.22,851,22,0,3,Personal blog | Stay positive ✨,Real
27390,1070,172,7.08,540,29,0,5,Fitness enthusiast 💪 | Health advocate,Real
26004,3231,425,4.68,234,34,0,9,Passionate traveler and food lover,Real
13987,995,62,2.5,350,98,0,3,Passionate traveler and food lover,Fake
18035,3307,192,2.64,51,20,0,4,DM for collaborations or inquiries!,Real
29876,3143,16,7.83,22,17,0,9,Personal blog | Stay positive ✨,Real
48306,3350,15,5.45,397,65,0,9,Love exploring new places 🌎,Fake
6103,487,278,7.37,219,19,0,9,Follow for daily inspiration 🌟,Real
20479,790,293,9.57,999,13,0,11,Check out my website for more updates!,Fake
42661,364,136,3.75,526,34,0,5,Love exploring new places 🌎,Fake
15163,2990,310,7.01,177,75,0,3,Digital nomad living my best life 🌴,Real
8607,4933,281,4.23,748,57,0,2,Foodie | Reviews and recipes,Real
16690,2060,144,9.1,487,96,0,5,Personal blog | Stay positive ✨,Real
28532,849,209,9.33,632,69,0,4,Follow for daily inspiration 🌟,Real
43472,508,240,7.43,472,16,0,11,Aspiring artist | Drawing my dreams,Fake
37382,1167,473,8.59,701,54,0,6,Photographer and content creator 📸,Fake
6310,2578,406,8.06,377,61,1,6,Love exploring new places 🌎,Fake
8982,2115,0,2.79,946,99,0,8,Business inquiries? Contact below 👇,Real
32680,300,13,7.18,148,86,0,2,Personal blog | Stay positive ✨,Real
20648,372,52,6.13,414,13,0,5,Love exploring new places 🌎,Fake
35574,1153,63,4.47,767,52,1,2,Sharing moments from my journey,Real
2137,3790,400,1.05,282,61,0,11,Photographer and content creator 📸,Real
12111,1624,114,6.82,888,94,0,5,Aspiring artist | Drawing my dreams,Real
33425,2119,422,3.34,828,70,0,9,Fitness enthusiast 💪 | Health advocate,Real
32684,3635,286,4.23,889,52,1,3,Foodie | Reviews and recipes,Real
17319,3894,81,1.11,747,20,1,9,Personal blog | Stay positive ✨,Real
31521,4520,78,1.38,537,44,0,2,Aspiring artist | Drawing my dreams,Real
14513,4690,183,0.17,292,72,1,7,Nature lover | Saving the planet 🌍,Real
38925,1376,284,2.68,145,47,0,4,Business inquiries? Contact below 👇,Fake
41912,4052,300,8.59,811,15,0,3,Personal blog | Stay positive ✨,Real
45303,3932,436,3.53,458,33,1,11,Follow for daily inspiration 🌟,Fake
19727,4711,370,3.33,32,19,0,4,Fitness enthusiast 💪 | Health advocate,Real
40614,4325,48,4.49,24,85,0,6,Follow for daily inspiration 🌟,Fake
41435,2567,314,5.93,641,83,0,11,Business inquiries? Contact below 👇,Fake
26413,3856,156,3.62,697,74,0,5,Business inquiries? Contact below 👇,Fake
23567,4299,492,0.57,4,18,0,2,DM for collaborations or inquiries!,Real
10238,4031,434,5.96,884,97,0,6,Passionate traveler and food lover,Real
23178,2025,81,7.05,568,72,0,11,Passionate traveler and food lover,Real
29557,3655,482,8.67,899,74,0,3,Fitness enthusiast 💪 | Health advocate,Real
4760,2294,123,7.09,636,2,0,8,Photographer and content creator 📸,Fake
45175,2379,327,9.51,619,27,0,10,Photographer and content creator 📸,Real
23269,1221,97,3.07,636,87,0,8,Entrepreneur & lifestyle blogger,Fake
34728,4516,482,2.22,810,71,0,7,DM for collaborations or inquiries!,Real
1479,591,83,0.92,309,9,0,3,Business inquiries? Contact below 👇,Fake
40344,2182,344,0.74,874,60,0,7,Aspiring artist | Drawing my dreams,Real
29232,1766,161,6.02,647,69,0,4,Fitness enthusiast 💪 | Health advocate,Real
10230,4351,72,3.64,573,37,0,2,Aspiring artist | Drawing my dreams,Real
25323,305,235,6.25,770,54,0,10,Nature lover | Saving the planet 🌍,Fake
6916,138,450,9.2,363,77,0,6,Sharing moments from my journey,Fake
34727,4246,100,0.87,942,74,0,11,Foodie | Reviews and recipes,Real
14555,81,357,0.89,305,34,0,11,Nature lover | Saving the planet 🌍,Real
39185,3319,401,5.39,812,35,0,6,Personal blog | Stay positive ✨,Fake
47430,2334,4,4.97,670,32,0,7,Foodie | Reviews and recipes,Real
13211,2039,450,7.02,208,34,0,11,Photographer and content creator 📸,Real
22276,4272,72,6.45,465,26,0,8,Aspiring artist | Drawing my dreams,Real
7079,3129,475,0.36,33,82,0,6,Photographer and content creator 📸,Real
35712,2305,391,6.07,377,55,0,8,Fitness enthusiast 💪 | Health advocate,Real
39844,4247,118,0.8,891,48,0,2,Entrepreneur & lifestyle blogger,Real
44704,3336,391,0.59,704,35,1,11,Personal blog | Stay positive ✨,Fake
5383,4932,259,2.56,482,12,0,2,Entrepreneur & lifestyle blogger,Real
43862,4593,433,1.72,727,41,0,8,Digital nomad living my best life 🌴,Fake
16961,3026,463,0.14,381,76,0,3,Follow for daily inspiration 🌟,Real
32264,2728,266,1.71,626,23,0,3,Aspiring artist | Drawing my dreams,Fake
18123,1849,492,8.78,788,7,0,5,Check out my website for more updates!,Real
31874,2641,116,9.27,249,89,0,6,Passionate traveler and food lover,Real
23144,2156,370,9.28,230,11,0,4,Foodie | Reviews and recipes,Real
20943,704,329,9.72,430,69,0,8,Photographer and content creator 📸,Real
29010,4771,319,2.82,26,48,0,5,Follow for daily inspiration 🌟,Real
7361,3349,358,2.17,696,99,0,5,Business inquiries? Contact below 👇,Fake
26827,3287,186,0.29,308,25,0,6,Nature lover | Saving the planet 🌍,Fake
6723,2593,487,0.13,998,50,0,7,Entrepreneur & lifestyle blogger,Fake
32472,3776,31,8.64,834,76,0,8,Sharing moments from my journey,Fake
44896,3457,217,6.51,262,23,0,4,Follow for daily inspiration 🌟,Fake
30732,618,255,3.78,120,72,0,7,Love exploring new places 🌎,Real
36100,812,206,1.04,318,51,0,9,Sharing moments from my journey,Fake
33889,3197,292,0.23,271,22,0,1,Love exploring new places 🌎,Fake
47768,1917,21,3.52,753,83,0,8,Fitness enthusiast 💪 | Health advocate,Real
38994,4873,409,4.8,398,27,1,6,Digital nomad living my best life 🌴,Fake
16305,3300,370,3.88,529,36,0,4,Sharing moments from my journey,Real
25221,2126,499,7.55,746,24,0,1,Aspiring artist | Drawing my dreams,Real
1404,202,365,4.04,855,89,0,2,Sharing moments from my journey,Real
42490,1879,332,8.64,42,45,1,6,Follow for daily inspiration 🌟,Fake
10233,1989,227,5.57,993,66,1,10,Aspiring artist | Drawing my dreams,Fake
26010,2135,305,7.33,986,65,0,3,Personal blog | Stay positive ✨,Real
23072,984,457,3.11,863,29,0,7,Entrepreneur & lifestyle blogger,Fake
3150,1871,417,1.93,258,83,1,3,Foodie | Reviews and recipes,Fake
36252,3762,22,2.24,809,14,0,4,Digital nomad living my best life 🌴,Fake
28768,133,255,8.71,736,50,0,5,Fitness enthusiast 💪 | Health advocate,Fake
31551,1548,431,5.81,215,5,0,8,Nature lover | Saving the planet 🌍,Fake
34187,2792,2,6.85,286,79,1,4,Fitness enthusiast 💪 | Health advocate,Real
35082,4738,170,6.29,635,16,0,11,Check out my website for more updates!,Fake
4881,4742,417,4.1,493,99,0,3,Business inquiries? Contact below 👇,Fake
29323,4772,323,6.15,697,71,1,9,Aspiring artist | Drawing my dreams,Fake
20154,3582,96,9.28,964,48,0,8,Sharing moments from my journey,Real
21229,4195,426,7.64,580,13,0,3,Nature lover | Saving the planet 🌍,Real
27029,3575,311,7.94,352,44,0,2,Aspiring artist | Drawing my dreams,Fake
22230,3763,351,3.15,653,73,0,11,Follow for daily inspiration 🌟,Real
17950,4356,65,8.99,946,91,0,7,Aspiring artist | Drawing my dreams,Fake
30684,3281,381,4.3,650,69,0,9,Sharing moments from my journey,Fake
25245,642,319,4.1,90,51,0,8,Fitness enthusiast 💪 | Health advocate,Real
22580,710,112,0.49,871,78,0,4,Fitness enthusiast 💪 | Health advocate,Real
23623,3373,447,0.62,12,57,0,3,Check out my website for more updates!,Real
7554,2712,439,1.88,232,88,0,8,Sharing moments from my journey,Fake
39146,1542,481,1.18,371,97,0,7,Aspiring artist | Drawing my dreams,Fake
31357,2475,40,4.82,186,38,0,4,Aspiring artist | Drawing my dreams,Real
36351,1374,332,6.41,914,62,0,10,Entrepreneur & lifestyle blogger,Real
43080,2538,435,3.89,907,36,0,11,DM for collaborations or inquiries!,Real
814,788,427,9.73,587,16,0,1,Foodie | Reviews and recipes,Fake
8362,2019,350,9.7,493,91,0,2,Nature lover | Saving the planet 🌍,Real
5622,636,303,0.67,447,17,0,10,Love exploring new places 🌎,Fake
19403,4765,172,7.37,455,51,0,6,Nature lover | Saving the planet 🌍,Real
47361,4303,292,7.72,850,48,0,8,Nature lover | Saving the planet 🌍,Fake
29770,3399,127,0.67,295,14,0,11,Entrepreneur & lifestyle blogger,Fake
10304,3334,88,5.96,679,28,0,2,Personal blog | Stay positive ✨,Real
23074,4015,226,7.74,437,28,0,11,Check out my website for more updates!,Real
40087,2738,225,3.26,852,89,0,9,Follow for daily inspiration 🌟,Fake
