Followers,Following,Posts,Engagement Rate (%),Avg Likes per Post,Avg Comments per Post,Verified,Account Age (Years),Bio Text,Account Type
53,912,317,5.269567009802423,457,82,0,6,Passionate traveler and food lover,Real
5146,4626,215,8.04,409,84,0,6,DM for collaborations or inquiries!,Fake
25784,916,1,9.37,678,19,0,9,DM for collaborations or inquiries!,Real
22557,2280,337,2.7064652350260374,563,51,1,4,Personal blog | Stay positive ✨,Real
8024,2341,376,7.62,941,72,0,1,Fitness enthusiast 💪 | Health advocate,Real
6197,4498,41,4.36,496,49,0,3,Nature lover | Saving the planet 🌍,Real
38548,1805,379,5.461831140028129,353,77,0,4,Personal blog | Stay positive ✨,Fake
40322,840,108,0.5891128890353459,296,62,0,1,DM for collaborations or inquiries!,Fake
41231,2000,450,3.9164280409181433,245,58,0,5,Foodie | Reviews and recipes,Fake
32917,1366,373,8.21,677,25,1,9,Love exploring new places 🌎,Fake
27673,1803,469,4.4757707075513,999,59,1,4,Fitness enthusiast 💪 | Health advocate,Fake
37243,1971,43,1.87,954,83,0,11,Love exploring new places 🌎,Fake
27812,1303,499,2.9536805852027346,537,83,1,7,Foodie | Reviews and recipes,Fake
53,545,48,2.416477208335009,340,89,1,7,Entrepreneur & lifestyle blogger,Fake
29379,4128,11,9.14,931,19,0,11,Aspiring artist | Drawing my dreams,Fake
40970,2001,44,9.91,45,45,0,6,Foodie | Reviews and recipes,Real
29075,2079,237,1.597300911079174,864,26,0,7,Aspiring artist | Drawing my dreams,Real
22750,3801,294,5.041526607827219,315,63,1,4,Sharing moments from my journey,Fake
38830,2002,252,0.39,758,90,0,1,Fitness enthusiast 💪 | Health advocate,Fake
13762,3736,364,4.46,722,2,0,10,Sharing moments from my journey,Fake
23575,3474,131,9.61,190,92,0,6,Entrepreneur & lifestyle blogger,Fake
47355,281,476,9.31,504,0,0,7,DM for collaborations or inquiries!,Fake
33647,3308,166,4.74,732,46,0,2,Entrepreneur & lifestyle blogger,Real
39071,2606,217,3.1,90,44,0,10,Entrepreneur & lifestyle blogger,Real
49998,1367,196,5.0047135241076175,191,20,0,6,Fitness enthusiast 💪 | Health advocate,Real
7464,4999,112,6.414192831491198,661,0,1,5,Business inquiries? Contact below 👇,Real
28772,1588,417,3.77,961,10,0,6,Fitness enthusiast 💪 | Health advocate,Real
23742,1189,166,0.34,568,9,0,9,Business inquiries? Contact below 👇,Real
47245,2153,386,6.69,417,78,0,6,Sharing moments from my journey,Fake
19153,2245,131,0.5797206804380037,403,72,1,6,Foodie | Reviews and recipes,Fake
38854,2195,92,2.22,140,68,0,5,Photographer and content creator 📸,Real
13705,4217,388,2.49,547,82,0,8,Follow for daily inspiration 🌟,Real
10598,916,425,7.48,326,85,0,8,Love exploring new places 🌎,Real
12404,3703,480,5.78,704,46,1,9,DM for collaborations or inquiries!,Real
38246,1255,447,1.24,626,22,0,11,Follow for daily inspiration 🌟,Real
6253,3804,166,8.82,397,46,0,7,Love exploring new places 🌎,Fake
36712,365,285,8.467707115403853,437,0,0,10,DM for collaborations or inquiries!,Fake
47668,640,7,1.67,835,11,0,7,Foodie | Reviews and recipes,Fake
36937,1081,400,0.25,640,45,0,7,Love exploring new places 🌎,Fake
37404,2594,419,2.27,439,38,0,6,Check out my website for more updates!,Fake
36907,3505,161,7.15,418,87,0,4,Entrepreneur & lifestyle blogger,Fake
2782,1845,399,7.56,504,95,0,6,Digital nomad living my best life 🌴,Fake
24545,4097,206,7.32,571,79,0,2,Passionate traveler and food lover,Fake
46023,2890,93,5.394984112524297,0,50,1,2,Aspiring artist | Drawing my dreams,Fake
49023,4997,290,8.47,332,22,0,9,Passionate traveler and food lover,Real
6570,2720,248,2.58,572,62,0,4,Follow for daily inspiration 🌟,Fake
42874,4653,51,5.297355585533725,568,98,1,1,Nature lover | Saving the planet 🌍,Fake
40531,3587,499,7.0821191533466585,0,42,0,5,Digital nomad living my best life 🌴,Fake
10740,1269,425,9.5,431,93,0,9,Business inquiries? Contact below 👇,Fake
24943,1572,103,5.470602665780004,532,30,1,5,Love exploring new places 🌎,Real
10852,913,190,0.0,719,29,1,10,Love exploring new places 🌎,Fake
43993,4999,478,10.0,999,45,0,2,Passionate traveler and food lover,Real
28023,10,0,10.0,591,0,0,9,Aspiring artist | Drawing my dreams,Real
19002,1367,81,8.83,96,7,1,2,Fitness enthusiast 💪 | Health advocate,Real
36021,999,59,7.09,504,93,0,3,Nature lover | Saving the planet 🌍,Fake
34842,1496,354,3.33,53,73,0,11,Foodie | Reviews and recipes,Real
24781,4872,231,4.8,509,62,0,10,Passionate traveler and food lover,Fake
4253,1569,269,0.2573475409753127,553,40,1,5,Passionate traveler and food lover,Fake
26321,3413,106,4.94,811,25,0,10,Follow for daily inspiration 🌟,Fake
14924,256,80,9.13,881,25,1,6,Entrepreneur & lifestyle blogger,Real
25076,1576,111,9.44,190,82,0,11,Foodie | Reviews and recipes,Real
14146,3109,499,10.0,999,62,0,10,Love exploring new places 🌎,Real
40180,2777,132,1.07,905,13,0,6,Nature lover | Saving the planet 🌍,Real
34180,937,22,8.38,670,58,0,8,Aspiring artist | Drawing my dreams,Real
3126,1344,341,0.0,630,45,1,6,Aspiring artist | Drawing my dreams,Real
3463,4966,205,0.74,768,41,0,4,Business inquiries? Contact below 👇,Real
26279,1303,60,0.0,857,70,1,3,Foodie | Reviews and recipes,Fake
12376,1737,185,7.26,217,69,0,4,Passionate traveler and food lover,Real
47164,4931,373,2.91,557,67,0,8,Check out my website for more updates!,Fake
31535,1089,230,6.836204196022253,153,19,0,8,DM for collaborations or inquiries!,Fake
2927,3550,440,6.8,996,62,0,7,Check out my website for more updates!,Fake
38824,2283,211,4.78,290,81,0,5,Passionate traveler and food lover,Real
26403,230,60,9.42,73,86,0,9,Personal blog | Stay positive ✨,Real
14972,4800,147,6.45,116,58,0,8,Check out my website for more updates!,Real
19915,1382,95,3.48,236,4,0,7,Nature lover | Saving the planet 🌍,Real
47796,346,158,1.86,360,99,0,9,Personal blog | Stay positive ✨,Real
33089,4147,293,4.182514863049788,863,87,0,4,Follow for daily inspiration 🌟,Real
35057,2052,422,6.8,357,31,0,5,DM for collaborations or inquiries!,Fake
5679,3046,106,2.96,8,98,0,9,Personal blog | Stay positive ✨,Real
49430,33,51,1.85,737,64,0,8,Passionate traveler and food lover,Real
1184,1211,394,9.41,64,86,0,8,Check out my website for more updates!,Real
30982,3012,188,4.4499555367123005,772,46,1,8,Fitness enthusiast 💪 | Health advocate,Fake
40639,2424,321,5.73,208,6,0,9,Fitness enthusiast 💪 | Health advocate,Fake
49998,1235,66,2.851452046429217,341,98,0,7,Follow for daily inspiration 🌟,Real
47155,2690,238,9.082185913483094,544,98,0,2,Aspiring artist | Drawing my dreams,Real
17133,3647,347,7.25,495,26,0,9,Follow for daily inspiration 🌟,Fake
18974,1541,306,0.0,352,0,0,6,Personal blog | Stay positive ✨,Fake
12845,1544,454,6.82,971,99,0,10,Foodie | Reviews and recipes,Real
24294,2551,96,4.47,27,90,1,3,Digital nomad living my best life 🌴,Fake
6498,1748,157,2.45,616,36,0,7,Business inquiries? Contact below 👇,Real
17555,3817,126,9.52,304,60,0,3,Love exploring new places 🌎,Fake
36279,4386,151,8.42,510,29,0,9,Check out my website for more updates!,Fake
11881,1142,88,3.65,462,39,1,7,Sharing moments from my journey,Fake
26542,2650,68,4.88,684,23,0,5,Foodie | Reviews and recipes,Fake
17338,597,254,7.693603678492559,999,77,0,1,DM for collaborations or inquiries!,Fake
40320,1497,125,6.562726677587592,683,0,0,10,DM for collaborations or inquiries!,Fake
45107,3637,75,9.95,973,88,0,4,DM for collaborations or inquiries!,Fake
28418,1054,166,0.0,335,71,0,2,Nature lover | Saving the planet 🌍,Fake
14254,4506,403,9.72,578,36,0,11,Fitness enthusiast 💪 | Health advocate,Fake
14922,1342,212,5.02,485,60,0,3,Aspiring artist | Drawing my dreams,Real
28544,4849,259,1.7233729952421837,406,57,1,4,Love exploring new places 🌎,Fake
38530,3057,369,7.52,448,29,0,9,Sharing moments from my journey,Real
45163,384,88,2.83,972,97,0,8,Love exploring new places 🌎,Fake
33999,3634,214,9.517530234696364,290,18,1,6,Check out my website for more updates!,Fake
11541,1735,413,0.9796383719355148,962,4,0,3,Foodie | Reviews and recipes,Real
21981,2182,116,4.077659884139748,413,89,1,3,Photographer and content creator 📸,Real
39006,4529,65,6.94,528,61,0,6,Photographer and content creator 📸,Real
17385,3730,436,8.02,856,68,0,9,Fitness enthusiast 💪 | Health advocate,Real
21460,3963,354,3.62,159,37,0,4,Love exploring new places 🌎,Fake
44831,725,325,5.99,699,57,0,4,Aspiring artist | Drawing my dreams,Fake
23844,1755,499,0.0,325,93,0,9,Digital nomad living my best life 🌴,Real
28412,181,303,2.94,895,92,0,4,Love exploring new places 🌎,Fake
3078,10,171,4.717279584845761,641,59,0,2,Foodie | Reviews and recipes,Real
9159,3701,299,4.47,429,87,0,6,Follow for daily inspiration 🌟,Fake
5832,10,190,4.05535290615433,999,45,0,4,Business inquiries? Contact below 👇,Fake
29098,4999,499,3.5884929576865536,401,18,1,11,Aspiring artist | Drawing my dreams,Real
10943,337,438,6.15,630,51,0,9,Aspiring artist | Drawing my dreams,Real
2598,1744,345,6.18,552,79,0,8,DM for collaborations or inquiries!,Real
15993,493,3,6.11,338,78,0,5,Sharing moments from my journey,Real
49293,560,428,1.56,347,0,0,6,DM for collaborations or inquiries!,Real
53,4999,475,0.0,777,84,0,5,Fitness enthusiast 💪 | Health advocate,Real
11348,4746,196,9.45652678454828,425,49,0,6,Photographer and content creator 📸,Real
43667,774,344,9.18,337,27,0,3,Nature lover | Saving the planet 🌍,Fake
30786,4486,156,6.94,549,0,0,2,Business inquiries? Contact below 👇,Real
34099,55,384,9.04,344,22,0,4,Fitness enthusiast 💪 | Health advocate,Fake
26253,2276,258,6.46773446128636,268,48,0,6,Foodie | Reviews and recipes,Fake
43254,1591,92,1.13,300,98,0,6,Digital nomad living my best life 🌴,Fake
34360,4852,199,0.15,231,77,0,3,Digital nomad living my best life 🌴,Fake
29011,2561,438,5.551795600134581,165,95,1,11,Love exploring new places 🌎,Fake
31021,2448,402,9.17,853,57,0,5,Check out my website for more updates!,Fake
45799,3566,309,5.509455684362592,762,24,1,9,Fitness enthusiast 💪 | Health advocate,Real
19995,1440,109,6.49,387,58,0,5,Personal blog | Stay positive ✨,Real
41906,4432,137,1.86,375,4,0,7,Check out my website for more updates!,Fake
23347,4137,499,7.097071210900997,577,71,1,7,Follow for daily inspiration 🌟,Fake
27243,1333,245,3.6,828,33,0,7,Photographer and content creator 📸,Real
23016,2883,269,5.96837344182269,489,55,0,7,Foodie | Reviews and recipes,Fake
19012,10,0,3.255171466880623,105,51,1,3,Digital nomad living my best life 🌴,Fake
10778,4249,136,2.33,647,83,0,11,Fitness enthusiast 💪 | Health advocate,Fake
14643,1860,445,4.120149149928467,179,33,1,10,Digital nomad living my best life 🌴,Real
24752,1582,209,5.995258576009872,852,8,1,6,Business inquiries? Contact below 👇,Fake
40579,1276,131,5.99,724,64,0,3,Foodie | Reviews and recipes,Real
2803,274,233,4.7,591,95,0,7,Sharing moments from my journey,Fake
31668,389,485,2.53,937,4,1,4,Follow for daily inspiration 🌟,Fake
2616,2185,261,9.43,984,50,1,8,Aspiring artist | Drawing my dreams,Fake
22464,2636,266,0.3915019095984178,351,26,1,5,DM for collaborations or inquiries!,Real
11451,736,189,2.73,878,51,0,5,Check out my website for more updates!,Real
22776,4133,367,0.51,386,21,1,6,Nature lover | Saving the planet 🌍,Real
36676,315,250,1.95,332,79,0,10,Entrepreneur & lifestyle blogger,Real
41480,3713,262,4.87,33,94,1,2,Digital nomad living my best life 🌴,Fake
11551,1357,246,5.1,653,10,0,11,Entrepreneur & lifestyle blogger,Real
731,1717,408,9.8,24,30,0,6,Entrepreneur & lifestyle blogger,Real
19534,4440,117,0.81,288,2,1,3,Sharing moments from my journey,Real
34168,49,90,5.962447405364202,122,60,1,6,Personal blog | Stay positive ✨,Real
48547,3236,193,4.134866572484833,887,63,0,4,Sharing moments from my journey,Fake
34356,3570,350,4.69,243,79,0,9,Business inquiries? Contact below 👇,Fake
12530,3976,239,5.812328413504788,515,27,1,8,Personal blog | Stay positive ✨,Fake
1283,1527,435,4.41,657,4,0,7,Photographer and content creator 📸,Fake
37279,36,145,4.39,563,37,0,11,DM for collaborations or inquiries!,Fake
22431,1511,489,6.5,87,31,0,8,DM for collaborations or inquiries!,Fake
29922,1422,212,3.47500709712896,204,34,1,5,Business inquiries? Contact below 👇,Real
15682,3540,13,9.97,890,86,0,5,DM for collaborations or inquiries!,Real
29623,972,350,7.105413470295103,521,67,0,3,Check out my website for more updates!,Real
15677,880,430,3.63,782,31,1,2,Foodie | Reviews and recipes,Real
30224,3891,409,8.572025233171978,300,52,0,4,Foodie | Reviews and recipes,Fake
33171,1267,443,1.27,796,23,1,9,Check out my website for more updates!,Fake
8198,2603,385,4.6348622875824255,104,56,0,5,Foodie | Reviews and recipes,Fake
37258,3488,167,0.14,837,89,0,6,Sharing moments from my journey,Fake
1502,4346,200,4.57,67,38,0,6,Sharing moments from my journey,Fake
27980,2494,124,7.430196320741837,0,96,1,4,Love exploring new places 🌎,Fake
16763,2886,442,2.395385173531021,683,0,0,3,Foodie | Reviews and recipes,Real
28768,133,255,8.71,736,50,0,5,Fitness enthusiast 💪 | Health advocate,Fake
48266,877,90,3.98,703,78,0,10,Business inquiries? Contact below 👇,Real
28558,2594,416,5.61,445,65,0,4,Aspiring artist | Drawing my dreams,Real
46374,203,292,8.94,990,54,0,9,Entrepreneur & lifestyle blogger,Fake
28993,2168,91,1.01,531,27,0,4,Follow for daily inspiration 🌟,Fake
37038,194,310,8.78,360,10,0,4,Love exploring new places 🌎,Fake
19484,3314,222,4.86,289,11,0,8,Follow for daily inspiration 🌟,Real
22950,1118,143,3.355698738660787,293,60,1,5,Nature lover | Saving the planet 🌍,Fake
16185,4195,462,1.3737519468969288,380,99,1,9,Personal blog | Stay positive ✨,Fake
21311,4999,287,0.0,999,41,0,5,Entrepreneur & lifestyle blogger,Fake
53,2611,309,0.3163869393956613,803,51,0,7,Business inquiries? Contact below 👇,Real
10868,4657,65,3.387703794713646,716,41,0,8,Entrepreneur & lifestyle blogger,Fake
49932,4631,362,5.46,410,4,0,7,Fitness enthusiast 💪 | Health advocate,Real
23089,3771,215,0.22,719,67,0,5,Follow for daily inspiration 🌟,Real
738,43,169,3.33,139,39,1,3,Love exploring new places 🌎,Fake
12823,3700,342,10.0,310,51,1,7,Nature lover | Saving the planet 🌍,Real
32933,2732,170,2.31,654,90,0,9,Passionate traveler and food lover,Real
8969,374,116,3.16,359,46,0,10,Passionate traveler and food lover,Fake
41980,3632,424,0.37,649,54,0,6,Business inquiries? Contact below 👇,Fake
33562,1851,414,0.14,122,32,0,6,Nature lover | Saving the planet 🌍,Real
26772,2606,379,3.93,49,99,0,2,Sharing moments from my journey,Real
18382,1711,239,5.11,273,2,0,5,Aspiring artist | Drawing my dreams,Real
40314,418,137,3.47,735,6,0,6,Personal blog | Stay positive ✨,Fake
13048,268,52,8.84,150,13,0,10,Digital nomad living my best life 🌴,Real
19117,4280,393,4.98,886,69,0,4,Sharing moments from my journey,Real
43196,3640,369,2.17,525,5,0,3,Nature lover | Saving the planet 🌍,Fake
47293,1351,299,5.84,273,6,0,2,Love exploring new places 🌎,Real
44445,4532,368,5.45,275,5,0,5,Nature lover | Saving the planet 🌍,Real
9190,3731,250,8.83,577,13,0,6,Entrepreneur & lifestyle blogger,Fake
15547,1844,180,7.976610459667451,882,67,0,1,Foodie | Reviews and recipes,Fake
24314,3128,199,0.0,727,74,0,9,Personal blog | Stay positive ✨,Real
36848,4627,347,1.19,738,98,1,2,Fitness enthusiast 💪 | Health advocate,Fake
30953,2559,211,8.68,384,60,0,4,Fitness enthusiast 💪 | Health advocate,Real
41119,4102,295,5.44,762,45,0,7,Nature lover | Saving the planet 🌍,Real
16685,3355,96,3.31,101,11,0,8,Nature lover | Saving the planet 🌍,Fake
30513,4079,147,6.208292170063338,169,54,0,3,Aspiring artist | Drawing my dreams,Fake
39472,2444,28,7.05,705,33,0,6,Fitness enthusiast 💪 | Health advocate,Fake
43260,1268,218,1.66,329,93,1,5,Sharing moments from my journey,Real
29367,2051,478,8.7,106,86,1,7,Fitness enthusiast 💪 | Health advocate,Real
2585,1571,70,8.795698709771903,221,53,1,10,Aspiring artist | Drawing my dreams,Fake
6915,2255,226,7.99,243,8,1,7,Entrepreneur & lifestyle blogger,Fake
43346,769,190,8.37,864,76,0,7,Sharing moments from my journey,Real
12159,1122,41,4.78,336,14,0,10,Follow for daily inspiration 🌟,Real
28295,2780,154,8.04,372,44,0,11,Personal blog | Stay positive ✨,Real
11204,3738,53,4.23,958,14,0,7,Personal blog | Stay positive ✨,Fake
9622,2140,387,8.01,37,51,0,5,Foodie | Reviews and recipes,Fake
19243,2872,406,2.1385516286126,563,65,1,9,Check out my website for more updates!,Fake
37215,4999,267,5.117543344429698,837,54,1,8,Personal blog | Stay positive ✨,Fake
43218,2378,314,10.0,806,37,0,7,Aspiring artist | Drawing my dreams,Real
10665,2275,0,1.8189489555424867,344,48,0,5,Check out my website for more updates!,Fake
37681,2648,157,7.881511555749256,0,85,0,7,Entrepreneur & lifestyle blogger,Fake
45295,4731,220,5.199166599346243,914,62,0,4,Aspiring artist | Drawing my dreams,Real
46134,1085,89,3.05,584,87,0,8,Sharing moments from my journey,Fake
7104,944,434,6.87,460,42,0,6,Follow for daily inspiration 🌟,Real
7339,1654,142,2.73,318,37,0,4,Passionate traveler and food lover,Fake
49090,3206,48,2.97,120,29,0,11,Personal blog | Stay positive ✨,Real
30048,1318,197,9.41,673,69,1,10,Passionate traveler and food lover,Fake
41811,4555,259,6.1,299,37,0,10,Photographer and content creator 📸,Fake
11449,2108,122,8.08,755,84,0,6,Business inquiries? Contact below 👇,Fake
25329,590,205,3.16,925,49,0,8,Check out my website for more updates!,Fake
24487,3328,141,1.82,991,29,0,6,Check out my website for more updates!,Fake
49598,2714,265,2.17,188,5,0,3,Check out my website for more updates!,Fake
45980,894,228,9.75,73,31,0,11,Nature lover | Saving the planet 🌍,Fake
19449,4771,277,8.34,532,87,0,7,Passionate traveler and food lover,Fake
14420,3390,478,6.96,405,47,0,2,Sharing moments from my journey,Real
29665,1522,412,2.22,894,21,0,11,DM for collaborations or inquiries!,Real
7215,2111,133,3.7,166,95,1,8,Aspiring artist | Drawing my dreams,Real
10265,1236,236,4.14,383,28,0,3,Passionate traveler and food lover,Fake
11902,3441,240,3.19,947,57,0,5,Love exploring new places 🌎,Real
12169,3643,248,2.71,721,42,0,6,Digital nomad living my best life 🌴,Fake
35520,1464,175,6.27,823,14,0,4,Sharing moments from my journey,Fake
2789,3706,98,9.02,946,7,0,4,Entrepreneur & lifestyle blogger,Fake
38867,4114,372,5.626907250298918,520,74,0,6,Fitness enthusiast 💪 | Health advocate,Fake
22188,4142,251,7.270201684343398,999,79,1,7,Fitness enthusiast 💪 | Health advocate,Real
23359,2010,353,0.06,725,15,0,4,Business inquiries? Contact below 👇,Real
34432,101,339,5.63,134,60,0,3,Nature lover | Saving the planet 🌍,Real
53,3069,297,6.515705527310959,569,72,0,1,Passionate traveler and food lover,Fake
40439,3992,355,1.99,859,4,0,9,Photographer and content creator 📸,Fake
3461,4152,144,7.878391803711977,701,16,1,9,Love exploring new places 🌎,Fake
9485,2792,261,2.13,742,29,0,11,Passionate traveler and food lover,Real
27434,2804,145,1.9802463001594943,139,70,1,5,Love exploring new places 🌎,Real
31793,2756,179,9.86,577,35,0,8,Photographer and content creator 📸,Fake
1084,2656,293,4.38,764,37,1,8,Foodie | Reviews and recipes,Fake
1884,386,138,9.2,341,65,0,4,Sharing moments from my journey,Real
21770,3351,46,5.61,334,36,0,7,Follow for daily inspiration 🌟,Fake
36533,3325,341,2.33,326,51,0,6,Fitness enthusiast 💪 | Health advocate,Real
12342,2582,106,7.92,352,76,0,10,Personal blog | Stay positive ✨,Real
33424,86,281,8.04,93,41,0,10,Fitness enthusiast 💪 | Health advocate,Fake
16976,4999,287,10.0,0,36,0,6,Personal blog | Stay positive ✨,Real
39332,1912,416,9.96,410,81,0,3,Digital nomad living my best life 🌴,Fake
10870,2070,169,1.95,955,79,0,3,Photographer and content creator 📸,Fake
19522,148,306,1.7,212,66,0,7,Check out my website for more updates!,Real
12402,3164,345,3.88,785,83,0,1,Entrepreneur & lifestyle blogger,Fake
2178,4902,106,4.68,211,48,1,7,Sharing moments from my journey,Real
34115,2412,342,5.100973582079988,93,46,0,8,Entrepreneur & lifestyle blogger,Real
48870,4397,210,2.18,384,30,0,4,Follow for daily inspiration 🌟,Real
33927,4220,68,7.36,43,63,0,5,Personal blog | Stay positive ✨,Fake
7921,1772,151,8.88,493,84,0,2,Nature lover | Saving the planet 🌍,Real
53,4999,252,6.964666995850939,524,77,1,9,Aspiring artist | Drawing my dreams,Real
12892,4683,244,7.97,953,49,0,10,Nature lover | Saving the planet 🌍,Real
3672,1274,127,9.29,535,37,0,10,Personal blog | Stay positive ✨,Real
7655,2763,136,2.03,513,73,0,2,Digital nomad living my best life 🌴,Fake
15714,17,239,9.55,808,97,0,9,Check out my website for more updates!,Real
27175,4591,14,2.3,315,25,0,5,Foodie | Reviews and recipes,Real
28489,2086,265,3.915414364381553,696,9,0,8,Passionate traveler and food lover,Fake
23075,4182,232,9.38,253,6,0,9,Personal blog | Stay positive ✨,Real
33754,1986,209,1.25,773,78,0,8,Photographer and content creator 📸,Fake
878,275,129,4.17,53,57,0,7,Foodie | Reviews and recipes,Real
20907,3624,169,7.4,212,19,0,8,Nature lover | Saving the planet 🌍,Real
39471,347,299,2.93,697,23,1,8,Fitness enthusiast 💪 | Health advocate,Real
33441,4605,469,9.96,764,84,1,7,Foodie | Reviews and recipes,Fake
44307,4647,464,9.54,165,68,0,6,Fitness enthusiast 💪 | Health advocate,Real
4465,1627,304,1.644536222087002,355,12,1,10,Nature lover | Saving the planet 🌍,Real
46963,1583,486,3.834107285503531,827,77,1,7,Sharing moments from my journey,Real
35421,2825,470,3.45,441,93,0,9,Nature lover | Saving the planet 🌍,Real
42099,759,112,8.08,34,29,0,7,Nature lover | Saving the planet 🌍,Fake
14994,2616,350,1.0618185053763964,0,61,0,3,Love exploring new places 🌎,Real
28283,3991,380,1.5807035101446156,600,31,1,6,Digital nomad living my best life 🌴,Real
25219,4344,482,7.39,879,73,0,8,Photographer and content creator 📸,Real
37121,2954,241,8.86421829526666,729,94,1,8,Personal blog | Stay positive ✨,Fake
20980,1618,373,7.116092739959414,729,37,1,9,Business inquiries? Contact below 👇,Real
49852,928,454,8.31,810,53,0,3,Personal blog | Stay positive ✨,Real
42876,2707,267,0.37,705,29,0,9,Personal blog | Stay positive ✨,Fake
8829,2302,481,1.96,180,38,0,7,Business inquiries? Contact below 👇,Real
6213,4202,62,7.1,89,43,0,8,Aspiring artist | Drawing my dreams,Real
13606,3414,33,4.2918030560171765,282,95,1,6,Foodie | Reviews and recipes,Fake
247,272,181,1.03,800,75,0,6,DM for collaborations or inquiries!,Fake
33957,2032,214,5.25,723,17,0,7,Personal blog | Stay positive ✨,Fake
24777,2097,235,9.28,70,94,1,3,Digital nomad living my best life 🌴,Real
22111,2240,248,8.71,474,26,0,6,DM for collaborations or inquiries!,Real
28674,2036,235,3.2644271824647144,381,51,1,7,Nature lover | Saving the planet 🌍,Fake
8280,3396,374,4.24,739,43,0,8,Follow for daily inspiration 🌟,Real
37602,3903,267,6.74,472,65,0,7,Aspiring artist | Drawing my dreams,Real
34220,784,306,9.49,336,59,0,11,Fitness enthusiast 💪 | Health advocate,Real
46113,3471,336,5.138387859503026,124,27,1,2,Entrepreneur & lifestyle blogger,Real
20185,155,84,3.4,785,59,0,4,Photographer and content creator 📸,Real
35689,2043,176,9.58,98,11,0,10,Fitness enthusiast 💪 | Health advocate,Real
36695,1461,307,5.207184098910439,120,68,0,6,Nature lover | Saving the planet 🌍,Fake
47816,1714,271,7.9,718,45,0,11,Fitness enthusiast 💪 | Health advocate,Fake
6610,4307,183,6.68,461,98,0,8,Entrepreneur & lifestyle blogger,Fake
25701,1969,208,1.6675479782369829,406,65,0,5,Fitness enthusiast 💪 | Health advocate,Fake
28364,10,160,6.686537980153373,438,39,1,9,Photographer and content creator 📸,Fake
48705,2279,325,1.61,90,19,0,3,Love exploring new places 🌎,Real
32924,2053,321,3.98545124859672,258,62,0,11,Fitness enthusiast 💪 | Health advocate,Fake
20392,3406,167,3.56,970,4,0,9,Love exploring new places 🌎,Real
21742,2980,115,2.77,567,39,0,3,Check out my website for more updates!,Fake
38298,3164,238,1.21,465,97,0,10,Photographer and content creator 📸,Fake
49998,980,499,5.5590258378871225,0,99,1,6,Fitness enthusiast 💪 | Health advocate,Real
44427,2807,215,10.0,231,95,0,11,Sharing moments from my journey,Real
16714,163,343,6.2,930,33,0,11,Entrepreneur & lifestyle blogger,Real
14097,4529,206,6.15,904,59,1,7,Business inquiries? Contact below 👇,Real
35734,3015,60,9.86,856,33,0,6,Digital nomad living my best life 🌴,Real
9551,2415,130,4.51,736,65,0,3,Business inquiries? Contact below 👇,Fake
19728,3035,285,5.916381460090772,241,30,0,5,Aspiring artist | Drawing my dreams,Fake
38318,808,142,3.22,101,88,0,5,Entrepreneur & lifestyle blogger,Real
9861,3760,378,5.032073644096815,119,14,0,6,Personal blog | Stay positive ✨,Real
30689,4999,252,1.5896497126473164,134,81,1,4,Nature lover | Saving the planet 🌍,Fake
1390,819,333,0.98,202,78,0,11,Passionate traveler and food lover,Real
41449,1516,383,1.85,665,32,0,8,Personal blog | Stay positive ✨,Fake
1427,3792,163,2.932136645532248,734,87,0,3,Follow for daily inspiration 🌟,Fake
44175,2639,490,6.09,201,57,0,5,Aspiring artist | Drawing my dreams,Real
2713,2534,17,8.98,546,12,0,7,Business inquiries? Contact below 👇,Fake
15461,1226,213,3.3205387852166965,85,42,1,11,Entrepreneur & lifestyle blogger,Fake
3511,1672,381,9.23,361,3,0,4,Digital nomad living my best life 🌴,Fake
494,412,106,2.31,107,33,0,3,Nature lover | Saving the planet 🌍,Real
14559,4944,114,7.86,680,91,1,3,Fitness enthusiast 💪 | Health advocate,Real
24817,2465,314,0.61,850,13,0,10,Personal blog | Stay positive ✨,Real
24935,2508,255,0.0551920461179467,820,61,0,8,Aspiring artist | Drawing my dreams,Real
3544,2786,0,10.0,399,26,0,6,Photographer and content creator 📸,Real
12926,2203,227,0.26,784,93,0,9,Check out my website for more updates!,Real
49998,427,330,3.2507046010620506,661,58,0,7,Digital nomad living my best life 🌴,Fake
3460,3523,307,2.6750749699633536,702,19,0,7,Follow for daily inspiration 🌟,Fake
49998,1791,212,1.8348600890478053,120,22,0,5,Entrepreneur & lifestyle blogger,Fake
26538,2359,60,3.03637145465562,217,0,0,7,Follow for daily inspiration 🌟,Fake
36108,699,210,4.689045714974736,999,56,0,6,Personal blog | Stay positive ✨,Real
7758,3346,74,6.659945904689741,603,15,1,5,Check out my website for more updates!,Fake
7724,1355,125,8.82,616,81,0,11,Aspiring artist | Drawing my dreams,Real
40428,3400,384,3.5287926642559597,359,0,0,6,Passionate traveler and food lover,Fake
25279,3913,289,7.126777360624645,339,54,0,4,Entrepreneur & lifestyle blogger,Real
15766,171,421,6.61,19,28,0,5,DM for collaborations or inquiries!,Fake
36483,3473,499,6.239211985993808,754,0,1,7,Foodie | Reviews and recipes,Fake
2121,1971,308,2.41,411,10,0,9,Aspiring artist | Drawing my dreams,Real
27862,2100,291,3.42,648,92,0,9,Passionate traveler and food lover,Real
49998,3679,119,5.494182591016207,74,52,0,11,Love exploring new places 🌎,Real
24999,1682,331,1.7312728260290315,634,26,0,6,Aspiring artist | Drawing my dreams,Real
6805,3901,216,7.85,64,74,0,6,Personal blog | Stay positive ✨,Real
15533,1191,56,6.838532731144543,313,48,0,5,Foodie | Reviews and recipes,Fake
13013,2806,282,8.053945913104029,756,37,1,5,Foodie | Reviews and recipes,Fake
20530,771,428,3.92,234,95,0,4,Love exploring new places 🌎,Real
10051,2316,280,8.057156726751252,387,0,0,5,Sharing moments from my journey,Real
21634,2865,328,7.71,152,95,0,2,Photographer and content creator 📸,Fake
14374,4852,177,3.44,877,90,0,7,Sharing moments from my journey,Fake
48217,4570,412,6.69,147,83,0,6,Entrepreneur & lifestyle blogger,Real
26328,2542,367,9.729350506270528,258,26,0,7,Entrepreneur & lifestyle blogger,Real
39373,4194,169,7.93,556,14,1,9,Aspiring artist | Drawing my dreams,Fake
25211,4931,34,7.49,181,38,0,5,Nature lover | Saving the planet 🌍,Real
11092,3360,277,8.11,344,2,0,9,Sharing moments from my journey,Real
13996,2059,476,8.72,283,12,0,11,Personal blog | Stay positive ✨,Fake
28210,4953,343,4.36,149,25,0,4,DM for collaborations or inquiries!,Fake
38785,4999,323,5.887991634155983,392,63,0,4,Fitness enthusiast 💪 | Health advocate,Real
10842,4823,6,4.13,97,66,0,11,Foodie | Reviews and recipes,Fake
34236,4238,466,1.54,109,78,0,4,Aspiring artist | Drawing my dreams,Real
20750,3328,127,6.403474856325804,299,99,0,9,Passionate traveler and food lover,Fake
25268,2621,353,8.7,94,91,0,10,Fitness enthusiast 💪 | Health advocate,Real
20934,2475,353,6.51268645257908,16,67,0,1,Entrepreneur & lifestyle blogger,Real
49998,3491,0,5.700899550792169,587,77,0,3,Foodie | Reviews and recipes,Fake
14682,4223,168,9.56,993,44,0,9,Passionate traveler and food lover,Fake
10579,598,286,6.49,63,15,0,5,Check out my website for more updates!,Real
18772,720,270,4.454301572413488,776,59,0,5,Digital nomad living my best life 🌴,Real
21753,3239,349,1.8,197,38,0,8,Entrepreneur & lifestyle blogger,Real
16391,839,370,3.78,882,46,0,10,Fitness enthusiast 💪 | Health advocate,Real
25341,4083,167,0.99,379,13,1,1,Personal blog | Stay positive ✨,Fake
21094,63,245,6.28,83,61,0,6,Business inquiries? Contact below 👇,Fake
14117,4514,116,1.64,943,73,0,6,Digital nomad living my best life 🌴,Real
8360,166,370,8.94,713,91,0,5,Check out my website for more updates!,Real
2589,4571,355,7.29,785,82,1,5,Aspiring artist | Drawing my dreams,Fake
6575,840,203,2.41,359,98,0,9,Passionate traveler and food lover,Real
17987,4332,133,8.79,831,55,0,5,Check out my website for more updates!,Real
22532,4938,270,2.81,575,14,1,6,Aspiring artist | Drawing my dreams,Fake
13058,4036,345,8.05,726,17,0,2,DM for collaborations or inquiries!,Real
46006,942,286,8.77,663,38,0,4,Passionate traveler and food lover,Fake
23165,956,431,5.922152410712652,140,55,0,7,Photographer and content creator 📸,Fake
2629,2131,83,1.16,864,90,0,8,Photographer and content creator 📸,Real
3129,3365,283,2.63,861,13,0,10,Love exploring new places 🌎,Real
10184,2390,117,3.65,664,7,1,3,Personal blog | Stay positive ✨,Fake
25329,1512,399,6.52,269,2,0,7,Foodie | Reviews and recipes,Fake
24096,10,54,7.797449368342771,610,47,0,2,Photographer and content creator 📸,Fake
26141,2096,163,7.37,328,94,0,8,Love exploring new places 🌎,Fake
8223,1890,136,1.17,309,19,0,3,Foodie | Reviews and recipes,Fake
23750,4576,57,3.205715689231588,499,82,1,1,Passionate traveler and food lover,Real
18387,1436,63,7.33,495,89,0,9,Passionate traveler and food lover,Real
9467,2228,0,0.0,710,65,0,3,Aspiring artist | Drawing my dreams,Fake
21185,1077,499,3.4370595167975986,999,57,1,4,Personal blog | Stay positive ✨,Real
9382,520,492,4.88,234,34,0,6,Love exploring new places 🌎,Real
13756,3405,417,2.549471777117285,529,60,0,8,Personal blog | Stay positive ✨,Fake
14376,3794,144,4.01,24,97,0,8,Follow for daily inspiration 🌟,Fake
26540,3523,87,5.748430130662018,729,78,1,6,Business inquiries? Contact below 👇,Fake
16358,261,205,1.61,212,69,0,10,Business inquiries? Contact below 👇,Real
8189,4790,210,10.0,453,16,0,6,Check out my website for more updates!,Real
30970,873,378,7.61,161,84,0,5,Sharing moments from my journey,Fake
40110,4826,157,6.7587534642312495,949,30,1,8,Personal blog | Stay positive ✨,Fake
29653,1849,312,2.63622666537564,469,26,1,11,Business inquiries? Contact below 👇,Real
14729,1143,216,9.666776950271808,518,8,1,9,DM for collaborations or inquiries!,Real
21608,2585,0,8.198124752680455,733,66,0,8,Business inquiries? Contact below 👇,Fake
25267,4654,499,5.04,761,56,0,4,Aspiring artist | Drawing my dreams,Fake
22440,4999,297,0.2624210644592821,516,74,1,10,Entrepreneur & lifestyle blogger,Fake
10512,3311,221,4.3623111899824325,253,61,0,8,Follow for daily inspiration 🌟,Real
15172,1729,110,3.71,476,4,0,11,Entrepreneur & lifestyle blogger,Fake
4911,4695,193,0.64,663,11,0,10,Aspiring artist | Drawing my dreams,Fake
17320,1196,468,0.55,311,7,0,3,Photographer and content creator 📸,Fake
11567,1793,323,4.233586914514731,671,64,0,5,Aspiring artist | Drawing my dreams,Fake
44815,4326,458,0.92,945,65,0,9,Passionate traveler and food lover,Fake
42892,1870,208,7.27,903,88,0,6,Foodie | Reviews and recipes,Fake
10938,3967,324,8.39,916,94,0,5,Aspiring artist | Drawing my dreams,Real
47739,2298,445,3.79,98,26,0,10,Aspiring artist | Drawing my dreams,Fake
33241,1048,220,2.632469193569523,400,66,0,5,Aspiring artist | Drawing my dreams,Real
9010,2097,78,1.5200030044588684,861,27,0,5,Check out my website for more updates!,Real
11200,2526,63,6.982011883638782,175,24,0,7,Passionate traveler and food lover,Fake
47354,2770,386,5.76,359,57,1,6,Aspiring artist | Drawing my dreams,Real
49998,1301,58,2.015051788656619,412,27,1,9,Digital nomad living my best life 🌴,Fake
11717,2231,484,4.7407655159501285,716,43,1,9,Check out my website for more updates!,Fake
49848,1597,484,3.543672552121248,719,51,1,5,Business inquiries? Contact below 👇,Fake
40761,3493,60,5.755607028262611,999,40,1,5,Foodie | Reviews and recipes,Fake
21398,3707,298,5.54,564,99,0,8,DM for collaborations or inquiries!,Real
25421,1131,178,3.6452086027457646,819,61,0,5,Sharing moments from my journey,Real
30488,286,316,3.565589883334405,949,41,1,4,Business inquiries? Contact below 👇,Fake
3856,2666,290,3.280248499637759,340,99,1,11,Follow for daily inspiration 🌟,Real
22026,1914,168,1.5636172567919675,181,63,0,5,Passionate traveler and food lover,Fake
19179,328,68,7.35,123,29,0,5,Love exploring new places 🌎,Fake
36080,3159,76,3.42,945,31,1,6,Sharing moments from my journey,Real
14468,1155,264,6.05,939,29,0,6,Check out my website for more updates!,Fake
8284,4054,55,4.59,864,2,0,3,Nature lover | Saving the planet 🌍,Fake
29103,1976,197,0.985525900291754,717,52,1,3,Love exploring new places 🌎,Fake
41199,1233,471,2.58,10,2,0,6,Check out my website for more updates!,Real
23325,3389,313,10.0,0,21,1,8,Passionate traveler and food lover,Real
39337,742,218,0.14,347,57,0,8,DM for collaborations or inquiries!,Fake
8091,1046,378,1.940678389090705,59,61,0,9,Sharing moments from my journey,Real
20087,4999,224,8.120432933177867,932,63,0,1,Foodie | Reviews and recipes,Real
16658,4373,313,3.1,184,50,0,4,Personal blog | Stay positive ✨,Fake
7796,3325,160,3.1,751,67,0,4,Passionate traveler and food lover,Fake
13714,4873,128,8.55,486,79,0,8,Passionate traveler and food lover,Real
46516,4520,288,0.52,613,12,0,8,Aspiring artist | Drawing my dreams,Fake
24065,2561,146,5.53811388181003,329,37,1,8,Passionate traveler and food lover,Fake
8989,4743,258,8.51,610,25,0,11,Entrepreneur & lifestyle blogger,Real
44067,2828,283,5.41,585,90,0,3,Business inquiries? Contact below 👇,Fake
1512,2861,329,3.0,348,89,0,11,DM for collaborations or inquiries!,Fake
12280,4783,342,9.58,236,90,0,5,Entrepreneur & lifestyle blogger,Real
22945,3547,197,4.839522210952597,999,81,1,6,Entrepreneur & lifestyle blogger,Real
1566,4999,261,4.434658643354789,257,31,0,4,Nature lover | Saving the planet 🌍,Fake
14218,2817,323,1.39,145,6,0,9,Passionate traveler and food lover,Fake
17870,3609,53,7.02,580,42,1,2,Sharing moments from my journey,Real
37296,438,494,3.64,902,80,0,6,Personal blog | Stay positive ✨,Fake
28909,36,482,9.38,55,20,0,8,Aspiring artist | Drawing my dreams,Fake
13811,2031,338,6.280507869344865,500,25,0,3,Digital nomad living my best life 🌴,Real
49998,1076,330,6.803485054781,679,47,0,5,Business inquiries? Contact below 👇,Real
16464,4374,459,9.35,813,61,0,7,Aspiring artist | Drawing my dreams,Fake
26120,2214,344,8.083869958099564,327,76,0,6,DM for collaborations or inquiries!,Real
37612,2741,63,5.783277257320404,418,83,1,10,Foodie | Reviews and recipes,Real
34727,1159,216,8.84,653,94,1,8,Check out my website for more updates!,Real
7137,422,108,9.02,285,43,0,4,Nature lover | Saving the planet 🌍,Real
47897,4756,93,5.31,629,36,0,10,Sharing moments from my journey,Fake
31469,2037,420,4.182840324211762,523,50,1,6,Love exploring new places 🌎,Fake
14662,3257,0,2.12,677,68,0,5,Nature lover | Saving the planet 🌍,Fake
49272,2152,56,7.82,690,16,0,7,Sharing moments from my journey,Real
39709,3935,24,1.37,445,49,0,2,DM for collaborations or inquiries!,Fake
15843,3951,181,4.74,33,34,0,5,Personal blog | Stay positive ✨,Real
32029,1014,482,4.56,387,43,0,5,Foodie | Reviews and recipes,Fake
12518,836,77,9.376298157308804,535,27,0,8,Business inquiries? Contact below 👇,Fake
21771,2509,0,7.476795398278723,659,1,1,7,Fitness enthusiast 💪 | Health advocate,Fake
35648,3738,166,7.312943165958744,796,35,1,7,Photographer and content creator 📸,Fake
19259,1198,366,4.36,519,53,0,11,Aspiring artist | Drawing my dreams,Real
803,398,125,8.04,828,40,0,9,DM for collaborations or inquiries!,Real
44045,1808,5,5.0,126,36,0,5,Nature lover | Saving the planet 🌍,Fake
19516,4539,53,2.92,559,94,0,3,Business inquiries? Contact below 👇,Real
35559,4019,155,4.95,872,18,0,3,Foodie | Reviews and recipes,Real
11896,4673,91,0.47,396,66,0,8,Check out my website for more updates!,Real
42204,1872,437,3.67,190,94,0,11,Digital nomad living my best life 🌴,Fake
24649,1252,450,5.494413833698876,401,31,1,11,Love exploring new places 🌎,Real
49998,516,252,9.603755860116294,637,48,1,5,Passionate traveler and food lover,Fake
13695,4144,58,4.63,454,94,0,8,Aspiring artist | Drawing my dreams,Fake
19644,1031,328,6.902100873481312,97,84,0,3,Nature lover | Saving the planet 🌍,Fake
5698,2592,216,6.444383203000837,290,0,1,3,Love exploring new places 🌎,Fake
45830,3520,199,4.508047063427459,832,46,0,8,Photographer and content creator 📸,Real
37333,2874,265,3.5,163,72,0,8,Foodie | Reviews and recipes,Real
32550,2600,73,4.62,119,16,0,4,Passionate traveler and food lover,Fake
35315,4726,110,8.06,458,47,0,2,Photographer and content creator 📸,Real
6094,3242,418,5.588901179282146,0,99,1,7,Sharing moments from my journey,Real
8551,4202,357,7.38,85,88,0,7,Aspiring artist | Drawing my dreams,Real
42021,748,398,5.81146341085331,0,65,0,7,Photographer and content creator 📸,Real
32109,10,368,8.010029161986344,829,73,1,6,Nature lover | Saving the planet 🌍,Fake
27292,4815,378,8.0712578355282,633,48,1,2,Business inquiries? Contact below 👇,Fake
46585,3829,288,5.03,206,70,0,5,Personal blog | Stay positive ✨,Fake
30342,1425,165,1.4,866,50,0,10,Fitness enthusiast 💪 | Health advocate,Fake
26152,4118,159,3.963667942840354,158,29,0,5,Fitness enthusiast 💪 | Health advocate,Fake
27200,3737,57,4.314239471395102,421,16,0,4,Follow for daily inspiration 🌟,Fake
27105,2147,60,1.94,357,70,0,11,Digital nomad living my best life 🌴,Real
5913,1642,299,7.45,140,6,0,6,DM for collaborations or inquiries!,Real
21901,3316,326,8.516855407517827,762,41,1,9,Foodie | Reviews and recipes,Real
21268,251,238,2.29,421,0,0,11,Passionate traveler and food lover,Fake
23000,3754,343,0.02,599,75,0,8,Foodie | Reviews and recipes,Fake
8070,1948,478,3.34,331,18,0,9,Sharing moments from my journey,Real
40868,4381,93,0.59,601,45,0,2,Business inquiries? Contact below 👇,Real
42520,2952,142,7.708591727431386,348,84,1,3,Personal blog | Stay positive ✨,Real
44173,2288,381,5.95,171,84,0,4,Photographer and content creator 📸,Fake
19150,4975,292,7.4,588,10,0,7,Digital nomad living my best life 🌴,Fake
20450,548,66,5.4,589,60,0,6,Nature lover | Saving the planet 🌍,Fake
24509,1232,341,0.0,896,38,0,2,Follow for daily inspiration 🌟,Fake
17240,4589,184,6.284951181257776,717,79,0,6,Passionate traveler and food lover,Fake
18592,2541,225,6.836062609758973,832,45,1,6,Fitness enthusiast 💪 | Health advocate,Real
48333,4824,423,6.97,244,72,1,2,Aspiring artist | Drawing my dreams,Real
10764,4113,152,5.36,484,20,0,3,Entrepreneur & lifestyle blogger,Real
13080,346,31,5.15,859,56,0,9,Photographer and content creator 📸,Real
5416,3560,475,9.68,785,47,0,4,Passionate traveler and food lover,Real
28451,2588,243,7.17,979,25,0,6,Personal blog | Stay positive ✨,Fake
23742,784,340,0.33,445,0,0,6,Entrepreneur & lifestyle blogger,Real
658,3941,12,1.19,378,38,0,5,Entrepreneur & lifestyle blogger,Fake
12111,1624,114,6.82,888,94,0,5,Aspiring artist | Drawing my dreams,Real
10031,1383,260,8.07,133,54,0,6,Fitness enthusiast 💪 | Health advocate,Fake
36342,2770,215,2.56,852,23,0,8,Nature lover | Saving the planet 🌍,Fake
8575,1648,356,2.33,400,90,0,11,Love exploring new places 🌎,Real
49998,957,328,5.602546241281656,256,58,1,6,Check out my website for more updates!,Real
28365,3572,483,4.48,217,19,0,3,Photographer and content creator 📸,Fake
43105,1573,271,7.45313232089824,606,99,0,6,Foodie | Reviews and recipes,Real
19413,1904,472,0.13,832,61,0,5,Aspiring artist | Drawing my dreams,Real
7079,316,327,8.81,857,14,0,2,Fitness enthusiast 💪 | Health advocate,Fake
34534,1286,308,6.408292284333809,884,44,1,4,Personal blog | Stay positive ✨,Real
8726,403,327,4.29,485,51,1,11,Fitness enthusiast 💪 | Health advocate,Real
8627,1691,473,7.020476290357761,261,0,0,9,Nature lover | Saving the planet 🌍,Fake
10722,4455,78,4.09,277,58,0,3,Entrepreneur & lifestyle blogger,Fake
42576,3020,149,7.910983525903301,395,70,1,5,Entrepreneur & lifestyle blogger,Real
26418,3726,497,8.16,592,59,0,6,Check out my website for more updates!,Real
36270,757,107,2.07,518,15,0,6,Digital nomad living my best life 🌴,Fake
18141,4479,5,1.06,85,99,0,10,Love exploring new places 🌎,Real
37118,3138,9,3.79,940,75,0,3,Check out my website for more updates!,Real
25925,3587,155,9.86,414,48,0,3,Follow for daily inspiration 🌟,Real
44614,4062,370,8.42,956,21,0,8,Sharing moments from my journey,Real
46672,1724,386,2.31,130,1,0,11,Sharing moments from my journey,Real
32863,1600,276,8.231615496883414,364,15,0,4,Fitness enthusiast 💪 | Health advocate,Fake
27201,3406,175,9.18011703850376,439,52,1,10,Love exploring new places 🌎,Fake
44461,99,406,7.701042098348831,584,41,0,7,Business inquiries? Contact below 👇,Fake
24868,3049,281,1.42655004349686,605,41,1,11,Personal blog | Stay positive ✨,Fake
18103,33,305,2.4870483495478326,8,60,1,3,DM for collaborations or inquiries!,Fake
31408,302,143,9.286950731191792,364,35,1,5,Personal blog | Stay positive ✨,Fake
18642,1918,427,1.21,764,54,0,5,Follow for daily inspiration 🌟,Fake
35119,3773,311,0.33,849,95,0,10,Check out my website for more updates!,Real
23839,2019,429,4.27,650,52,0,5,Fitness enthusiast 💪 | Health advocate,Fake
22883,4628,171,6.907946755264895,729,78,1,8,Nature lover | Saving the planet 🌍,Real
15824,4815,299,5.06,132,36,0,11,Entrepreneur & lifestyle blogger,Real
47917,1199,452,8.7,267,48,0,9,DM for collaborations or inquiries!,Fake
11754,2242,233,7.27052344521251,999,61,0,11,Foodie | Reviews and recipes,Real
32778,3033,309,9.37,649,98,0,11,Business inquiries? Contact below 👇,Fake
22562,703,287,1.89,272,34,0,8,Love exploring new places 🌎,Real
31744,3522,232,5.714034035588711,821,34,0,5,Entrepreneur & lifestyle blogger,Fake
40178,4399,178,1.84,746,89,0,7,Love exploring new places 🌎,Real
39453,3480,166,6.93,712,43,0,6,DM for collaborations or inquiries!,Real
20576,451,126,10.0,619,91,0,3,Fitness enthusiast 💪 | Health advocate,Real
47058,1886,172,0.0,0,66,1,8,Digital nomad living my best life 🌴,Real
42598,4812,79,5.0,130,41,0,6,DM for collaborations or inquiries!,Fake
17536,1786,76,8.28,939,24,0,4,Sharing moments from my journey,Fake
33092,665,329,2.38,273,24,0,3,Aspiring artist | Drawing my dreams,Fake
22079,1574,117,4.05,313,99,0,2,Nature lover | Saving the planet 🌍,Fake
27730,1408,143,10.0,999,27,1,11,Digital nomad living my best life 🌴,Fake
39684,2566,438,0.0,230,99,1,10,Check out my website for more updates!,Real
14336,738,474,9.6,212,75,0,6,Fitness enthusiast 💪 | Health advocate,Real
37848,4077,123,2.75,508,68,0,6,Photographer and content creator 📸,Real
3003,1768,201,7.81,628,63,0,5,Fitness enthusiast 💪 | Health advocate,Fake
28330,2239,248,5.55,803,10,0,7,Fitness enthusiast 💪 | Health advocate,Real
10451,2349,499,10.0,795,31,0,4,Personal blog | Stay positive ✨,Real
47382,4573,220,2.68,416,81,0,9,Business inquiries? Contact below 👇,Real
33247,2038,251,5.78,737,59,0,8,Check out my website for more updates!,Fake
49998,3564,346,8.891804807561009,425,80,0,9,Business inquiries? Contact below 👇,Fake
6403,272,97,4.29,224,73,0,7,Nature lover | Saving the planet 🌍,Real
14324,4499,470,4.78,882,93,0,9,Photographer and content creator 📸,Real
32203,2536,146,7.232381127878666,267,32,1,8,Passionate traveler and food lover,Fake
17950,4356,65,8.99,946,91,0,7,Aspiring artist | Drawing my dreams,Fake
42157,3965,411,0.71,6,54,0,6,Passionate traveler and food lover,Fake
47755,2726,82,5.233127029057526,424,57,0,6,DM for collaborations or inquiries!,Real
40765,1800,328,2.767647393843555,999,47,1,8,Entrepreneur & lifestyle blogger,Fake
16509,1385,187,7.46,799,99,0,8,Check out my website for more updates!,Real
3235,1465,343,8.31,500,61,0,8,Business inquiries? Contact below 👇,Fake
22672,241,275,2.41,264,82,0,5,Foodie | Reviews and recipes,Real
25358,3452,415,8.95,286,90,0,2,Business inquiries? Contact below 👇,Fake
49998,1276,355,6.426500252137632,185,0,0,2,Foodie | Reviews and recipes,Real
13844,1462,336,7.31,661,19,0,7,DM for collaborations or inquiries!,Real
17684,3082,8,3.15,526,90,0,7,Business inquiries? Contact below 👇,Real
24886,1560,399,2.6389123870462527,223,65,1,6,Check out my website for more updates!,Fake
49333,3010,303,4.06,533,20,0,9,Aspiring artist | Drawing my dreams,Fake
24639,10,237,2.37256053881515,518,48,0,8,Entrepreneur & lifestyle blogger,Fake
13862,4036,252,9.23,918,27,0,9,Love exploring new places 🌎,Real
12436,2657,145,7.75,180,9,0,6,Personal blog | Stay positive ✨,Fake
46660,742,459,2.43,718,80,0,9,Check out my website for more updates!,Real
13474,4255,40,7.02,553,53,0,3,Check out my website for more updates!,Real
45464,312,329,7.22,245,48,0,9,Fitness enthusiast 💪 | Health advocate,Real
32136,2874,126,5.06,797,91,0,7,Check out my website for more updates!,Fake
40550,3314,210,0.87,377,6,0,6,Personal blog | Stay positive ✨,Fake
35289,3312,98,1.7,523,27,0,2,Passionate traveler and food lover,Fake
6723,2593,487,0.13,998,50,0,7,Entrepreneur & lifestyle blogger,Fake
18248,1147,217,9.338835756566157,141,47,1,1,Sharing moments from my journey,Real
20926,282,289,6.59,616,4,0,4,Photographer and content creator 📸,Fake
29769,2278,181,5.66,721,94,0,3,Check out my website for more updates!,Fake
6007,4999,168,3.0643539380965343,653,57,1,6,Digital nomad living my best life 🌴,Real
16812,1305,12,3.0728955989393967,786,40,0,4,Passionate traveler and food lover,Real
27290,1802,416,4.586606605209865,999,52,1,5,Follow for daily inspiration 🌟,Fake
31597,2960,284,9.7,185,14,0,5,Passionate traveler and food lover,Real
31182,3233,184,4.59,182,17,0,4,Personal blog | Stay positive ✨,Real
35059,2853,363,7.39,479,73,0,7,Fitness enthusiast 💪 | Health advocate,Real
25946,966,157,3.97,224,61,0,10,Foodie | Reviews and recipes,Real
12404,1577,188,3.81,229,57,0,4,Digital nomad living my best life 🌴,Fake
23535,1057,109,0.0,69,20,1,6,Digital nomad living my best life 🌴,Real
17327,1526,434,1.83,482,57,0,7,Entrepreneur & lifestyle blogger,Real
31089,3117,0,5.403625860639594,411,28,0,7,Nature lover | Saving the planet 🌍,Fake
20779,2796,389,8.510071919579538,465,42,1,11,Photographer and content creator 📸,Fake
8104,862,407,8.37,991,82,0,6,Photographer and content creator 📸,Fake
49382,1196,64,0.31,261,13,0,3,Business inquiries? Contact below 👇,Fake
35596,2115,348,1.0961444949807553,703,54,1,5,Love exploring new places 🌎,Real
39090,2054,51,6.27,945,98,0,5,Nature lover | Saving the planet 🌍,Fake
34893,2790,499,5.133470442903352,616,43,0,5,Passionate traveler and food lover,Real
17487,1138,252,2.066256389649812,261,0,0,7,Follow for daily inspiration 🌟,Fake
53,3168,201,8.058626653707389,232,97,1,4,Entrepreneur & lifestyle blogger,Fake
24126,1807,136,2.631053097177244,891,77,0,2,Follow for daily inspiration 🌟,Real
4734,3423,265,0.0,562,11,1,7,Love exploring new places 🌎,Real
14037,4380,108,1.4,351,23,0,8,Entrepreneur & lifestyle blogger,Real
28936,2442,386,4.09711912819605,542,87,1,5,Aspiring artist | Drawing my dreams,Real
37058,3839,398,4.69,71,4,0,11,Aspiring artist | Drawing my dreams,Fake
26138,2370,297,1.86,926,31,1,8,Personal blog | Stay positive ✨,Real
17319,3894,81,1.11,747,20,1,9,Personal blog | Stay positive ✨,Real
53,1292,34,1.7,456,78,0,2,Personal blog | Stay positive ✨,Fake
43087,2585,409,5.53,742,32,0,9,DM for collaborations or inquiries!,Real
17494,2750,499,0.69,798,45,0,7,Love exploring new places 🌎,Fake
10258,4606,161,8.88,922,84,0,6,Follow for daily inspiration 🌟,Fake
10350,4099,490,2.0736732408895007,646,44,1,4,Business inquiries? Contact below 👇,Real
47838,1240,161,1.82,193,27,0,6,Passionate traveler and food lover,Fake
20105,2004,499,5.635265100657614,237,47,1,9,Business inquiries? Contact below 👇,Fake
3722,1425,331,5.75,828,50,0,3,Digital nomad living my best life 🌴,Real
47484,3002,184,10.0,815,42,0,7,Business inquiries? Contact below 👇,Fake
20008,3122,219,7.07,334,62,0,8,Business inquiries? Contact below 👇,Real
2769,3256,132,8.983666038822733,399,60,1,4,DM for collaborations or inquiries!,Real
35868,2615,254,3.178378349349963,0,71,1,6,Love exploring new places 🌎,Fake
49588,3768,352,0.39,521,35,1,6,Digital nomad living my best life 🌴,Real
2698,1102,9,1.34,466,37,1,3,Check out my website for more updates!,Fake
38520,420,421,0.0,91,72,0,1,Foodie | Reviews and recipes,Real
36352,3260,463,7.71,185,26,0,9,Fitness enthusiast 💪 | Health advocate,Real
14013,735,284,2.264065335406644,337,65,0,8,Love exploring new places 🌎,Fake
28799,1598,179,2.3507942152769656,686,69,1,5,Foodie | Reviews and recipes,Real
53,1495,34,3.376187268252385,269,52,1,4,Love exploring new places 🌎,Fake
21952,4247,477,6.51,587,18,0,4,Sharing moments from my journey,Real
20618,3440,499,4.892889675400688,999,46,1,3,Passionate traveler and food lover,Real
26668,3533,371,5.105882165611717,568,20,0,4,Digital nomad living my best life 🌴,Fake
1143,4007,136,8.249477914557094,873,31,1,8,Follow for daily inspiration 🌟,Fake
44961,4706,21,4.16,70,18,0,7,Aspiring artist | Drawing my dreams,Fake
4179,2555,153,0.81,357,5,0,4,Foodie | Reviews and recipes,Real
43139,1606,0,7.9909789329603695,0,39,0,8,Check out my website for more updates!,Real
4103,3316,390,9.97,817,24,0,4,Love exploring new places 🌎,Fake
43425,3786,208,9.255705550142586,812,15,0,5,Follow for daily inspiration 🌟,Real
24769,819,55,3.372457858577906,401,18,1,5,Check out my website for more updates!,Fake
29350,1304,240,6.47,439,52,0,7,Nature lover | Saving the planet 🌍,Real
42310,390,146,0.11,837,62,0,4,Fitness enthusiast 💪 | Health advocate,Real
15022,3398,419,2.1681530381314933,378,39,0,4,Entrepreneur & lifestyle blogger,Fake
1785,4086,134,8.18,416,70,0,6,Love exploring new places 🌎,Fake
584,4372,488,1.0,213,29,0,9,Aspiring artist | Drawing my dreams,Fake
9425,2848,306,4.9,189,28,0,6,Passionate traveler and food lover,Real
49333,684,333,5.684303067928266,382,70,1,7,Photographer and content creator 📸,Fake
23382,1617,289,3.713703123339588,878,39,1,6,DM for collaborations or inquiries!,Fake
32655,4318,386,7.73,458,77,0,6,DM for collaborations or inquiries!,Fake
42061,263,252,3.25,969,0,0,7,Follow for daily inspiration 🌟,Fake
23002,2570,499,2.2598845716247133,999,78,1,4,Foodie | Reviews and recipes,Fake
38957,2708,437,3.0631203293254727,0,90,0,3,Fitness enthusiast 💪 | Health advocate,Real
12179,3846,109,3.09,759,31,0,2,Digital nomad living my best life 🌴,Real
41163,2121,347,4.636265328891574,716,61,1,3,Check out my website for more updates!,Fake
39925,3415,215,2.061142948388946,690,46,0,1,Business inquiries? Contact below 👇,Real
17968,883,224,5.73,62,64,0,8,Passionate traveler and food lover,Fake
31833,4676,19,5.22,778,52,0,6,Aspiring artist | Drawing my dreams,Fake
28749,720,404,0.04,592,46,0,10,Foodie | Reviews and recipes,Real
34762,1973,372,5.73,874,38,0,10,Nature lover | Saving the planet 🌍,Real
8996,3203,39,1.44,998,3,0,7,Personal blog | Stay positive ✨,Real
25778,1960,114,1.33,735,35,0,11,Fitness enthusiast 💪 | Health advocate,Real
21895,3966,267,6.63,700,5,0,10,DM for collaborations or inquiries!,Real
49044,1578,429,4.07,337,33,0,10,Passionate traveler and food lover,Fake
18512,2565,261,0.1578952459763192,265,51,0,8,Business inquiries? Contact below 👇,Fake
3463,2943,128,3.467993908737365,114,37,0,2,Love exploring new places 🌎,Real
18266,3288,221,9.40002547669432,366,45,1,6,Follow for daily inspiration 🌟,Real
5024,966,420,9.86,690,76,0,11,DM for collaborations or inquiries!,Fake
415,2425,122,6.18,234,81,0,6,Sharing moments from my journey,Fake
16582,2444,88,8.85,518,8,0,7,DM for collaborations or inquiries!,Real
4303,565,164,7.49,795,22,0,10,Love exploring new places 🌎,Real
11539,3877,177,8.92,989,60,0,7,DM for collaborations or inquiries!,Real
19856,2300,353,3.250867040964616,344,65,1,8,Passionate traveler and food lover,Real
41689,2574,230,1.802095216179569,753,46,1,10,Digital nomad living my best life 🌴,Real
28601,1630,376,8.26,402,53,0,9,Entrepreneur & lifestyle blogger,Real
11063,2157,216,2.552358615340395,81,85,1,11,Entrepreneur & lifestyle blogger,Real
34720,4581,231,1.27,957,54,0,7,Sharing moments from my journey,Fake
3867,650,177,3.88,103,46,0,7,Love exploring new places 🌎,Real
5017,2556,188,4.05,512,32,0,9,Passionate traveler and food lover,Real
28738,3632,270,8.17,813,34,0,8,DM for collaborations or inquiries!,Real
23893,709,452,0.46,942,55,0,3,Aspiring artist | Drawing my dreams,Real
23190,3003,244,7.878483926385769,914,92,1,6,Fitness enthusiast 💪 | Health advocate,Real
35472,1329,0,3.9056259052800497,322,62,1,5,Personal blog | Stay positive ✨,Real
17269,1551,341,10.0,198,22,0,11,Follow for daily inspiration 🌟,Real
19148,1908,263,8.58,592,46,0,6,Entrepreneur & lifestyle blogger,Fake
20981,4202,364,7.32,291,74,0,5,Foodie | Reviews and recipes,Fake
49998,3096,330,5.351844660402671,299,49,1,1,Sharing moments from my journey,Real
43340,3825,294,4.21,411,91,0,9,Nature lover | Saving the planet 🌍,Real
38480,261,29,5.35,516,2,0,7,Follow for daily inspiration 🌟,Real
5664,4855,54,2.29,145,21,0,4,Foodie | Reviews and recipes,Real
7095,1858,422,2.15,730,39,0,8,Business inquiries? Contact below 👇,Real
11809,953,323,0.41,448,77,0,2,Foodie | Reviews and recipes,Real
28662,2009,399,1.4862586634797283,323,0,0,7,Foodie | Reviews and recipes,Real
23996,2936,265,2.51,511,78,0,5,Follow for daily inspiration 🌟,Real
107,4999,200,3.265294990329746,840,49,0,6,Love exploring new places 🌎,Fake
49697,1500,227,0.0,440,64,0,8,Digital nomad living my best life 🌴,Fake
6643,4995,104,6.85,334,80,0,8,Check out my website for more updates!,Fake
21496,2042,129,6.8,21,87,1,9,Photographer and content creator 📸,Real
41462,540,123,8.03,429,3,0,5,Passionate traveler and food lover,Real
27536,2592,356,1.85,614,94,0,6,Foodie | Reviews and recipes,Real
15829,10,317,4.52964936471074,783,63,0,8,DM for collaborations or inquiries!,Real
47130,4999,499,3.731575185319649,425,44,0,9,Business inquiries? Contact below 👇,Real
33942,4019,147,1.48,207,11,0,6,Fitness enthusiast 💪 | Health advocate,Real
29214,1930,430,8.12,805,37,1,1,Foodie | Reviews and recipes,Fake
36657,943,373,4.775329621136025,549,66,1,9,Entrepreneur & lifestyle blogger,Fake
27389,686,229,5.06,837,74,0,5,Foodie | Reviews and recipes,Fake
11406,1176,257,3.5,227,63,0,8,Entrepreneur & lifestyle blogger,Real
28607,4835,13,7.92,189,5,0,2,DM for collaborations or inquiries!,Real
42814,460,451,9.64,68,60,0,10,Business inquiries? Contact below 👇,Real
33107,1164,294,9.31,846,54,0,10,Aspiring artist | Drawing my dreams,Fake
28106,3755,209,5.022539531730499,216,25,0,7,Passionate traveler and food lover,Fake
25378,4223,158,1.8770890257167,370,27,0,4,Business inquiries? Contact below 👇,Real
2254,422,107,7.09,679,61,0,7,Aspiring artist | Drawing my dreams,Real
26854,2005,46,4.54,32,63,0,7,Photographer and content creator 📸,Fake
40691,2528,348,0.9004127334146563,167,51,0,8,Digital nomad living my best life 🌴,Real
12255,3200,291,4.452438475146215,59,65,0,8,Nature lover | Saving the planet 🌍,Real
14758,1766,43,6.870768114550305,37,28,1,6,Fitness enthusiast 💪 | Health advocate,Real
11353,1710,4,0.97,262,12,0,5,Entrepreneur & lifestyle blogger,Fake
13347,719,284,7.18,208,18,0,9,Aspiring artist | Drawing my dreams,Real
53,2173,218,3.8165574840404415,308,90,1,5,Digital nomad living my best life 🌴,Fake
41160,1570,437,2.13,104,87,0,11,Foodie | Reviews and recipes,Real
24121,3860,47,2.59,448,75,0,3,Fitness enthusiast 💪 | Health advocate,Real
41331,2694,174,4.7884928626194245,845,30,0,2,Digital nomad living my best life 🌴,Real
8560,4022,423,8.41,158,53,0,6,Passionate traveler and food lover,Fake
27443,4225,167,9.368362186150057,506,72,1,9,Photographer and content creator 📸,Fake
24486,4358,152,5.8,969,36,0,10,Passionate traveler and food lover,Real
35972,3114,262,6.31536641533056,333,54,0,6,Fitness enthusiast 💪 | Health advocate,Fake
28548,4268,236,8.705702436792723,104,88,1,5,Photographer and content creator 📸,Fake
3439,342,307,2.6,78,74,0,10,Love exploring new places 🌎,Fake
25040,2510,416,4.408216063138618,530,70,0,7,Foodie | Reviews and recipes,Fake
7892,2182,243,5.89,32,26,0,11,Business inquiries? Contact below 👇,Real
46123,4402,54,0.05,579,83,0,1,DM for collaborations or inquiries!,Fake
32802,880,194,0.2556888836485242,794,68,1,1,Sharing moments from my journey,Real
30840,3448,67,6.43,486,61,0,5,Personal blog | Stay positive ✨,Real
35747,948,282,5.08182420004702,276,39,0,1,Aspiring artist | Drawing my dreams,Fake
38681,3683,237,2.04,521,9,0,11,Check out my website for more updates!,Real
39248,956,161,5.88,38,41,1,2,Love exploring new places 🌎,Real
39727,1386,149,2.7,348,80,0,6,Fitness enthusiast 💪 | Health advocate,Real
17971,4288,53,5.76,179,8,1,4,Business inquiries? Contact below 👇,Real
45714,1160,104,0.86,378,50,0,1,Nature lover | Saving the planet 🌍,Fake
53,2726,146,0.0,344,99,1,2,Sharing moments from my journey,Real
27609,3259,317,7.048440830601623,219,36,1,5,DM for collaborations or inquiries!,Real
19316,2028,330,9.79,926,19,0,10,DM for collaborations or inquiries!,Fake
39860,976,445,8.49,418,71,0,2,Personal blog | Stay positive ✨,Real
40183,4283,451,8.97,228,73,0,6,Digital nomad living my best life 🌴,Real
27169,920,302,4.27,50,0,0,10,Aspiring artist | Drawing my dreams,Fake
36376,705,64,0.91,865,68,0,10,Foodie | Reviews and recipes,Fake
48336,1638,163,5.27,849,17,0,5,Passionate traveler and food lover,Real
46009,1786,51,5.0,917,54,0,4,Foodie | Reviews and recipes,Fake
7468,1734,146,0.57,529,7,0,6,Personal blog | Stay positive ✨,Fake
27963,2635,223,4.454369338854417,310,27,1,9,Follow for daily inspiration 🌟,Real
10835,4651,368,7.08,563,37,0,10,Personal blog | Stay positive ✨,Fake
44721,4677,355,1.2,535,75,0,4,Entrepreneur & lifestyle blogger,Fake
28924,2489,405,6.01,808,42,1,3,Business inquiries? Contact below 👇,Fake
42421,2764,156,7.67,791,82,0,7,Aspiring artist | Drawing my dreams,Real
40074,830,226,0.77,823,98,0,3,Sharing moments from my journey,Real
28018,3354,354,5.53,9,43,0,6,Passionate traveler and food lover,Fake
15520,102,317,9.37,273,78,0,9,Foodie | Reviews and recipes,Real
31545,3418,0,5.74225902663619,645,91,0,9,Digital nomad living my best life 🌴,Real
11423,709,166,1.83,315,68,0,1,Entrepreneur & lifestyle blogger,Real
12761,1207,162,3.932724760497592,536,47,1,4,Sharing moments from my journey,Real
3439,2988,205,10.0,0,39,1,9,DM for collaborations or inquiries!,Real
15915,845,327,0.08,632,39,0,5,Aspiring artist | Drawing my dreams,Fake
13621,2380,345,3.528262170054955,401,0,0,5,Fitness enthusiast 💪 | Health advocate,Real
32683,1673,95,4.96758597744535,592,45,1,4,Follow for daily inspiration 🌟,Real
30418,3494,478,4.948690081343532,0,49,0,4,Love exploring new places 🌎,Real
16026,2547,250,5.106013455388773,406,95,0,5,Photographer and content creator 📸,Fake
42656,2901,220,8.05,932,20,0,9,Nature lover | Saving the planet 🌍,Fake
47783,2138,96,0.99,985,57,1,9,Photographer and content creator 📸,Real
11353,77,415,9.16,87,31,0,6,Check out my website for more updates!,Real
6500,4674,294,3.737643737274415,84,19,0,6,Sharing moments from my journey,Real
33456,3566,194,4.41,64,76,0,3,Business inquiries? Contact below 👇,Fake
10418,2407,463,0.0,165,69,0,7,Digital nomad living my best life 🌴,Real
23719,916,267,4.69,686,79,0,2,Passionate traveler and food lover,Real
40872,1485,464,2.2,641,25,0,4,Fitness enthusiast 💪 | Health advocate,Real
42060,3320,391,4.59,377,92,0,4,Follow for daily inspiration 🌟,Fake
32962,4103,205,5.11,137,78,0,3,Fitness enthusiast 💪 | Health advocate,Fake
16891,3473,312,4.403469283143829,524,80,1,6,Passionate traveler and food lover,Fake
6975,2728,380,0.78,438,85,0,6,Entrepreneur & lifestyle blogger,Fake
6310,2578,406,8.06,377,61,1,6,Love exploring new places 🌎,Fake
23456,3504,280,4.20247885755195,883,37,1,6,Fitness enthusiast 💪 | Health advocate,Fake
6744,2639,389,9.693127211828966,853,32,0,3,Passionate traveler and food lover,Real
33942,1624,351,3.4938176877430065,705,38,1,7,Photographer and content creator 📸,Fake
42153,4962,361,6.54,224,77,0,8,Digital nomad living my best life 🌴,Fake
39545,1205,270,1.66,943,58,0,9,Sharing moments from my journey,Fake
5145,1493,371,2.39,643,74,0,6,Follow for daily inspiration 🌟,Fake
35000,1866,93,6.46,47,24,0,10,Follow for daily inspiration 🌟,Real
10538,3231,149,2.227252982929766,547,85,0,5,DM for collaborations or inquiries!,Fake
14898,15,268,7.51,412,63,0,7,Digital nomad living my best life 🌴,Real
12836,4699,399,6.76,469,0,0,10,Sharing moments from my journey,Fake
34122,4115,381,8.46,888,51,0,2,Fitness enthusiast 💪 | Health advocate,Real
13295,2641,312,7.65,154,80,0,8,Sharing moments from my journey,Fake
27490,2644,430,5.95,163,51,0,1,Follow for daily inspiration 🌟,Real
11895,53,0,3.192718313689718,384,44,0,6,Passionate traveler and food lover,Fake
37956,2223,198,8.964698915597769,497,42,0,7,Love exploring new places 🌎,Fake
23846,1337,213,1.56,985,25,0,2,Foodie | Reviews and recipes,Fake
49998,2398,105,5.354840785486049,271,36,1,3,Sharing moments from my journey,Real
28613,4469,303,0.98,617,90,0,10,Personal blog | Stay positive ✨,Fake
2582,4050,350,1.42,225,60,0,6,Love exploring new places 🌎,Real
40074,328,422,8.15,817,1,0,10,Fitness enthusiast 💪 | Health advocate,Fake
8860,2145,56,0.06,529,13,0,4,Photographer and content creator 📸,Real
49998,3696,496,5.0432708396109245,293,53,1,4,Sharing moments from my journey,Fake
203,577,398,0.45,215,26,0,6,Entrepreneur & lifestyle blogger,Fake
41410,4153,208,4.61,739,64,0,11,Check out my website for more updates!,Fake
38675,3984,218,8.31,272,61,0,6,Entrepreneur & lifestyle blogger,Fake
16208,2065,337,5.75614181892803,347,82,0,8,Photographer and content creator 📸,Real
20479,3428,423,5.4378226400119,170,71,1,8,Personal blog | Stay positive ✨,Real
33167,1960,86,4.65,982,93,0,2,Aspiring artist | Drawing my dreams,Fake
29119,1995,193,3.38,50,2,0,8,Business inquiries? Contact below 👇,Fake
39138,1532,15,3.84,937,36,0,4,Aspiring artist | Drawing my dreams,Real
29183,4632,182,4.17,774,55,0,11,Love exploring new places 🌎,Real
23734,3233,273,0.24,231,63,0,4,Sharing moments from my journey,Real
49998,2200,221,0.2546774446641544,122,94,1,6,Foodie | Reviews and recipes,Real
570,850,60,7.54,8,89,0,11,Check out my website for more updates!,Real
46125,10,484,9.630473658738143,379,76,0,10,Love exploring new places 🌎,Fake
30684,3281,381,4.3,650,69,0,9,Sharing moments from my journey,Fake
36884,2170,307,10.0,441,77,1,6,Love exploring new places 🌎,Fake
27069,1685,424,8.7,499,49,0,7,Personal blog | Stay positive ✨,Fake
47857,3258,316,4.09,772,87,0,2,Passionate traveler and food lover,Fake
33969,1196,10,4.729418252289174,764,16,0,1,DM for collaborations or inquiries!,Real
27143,2298,0,2.727790101310579,999,32,0,6,Passionate traveler and food lover,Real
19057,312,175,5.09,14,15,0,10,Business inquiries? Contact below 👇,Fake
9001,1116,59,6.37,700,89,0,4,Passionate traveler and food lover,Fake
19209,1608,490,7.48,194,13,1,6,Passionate traveler and food lover,Fake
12507,4878,192,5.71,855,84,0,6,Aspiring artist | Drawing my dreams,Fake
6206,4269,338,0.41,239,57,0,8,Check out my website for more updates!,Fake
40820,1009,450,5.699846642421622,709,56,1,11,Check out my website for more updates!,Fake
7116,4190,57,5.95,977,14,0,9,Follow for daily inspiration 🌟,Fake
14846,2169,245,7.12,294,28,0,1,Passionate traveler and food lover,Real
28646,1344,277,1.50309870089577,227,92,0,6,Personal blog | Stay positive ✨,Real
42698,2589,376,8.98,300,73,1,10,Photographer and content creator 📸,Real
25006,252,477,4.16,297,88,0,1,Foodie | Reviews and recipes,Fake
860,1091,240,8.55,901,97,0,3,Passionate traveler and food lover,Real
23010,1834,363,3.6927330242843626,415,71,0,8,Personal blog | Stay positive ✨,Real
41215,2168,185,0.0,679,4,0,10,Check out my website for more updates!,Real
28342,2258,187,3.391042917715932,0,44,0,3,Business inquiries? Contact below 👇,Real
32531,2512,322,0.0,523,83,0,7,Entrepreneur & lifestyle blogger,Fake
33357,4019,437,3.308729851591747,248,43,1,11,DM for collaborations or inquiries!,Fake
25835,2032,210,5.3526222679634,999,84,1,1,Sharing moments from my journey,Real
25983,1616,307,6.649301524253124,762,91,0,11,Fitness enthusiast 💪 | Health advocate,Fake
29227,1802,164,5.048947226199473,726,99,1,4,Photographer and content creator 📸,Real
40312,3999,417,9.63,447,62,0,4,Digital nomad living my best life 🌴,Real
36540,3640,187,9.27,472,70,0,11,Digital nomad living my best life 🌴,Fake
19810,409,135,4.476588846854199,442,59,0,3,Fitness enthusiast 💪 | Health advocate,Fake
6803,4271,380,7.96,744,36,0,11,Digital nomad living my best life 🌴,Fake
17523,3055,385,5.56,285,9,0,7,Sharing moments from my journey,Fake
46156,3211,334,3.35,970,25,0,5,Business inquiries? Contact below 👇,Real
13141,10,426,1.7034461203549969,755,89,1,5,Sharing moments from my journey,Fake
49156,1691,283,2.5543681185940663,655,0,1,8,Love exploring new places 🌎,Real
41524,1937,222,3.3683486426173657,667,32,1,1,Photographer and content creator 📸,Real
17291,1833,258,6.49,96,46,0,3,Love exploring new places 🌎,Fake
4760,338,84,0.12,876,29,0,9,Passionate traveler and food lover,Real
18360,4620,28,8.5,17,9,1,8,Digital nomad living my best life 🌴,Fake
15274,3162,99,2.9,635,5,0,2,DM for collaborations or inquiries!,Fake
14960,33,254,7.19,532,6,0,3,Follow for daily inspiration 🌟,Fake
11098,851,55,3.53,673,34,0,4,Passionate traveler and food lover,Fake
49885,793,31,8.07,497,49,1,2,Aspiring artist | Drawing my dreams,Real
40259,1337,481,1.18,794,47,0,2,Personal blog | Stay positive ✨,Real
11036,1537,188,0.22,344,59,0,2,Personal blog | Stay positive ✨,Fake
34084,2226,382,4.82,381,2,0,2,Foodie | Reviews and recipes,Real
6792,10,255,10.0,648,8,0,7,Passionate traveler and food lover,Real
31458,4687,407,9.65,532,42,0,5,DM for collaborations or inquiries!,Fake
4736,1569,121,3.43,835,70,0,11,Sharing moments from my journey,Real
14048,4263,55,9.56,973,4,0,7,Check out my website for more updates!,Real
11921,1803,362,2.88,734,17,0,7,DM for collaborations or inquiries!,Fake
42879,3644,44,0.01,147,78,0,7,Foodie | Reviews and recipes,Fake
17399,4976,208,3.9,840,7,0,2,Nature lover | Saving the planet 🌍,Real
25667,2259,17,7.0,737,95,0,6,Follow for daily inspiration 🌟,Fake
15781,226,247,0.43,40,68,0,3,Business inquiries? Contact below 👇,Fake
5158,3811,325,1.91,302,85,0,9,Follow for daily inspiration 🌟,Fake
3203,3902,186,9.68,782,57,0,9,Business inquiries? Contact below 👇,Real
17741,2813,337,7.136083212167247,530,32,1,7,Nature lover | Saving the planet 🌍,Fake
39720,731,217,10.0,304,81,1,8,Business inquiries? Contact below 👇,Fake
46575,4927,423,0.0,0,29,0,11,Love exploring new places 🌎,Real
7319,2663,110,6.13,171,60,0,4,Nature lover | Saving the planet 🌍,Fake
33888,822,91,7.38,769,54,0,2,Foodie | Reviews and recipes,Real
46711,1329,420,7.96,196,80,1,2,Foodie | Reviews and recipes,Fake
46276,2112,368,2.08,763,1,0,9,Nature lover | Saving the planet 🌍,Real
24760,4236,267,2.34,393,55,0,11,Digital nomad living my best life 🌴,Real
22904,4937,262,3.75,613,83,0,3,Fitness enthusiast 💪 | Health advocate,Fake
89,4783,155,9.66,549,27,0,2,Check out my website for more updates!,Real
26705,467,408,8.76,133,91,0,5,Passionate traveler and food lover,Real
12942,862,125,9.27,527,94,0,5,Aspiring artist | Drawing my dreams,Real
6953,4031,281,4.56,170,25,0,11,Photographer and content creator 📸,Fake
37745,1350,471,4.946059072207179,516,42,1,3,Entrepreneur & lifestyle blogger,Fake
25440,3919,268,3.0,251,48,0,9,Photographer and content creator 📸,Fake
17670,1982,97,1.9,386,68,0,5,DM for collaborations or inquiries!,Real
38651,1482,407,0.14,976,54,0,7,Nature lover | Saving the planet 🌍,Fake
41779,2448,420,6.31,668,36,0,6,Nature lover | Saving the planet 🌍,Real
44460,1451,462,4.64,301,91,0,5,Digital nomad living my best life 🌴,Real
22782,2539,248,4.860504376448113,0,64,1,8,Photographer and content creator 📸,Real
11490,3924,319,6.74,778,32,0,5,Aspiring artist | Drawing my dreams,Real
37963,58,41,5.61,473,45,0,2,Personal blog | Stay positive ✨,Real
37147,3961,94,8.34,518,58,0,8,DM for collaborations or inquiries!,Real
24693,196,150,5.292190778458749,348,73,0,9,Fitness enthusiast 💪 | Health advocate,Fake
22262,1001,131,7.5,811,79,0,7,Photographer and content creator 📸,Fake
48896,897,105,0.5,910,27,0,11,Sharing moments from my journey,Real
34781,2998,268,1.06,373,73,0,2,Entrepreneur & lifestyle blogger,Fake
5518,813,19,1.39,851,51,0,10,Follow for daily inspiration 🌟,Fake
4652,3282,361,5.53,327,47,0,3,Love exploring new places 🌎,Real
31019,840,356,5.436471694304797,707,65,1,5,Follow for daily inspiration 🌟,Real
1639,927,70,6.46,251,38,1,10,DM for collaborations or inquiries!,Real
36609,1258,214,9.34,260,81,0,7,Digital nomad living my best life 🌴,Real
40336,1340,289,0.67,778,92,0,6,Check out my website for more updates!,Fake
8982,2115,0,2.79,946,99,0,8,Business inquiries? Contact below 👇,Real
28718,4911,261,2.33,662,81,0,4,Nature lover | Saving the planet 🌍,Fake
42818,3438,319,9.16,238,95,1,3,Follow for daily inspiration 🌟,Real
23431,1498,230,6.683403441573629,527,21,0,3,Aspiring artist | Drawing my dreams,Real
30833,3295,394,0.21,514,38,0,6,Entrepreneur & lifestyle blogger,Fake
35909,2577,29,4.661125616300793,451,99,1,7,Nature lover | Saving the planet 🌍,Real
13421,10,277,4.044069836025188,996,13,0,8,Nature lover | Saving the planet 🌍,Real
5801,1471,387,5.96,637,31,0,2,Nature lover | Saving the planet 🌍,Fake
41268,3047,420,9.33,651,2,0,7,Follow for daily inspiration 🌟,Fake
15579,2121,403,5.836517431358815,496,43,0,8,Digital nomad living my best life 🌴,Fake
18084,2352,71,1.09,544,62,0,3,Personal blog | Stay positive ✨,Fake
42777,4623,429,8.69,25,34,0,1,Entrepreneur & lifestyle blogger,Fake
38832,4999,313,1.4521087850287842,587,99,0,2,Personal blog | Stay positive ✨,Real
37664,1011,120,6.44,396,2,1,7,Aspiring artist | Drawing my dreams,Fake
7935,4953,246,7.2,0,63,0,7,Nature lover | Saving the planet 🌍,Fake
27589,2880,50,5.26,885,26,0,2,Sharing moments from my journey,Real
10688,4152,481,8.97,36,44,0,9,Sharing moments from my journey,Real
41207,1875,341,4.968660446102095,825,53,1,5,Fitness enthusiast 💪 | Health advocate,Fake
30288,3251,483,3.63,444,59,0,8,Personal blog | Stay positive ✨,Real
30090,2588,289,7.35,757,84,0,11,Entrepreneur & lifestyle blogger,Fake
33616,964,48,9.13,892,82,0,4,Aspiring artist | Drawing my dreams,Fake
35108,1122,256,4.06,279,54,1,5,Entrepreneur & lifestyle blogger,Fake
47287,2442,93,1.3,731,89,0,5,Passionate traveler and food lover,Real
7699,2872,388,5.9086895671122805,355,58,1,6,Personal blog | Stay positive ✨,Fake
33738,1634,149,1.56,185,48,0,8,Entrepreneur & lifestyle blogger,Real
46751,1599,410,5.32,714,80,0,8,Follow for daily inspiration 🌟,Fake
40508,2458,271,0.85,524,65,0,2,Aspiring artist | Drawing my dreams,Real
43472,508,240,7.43,472,16,0,11,Aspiring artist | Drawing my dreams,Fake
6278,2198,467,2.17,832,28,0,11,Passionate traveler and food lover,Fake
246,4684,240,9.08351984685235,404,77,0,8,Follow for daily inspiration 🌟,Fake
48038,2311,256,7.54618365062797,493,69,1,8,Check out my website for more updates!,Real
19727,4711,370,3.33,32,19,0,4,Fitness enthusiast 💪 | Health advocate,Real
20733,1090,132,2.94,78,60,0,4,Passionate traveler and food lover,Real
41526,2012,339,2.675550453002199,732,34,1,8,Love exploring new places 🌎,Real
46916,802,439,6.98,997,60,0,3,Sharing moments from my journey,Fake
11134,2027,376,3.32,421,77,0,8,Love exploring new places 🌎,Real
17570,1456,271,6.1,922,65,0,6,Personal blog | Stay positive ✨,Fake
9564,4268,320,7.29,780,77,0,5,Personal blog | Stay positive ✨,Real
23575,3270,376,9.351028401249016,791,49,0,4,Love exploring new places 🌎,Fake
33617,4800,350,3.35,33,3,0,4,Fitness enthusiast 💪 | Health advocate,Real
48845,3774,299,6.29,26,4,0,11,Sharing moments from my journey,Real
21878,4808,436,9.59,506,2,0,5,Follow for daily inspiration 🌟,Fake
41912,4052,300,8.59,811,15,0,3,Personal blog | Stay positive ✨,Real
28962,3137,323,7.95,478,13,0,6,Digital nomad living my best life 🌴,Fake
4737,3408,263,8.27920453239068,499,18,1,5,Aspiring artist | Drawing my dreams,Real
25925,4947,225,4.818582844132887,614,9,1,3,Entrepreneur & lifestyle blogger,Real
46628,2354,29,8.42,732,91,0,8,Fitness enthusiast 💪 | Health advocate,Real
1699,1385,223,5.41,255,45,0,11,Entrepreneur & lifestyle blogger,Fake
16616,2663,349,4.662420142872685,735,71,1,8,Business inquiries? Contact below 👇,Fake
27207,2043,356,9.99,416,65,0,6,Foodie | Reviews and recipes,Fake
19916,3311,131,9.24,789,96,0,3,Follow for daily inspiration 🌟,Real
39745,2850,480,1.1531693772139349,168,43,0,3,DM for collaborations or inquiries!,Real
47014,776,55,6.97,515,48,0,9,Love exploring new places 🌎,Fake
49136,54,127,8.6,325,11,0,8,Entrepreneur & lifestyle blogger,Real
41951,423,209,7.944443892169255,765,40,1,5,Sharing moments from my journey,Fake
9862,3833,22,6.93,278,52,0,5,Entrepreneur & lifestyle blogger,Real
39188,4465,468,7.73,733,43,0,8,Nature lover | Saving the planet 🌍,Real
17457,1006,177,4.790256947602838,306,99,1,2,DM for collaborations or inquiries!,Real
19264,3510,176,8.26,162,89,0,10,Aspiring artist | Drawing my dreams,Fake
15466,1351,240,4.33,358,68,0,4,Personal blog | Stay positive ✨,Fake
18305,2368,436,8.74,896,26,0,5,Check out my website for more updates!,Real
8541,10,213,7.784075096869952,394,88,1,7,Love exploring new places 🌎,Fake
21879,144,282,8.40791364131526,990,84,0,7,DM for collaborations or inquiries!,Fake
49727,3712,482,9.940933258865972,788,51,0,8,Fitness enthusiast 💪 | Health advocate,Real
2477,968,149,9.84,988,96,0,7,Sharing moments from my journey,Real
44574,1902,145,5.37,598,58,0,3,Digital nomad living my best life 🌴,Real
20347,3580,59,6.317756678885992,293,40,1,3,Nature lover | Saving the planet 🌍,Fake
19136,4306,21,2.11,351,23,0,2,Passionate traveler and food lover,Real
25861,3811,351,6.09,197,20,0,8,Foodie | Reviews and recipes,Real
37155,3745,265,0.5603713920820432,83,99,1,5,Digital nomad living my best life 🌴,Fake
23686,1123,86,0.87,185,40,1,11,Fitness enthusiast 💪 | Health advocate,Fake
31110,3136,144,4.4408193814329655,139,48,0,1,Digital nomad living my best life 🌴,Real
31270,3563,393,7.367209030855902,348,11,1,7,Follow for daily inspiration 🌟,Real
34379,776,42,5.71,717,35,0,6,Check out my website for more updates!,Real
28435,1294,346,1.34,236,40,0,9,Digital nomad living my best life 🌴,Real
20490,3975,238,3.307253276979788,99,6,1,8,Fitness enthusiast 💪 | Health advocate,Real
9069,4509,456,3.07,385,34,0,9,Passionate traveler and food lover,Fake
38898,4831,298,0.35,479,39,0,8,Aspiring artist | Drawing my dreams,Fake
19039,4085,369,2.62,667,70,0,10,Follow for daily inspiration 🌟,Fake
10371,1095,281,2.43,116,20,0,4,Entrepreneur & lifestyle blogger,Fake
36027,1935,64,8.5,172,61,0,7,Photographer and content creator 📸,Fake
22936,3442,474,3.57,157,55,0,3,Passionate traveler and food lover,Fake
4122,1892,19,2.3,544,40,0,4,Business inquiries? Contact below 👇,Real
18785,4376,269,7.04,622,4,0,4,Check out my website for more updates!,Real
18292,1129,499,5.214160380611487,262,27,1,4,Photographer and content creator 📸,Real
23018,4846,9,8.11,494,24,0,6,Passionate traveler and food lover,Real
38993,2708,233,1.9931540223753204,343,50,1,9,Personal blog | Stay positive ✨,Real
39971,1688,403,8.28,860,98,0,3,Nature lover | Saving the planet 🌍,Real
7320,4069,190,1.1172366443805082,242,55,0,7,Aspiring artist | Drawing my dreams,Fake
30598,2990,354,1.34,650,3,0,6,Nature lover | Saving the planet 🌍,Real
21550,4246,63,3.38,300,49,0,2,Nature lover | Saving the planet 🌍,Real
46570,1361,406,0.21,759,84,0,4,Personal blog | Stay positive ✨,Fake
21975,10,219,6.06562339896113,503,32,0,2,Personal blog | Stay positive ✨,Real
29684,4366,265,6.522957467412572,136,61,0,7,Love exploring new places 🌎,Fake
26010,2135,305,7.33,986,65,0,3,Personal blog | Stay positive ✨,Real
7796,4853,453,5.99,374,52,0,9,Business inquiries? Contact below 👇,Real
7314,826,310,9.46631411926722,470,74,0,6,Business inquiries? Contact below 👇,Fake
9894,1892,190,4.4,315,45,0,2,Photographer and content creator 📸,Real
29201,4754,261,2.98,986,9,0,9,Follow for daily inspiration 🌟,Real
3188,2098,478,0.37,873,11,0,9,DM for collaborations or inquiries!,Real
23775,3636,347,1.8071527317255645,564,1,1,9,DM for collaborations or inquiries!,Fake
5613,4807,233,1.71,273,83,0,8,Entrepreneur & lifestyle blogger,Fake
17708,1232,345,2.38,987,6,0,10,Foodie | Reviews and recipes,Fake
41617,1482,246,0.86,75,40,1,7,Fitness enthusiast 💪 | Health advocate,Real
46748,4648,271,9.18,121,70,0,5,Photographer and content creator 📸,Real
20026,4999,75,7.34927120040206,0,58,1,9,Sharing moments from my journey,Fake
32793,339,406,7.83,585,55,0,7,Entrepreneur & lifestyle blogger,Fake
16255,4504,118,8.34,353,5,0,5,Aspiring artist | Drawing my dreams,Fake
4758,454,13,3.29,225,4,0,11,Check out my website for more updates!,Real
23969,4999,0,5.691267741393121,279,55,1,6,Aspiring artist | Drawing my dreams,Fake
26285,2704,396,8.64,492,79,1,3,Entrepreneur & lifestyle blogger,Real
39363,1832,220,6.707832714254385,164,70,0,11,Nature lover | Saving the planet 🌍,Real
3669,2231,196,7.284359968520658,251,73,0,7,Sharing moments from my journey,Fake
21204,2873,304,1.56698296950798,479,84,1,5,DM for collaborations or inquiries!,Real
7663,4214,264,3.17,97,87,0,6,Passionate traveler and food lover,Fake
31337,1962,499,9.15884442663127,866,29,0,6,DM for collaborations or inquiries!,Fake
28039,3589,191,5.336213069401349,643,84,1,6,Entrepreneur & lifestyle blogger,Fake
15981,3282,467,5.045140146710569,381,37,0,1,Sharing moments from my journey,Real
29802,3892,396,6.6,119,88,0,10,Check out my website for more updates!,Fake
53,1317,0,8.428963362574759,560,72,0,1,Sharing moments from my journey,Real
27029,1555,273,0.66,155,86,0,11,Follow for daily inspiration 🌟,Real
47449,4923,122,2.5661053607024047,521,65,0,9,Nature lover | Saving the planet 🌍,Fake
43216,10,499,7.360027417066117,250,0,0,2,Nature lover | Saving the planet 🌍,Fake
42780,1223,274,5.78,678,55,0,7,Passionate traveler and food lover,Real
9479,2235,65,1.27,488,91,0,6,Personal blog | Stay positive ✨,Real
31577,4845,175,7.24,835,42,0,8,Personal blog | Stay positive ✨,Real
23794,4131,166,2.959000314604427,693,56,0,5,Aspiring artist | Drawing my dreams,Real
47052,2671,309,8.18,950,50,0,7,Business inquiries? Contact below 👇,Fake
30388,3912,354,5.607329567059551,372,6,0,6,Love exploring new places 🌎,Real
29396,4580,440,8.29,178,43,0,3,Business inquiries? Contact below 👇,Fake
36981,841,350,4.73,390,0,0,8,Follow for daily inspiration 🌟,Real
13380,2742,375,10.0,268,25,0,11,Sharing moments from my journey,Real
10628,2312,182,0.0,667,88,0,1,Business inquiries? Contact below 👇,Real
24914,1857,493,7.17,858,99,0,11,Fitness enthusiast 💪 | Health advocate,Real
21476,1064,347,0.6577946312967509,23,79,0,11,Love exploring new places 🌎,Fake
16127,1947,181,8.71,21,43,0,9,Aspiring artist | Drawing my dreams,Real
18843,2049,242,6.846346847310611,438,60,0,8,Entrepreneur & lifestyle blogger,Fake
35020,2425,36,1.76,888,0,0,4,Passionate traveler and food lover,Real
42835,411,70,4.824041456354038,999,6,0,3,Foodie | Reviews and recipes,Real
37105,4761,339,3.69,895,84,1,6,Photographer and content creator 📸,Fake
7479,4572,220,1.87,246,73,1,7,Foodie | Reviews and recipes,Real
3107,3652,184,3.89,122,2,0,7,Fitness enthusiast 💪 | Health advocate,Real
44864,1743,480,9.41,896,46,0,4,Love exploring new places 🌎,Fake
20330,1239,275,5.57,777,36,0,3,Nature lover | Saving the planet 🌍,Real
22884,893,279,2.091306738260746,0,25,0,4,Photographer and content creator 📸,Real
41628,4519,35,7.68,468,26,0,3,DM for collaborations or inquiries!,Fake
29125,3072,273,3.861065727164581,529,33,1,8,DM for collaborations or inquiries!,Fake
38911,3682,213,8.214582430152102,838,55,1,1,Sharing moments from my journey,Fake
16464,2220,477,2.3,878,82,0,8,DM for collaborations or inquiries!,Fake
24188,622,135,8.41,979,6,0,8,Follow for daily inspiration 🌟,Real
34951,3730,65,7.318411484257875,518,87,1,1,Fitness enthusiast 💪 | Health advocate,Real
49998,2053,257,6.092994500879845,617,32,0,5,Aspiring artist | Drawing my dreams,Real
6169,4571,493,7.09,176,93,0,10,DM for collaborations or inquiries!,Real
29769,1336,125,7.5,76,41,0,3,Business inquiries? Contact below 👇,Real
18644,1666,0,5.325141408473076,647,73,0,4,Entrepreneur & lifestyle blogger,Fake
21575,1815,152,8.847290441735751,404,40,0,11,Aspiring artist | Drawing my dreams,Real
25894,1279,0,5.690508978346966,807,19,0,1,DM for collaborations or inquiries!,Fake
40437,3943,385,1.61,455,40,0,9,Digital nomad living my best life 🌴,Fake
30750,4746,64,3.3,560,2,0,3,Nature lover | Saving the planet 🌍,Fake
1599,2685,161,7.81,720,94,1,3,Nature lover | Saving the planet 🌍,Fake
2062,1603,322,3.96,450,89,0,6,Foodie | Reviews and recipes,Real
40354,1076,11,5.39,126,2,0,4,DM for collaborations or inquiries!,Real
5384,2804,355,3.89,513,16,0,10,Passionate traveler and food lover,Real
31257,1832,35,0.19,992,62,0,4,Nature lover | Saving the planet 🌍,Fake
15402,97,77,10.0,174,18,1,11,Nature lover | Saving the planet 🌍,Real
2662,2248,368,5.59,856,99,0,2,Foodie | Reviews and recipes,Fake
14940,1666,418,0.39,171,99,0,9,Entrepreneur & lifestyle blogger,Fake
10290,10,270,3.975066804026603,81,70,1,9,Love exploring new places 🌎,Real
10321,1167,233,3.81,925,23,0,1,Love exploring new places 🌎,Real
32895,422,204,5.85502029971096,606,72,0,7,Foodie | Reviews and recipes,Fake
1300,477,294,6.835868598708908,268,78,1,4,Passionate traveler and food lover,Real
22547,1846,99,2.41,284,49,0,9,Foodie | Reviews and recipes,Fake
22232,1200,80,2.12,482,67,1,11,Check out my website for more updates!,Fake
32563,2951,253,0.74,829,3,0,3,Passionate traveler and food lover,Fake
25028,3211,391,2.76,892,55,0,2,Foodie | Reviews and recipes,Real
37920,3522,130,9.28,537,13,0,5,Check out my website for more updates!,Real
49207,2844,99,6.04,864,85,0,9,Follow for daily inspiration 🌟,Real
24809,846,284,0.26,902,80,0,9,DM for collaborations or inquiries!,Fake
12696,4605,65,8.91,686,24,0,6,Personal blog | Stay positive ✨,Fake
3120,3757,116,2.27,335,32,0,8,Passionate traveler and food lover,Fake
46112,4755,47,2.12,142,48,0,8,Fitness enthusiast 💪 | Health advocate,Fake
30696,4778,303,0.35,975,83,0,7,Fitness enthusiast 💪 | Health advocate,Real
7828,140,415,7.27,446,97,0,2,Business inquiries? Contact below 👇,Real
6932,1718,312,8.27,912,96,0,4,Love exploring new places 🌎,Real
26701,3436,397,6.62,971,25,0,4,Nature lover | Saving the planet 🌍,Fake
12960,1182,293,5.02,857,81,0,6,Sharing moments from my journey,Real
7589,1890,315,0.99,118,76,0,7,Fitness enthusiast 💪 | Health advocate,Fake
6829,4387,85,3.301200653764384,102,69,1,9,Passionate traveler and food lover,Fake
19358,2091,85,9.05,337,64,0,10,Sharing moments from my journey,Fake
44977,3580,407,7.27,864,56,0,10,Digital nomad living my best life 🌴,Fake
22400,3003,233,2.772607722349859,999,0,1,5,Love exploring new places 🌎,Real
12123,2958,395,0.18,374,86,0,8,Aspiring artist | Drawing my dreams,Fake
25723,2386,451,6.480017589477133,753,90,0,9,Entrepreneur & lifestyle blogger,Fake
3275,3069,99,5.15,947,59,0,2,Love exploring new places 🌎,Fake
43030,4706,340,4.006035760045874,913,68,0,6,Check out my website for more updates!,Fake
35330,2899,358,2.000339312754356,798,27,0,5,Sharing moments from my journey,Real
798,4630,2,6.87,436,32,1,2,Check out my website for more updates!,Real
36153,1240,183,2.74,328,79,0,9,Sharing moments from my journey,Fake
46739,851,478,6.89,953,65,0,10,Nature lover | Saving the planet 🌍,Real
11364,535,92,1.3463698157530235,393,40,1,3,Entrepreneur & lifestyle blogger,Real
48615,3788,451,8.36,958,72,0,11,Sharing moments from my journey,Fake
39901,3022,447,1.76,797,83,0,4,Photographer and content creator 📸,Fake
40657,836,409,5.63,549,88,0,2,Aspiring artist | Drawing my dreams,Real
30633,775,328,0.3810626982831584,407,51,1,10,Check out my website for more updates!,Fake
37680,2561,2,1.49,886,52,0,2,DM for collaborations or inquiries!,Real
34449,2465,110,5.02,671,5,0,5,Fitness enthusiast 💪 | Health advocate,Real
29555,210,0,2.166905934982228,224,68,0,9,Nature lover | Saving the planet 🌍,Fake
12866,2257,282,7.66,307,34,0,5,Personal blog | Stay positive ✨,Fake
33583,1634,255,2.642301080262223,446,79,0,11,Aspiring artist | Drawing my dreams,Fake
31277,1597,460,3.38,505,2,0,6,Digital nomad living my best life 🌴,Fake
22678,2373,221,8.463609790561472,530,79,0,6,Personal blog | Stay positive ✨,Real
23954,3523,124,3.42814322346226,194,99,1,11,Love exploring new places 🌎,Real
53,3426,6,4.823242440963927,519,23,0,10,Business inquiries? Contact below 👇,Real
30442,229,184,6.46,302,89,0,6,Passionate traveler and food lover,Fake
5385,4999,115,5.109912321307272,215,75,1,9,Love exploring new places 🌎,Real
22980,4725,269,1.87,470,76,1,3,Nature lover | Saving the planet 🌍,Fake
49461,1975,205,7.51896809631877,175,21,1,4,Entrepreneur & lifestyle blogger,Fake
19682,1442,366,8.95,260,30,0,4,Sharing moments from my journey,Fake
24238,886,73,5.5,25,49,0,5,Foodie | Reviews and recipes,Fake
15891,1128,212,7.242342443227386,999,62,0,5,Entrepreneur & lifestyle blogger,Fake
22875,1265,285,8.36,673,92,0,7,Check out my website for more updates!,Fake
3132,4008,253,2.1,555,93,0,10,Aspiring artist | Drawing my dreams,Fake
8376,885,411,6.6,214,68,0,9,DM for collaborations or inquiries!,Real
23968,38,146,7.18,723,40,0,7,Personal blog | Stay positive ✨,Real
35296,1560,329,1.4836118120825228,516,83,1,4,Personal blog | Stay positive ✨,Fake
7926,934,405,3.01,506,81,0,10,DM for collaborations or inquiries!,Fake
7058,3109,181,5.43706226176366,999,53,1,3,Passionate traveler and food lover,Fake
29882,2084,147,4.5198913016132485,406,77,0,5,Digital nomad living my best life 🌴,Fake
29721,977,445,2.84,289,90,1,7,Aspiring artist | Drawing my dreams,Real
12879,3069,480,4.94,996,84,0,9,Foodie | Reviews and recipes,Real
33164,3353,468,7.65,396,18,0,2,Nature lover | Saving the planet 🌍,Fake
27331,4247,54,0.31,856,34,0,6,Sharing moments from my journey,Real
26642,2071,82,6.16,977,83,0,10,Check out my website for more updates!,Fake
48850,300,267,6.15,797,89,0,8,Aspiring artist | Drawing my dreams,Fake
2807,2340,232,1.13,288,77,0,10,DM for collaborations or inquiries!,Fake
40951,206,53,2.24,740,74,0,3,Personal blog | Stay positive ✨,Real
10663,819,488,5.36,27,19,0,8,Business inquiries? Contact below 👇,Real
28739,2972,410,5.497209025865062,179,54,1,3,DM for collaborations or inquiries!,Real
49128,754,22,7.18,320,85,0,2,Personal blog | Stay positive ✨,Fake
18557,792,366,8.23,115,79,0,11,Foodie | Reviews and recipes,Real
32214,4999,317,7.058250966207174,290,84,0,4,Foodie | Reviews and recipes,Fake
20479,790,293,9.57,999,13,0,11,Check out my website for more updates!,Fake
26688,1051,362,2.68,680,64,1,7,Photographer and content creator 📸,Fake
23271,3949,18,7.76,25,56,0,7,Follow for daily inspiration 🌟,Fake
43734,2589,128,6.8,861,6,0,10,Aspiring artist | Drawing my dreams,Fake
19341,3420,262,2.162503885020989,536,12,0,2,Nature lover | Saving the planet 🌍,Real
28456,4373,441,6.66,349,61,0,9,Love exploring new places 🌎,Fake
38385,2651,486,1.42,576,33,0,9,Personal blog | Stay positive ✨,Real
49998,4822,431,2.349549339913492,720,9,0,3,Personal blog | Stay positive ✨,Real
27128,4480,446,7.19,94,46,0,6,Entrepreneur & lifestyle blogger,Real
48204,732,43,3.64,426,95,0,7,Foodie | Reviews and recipes,Real
35395,3184,456,7.95,407,47,0,10,Digital nomad living my best life 🌴,Fake
41802,646,228,5.5,208,35,0,4,Passionate traveler and food lover,Fake
3806,2146,65,0.0,234,83,0,7,Photographer and content creator 📸,Fake
26328,2637,94,3.4190825753688863,138,28,0,8,Foodie | Reviews and recipes,Real
4698,529,82,9.88,503,55,0,2,Entrepreneur & lifestyle blogger,Real
31818,2185,394,6.04,982,69,0,8,Personal blog | Stay positive ✨,Fake
30777,3579,44,0.31,208,87,1,4,Check out my website for more updates!,Real
40983,4999,26,2.0228288465072635,803,19,0,5,Personal blog | Stay positive ✨,Fake
43376,1529,270,1.09,623,15,0,8,Fitness enthusiast 💪 | Health advocate,Fake
5883,1962,318,9.28,247,14,0,7,Love exploring new places 🌎,Real
38822,4773,338,1.4928470426914655,670,72,1,5,Nature lover | Saving the planet 🌍,Real
46252,1065,390,3.55,719,14,0,9,Digital nomad living my best life 🌴,Fake
1007,130,323,8.31,589,57,0,4,DM for collaborations or inquiries!,Fake
28568,3156,475,3.0843834446145086,246,38,1,4,Sharing moments from my journey,Fake
41722,2177,426,0.0,199,64,0,3,Nature lover | Saving the planet 🌍,Fake
31835,675,181,0.11,164,55,0,6,Digital nomad living my best life 🌴,Fake
26880,145,244,8.85,866,22,0,5,Nature lover | Saving the planet 🌍,Real
32177,845,314,0.0927238284137583,846,11,1,5,Foodie | Reviews and recipes,Real
46896,930,99,0.66,454,10,0,9,Nature lover | Saving the planet 🌍,Real
15741,1060,271,3.99,83,3,0,10,Foodie | Reviews and recipes,Fake
34995,1013,138,9.35,878,29,0,10,Follow for daily inspiration 🌟,Real
8950,1104,343,2.77,465,89,0,5,Fitness enthusiast 💪 | Health advocate,Real
11864,503,367,0.57,910,85,0,11,Passionate traveler and food lover,Real
47448,1614,195,8.749053193082409,193,47,0,10,Follow for daily inspiration 🌟,Fake
10857,2794,0,2.02832819279563,641,87,1,6,Love exploring new places 🌎,Real
38107,2680,71,7.8,996,7,1,2,Personal blog | Stay positive ✨,Fake
8502,530,428,4.18,750,45,0,4,DM for collaborations or inquiries!,Real
876,4674,52,4.8,667,80,0,2,Fitness enthusiast 💪 | Health advocate,Fake
49204,3295,404,0.39,151,36,0,5,Foodie | Reviews and recipes,Real
47651,421,46,9.29,371,43,0,7,Check out my website for more updates!,Fake
35659,1324,355,5.2,972,47,0,4,Photographer and content creator 📸,Fake
12483,1693,465,2.07978296837523,769,19,0,11,Business inquiries? Contact below 👇,Fake
41998,467,156,9.67,684,32,0,10,Love exploring new places 🌎,Real
37232,325,210,0.7,671,79,0,4,Nature lover | Saving the planet 🌍,Fake
16441,420,267,7.77,525,92,0,8,Digital nomad living my best life 🌴,Real
40670,2265,469,1.79,216,10,0,4,Business inquiries? Contact below 👇,Fake
49364,1716,342,7.502246941524769,0,30,1,1,Sharing moments from my journey,Real
29349,4982,190,3.1763510401153887,414,38,0,10,Entrepreneur & lifestyle blogger,Real
30393,3256,76,9.91,976,57,0,3,Love exploring new places 🌎,Fake
18676,629,144,4.580267487745719,257,43,0,4,Follow for daily inspiration 🌟,Real
27924,1445,423,2.137516622177456,723,63,1,7,Business inquiries? Contact below 👇,Fake
3957,1449,330,6.723426744433248,321,64,0,1,DM for collaborations or inquiries!,Fake
16735,1073,210,9.82,299,21,0,2,Foodie | Reviews and recipes,Fake
25295,3739,107,8.37,764,21,0,10,Aspiring artist | Drawing my dreams,Fake
26322,3736,332,9.6,939,77,0,1,Digital nomad living my best life 🌴,Fake
46077,151,206,8.31,824,67,0,4,Follow for daily inspiration 🌟,Real
10850,4418,38,0.13,531,42,1,5,Entrepreneur & lifestyle blogger,Fake
28207,144,259,0.0,185,51,0,6,Nature lover | Saving the planet 🌍,Fake
38319,324,1,8.63,44,38,0,9,Passionate traveler and food lover,Fake
1351,3986,341,6.2,320,41,0,2,Follow for daily inspiration 🌟,Fake
38991,3425,401,5.262412372583835,362,42,1,5,Passionate traveler and food lover,Fake
42476,3354,309,4.12,927,65,0,6,Passionate traveler and food lover,Fake
38052,142,18,2.22,592,56,0,7,DM for collaborations or inquiries!,Fake
7079,3129,475,0.36,33,82,0,6,Photographer and content creator 📸,Real
47925,1720,20,5.45,656,72,0,5,Business inquiries? Contact below 👇,Real
38960,4869,0,9.300359951370591,568,65,0,6,Personal blog | Stay positive ✨,Fake
6767,4348,0,0.0,873,49,1,6,DM for collaborations or inquiries!,Fake
16879,3906,283,7.11,615,11,0,3,Digital nomad living my best life 🌴,Real
27582,1191,292,0.33,449,21,0,5,Follow for daily inspiration 🌟,Real
32485,1337,336,9.33,984,31,0,11,Sharing moments from my journey,Fake
17493,1980,113,8.33,143,87,0,9,Nature lover | Saving the planet 🌍,Fake
49998,2347,179,9.27586477864374,399,87,1,9,Follow for daily inspiration 🌟,Real
43796,1492,191,3.83,485,46,0,3,Personal blog | Stay positive ✨,Real
39453,266,477,5.997188378938239,258,0,0,11,Love exploring new places 🌎,Real
10072,1299,398,4.39,610,38,0,5,Digital nomad living my best life 🌴,Fake
10795,3034,451,5.546112431212344,367,35,1,10,Nature lover | Saving the planet 🌍,Real
40007,501,161,1.61,594,26,0,6,Photographer and content creator 📸,Fake
21565,2205,14,7.07,663,70,0,6,Check out my website for more updates!,Real
21777,3913,251,0.0,466,50,0,6,Personal blog | Stay positive ✨,Real
13659,3425,129,5.61,113,19,0,2,Business inquiries? Contact below 👇,Real
37125,3928,328,3.9,576,44,0,1,Photographer and content creator 📸,Fake
5517,3755,138,6.71,438,40,0,3,Sharing moments from my journey,Real
29031,10,444,1.243880077934759,957,27,1,2,Foodie | Reviews and recipes,Real
34591,4999,184,6.22146165430094,37,75,1,4,DM for collaborations or inquiries!,Real
11838,999,139,7.99,708,97,0,8,Personal blog | Stay positive ✨,Real
7500,1437,409,6.36,489,53,0,2,Passionate traveler and food lover,Real
23618,4690,453,8.705506492041502,467,0,0,9,Love exploring new places 🌎,Fake
14428,3736,404,0.75,251,64,0,3,Love exploring new places 🌎,Real
14327,1302,71,5.325226597953477,665,34,0,7,Aspiring artist | Drawing my dreams,Fake
46390,3629,332,8.62,499,43,0,11,Aspiring artist | Drawing my dreams,Real
33590,4377,190,3.78,560,40,0,6,Nature lover | Saving the planet 🌍,Fake
46495,996,358,4.02,899,10,0,10,DM for collaborations or inquiries!,Real
23057,3939,457,5.79606531875241,832,37,0,7,Foodie | Reviews and recipes,Real
22512,4809,122,6.07,876,52,1,5,Personal blog | Stay positive ✨,Fake
31210,4550,406,4.98,321,31,0,11,Nature lover | Saving the planet 🌍,Fake
45508,355,212,1.61,774,74,0,2,Business inquiries? Contact below 👇,Fake
40335,496,430,2.4,378,52,0,10,Nature lover | Saving the planet 🌍,Fake
46609,4508,174,4.598942350051493,879,10,0,3,Check out my website for more updates!,Fake
53,2379,266,6.714648051734287,640,57,1,9,DM for collaborations or inquiries!,Fake
29248,483,166,7.026782878363827,535,31,1,7,Passionate traveler and food lover,Real
22165,2998,431,6.43,767,82,0,11,Follow for daily inspiration 🌟,Fake
30115,1372,314,0.57,725,68,0,10,Aspiring artist | Drawing my dreams,Fake
17465,642,206,8.67,684,18,0,7,Check out my website for more updates!,Fake
40643,4577,405,0.76,598,96,0,7,Nature lover | Saving the planet 🌍,Real
23061,311,198,0.1058431109223034,387,46,1,6,Love exploring new places 🌎,Fake
26795,3058,275,2.145042487666021,358,39,0,6,Passionate traveler and food lover,Fake
41691,497,123,5.56,804,68,0,10,Sharing moments from my journey,Fake
18796,3317,213,4.288421587705537,438,87,1,11,Entrepreneur & lifestyle blogger,Fake
36205,2024,273,5.81,180,1,0,10,Follow for daily inspiration 🌟,Real
27532,3792,17,1.7834330336157107,999,56,0,4,Photographer and content creator 📸,Real
15011,4114,167,7.41,144,19,0,9,Fitness enthusiast 💪 | Health advocate,Real
34754,1295,213,9.32,221,58,0,5,Fitness enthusiast 💪 | Health advocate,Real
45179,2502,349,5.349125760344935,644,21,0,1,Aspiring artist | Drawing my dreams,Real
11320,2163,281,8.95,908,32,0,4,Aspiring artist | Drawing my dreams,Fake
21989,3909,456,5.722646744747312,564,68,1,7,Follow for daily inspiration 🌟,Fake
42472,4153,71,9.21,903,6,0,5,DM for collaborations or inquiries!,Fake
21859,10,201,0.0644381404987584,999,67,0,6,Fitness enthusiast 💪 | Health advocate,Real
24942,2324,46,6.24,663,85,0,2,Photographer and content creator 📸,Fake
22589,580,129,6.9,628,45,0,8,Digital nomad living my best life 🌴,Real
10408,1244,390,2.61,154,91,0,8,Entrepreneur & lifestyle blogger,Fake
42109,4079,280,9.94,689,7,0,6,Digital nomad living my best life 🌴,Real
25325,1315,72,0.03,575,8,1,10,Entrepreneur & lifestyle blogger,Fake
49809,2749,286,4.860414766732404,265,41,1,11,Personal blog | Stay positive ✨,Fake
49998,3599,115,7.571007303067521,492,92,0,11,Aspiring artist | Drawing my dreams,Fake
49998,2523,200,6.267473759300918,856,40,1,8,Entrepreneur & lifestyle blogger,Fake
21922,4448,45,9.35,109,34,0,6,Digital nomad living my best life 🌴,Fake
19748,10,259,7.809698196963083,453,73,1,4,Check out my website for more updates!,Real
23588,687,332,7.57,195,7,0,8,Love exploring new places 🌎,Real
41478,3285,115,4.69,244,65,0,4,Love exploring new places 🌎,Fake
40204,3586,327,9.37,172,87,1,10,Fitness enthusiast 💪 | Health advocate,Fake
26505,2200,156,1.91,364,86,0,9,Aspiring artist | Drawing my dreams,Fake
37277,4296,201,2.2366468447584804,999,75,1,7,Love exploring new places 🌎,Fake
36488,3287,114,3.1,223,78,0,4,Love exploring new places 🌎,Real
15533,1214,267,4.6,545,91,0,8,Photographer and content creator 📸,Real
38070,1745,419,2.88,213,3,0,4,Check out my website for more updates!,Real
5568,2225,462,5.42,982,36,0,10,Nature lover | Saving the planet 🌍,Real
7182,4799,104,3.95,233,41,0,10,Personal blog | Stay positive ✨,Fake
30968,1904,115,7.59,53,46,0,3,Love exploring new places 🌎,Fake
20943,3629,165,1.97,995,73,0,6,Business inquiries? Contact below 👇,Fake
7602,10,122,6.469562579674175,631,51,1,7,Aspiring artist | Drawing my dreams,Real
39980,4744,172,1.66,908,85,0,4,DM for collaborations or inquiries!,Fake
40483,1156,426,5.04,689,7,0,7,Personal blog | Stay positive ✨,Real
36034,4812,461,7.01,202,46,0,8,Nature lover | Saving the planet 🌍,Fake
26667,3154,0,8.07485322717588,130,48,1,5,Digital nomad living my best life 🌴,Real
8620,4346,335,5.77,452,42,0,6,Foodie | Reviews and recipes,Fake
15541,4105,281,0.24,560,91,0,6,Sharing moments from my journey,Real
46936,309,0,4.86,109,80,1,8,Love exploring new places 🌎,Fake
44193,3941,165,7.61,620,68,0,2,Aspiring artist | Drawing my dreams,Fake
44120,2616,448,7.43,459,79,0,7,Aspiring artist | Drawing my dreams,Real
31634,3749,401,4.44,801,14,0,10,Aspiring artist | Drawing my dreams,Real
16903,2817,135,2.188279347312952,587,40,0,3,Follow for daily inspiration 🌟,Fake
6053,1774,378,0.76,198,9,0,4,Sharing moments from my journey,Real
24130,1142,83,7.53,402,14,0,6,Aspiring artist | Drawing my dreams,Fake
40814,4320,365,4.02,632,80,0,10,Entrepreneur & lifestyle blogger,Fake
13957,2154,499,3.551885071906153,356,48,1,10,Fitness enthusiast 💪 | Health advocate,Fake
18084,1973,442,8.2,192,19,0,11,Aspiring artist | Drawing my dreams,Fake
53,2713,159,1.8755934993115797,240,21,0,2,Check out my website for more updates!,Fake
8042,4598,222,5.730145099102574,527,77,0,10,Fitness enthusiast 💪 | Health advocate,Fake
48942,730,368,4.11,868,96,0,4,Follow for daily inspiration 🌟,Real
23350,3297,365,5.37,24,88,0,4,Business inquiries? Contact below 👇,Real
31185,2598,470,4.789702270642735,378,0,1,7,DM for collaborations or inquiries!,Real
53,2073,188,3.705236054308024,457,75,0,8,Business inquiries? Contact below 👇,Real
23126,4453,368,4.774050834353962,397,31,0,3,Personal blog | Stay positive ✨,Real
31149,4189,250,1.32,845,1,0,9,DM for collaborations or inquiries!,Real
43161,4020,97,9.94,730,33,0,9,DM for collaborations or inquiries!,Real
13186,4147,267,7.93,338,47,0,6,DM for collaborations or inquiries!,Fake
49792,4423,49,8.03,587,82,0,7,Follow for daily inspiration 🌟,Fake
12500,979,262,4.287033305639072,631,0,1,5,Sharing moments from my journey,Real
10758,1195,452,6.97,676,85,0,2,Check out my website for more updates!,Real
31235,2586,41,0.0,339,91,1,8,Check out my website for more updates!,Real
39528,1560,29,0.58,485,95,0,2,Passionate traveler and food lover,Real
29692,4618,236,5.48,267,48,0,4,Nature lover | Saving the planet 🌍,Real
18798,2266,354,2.489890664425485,993,19,0,8,Follow for daily inspiration 🌟,Fake
49988,4098,184,1.25,429,33,0,4,Aspiring artist | Drawing my dreams,Real
19667,4257,176,7.664570394645552,477,0,0,6,Photographer and content creator 📸,Fake
832,1289,278,8.54,852,75,0,10,Follow for daily inspiration 🌟,Fake
5123,3739,433,3.12,652,71,1,8,Foodie | Reviews and recipes,Real
23454,2062,138,3.7379555099491646,69,67,0,4,Nature lover | Saving the planet 🌍,Real
11194,2508,475,9.53,427,81,0,10,Business inquiries? Contact below 👇,Real
15386,361,428,3.37,642,77,0,1,Love exploring new places 🌎,Fake
13156,2597,243,7.043686884997458,320,19,1,8,Love exploring new places 🌎,Real
38525,3088,499,8.18584854709625,662,37,1,8,Photographer and content creator 📸,Real
17407,4454,404,0.52,159,80,0,10,Digital nomad living my best life 🌴,Fake
46173,753,193,1.56,40,36,0,3,Nature lover | Saving the planet 🌍,Real
38296,1693,377,4.79,501,17,1,10,Follow for daily inspiration 🌟,Fake
22872,2823,329,2.151242377411262,277,59,0,5,Entrepreneur & lifestyle blogger,Real
32723,101,201,9.86,866,69,0,3,Business inquiries? Contact below 👇,Fake
32917,4287,225,5.47,924,20,0,3,Digital nomad living my best life 🌴,Fake
22989,1123,0,4.61,586,86,0,4,Aspiring artist | Drawing my dreams,Fake
17927,4389,484,0.59,903,45,0,2,Entrepreneur & lifestyle blogger,Fake
12789,3867,159,6.35,397,87,0,9,Follow for daily inspiration 🌟,Fake
26750,3963,421,0.82,65,51,1,10,DM for collaborations or inquiries!,Fake
49998,392,394,4.912408431601596,823,48,0,8,Check out my website for more updates!,Fake
21477,2746,499,6.755159141771737,682,18,1,1,Nature lover | Saving the planet 🌍,Real
10571,3047,0,1.0079669080844065,484,35,0,3,Follow for daily inspiration 🌟,Fake
40433,3092,359,3.478258355392692,0,60,1,8,Nature lover | Saving the planet 🌍,Real
15328,34,114,2.7,192,67,1,3,Photographer and content creator 📸,Real
44859,3475,9,3.52,490,47,0,5,Follow for daily inspiration 🌟,Fake
17668,770,240,3.38,518,27,0,5,Fitness enthusiast 💪 | Health advocate,Real
25869,3318,230,2.868076985599639,367,70,0,10,Photographer and content creator 📸,Real
44097,2589,439,9.81,241,66,0,7,Aspiring artist | Drawing my dreams,Fake
39242,1384,99,4.523395168539652,186,59,0,11,Fitness enthusiast 💪 | Health advocate,Real
28903,141,434,0.39,102,11,0,9,Fitness enthusiast 💪 | Health advocate,Real
45871,2536,57,5.705412255671631,220,43,0,10,Aspiring artist | Drawing my dreams,Fake
27082,4538,374,6.14,84,95,0,4,Follow for daily inspiration 🌟,Fake
48471,753,467,9.55,669,51,1,8,Check out my website for more updates!,Fake
6318,1750,9,4.43,285,53,0,5,Passionate traveler and food lover,Real
28412,3364,489,8.45,789,58,0,8,Entrepreneur & lifestyle blogger,Fake
30262,3218,5,10.0,312,76,1,6,DM for collaborations or inquiries!,Fake
22648,10,0,8.274486872745829,899,47,0,5,Personal blog | Stay positive ✨,Real
11737,284,78,3.37,62,48,0,3,Photographer and content creator 📸,Real
22283,1215,169,4.01,584,86,0,11,Fitness enthusiast 💪 | Health advocate,Fake
22619,711,471,2.28,452,73,0,2,Follow for daily inspiration 🌟,Fake
7194,1114,334,3.13,800,62,1,3,Personal blog | Stay positive ✨,Fake
18916,3551,273,6.46,724,23,0,7,Fitness enthusiast 💪 | Health advocate,Fake
10225,274,237,5.77,563,88,0,4,Nature lover | Saving the planet 🌍,Fake
32921,3491,499,4.134297910980735,163,30,1,4,Personal blog | Stay positive ✨,Fake
7262,4266,291,6.94,730,86,0,5,Personal blog | Stay positive ✨,Fake
21502,2011,176,8.78,402,31,0,3,Aspiring artist | Drawing my dreams,Fake
28122,3213,30,3.57,865,35,0,3,DM for collaborations or inquiries!,Fake
14303,10,499,9.082535880074868,195,52,1,3,Entrepreneur & lifestyle blogger,Fake
12791,2973,378,6.2979290129916325,440,85,0,1,DM for collaborations or inquiries!,Fake
10033,2868,18,9.1,448,22,1,3,Business inquiries? Contact below 👇,Real
45910,4548,103,2.37,494,32,0,3,Foodie | Reviews and recipes,Fake
31078,1599,72,8.38428112795084,353,52,1,4,Passionate traveler and food lover,Fake
13689,3806,370,5.385799231474331,527,29,1,2,Foodie | Reviews and recipes,Real
42618,2481,240,10.0,356,42,1,8,Entrepreneur & lifestyle blogger,Real
40061,3576,168,3.96,147,7,0,5,Sharing moments from my journey,Real
18866,2363,41,4.552441757987651,438,55,1,5,Personal blog | Stay positive ✨,Fake
16562,507,51,3.06,705,74,0,3,Business inquiries? Contact below 👇,Fake
34134,681,48,0.01,915,84,0,3,Digital nomad living my best life 🌴,Real
17921,3082,418,6.17,335,14,0,10,Personal blog | Stay positive ✨,Real
40568,816,246,3.624186972342233,811,97,1,7,Love exploring new places 🌎,Real
9287,4050,199,6.42,620,83,0,4,Nature lover | Saving the planet 🌍,Fake
35585,2695,47,1.36,639,70,0,6,DM for collaborations or inquiries!,Real
17492,581,88,4.27,132,46,0,6,DM for collaborations or inquiries!,Real
47503,192,262,7.8,895,42,0,8,Sharing moments from my journey,Fake
53,3173,191,6.096746063596878,505,65,0,4,Business inquiries? Contact below 👇,Fake
39634,4590,335,6.378536250279274,589,27,1,1,Fitness enthusiast 💪 | Health advocate,Real
20376,3314,56,2.8357385154991293,547,0,0,7,Check out my website for more updates!,Real
20099,3871,75,10.0,680,66,0,6,Check out my website for more updates!,Real
8853,1223,468,6.45,358,8,0,7,DM for collaborations or inquiries!,Fake
444,4897,127,4.19,850,71,0,5,Check out my website for more updates!,Fake
1031,1781,207,1.03,385,13,0,9,Photographer and content creator 📸,Real
20767,2168,229,3.851939629073011,639,37,0,7,Foodie | Reviews and recipes,Real
20650,1041,406,7.736046104759737,705,55,1,7,Passionate traveler and food lover,Real
15935,2709,210,6.63,52,83,0,8,Check out my website for more updates!,Real
29246,295,124,6.6,577,21,0,7,Foodie | Reviews and recipes,Real
10381,236,355,0.0,358,58,0,7,Check out my website for more updates!,Real
33454,1136,294,4.63,438,99,0,9,Foodie | Reviews and recipes,Real
2858,2826,369,0.77,780,20,0,4,Love exploring new places 🌎,Fake
21154,4940,238,3.48,452,63,0,7,Digital nomad living my best life 🌴,Fake
17402,1451,191,4.38,497,80,0,4,Nature lover | Saving the planet 🌍,Fake
21654,2664,147,4.21,929,35,1,2,Passionate traveler and food lover,Fake
12765,828,499,10.0,0,43,0,6,Photographer and content creator 📸,Real
1728,2464,259,6.31,481,84,1,9,Sharing moments from my journey,Fake
3196,4431,197,7.58,459,17,0,7,Personal blog | Stay positive ✨,Fake
38150,2211,151,7.63,794,66,0,8,Fitness enthusiast 💪 | Health advocate,Fake
21783,3032,241,8.850571823779877,802,43,1,7,Fitness enthusiast 💪 | Health advocate,Real
31875,1541,221,0.0246328860424194,411,22,0,3,Love exploring new places 🌎,Real
47404,873,195,6.45,469,36,0,6,Business inquiries? Contact below 👇,Fake
2320,2858,260,8.481293230947793,480,80,1,3,Check out my website for more updates!,Real
18958,453,426,9.78,334,30,0,11,Passionate traveler and food lover,Real
22223,4108,197,5.757642954838959,184,46,0,8,Foodie | Reviews and recipes,Real
11020,1766,347,5.65,666,67,0,9,Business inquiries? Contact below 👇,Real
27960,2208,499,6.1,61,77,0,8,Foodie | Reviews and recipes,Fake
26325,3427,236,9.070824922883464,231,74,0,3,Entrepreneur & lifestyle blogger,Real
15447,2889,497,1.1,292,37,0,5,Personal blog | Stay positive ✨,Fake
46792,2737,333,2.84,288,20,0,4,Love exploring new places 🌎,Fake
27605,2869,273,3.261889563749409,607,18,0,7,Business inquiries? Contact below 👇,Fake
19853,2250,396,4.79,878,21,0,7,Entrepreneur & lifestyle blogger,Real
22762,594,57,5.45,263,10,0,5,Love exploring new places 🌎,Real
53,3048,170,5.022554970764627,514,65,0,11,Sharing moments from my journey,Real
48018,1485,394,4.41,188,28,0,9,Follow for daily inspiration 🌟,Real
11008,2448,51,0.98,455,67,0,10,Digital nomad living my best life 🌴,Real
6515,1943,182,8.51,313,17,0,7,Photographer and content creator 📸,Real
40634,10,106,4.115940708871313,641,82,1,9,Nature lover | Saving the planet 🌍,Real
8260,2203,268,7.6,301,19,0,10,Nature lover | Saving the planet 🌍,Real
40532,4223,182,3.99,697,82,0,4,Follow for daily inspiration 🌟,Real
11060,1871,70,9.33,979,36,0,7,Passionate traveler and food lover,Fake
19195,2743,51,7.36,179,2,0,1,Personal blog | Stay positive ✨,Fake
16696,804,85,8.08,673,2,0,9,Fitness enthusiast 💪 | Health advocate,Real
45788,94,409,1.68,635,57,0,8,Check out my website for more updates!,Fake
49998,4999,176,0.2936971015728007,263,64,0,1,Follow for daily inspiration 🌟,Real
1029,2567,169,5.290103506837959,591,30,1,7,Photographer and content creator 📸,Fake
37951,2728,97,3.53,762,91,0,5,DM for collaborations or inquiries!,Real
5947,2836,158,5.2948321981354365,735,66,1,7,Photographer and content creator 📸,Fake
20422,4683,76,6.29,48,54,0,9,DM for collaborations or inquiries!,Real
7206,2666,52,0.2,614,63,0,2,Entrepreneur & lifestyle blogger,Real
18130,2001,12,7.532562846262917,706,57,1,5,Passionate traveler and food lover,Fake
20756,1377,443,4.38,801,62,0,7,Entrepreneur & lifestyle blogger,Fake
47867,625,478,1.39,703,95,0,3,Business inquiries? Contact below 👇,Real
42075,2251,324,2.96,411,46,0,9,Business inquiries? Contact below 👇,Real
53,1621,332,3.818769497024343,391,89,0,7,DM for collaborations or inquiries!,Fake
42269,1275,46,7.62,706,23,0,10,Aspiring artist | Drawing my dreams,Real
6367,2419,151,6.507372520083834,236,0,1,3,Love exploring new places 🌎,Fake
30503,3581,467,8.24,152,70,0,5,Love exploring new places 🌎,Real
20178,4902,45,6.954780659461517,504,69,1,7,Follow for daily inspiration 🌟,Fake
47078,2078,363,9.75,865,8,0,2,Digital nomad living my best life 🌴,Fake
24362,1198,163,3.4132650169541794,787,29,1,4,Nature lover | Saving the planet 🌍,Fake
25189,3043,273,9.27,328,54,0,4,Nature lover | Saving the planet 🌍,Fake
19939,3786,53,7.42,750,52,0,10,Follow for daily inspiration 🌟,Fake
40029,4135,464,9.0,210,62,0,6,Check out my website for more updates!,Fake
40816,4573,119,5.14,322,88,0,6,Nature lover | Saving the planet 🌍,Fake
11105,3691,209,7.019158159780359,91,52,1,1,Follow for daily inspiration 🌟,Fake
28701,2534,430,0.06,446,47,0,8,Check out my website for more updates!,Real
44925,2687,395,7.59,801,11,0,3,Business inquiries? Contact below 👇,Fake
46085,2941,27,8.65,473,98,0,8,Follow for daily inspiration 🌟,Real
15936,4245,304,0.0,399,75,1,3,Nature lover | Saving the planet 🌍,Real
38709,3189,355,1.87,638,56,0,9,Love exploring new places 🌎,Fake
26504,4709,185,5.7599196812209525,999,73,0,10,Check out my website for more updates!,Fake
18035,3307,192,2.64,51,20,0,4,DM for collaborations or inquiries!,Real
45953,2096,107,7.96,685,4,0,3,Photographer and content creator 📸,Real
18975,113,195,8.06,359,6,0,10,Foodie | Reviews and recipes,Fake
8805,3702,159,1.652713550506443,370,66,1,6,Aspiring artist | Drawing my dreams,Real
32404,4425,232,5.455809204961738,999,24,0,3,Foodie | Reviews and recipes,Real
2429,4554,308,2.88,287,60,0,2,Digital nomad living my best life 🌴,Real
49998,500,472,4.204212306166177,449,59,1,6,Sharing moments from my journey,Real
49998,3463,412,5.534412212265745,674,59,1,1,Passionate traveler and food lover,Real
3616,2805,332,5.4742654500352605,506,52,1,8,DM for collaborations or inquiries!,Fake
10962,125,458,6.7,332,13,1,3,Love exploring new places 🌎,Fake
29367,1308,112,0.0,208,58,1,1,Photographer and content creator 📸,Fake
28847,2033,269,8.72,320,75,0,11,Check out my website for more updates!,Real
30753,4307,273,2.95,335,0,0,3,Sharing moments from my journey,Real
46597,3165,354,1.86,303,88,0,1,Follow for daily inspiration 🌟,Real
447,3952,196,9.38,909,5,0,5,DM for collaborations or inquiries!,Fake
16741,4422,348,5.95,447,10,0,8,Love exploring new places 🌎,Real
24550,2279,199,6.145015031423914,291,62,1,9,Love exploring new places 🌎,Fake
8374,1897,114,3.656711243673385,340,88,0,10,DM for collaborations or inquiries!,Real
4773,3857,392,0.1,210,81,0,2,Entrepreneur & lifestyle blogger,Real
25728,271,395,1.8,65,24,0,5,Nature lover | Saving the planet 🌍,Fake
16312,3438,228,3.6092207084669674,667,22,1,3,Follow for daily inspiration 🌟,Real
32243,1975,330,2.519489215456472,34,31,1,1,Business inquiries? Contact below 👇,Real
45302,1878,216,5.08146989399292,695,94,0,7,Personal blog | Stay positive ✨,Real
31331,2266,323,7.98624301993131,436,68,0,8,Sharing moments from my journey,Fake
37267,2488,354,7.24,846,9,0,10,Passionate traveler and food lover,Real
32069,2763,274,6.840140682372244,657,55,0,5,Entrepreneur & lifestyle blogger,Fake
47485,2217,125,9.57,492,44,0,5,Business inquiries? Contact below 👇,Real
34533,1896,0,5.355650524801282,288,43,0,7,Entrepreneur & lifestyle blogger,Fake
6733,980,418,8.08,924,94,0,8,Passionate traveler and food lover,Real
34370,1888,492,2.17,457,31,0,10,Entrepreneur & lifestyle blogger,Real
16727,2545,102,3.027571950379663,53,66,1,11,Business inquiries? Contact below 👇,Real
25136,1619,135,2.354183982312535,766,22,0,5,Check out my website for more updates!,Real
31309,417,213,8.08,827,78,0,1,DM for collaborations or inquiries!,Real
26865,3355,331,5.497057977088796,0,99,0,6,Check out my website for more updates!,Fake
40248,21,391,5.67,378,39,0,4,Foodie | Reviews and recipes,Real
48204,1683,352,0.8495921780572182,837,59,1,3,Passionate traveler and food lover,Real
30756,4228,462,5.56,717,42,0,6,Foodie | Reviews and recipes,Fake
19562,4665,296,8.98,662,16,0,9,Digital nomad living my best life 🌴,Real
17929,10,154,5.880359122316345,554,0,0,9,Fitness enthusiast 💪 | Health advocate,Real
8416,526,85,2.79,618,86,0,11,Nature lover | Saving the planet 🌍,Fake
16081,930,459,4.44,287,76,1,11,Digital nomad living my best life 🌴,Fake
32253,1517,167,1.35,784,99,0,2,Passionate traveler and food lover,Fake
14583,293,119,3.07,266,87,0,7,DM for collaborations or inquiries!,Fake
44790,2424,309,5.37,106,12,0,5,Love exploring new places 🌎,Real
34146,2008,364,2.895455344099086,444,0,0,9,Personal blog | Stay positive ✨,Fake
18809,1978,462,2.85,795,67,0,4,Aspiring artist | Drawing my dreams,Real
21525,1762,45,9.64,869,80,0,2,Business inquiries? Contact below 👇,Fake
12874,1397,288,2.3572333672048305,404,31,1,10,Sharing moments from my journey,Real
40655,3520,0,4.009631437304745,415,99,1,9,Sharing moments from my journey,Real
5970,2630,62,3.07,997,35,0,8,Nature lover | Saving the planet 🌍,Fake
8042,1745,34,8.56,602,94,0,10,Nature lover | Saving the planet 🌍,Real
34681,2925,312,6.51140439044113,423,91,1,7,Digital nomad living my best life 🌴,Fake
16517,1290,101,3.63,38,78,0,5,Follow for daily inspiration 🌟,Fake
39872,4683,455,8.59,615,71,0,2,DM for collaborations or inquiries!,Real
48204,2021,87,9.79,617,79,0,3,Foodie | Reviews and recipes,Real
34403,2727,455,8.456996054311446,536,37,0,8,Entrepreneur & lifestyle blogger,Fake
11438,2688,319,1.1023508302945362,499,74,0,7,Nature lover | Saving the planet 🌍,Fake
4837,926,99,1.75,63,6,0,10,Aspiring artist | Drawing my dreams,Real
33710,4027,91,1.24,293,36,0,11,Entrepreneur & lifestyle blogger,Fake
14495,1250,444,1.4509318257215391,468,53,0,7,Passionate traveler and food lover,Fake
9654,4407,254,9.86,574,12,0,10,Passionate traveler and food lover,Fake
32786,2871,325,8.59,481,19,0,7,Nature lover | Saving the planet 🌍,Fake
597,3640,204,4.740135412478154,914,48,1,2,Entrepreneur & lifestyle blogger,Fake
44023,1305,441,3.08,258,97,0,7,Aspiring artist | Drawing my dreams,Fake
40817,4580,111,1.79,315,79,0,2,Entrepreneur & lifestyle blogger,Fake
38571,4186,153,5.634277759124718,334,80,0,6,Photographer and content creator 📸,Fake
25645,4550,87,6.35,558,68,0,9,Digital nomad living my best life 🌴,Fake
21080,1852,249,3.071480827528592,636,77,1,10,Nature lover | Saving the planet 🌍,Fake
49539,1675,19,9.55,778,34,0,3,Entrepreneur & lifestyle blogger,Real
9086,4881,165,9.67,434,93,0,7,Digital nomad living my best life 🌴,Fake
36561,3616,317,3.15,455,80,0,5,Follow for daily inspiration 🌟,Real
19691,416,237,7.0,156,91,0,7,Personal blog | Stay positive ✨,Real
31039,2978,385,0.2830281604930178,324,58,1,7,Passionate traveler and food lover,Real
9227,4040,397,8.97,832,35,0,4,Sharing moments from my journey,Fake
46233,4011,175,0.54,672,8,0,4,Sharing moments from my journey,Real
9215,2173,408,1.09,419,76,0,9,Photographer and content creator 📸,Fake
17320,4999,0,6.759669862339703,41,39,0,6,Personal blog | Stay positive ✨,Real
36536,4418,490,2.95,352,69,0,5,Digital nomad living my best life 🌴,Fake
24842,1483,0,4.621393563585931,215,64,0,10,Sharing moments from my journey,Fake
28988,4278,67,9.45,120,78,0,4,Sharing moments from my journey,Real
41833,2671,257,7.861184116018764,302,16,0,5,Digital nomad living my best life 🌴,Fake
30447,4999,430,6.329738627230829,300,78,0,7,Entrepreneur & lifestyle blogger,Real
35008,735,206,0.5064406700478781,654,28,1,7,Digital nomad living my best life 🌴,Fake
43495,2251,399,3.33,73,24,0,7,DM for collaborations or inquiries!,Real
18402,416,357,9.31,946,49,0,2,Business inquiries? Contact below 👇,Real
49628,4091,462,5.74,826,47,0,5,Entrepreneur & lifestyle blogger,Real
18674,4576,205,1.29,3,81,0,8,Personal blog | Stay positive ✨,Real
19956,2565,239,3.890167902462837,545,41,1,8,Follow for daily inspiration 🌟,Real
24888,4957,453,0.05,31,64,0,7,Photographer and content creator 📸,Fake
39587,2287,392,8.24,880,47,0,7,Photographer and content creator 📸,Real
39902,3919,469,2.72,778,41,0,2,Sharing moments from my journey,Real
23300,3775,496,4.062046308116231,0,25,1,7,Love exploring new places 🌎,Fake
16197,32,228,8.708378010630565,57,53,1,4,Personal blog | Stay positive ✨,Real
38749,3563,405,2.74,984,58,0,5,Foodie | Reviews and recipes,Fake
37054,15,134,5.51,180,20,0,3,DM for collaborations or inquiries!,Fake
53,182,499,5.46151859430316,686,60,0,5,Business inquiries? Contact below 👇,Fake
11485,2706,61,9.21,923,49,0,11,Sharing moments from my journey,Real
4717,4868,254,2.61,168,91,0,1,Digital nomad living my best life 🌴,Real
24041,1857,375,5.005481423427983,547,51,0,9,Foodie | Reviews and recipes,Real
9462,2937,309,3.93,204,45,0,8,Digital nomad living my best life 🌴,Real
48547,1562,135,2.4825347330106293,240,25,0,8,Photographer and content creator 📸,Real
18912,4176,380,8.16,321,86,0,10,Check out my website for more updates!,Real
12231,2358,319,5.857356121434633,483,32,1,11,Entrepreneur & lifestyle blogger,Fake
1385,2508,342,2.81,123,16,1,7,Photographer and content creator 📸,Fake
46240,1371,150,2.4,881,39,0,11,Love exploring new places 🌎,Real
16275,4999,160,0.0,471,22,0,9,Photographer and content creator 📸,Fake
11496,3567,166,0.1400724871694638,89,35,0,3,Aspiring artist | Drawing my dreams,Real
10720,1167,244,5.678977168027874,378,14,1,8,Passionate traveler and food lover,Real
53,1265,82,5.330264397764477,327,34,1,5,Nature lover | Saving the planet 🌍,Fake
31501,660,283,2.74262259134434,141,64,0,8,Passionate traveler and food lover,Real
17225,2871,313,1.12,956,29,0,11,Business inquiries? Contact below 👇,Real
9386,790,174,7.742200805310111,356,87,0,7,Nature lover | Saving the planet 🌍,Fake
42260,3222,358,0.16,501,9,0,5,Business inquiries? Contact below 👇,Fake
41742,3530,154,3.8690581405246647,574,80,0,2,Passionate traveler and food lover,Fake
25836,2130,254,6.088512805289434,441,44,1,6,Sharing moments from my journey,Fake
21304,2711,236,7.2,221,4,0,10,Passionate traveler and food lover,Fake
37262,4166,218,4.8,823,13,0,4,Fitness enthusiast 💪 | Health advocate,Real
37425,3858,448,6.64,442,71,0,9,Passionate traveler and food lover,Real
16747,4547,198,6.23,166,58,0,6,DM for collaborations or inquiries!,Real
15395,2525,490,4.8,417,85,0,5,Foodie | Reviews and recipes,Real
44486,1006,221,10.0,0,0,1,8,Foodie | Reviews and recipes,Real
24997,772,210,1.7314458754646562,526,25,0,4,Passionate traveler and food lover,Fake
4132,1220,497,9.48,403,22,1,9,Personal blog | Stay positive ✨,Fake
43888,1706,447,9.64,178,75,0,9,Personal blog | Stay positive ✨,Real
26631,2773,357,6.941970189587408,794,0,1,5,Aspiring artist | Drawing my dreams,Fake
13562,1092,360,4.5486319222480285,740,82,1,11,Passionate traveler and food lover,Fake
21872,1464,436,4.35,735,32,0,2,Fitness enthusiast 💪 | Health advocate,Real
29597,2629,322,6.79,472,46,0,10,Fitness enthusiast 💪 | Health advocate,Fake
31476,2779,118,0.9624828080195496,423,18,0,3,Fitness enthusiast 💪 | Health advocate,Fake
17810,4962,35,8.49,575,22,0,4,Foodie | Reviews and recipes,Fake
22514,3100,259,6.0,707,37,0,2,Sharing moments from my journey,Fake
36193,2610,86,8.89,287,88,0,8,Foodie | Reviews and recipes,Fake
49998,4432,2,4.791994703415549,379,63,0,4,Passionate traveler and food lover,Fake
41331,827,319,7.781479128410091,980,29,1,1,Passionate traveler and food lover,Real
5384,4140,253,9.63,126,87,0,2,Aspiring artist | Drawing my dreams,Real
3878,2049,111,6.250496142964787,326,0,1,1,DM for collaborations or inquiries!,Real
4565,4100,127,1.05,413,46,0,3,Fitness enthusiast 💪 | Health advocate,Fake
26298,3503,229,9.11,298,90,0,2,Follow for daily inspiration 🌟,Fake
19323,1248,180,1.58,14,58,1,4,DM for collaborations or inquiries!,Real
39746,436,12,5.931981543984463,483,81,1,7,Follow for daily inspiration 🌟,Fake
12481,481,56,2.17,596,16,0,10,Personal blog | Stay positive ✨,Fake
24718,231,169,9.91,271,48,0,5,Aspiring artist | Drawing my dreams,Fake
41575,1177,7,8.52,151,66,0,4,Aspiring artist | Drawing my dreams,Fake
21452,232,2,4.36,690,52,0,10,Entrepreneur & lifestyle blogger,Real
4915,3946,209,6.9,62,74,0,5,Nature lover | Saving the planet 🌍,Real
32688,968,258,1.8,789,15,0,11,Follow for daily inspiration 🌟,Fake
13348,3594,405,8.461988331562445,972,97,1,10,Sharing moments from my journey,Real
7998,1265,315,2.06,774,38,0,5,Personal blog | Stay positive ✨,Fake
5384,1830,91,2.69,354,15,0,4,Photographer and content creator 📸,Real
30748,10,274,1.043075062190653,636,26,0,6,Passionate traveler and food lover,Fake
25193,2930,180,8.848443891751355,671,37,0,2,Foodie | Reviews and recipes,Real
29735,3073,23,2.24,40,11,0,6,Aspiring artist | Drawing my dreams,Fake
41463,1339,363,8.956779241391281,934,0,1,9,Sharing moments from my journey,Fake
7790,4572,98,8.29,329,18,0,7,Love exploring new places 🌎,Fake
22178,4302,393,9.03,561,27,0,10,Foodie | Reviews and recipes,Fake
48000,4441,398,2.77,865,77,0,10,Fitness enthusiast 💪 | Health advocate,Fake
42661,364,136,3.75,526,34,0,5,Love exploring new places 🌎,Fake
42529,2620,238,8.04,197,93,0,8,Personal blog | Stay positive ✨,Real
15451,2169,362,7.595161993902989,622,19,0,6,Personal blog | Stay positive ✨,Fake
48906,4865,397,0.72,24,80,0,7,Fitness enthusiast 💪 | Health advocate,Real
22871,179,346,8.648836371570228,687,35,1,6,Passionate traveler and food lover,Real
6749,2363,320,0.77,281,67,0,11,Business inquiries? Contact below 👇,Real
53,3835,88,4.178895644808237,436,54,1,9,Passionate traveler and food lover,Real
1241,1151,369,1.29,765,15,0,10,Follow for daily inspiration 🌟,Real
12626,2391,217,3.1728407234826763,298,44,1,11,Sharing moments from my journey,Fake
41814,2562,212,9.8,448,39,0,3,Passionate traveler and food lover,Real
37732,2204,438,3.93,329,3,0,6,Love exploring new places 🌎,Real
34708,1966,409,5.6,638,19,0,8,Follow for daily inspiration 🌟,Real
26144,3492,311,9.66,381,62,0,4,Love exploring new places 🌎,Real
7300,4188,281,7.06,829,97,0,8,Entrepreneur & lifestyle blogger,Real
48925,4962,460,4.61,22,17,0,9,Photographer and content creator 📸,Real
5391,4476,465,4.56,189,11,0,10,Passionate traveler and food lover,Fake
47869,537,488,9.52,434,2,0,7,Digital nomad living my best life 🌴,Fake
43815,280,371,3.313616830271188,96,16,1,4,DM for collaborations or inquiries!,Fake
18622,1766,461,2.99,641,0,0,8,DM for collaborations or inquiries!,Fake
22845,4999,151,3.9657020101805074,595,60,0,7,Digital nomad living my best life 🌴,Real
45913,3617,324,2.32,899,22,0,7,Check out my website for more updates!,Fake
47815,545,56,4.141421589943328,599,36,1,5,Entrepreneur & lifestyle blogger,Fake
26006,939,8,4.6,338,73,1,8,Photographer and content creator 📸,Fake
19660,1997,257,2.32,202,75,0,8,Sharing moments from my journey,Fake
5213,1182,276,4.71,605,2,0,5,Personal blog | Stay positive ✨,Real
9969,1328,395,1.137700200743231,606,91,0,2,Sharing moments from my journey,Real
25712,1375,405,2.8971908822993098,704,16,1,7,Sharing moments from my journey,Real
40557,3621,499,0.94,362,84,0,7,Passionate traveler and food lover,Real
10427,1166,368,4.39,138,10,0,11,Love exploring new places 🌎,Fake
21393,4560,30,5.03,760,34,0,4,Photographer and content creator 📸,Real
9010,1522,375,8.39,288,55,0,10,Check out my website for more updates!,Fake
24210,2496,378,8.51,949,44,0,2,Entrepreneur & lifestyle blogger,Real
20242,3869,266,1.6648880205256256,750,24,0,4,Sharing moments from my journey,Real
10384,4843,186,6.56,302,10,0,6,Follow for daily inspiration 🌟,Real
19888,4296,18,5.01,333,36,1,8,Fitness enthusiast 💪 | Health advocate,Fake
27348,2877,254,7.055080821055341,396,26,1,5,Follow for daily inspiration 🌟,Real
38803,1974,56,4.664544186571424,258,45,1,5,Fitness enthusiast 💪 | Health advocate,Fake
25922,4023,37,2.97,303,82,0,9,Check out my website for more updates!,Fake
27414,1709,336,4.922858476917074,492,65,0,5,Nature lover | Saving the planet 🌍,Real
48072,1288,17,5.48,751,9,0,6,Personal blog | Stay positive ✨,Fake
49998,1688,238,3.283024199041072,213,49,0,3,Entrepreneur & lifestyle blogger,Real
24428,1683,460,3.9755230003796216,364,28,0,2,Sharing moments from my journey,Real
44971,4658,228,0.14,124,23,0,7,Business inquiries? Contact below 👇,Fake
23447,4717,350,1.76,987,74,0,11,Follow for daily inspiration 🌟,Fake
47772,2870,464,4.384205137367264,690,7,0,8,Personal blog | Stay positive ✨,Fake
49998,2498,499,6.26386651861559,508,36,0,5,Photographer and content creator 📸,Fake
46125,846,18,5.46,873,61,0,6,Aspiring artist | Drawing my dreams,Fake
49998,2558,390,4.3396730618684,249,44,1,7,Digital nomad living my best life 🌴,Real
29300,3797,80,0.1800165690204593,999,15,0,7,Photographer and content creator 📸,Fake
36721,2679,257,5.21,276,96,0,2,Personal blog | Stay positive ✨,Fake
32133,888,204,4.003586207379133,596,81,1,4,Fitness enthusiast 💪 | Health advocate,Real
37769,2141,39,2.89,695,63,1,5,Foodie | Reviews and recipes,Fake
39451,4858,499,6.6121144647997525,397,24,1,8,Nature lover | Saving the planet 🌍,Real
35617,3020,401,0.78,36,68,0,3,Photographer and content creator 📸,Fake
23996,4543,65,7.55,493,21,0,8,Digital nomad living my best life 🌴,Real
37052,2352,498,4.69,721,8,0,2,Business inquiries? Contact below 👇,Fake
12006,4161,135,8.37,778,22,0,5,Follow for daily inspiration 🌟,Real
16472,2674,256,8.33541768293873,445,45,0,5,Nature lover | Saving the planet 🌍,Fake
23907,1369,0,7.248454805349498,830,99,0,3,Foodie | Reviews and recipes,Real
17669,4071,371,3.93,574,28,0,3,Check out my website for more updates!,Fake
2808,1028,317,5.81,858,51,0,3,Photographer and content creator 📸,Fake
23964,649,93,6.33,336,79,0,3,Photographer and content creator 📸,Real
42022,2551,253,0.9851082317293436,393,53,0,6,Follow for daily inspiration 🌟,Real
30504,3180,188,4.74,398,19,0,10,Personal blog | Stay positive ✨,Fake
12491,3107,171,8.13,137,56,0,4,Love exploring new places 🌎,Real
21098,300,202,5.75,187,88,0,11,Business inquiries? Contact below 👇,Fake
43777,493,431,9.81,168,60,0,4,Passionate traveler and food lover,Fake
16660,100,479,4.26,863,29,0,8,Photographer and content creator 📸,Fake
43847,10,171,5.935371166631104,862,21,0,4,DM for collaborations or inquiries!,Fake
38195,4869,200,0.83,132,62,0,4,Photographer and content creator 📸,Fake
44436,1326,166,4.04719314950361,257,38,0,4,Personal blog | Stay positive ✨,Real
8836,3261,92,9.03,367,86,0,5,Check out my website for more updates!,Fake
10956,805,236,3.6685517623078248,536,47,1,7,Love exploring new places 🌎,Fake
40674,1977,318,2.43,284,82,0,1,Follow for daily inspiration 🌟,Real
41801,2966,5,4.27,402,84,0,4,Personal blog | Stay positive ✨,Real
19411,4045,357,1.253027156387191,336,29,1,6,Business inquiries? Contact below 👇,Fake
18647,2186,369,3.283484506418467,847,44,0,7,Follow for daily inspiration 🌟,Real
35064,2486,111,8.09,685,61,0,8,Fitness enthusiast 💪 | Health advocate,Real
7068,1492,217,4.92,268,91,0,6,Entrepreneur & lifestyle blogger,Fake
6807,1172,263,10.0,493,81,0,5,Personal blog | Stay positive ✨,Fake
23398,286,383,7.96,668,17,0,3,Sharing moments from my journey,Real
26417,2797,400,0.95,802,93,0,8,Check out my website for more updates!,Real
9552,87,6,6.94,819,53,0,4,Business inquiries? Contact below 👇,Fake
53,2173,374,5.504875431268233,495,68,0,10,Follow for daily inspiration 🌟,Real
31977,2192,52,0.34,737,7,0,11,Foodie | Reviews and recipes,Real
38986,3430,115,6.23,258,32,0,2,Sharing moments from my journey,Real
19450,2218,83,2.77,191,38,0,3,Foodie | Reviews and recipes,Fake
2077,637,370,6.65,87,46,0,7,Follow for daily inspiration 🌟,Fake
17335,1480,237,5.614002229444721,548,76,1,2,Foodie | Reviews and recipes,Fake
14140,2247,315,3.245468227288891,0,66,0,2,Entrepreneur & lifestyle blogger,Real
14399,2318,415,3.75,141,3,0,8,Entrepreneur & lifestyle blogger,Fake
18019,4778,415,8.84,114,24,0,5,Follow for daily inspiration 🌟,Fake
44859,4999,308,1.0388129668812258,557,35,1,8,Business inquiries? Contact below 👇,Real
35332,3290,367,1.84,176,87,0,7,Foodie | Reviews and recipes,Real
40521,206,106,6.33,262,91,0,3,Nature lover | Saving the planet 🌍,Real
363,1686,24,3.69,973,98,0,5,Aspiring artist | Drawing my dreams,Real
24197,2970,453,8.28,218,67,1,7,Passionate traveler and food lover,Fake
39013,4999,303,4.094051918943515,630,34,1,5,Nature lover | Saving the planet 🌍,Fake
21179,1358,473,9.26,928,84,0,9,Love exploring new places 🌎,Real
20325,4303,381,0.81,198,72,0,7,Sharing moments from my journey,Fake
1007,2168,0,2.613894327213238,269,95,1,1,Photographer and content creator 📸,Fake
40818,3589,451,3.61,545,91,0,7,Love exploring new places 🌎,Fake
39605,816,45,3.04,367,63,0,10,Fitness enthusiast 💪 | Health advocate,Fake
26408,718,493,6.42,459,52,0,4,Personal blog | Stay positive ✨,Fake
19481,2954,166,6.342718631169237,400,20,0,10,Follow for daily inspiration 🌟,Real
28270,2670,109,2.81,400,34,0,5,Foodie | Reviews and recipes,Fake
40393,1379,362,6.17,891,36,0,1,Aspiring artist | Drawing my dreams,Fake
13696,751,341,0.18,58,19,0,4,Fitness enthusiast 💪 | Health advocate,Real
16898,551,23,3.87870752489245,488,38,1,6,Photographer and content creator 📸,Real
17523,1398,26,4.15,726,8,0,4,Sharing moments from my journey,Fake
43817,3644,351,6.15,995,67,0,9,Sharing moments from my journey,Fake
23821,3305,320,3.611349595082928,999,33,0,2,Nature lover | Saving the planet 🌍,Real
22750,3315,147,2.61,324,29,0,8,Entrepreneur & lifestyle blogger,Fake
39933,3073,204,7.805257921169385,235,12,0,3,Love exploring new places 🌎,Real
6883,1433,477,4.03,591,78,0,11,Nature lover | Saving the planet 🌍,Real
43156,2842,71,4.01,480,55,0,7,Check out my website for more updates!,Fake
15530,4498,267,6.7691884308476045,564,39,0,3,Fitness enthusiast 💪 | Health advocate,Real
14531,3199,110,1.21,233,9,0,4,Photographer and content creator 📸,Real
24206,1292,239,6.443326754548279,26,17,0,1,Passionate traveler and food lover,Fake
46729,3165,296,8.69,109,91,0,3,Check out my website for more updates!,Fake
28319,2805,283,8.680168207363689,109,36,0,2,Personal blog | Stay positive ✨,Fake
14410,568,460,2.27,702,35,0,8,Follow for daily inspiration 🌟,Real
14314,3501,489,9.76,558,91,0,8,Personal blog | Stay positive ✨,Real
7314,3060,220,1.52,713,79,0,2,Check out my website for more updates!,Fake
19850,4656,132,0.75,108,38,0,6,Foodie | Reviews and recipes,Real
15806,3717,485,0.7390294599436809,686,0,1,1,Foodie | Reviews and recipes,Real
34231,2917,131,8.433724573819017,627,52,1,9,Digital nomad living my best life 🌴,Fake
49998,3986,316,7.248417604128992,452,44,1,6,Sharing moments from my journey,Real
29888,3845,220,10.0,0,72,1,10,Foodie | Reviews and recipes,Real
46417,3687,198,2.832925546381467,250,76,1,7,Business inquiries? Contact below 👇,Fake
18504,4468,252,9.16,247,84,0,2,Fitness enthusiast 💪 | Health advocate,Fake
2283,916,222,6.24,956,20,0,4,Digital nomad living my best life 🌴,Fake
35657,4770,128,5.86,217,7,0,5,Entrepreneur & lifestyle blogger,Fake
6225,2731,296,4.25,764,84,0,7,Aspiring artist | Drawing my dreams,Fake
45003,3180,465,4.22,639,96,0,9,Foodie | Reviews and recipes,Fake
27149,3263,484,2.7,867,96,0,11,Aspiring artist | Drawing my dreams,Real
40628,2475,395,4.8,258,80,0,9,Aspiring artist | Drawing my dreams,Real
48150,1769,309,6.69,301,46,0,4,Fitness enthusiast 💪 | Health advocate,Real
11874,2234,212,7.57,467,51,0,3,Follow for daily inspiration 🌟,Fake
44217,1576,377,3.1,637,86,0,4,Digital nomad living my best life 🌴,Real
39867,622,245,7.786207413386192,389,93,1,8,Business inquiries? Contact below 👇,Fake
35379,3998,163,7.86,702,96,0,2,Nature lover | Saving the planet 🌍,Real
2020,2177,81,8.43,490,68,0,3,Love exploring new places 🌎,Fake
45652,4491,51,3.05,653,85,0,4,Personal blog | Stay positive ✨,Real
12472,116,369,9.65,263,68,0,10,Follow for daily inspiration 🌟,Fake
41420,4949,223,4.83,321,12,0,8,Entrepreneur & lifestyle blogger,Real
9166,2013,100,1.63,947,67,0,3,Personal blog | Stay positive ✨,Real
2761,2867,318,6.39,477,51,0,6,Passionate traveler and food lover,Fake
19692,2540,397,6.57,875,76,0,7,Passionate traveler and food lover,Fake
31881,3341,119,3.73,572,0,0,1,Check out my website for more updates!,Real
24587,3471,231,1.33,36,7,0,10,Passionate traveler and food lover,Real
43815,4350,304,5.22,324,96,0,10,Business inquiries? Contact below 👇,Fake
48693,2550,237,0.62,41,24,0,8,Sharing moments from my journey,Fake
42118,1150,496,5.83,876,50,0,9,Sharing moments from my journey,Real
10446,846,17,5.223553504154076,999,24,1,4,Aspiring artist | Drawing my dreams,Fake
36246,2890,80,5.35,339,19,0,4,Foodie | Reviews and recipes,Real
30659,4183,189,7.31,950,71,0,4,Passionate traveler and food lover,Real
29678,3520,300,9.28,405,2,0,10,Follow for daily inspiration 🌟,Fake
24646,4321,112,6.23,659,29,0,3,Check out my website for more updates!,Real
18240,975,18,2.26,85,93,0,11,Business inquiries? Contact below 👇,Real
14175,3588,280,7.088012893916741,432,11,1,1,Nature lover | Saving the planet 🌍,Real
20794,1490,325,2.8,213,23,1,9,Personal blog | Stay positive ✨,Fake
18657,164,497,5.41,923,7,1,8,Sharing moments from my journey,Real
17793,1401,412,4.095896104134477,852,88,1,10,Aspiring artist | Drawing my dreams,Fake
6111,909,327,1.27,447,83,0,7,Foodie | Reviews and recipes,Fake
21168,1216,312,9.75,905,63,0,10,Personal blog | Stay positive ✨,Real
19743,2055,100,6.339310986199355,723,67,0,3,Personal blog | Stay positive ✨,Real
22895,1900,374,7.11,316,88,0,7,Nature lover | Saving the planet 🌍,Fake
6517,1879,445,5.581227963871148,967,68,1,9,DM for collaborations or inquiries!,Fake
41265,2106,152,7.1823273345932215,496,70,1,4,Aspiring artist | Drawing my dreams,Fake
19971,1911,40,2.042413463310052,730,17,1,3,Personal blog | Stay positive ✨,Real
42547,1758,164,3.1269697335952733,434,12,0,9,Aspiring artist | Drawing my dreams,Real
20582,3818,224,1.83607523463676,363,62,0,6,Sharing moments from my journey,Real
22022,4084,375,6.653259723343053,666,36,0,2,Business inquiries? Contact below 👇,Fake
42037,646,95,5.5,480,41,0,5,DM for collaborations or inquiries!,Real
26836,3964,171,6.439342583404525,787,0,1,5,Sharing moments from my journey,Fake
15662,2766,291,9.85,800,81,0,4,Passionate traveler and food lover,Fake
43519,2371,0,1.672108934183794,586,49,1,7,Check out my website for more updates!,Fake
46723,3977,220,3.08,842,44,0,8,Business inquiries? Contact below 👇,Real
29973,1314,213,3.33,977,69,0,7,Digital nomad living my best life 🌴,Real
22596,1650,477,4.1,73,6,0,2,Personal blog | Stay positive ✨,Fake
10538,1382,422,0.14,1,20,0,3,Follow for daily inspiration 🌟,Real
2405,4470,135,6.84,985,97,0,4,Entrepreneur & lifestyle blogger,Real
23085,2218,241,8.095769554713597,436,34,1,5,DM for collaborations or inquiries!,Real
27008,3052,451,4.16,296,82,0,9,Love exploring new places 🌎,Real
21438,3916,259,8.43,621,95,0,3,DM for collaborations or inquiries!,Fake
34518,486,12,7.39,956,5,0,7,Business inquiries? Contact below 👇,Real
43724,1210,402,6.04,838,29,1,11,DM for collaborations or inquiries!,Fake
17273,2336,268,6.13,226,59,1,5,Follow for daily inspiration 🌟,Fake
31283,1369,200,3.168532070101123,0,16,1,7,Follow for daily inspiration 🌟,Fake
49217,4655,141,3.09,177,0,1,11,Personal blog | Stay positive ✨,Real
24330,3221,230,4.09,270,77,1,5,DM for collaborations or inquiries!,Real
32958,3220,390,4.87,26,47,0,3,Aspiring artist | Drawing my dreams,Real
33707,1934,121,5.29,537,7,0,8,Check out my website for more updates!,Fake
31908,1738,347,8.95,603,64,0,10,Fitness enthusiast 💪 | Health advocate,Real
6158,2575,221,5.649296742226884,563,53,0,2,DM for collaborations or inquiries!,Real
42778,1647,247,6.27,642,1,0,4,Digital nomad living my best life 🌴,Real
30896,1348,26,8.27059365937047,563,57,0,4,DM for collaborations or inquiries!,Real
34505,1061,106,8.32,454,94,0,10,DM for collaborations or inquiries!,Real
23293,2771,468,7.267769608412005,410,75,1,6,Foodie | Reviews and recipes,Fake
18790,1401,264,10.0,394,65,0,11,Photographer and content creator 📸,Real
11059,96,344,7.23,129,31,0,7,Digital nomad living my best life 🌴,Fake
24996,1434,135,1.76,722,61,0,7,Sharing moments from my journey,Fake
22974,503,226,6.12,566,37,0,4,Passionate traveler and food lover,Fake
2881,4721,398,1.28,388,87,0,5,Follow for daily inspiration 🌟,Fake
11162,2309,242,4.798246515505548,283,38,1,11,Passionate traveler and food lover,Fake
36146,774,178,4.41,419,98,0,2,Personal blog | Stay positive ✨,Real
13267,3430,334,1.29,304,95,0,4,Sharing moments from my journey,Real
39743,4875,161,1.79,956,67,0,6,Business inquiries? Contact below 👇,Fake
34551,423,492,8.76,662,81,0,7,Check out my website for more updates!,Real
32472,3776,31,8.64,834,76,0,8,Sharing moments from my journey,Fake
15453,376,242,3.1065300556462763,312,53,0,6,Follow for daily inspiration 🌟,Real
37427,4085,338,4.66,44,62,1,9,Passionate traveler and food lover,Fake
20127,412,73,6.32,312,23,1,3,Aspiring artist | Drawing my dreams,Fake
46893,1180,207,9.91,414,93,0,8,Check out my website for more updates!,Fake
42414,3809,169,9.6,562,41,0,4,Entrepreneur & lifestyle blogger,Fake
36658,4051,303,6.2,774,98,1,8,Sharing moments from my journey,Real
683,1113,262,5.12,286,95,0,8,DM for collaborations or inquiries!,Fake
27380,1474,125,4.12,359,8,0,2,Fitness enthusiast 💪 | Health advocate,Fake
30433,3971,60,1.28,576,34,0,4,Love exploring new places 🌎,Real
38850,469,373,1.45,632,1,0,2,Entrepreneur & lifestyle blogger,Fake
35857,1124,268,7.165545911692687,307,76,1,5,Love exploring new places 🌎,Real
6824,4934,152,0.44,208,62,0,8,Check out my website for more updates!,Real
43135,2091,102,2.3,931,57,1,8,Check out my website for more updates!,Real
9519,4755,174,2.16,404,76,0,7,Business inquiries? Contact below 👇,Real
7031,3746,105,4.581140492885698,429,11,1,3,Sharing moments from my journey,Fake
20447,3782,82,8.95,396,1,0,3,Fitness enthusiast 💪 | Health advocate,Fake
43959,1817,74,7.436806914663952,348,14,0,9,Digital nomad living my best life 🌴,Fake
17699,2539,455,3.21,892,27,0,3,Fitness enthusiast 💪 | Health advocate,Fake
22097,3739,217,9.608944654565622,686,33,1,4,Nature lover | Saving the planet 🌍,Fake
25085,2332,375,9.171623504668124,537,51,0,6,DM for collaborations or inquiries!,Fake
36210,3428,240,5.710070012467091,433,0,1,7,Check out my website for more updates!,Real
7484,2622,14,7.08,914,76,0,7,Personal blog | Stay positive ✨,Fake
24999,3339,261,2.975388393122828,583,40,0,3,DM for collaborations or inquiries!,Fake
9284,415,117,8.34945940777572,319,16,1,8,Aspiring artist | Drawing my dreams,Fake
2651,4473,471,6.81,852,3,0,8,Entrepreneur & lifestyle blogger,Fake
5561,4111,400,0.39,463,14,0,5,Aspiring artist | Drawing my dreams,Real
17667,4847,17,9.03,709,2,0,10,Photographer and content creator 📸,Fake
27925,3108,317,2.082722883983602,669,26,1,6,Foodie | Reviews and recipes,Real
12824,1364,90,7.64,115,88,1,6,Aspiring artist | Drawing my dreams,Fake
28133,4032,0,8.268644040564912,173,38,1,5,Check out my website for more updates!,Fake
4143,3198,355,5.86,497,77,0,6,Entrepreneur & lifestyle blogger,Real
39700,4457,61,1.317169829474767,163,37,1,7,Sharing moments from my journey,Real
39686,483,448,7.66,54,73,0,5,Photographer and content creator 📸,Fake
7221,164,97,6.61,47,17,0,11,Entrepreneur & lifestyle blogger,Real
29445,3616,64,9.97,478,65,0,2,Sharing moments from my journey,Fake
19899,1837,418,0.27,822,28,0,4,Personal blog | Stay positive ✨,Real
23500,1617,170,4.27,117,69,1,10,Digital nomad living my best life 🌴,Real
1066,4165,59,8.48,418,46,0,8,Love exploring new places 🌎,Real
44034,2645,129,5.881542256883282,0,99,0,4,Photographer and content creator 📸,Fake
14344,1317,337,5.14,746,93,0,4,Passionate traveler and food lover,Fake
17414,2682,307,5.596859686707972,864,44,0,2,Foodie | Reviews and recipes,Real
48146,3000,272,6.967489887766852,293,45,0,9,Nature lover | Saving the planet 🌍,Fake
40162,933,304,8.61,319,72,0,9,Digital nomad living my best life 🌴,Real
15474,2878,289,8.466162537550767,813,9,1,6,Follow for daily inspiration 🌟,Real
33256,2226,418,6.42,486,77,0,6,Personal blog | Stay positive ✨,Real
6810,4132,92,5.76,505,77,0,8,Sharing moments from my journey,Real
38941,1789,109,2.83,95,28,0,3,Entrepreneur & lifestyle blogger,Real
23281,3025,213,0.71,452,55,0,11,Follow for daily inspiration 🌟,Fake
30857,3171,449,2.09,940,43,1,8,Check out my website for more updates!,Fake
6733,2846,210,5.539498443584232,827,20,0,6,DM for collaborations or inquiries!,Fake
37246,3765,60,8.78,576,6,0,11,Business inquiries? Contact below 👇,Real
39522,2064,370,2.57,99,70,0,7,Entrepreneur & lifestyle blogger,Real
22248,1319,325,4.5,808,27,0,4,Personal blog | Stay positive ✨,Real
3383,1880,266,6.72,116,96,0,3,Entrepreneur & lifestyle blogger,Fake
21135,2367,111,4.52,133,50,0,3,Foodie | Reviews and recipes,Fake
6006,3246,80,7.515602962860865,11,23,0,8,DM for collaborations or inquiries!,Real
37614,4835,153,3.44,759,10,0,8,Passionate traveler and food lover,Real
16689,300,260,1.3585232420642277,31,99,1,3,Personal blog | Stay positive ✨,Real
42365,748,471,5.57,3,6,0,7,Personal blog | Stay positive ✨,Fake
49998,1707,279,4.766922931308309,219,99,1,8,DM for collaborations or inquiries!,Fake
21840,1953,273,7.82,757,64,0,4,Aspiring artist | Drawing my dreams,Real
4576,1883,335,1.2054006017998304,915,43,1,11,Sharing moments from my journey,Real
46511,468,144,5.71,399,21,0,2,Love exploring new places 🌎,Fake
8953,1463,26,2.59,830,32,0,6,Entrepreneur & lifestyle blogger,Real
3261,3588,362,1.31,199,88,0,5,Check out my website for more updates!,Real
12789,2542,199,6.076751658898315,648,71,0,10,Photographer and content creator 📸,Real
22860,4711,371,8.7,924,71,0,6,Check out my website for more updates!,Fake
46229,2464,0,2.97632618842369,337,0,0,5,Foodie | Reviews and recipes,Real
31618,3780,419,4.57180021904369,757,53,1,11,Personal blog | Stay positive ✨,Real
49998,2070,405,7.016633384433111,452,35,0,11,DM for collaborations or inquiries!,Real
2955,3290,473,7.27,433,9,1,7,Sharing moments from my journey,Real
17848,1871,54,9.765070145748105,472,37,0,8,Personal blog | Stay positive ✨,Fake
35178,1217,172,3.5851044064669426,999,99,1,7,Nature lover | Saving the planet 🌍,Fake
25261,4872,13,2.05,851,10,0,8,Business inquiries? Contact below 👇,Fake
15303,621,336,8.483043140332404,30,99,1,11,DM for collaborations or inquiries!,Real
18071,4145,410,6.944692768684263,990,56,0,4,Follow for daily inspiration 🌟,Fake
39543,1510,112,8.65,772,98,0,8,Entrepreneur & lifestyle blogger,Real
45603,29,233,5.49,105,17,0,6,Digital nomad living my best life 🌴,Real
39483,1042,50,3.35,121,96,0,6,DM for collaborations or inquiries!,Real
21368,3360,150,5.0300824510271305,478,18,0,11,Fitness enthusiast 💪 | Health advocate,Real
8281,1188,68,9.38,380,48,0,3,Follow for daily inspiration 🌟,Fake
40957,514,461,0.02,444,93,0,10,Fitness enthusiast 💪 | Health advocate,Real
30072,4532,371,2.17,527,80,0,5,DM for collaborations or inquiries!,Real
13337,3224,404,2.58988322595977,422,52,0,5,Passionate traveler and food lover,Fake
48329,875,0,7.565011771949527,804,53,0,3,Aspiring artist | Drawing my dreams,Real
19376,2505,5,5.73,345,13,0,9,Aspiring artist | Drawing my dreams,Fake
35302,2486,414,1.37,859,42,0,10,Personal blog | Stay positive ✨,Fake
36746,683,0,3.962280898856081,208,55,0,7,Business inquiries? Contact below 👇,Real
23315,3829,229,4.97,12,37,1,4,DM for collaborations or inquiries!,Fake
24574,468,97,0.35,300,66,0,6,Foodie | Reviews and recipes,Fake
11715,570,499,7.174864489228015,999,76,1,6,Check out my website for more updates!,Fake
20164,4478,118,2.56,635,22,0,1,Fitness enthusiast 💪 | Health advocate,Real
17029,10,436,7.390991570529643,318,11,1,11,Follow for daily inspiration 🌟,Fake
48375,3240,322,4.1,849,61,0,1,Photographer and content creator 📸,Fake
38563,675,78,2.44,157,97,0,10,Business inquiries? Contact below 👇,Fake
45251,884,247,7.92,943,88,0,8,DM for collaborations or inquiries!,Fake
37508,2049,24,5.09,150,51,0,10,DM for collaborations or inquiries!,Real
22046,403,239,1.0,346,29,0,5,Nature lover | Saving the planet 🌍,Fake
39705,1271,386,4.6782127116252346,344,65,1,1,Nature lover | Saving the planet 🌍,Fake
27670,871,244,8.47,89,69,0,3,Sharing moments from my journey,Real
26073,4982,427,3.27,159,66,0,2,DM for collaborations or inquiries!,Real
32521,2293,204,6.088025515820645,712,0,0,7,Digital nomad living my best life 🌴,Real
15924,4675,210,8.58,774,58,0,4,Check out my website for more updates!,Real
8855,1379,101,7.78,478,24,0,1,Photographer and content creator 📸,Real
8198,2326,146,7.94,781,43,0,4,DM for collaborations or inquiries!,Real
39540,1893,363,8.09,677,80,0,9,DM for collaborations or inquiries!,Real
24646,2196,155,6.68,968,52,0,2,Fitness enthusiast 💪 | Health advocate,Real
9341,2224,251,6.58,426,79,0,4,Fitness enthusiast 💪 | Health advocate,Real
4895,3089,265,0.0,126,36,1,5,Foodie | Reviews and recipes,Fake
3796,3901,443,0.96,132,74,0,10,Photographer and content creator 📸,Real
39047,2065,499,3.957623658766976,251,24,0,9,Sharing moments from my journey,Fake
14944,3060,78,4.54251902389549,355,53,1,8,Sharing moments from my journey,Real
46973,1194,349,6.75,482,57,1,2,Foodie | Reviews and recipes,Fake
37288,2819,90,4.51,438,21,0,8,Aspiring artist | Drawing my dreams,Real
20734,4879,289,2.27,936,29,0,7,Nature lover | Saving the planet 🌍,Real
32612,645,97,9.69,892,35,0,6,Aspiring artist | Drawing my dreams,Fake
7313,2754,150,7.01,947,13,0,7,Sharing moments from my journey,Real
34367,2709,337,5.2273933532038575,242,35,1,11,DM for collaborations or inquiries!,Real
38778,1880,408,2.33,577,57,0,8,Sharing moments from my journey,Real
19173,1813,364,5.084659769668452,407,20,1,7,Sharing moments from my journey,Real
22266,1542,24,8.874578934805804,632,24,1,9,Business inquiries? Contact below 👇,Real
18174,3908,126,6.46,352,52,0,9,Foodie | Reviews and recipes,Real
11078,390,462,0.14,490,54,0,3,Foodie | Reviews and recipes,Real
20163,4418,326,0.22,959,91,0,6,Passionate traveler and food lover,Fake
28288,3754,378,7.33,210,29,0,5,Personal blog | Stay positive ✨,Fake
37563,3612,442,7.82,272,65,0,5,Foodie | Reviews and recipes,Real
27138,4640,232,10.0,269,56,0,4,Aspiring artist | Drawing my dreams,Real
22799,2300,216,7.966739222489124,570,60,0,5,Foodie | Reviews and recipes,Fake
38728,3997,133,0.0,573,24,0,3,Foodie | Reviews and recipes,Real
47231,279,224,5.63,472,48,0,10,DM for collaborations or inquiries!,Real
39478,864,393,9.61,952,76,0,9,Check out my website for more updates!,Fake
18812,224,356,6.44,103,14,0,10,Photographer and content creator 📸,Real
24723,4923,7,3.24,373,3,0,5,Personal blog | Stay positive ✨,Fake
842,1806,231,4.39,284,7,0,3,Love exploring new places 🌎,Fake
34702,2733,214,1.288067324907483,990,69,1,2,Nature lover | Saving the planet 🌍,Real
6051,4538,399,2.87,927,31,0,11,Follow for daily inspiration 🌟,Real
14799,2619,0,3.2934439880333537,999,57,0,1,Business inquiries? Contact below 👇,Real
5613,1166,200,2.61,757,67,0,5,Digital nomad living my best life 🌴,Fake
18240,2729,412,3.94,147,94,0,3,Aspiring artist | Drawing my dreams,Fake
38203,2354,475,2.6,875,81,0,6,Business inquiries? Contact below 👇,Fake
17230,4072,17,3.39,43,63,0,6,DM for collaborations or inquiries!,Real
10040,3749,0,8.174873287508529,469,61,1,9,Digital nomad living my best life 🌴,Real
19973,1458,186,2.27,655,49,0,5,Entrepreneur & lifestyle blogger,Fake
28316,2265,468,3.92,556,24,0,1,DM for collaborations or inquiries!,Fake
1177,3436,21,9.38,37,70,0,3,Check out my website for more updates!,Fake
22777,3177,499,6.859424551497562,479,78,0,8,Passionate traveler and food lover,Real
41439,3580,481,9.96,988,56,0,4,Love exploring new places 🌎,Real
16075,202,417,1.04,840,15,0,4,Business inquiries? Contact below 👇,Real
28449,2148,303,9.13,733,19,1,3,Entrepreneur & lifestyle blogger,Fake
40956,1464,233,5.925007497252356,659,17,1,8,DM for collaborations or inquiries!,Real
9536,2238,481,4.297486987823608,814,12,0,11,Photographer and content creator 📸,Fake
33078,3649,183,3.92465698916668,563,64,0,5,Business inquiries? Contact below 👇,Real
49998,232,119,4.03696199645679,501,65,1,7,Love exploring new places 🌎,Fake
40963,10,253,10.0,786,6,1,6,Sharing moments from my journey,Fake
34417,4121,336,8.47,395,92,0,5,Aspiring artist | Drawing my dreams,Real
14068,2302,199,7.253102991326934,247,88,0,9,Foodie | Reviews and recipes,Real
49337,2494,288,0.07,328,85,0,11,Personal blog | Stay positive ✨,Real
43065,4247,304,1.55,786,21,0,3,Entrepreneur & lifestyle blogger,Fake
913,3650,7,9.08,881,4,0,10,Check out my website for more updates!,Fake
42645,1590,199,2.740647690903561,575,19,0,10,Nature lover | Saving the planet 🌍,Fake
7295,958,329,4.49,863,87,0,5,Check out my website for more updates!,Fake
29829,2712,276,6.431923855240661,140,58,1,7,Follow for daily inspiration 🌟,Fake
11309,4154,461,0.0,782,94,1,7,Aspiring artist | Drawing my dreams,Fake
29959,2812,238,3.18,287,82,1,2,Digital nomad living my best life 🌴,Real
47915,4708,29,1.91,543,12,1,5,Follow for daily inspiration 🌟,Real
31658,1891,86,2.17,909,6,0,10,Nature lover | Saving the planet 🌍,Real
6374,3727,490,4.14,180,86,0,5,Photographer and content creator 📸,Fake
19627,4999,403,3.615948795180637,40,22,0,5,Digital nomad living my best life 🌴,Real
4274,903,35,8.2,115,35,0,3,Photographer and content creator 📸,Fake
40805,1306,263,4.365851472566214,685,41,1,6,Passionate traveler and food lover,Real
26828,4999,332,0.1268573228427518,40,41,0,6,Check out my website for more updates!,Fake
10497,3458,416,0.0,618,77,0,7,Business inquiries? Contact below 👇,Real
7720,2373,438,7.66,284,94,0,2,Digital nomad living my best life 🌴,Fake
47723,4309,95,9.67,417,80,0,2,Love exploring new places 🌎,Real
34263,1625,353,5.65,195,4,0,3,Entrepreneur & lifestyle blogger,Real
28573,2133,234,10.0,411,99,1,8,Entrepreneur & lifestyle blogger,Real
23900,1953,52,0.0,106,0,1,5,Love exploring new places 🌎,Real
46477,437,70,3.44,811,17,0,8,Aspiring artist | Drawing my dreams,Real
603,1547,321,2.62,775,62,0,11,Follow for daily inspiration 🌟,Real
7592,3598,39,1.89,958,31,0,4,Photographer and content creator 📸,Fake
9032,1706,132,7.74,665,61,0,3,Foodie | Reviews and recipes,Fake
10688,181,322,2.17,967,30,0,10,Photographer and content creator 📸,Real
34638,93,213,6.05,656,42,0,5,Personal blog | Stay positive ✨,Real
23646,3915,269,0.57,894,37,0,4,Foodie | Reviews and recipes,Real
7094,848,101,9.38,150,19,0,8,Photographer and content creator 📸,Fake
2150,2815,308,3.9445686294441473,332,46,0,7,Fitness enthusiast 💪 | Health advocate,Real
5727,4169,148,7.14,350,46,0,3,Business inquiries? Contact below 👇,Real
4620,3800,324,4.65,391,97,1,2,Entrepreneur & lifestyle blogger,Fake
23312,2448,396,8.43,180,63,0,5,Photographer and content creator 📸,Real
45981,2415,192,5.5,492,4,0,5,Follow for daily inspiration 🌟,Real
27427,2211,358,4.639706120396,259,44,1,4,Check out my website for more updates!,Fake
22242,1798,36,8.58,290,20,0,3,Business inquiries? Contact below 👇,Real
37031,2495,84,7.59,653,61,0,11,Love exploring new places 🌎,Real
6417,1249,482,2.91,913,23,0,9,Nature lover | Saving the planet 🌍,Real
29194,4032,401,8.346758341813585,114,5,0,6,Digital nomad living my best life 🌴,Real
47298,4233,39,3.35,587,70,0,4,Personal blog | Stay positive ✨,Fake
11896,2067,69,9.07,710,3,0,11,Nature lover | Saving the planet 🌍,Real
15496,2814,203,5.263344860193376,328,78,1,8,Business inquiries? Contact below 👇,Fake
44706,2436,306,1.8483381692644527,632,90,1,5,Aspiring artist | Drawing my dreams,Real
32909,1128,65,0.46,696,64,0,6,Digital nomad living my best life 🌴,Real
4925,2885,426,4.19,981,56,0,8,Entrepreneur & lifestyle blogger,Real
23116,2473,499,2.8268225746965148,434,26,1,5,Personal blog | Stay positive ✨,Fake
38366,3057,293,3.7794002572278593,590,49,1,6,Personal blog | Stay positive ✨,Fake
44812,4388,433,0.55,898,25,0,4,Business inquiries? Contact below 👇,Real
6764,1053,323,7.09,317,57,0,6,Aspiring artist | Drawing my dreams,Real
14540,181,331,9.31,435,86,0,7,Love exploring new places 🌎,Fake
36427,3914,379,6.06,718,5,0,4,Entrepreneur & lifestyle blogger,Fake
26034,570,159,7.81,585,90,0,2,Love exploring new places 🌎,Real
49998,2788,220,5.292739790178507,0,71,1,9,Fitness enthusiast 💪 | Health advocate,Real
23784,3562,19,3.55,167,86,0,4,Digital nomad living my best life 🌴,Fake
32946,3462,428,4.53,221,60,0,1,Love exploring new places 🌎,Real
14272,1185,444,4.71,172,49,0,10,Digital nomad living my best life 🌴,Real
49785,908,296,3.49,41,70,0,10,Check out my website for more updates!,Fake
12379,2012,117,0.49,10,64,0,7,Foodie | Reviews and recipes,Fake
4149,3874,101,9.37,370,5,0,6,Nature lover | Saving the planet 🌍,Real
49168,4901,343,6.68,323,43,0,6,DM for collaborations or inquiries!,Fake
23920,1091,203,8.03,247,16,0,2,Love exploring new places 🌎,Real
2693,4321,427,1.22,362,65,0,4,Follow for daily inspiration 🌟,Fake
19930,2599,272,4.2,438,43,0,6,Business inquiries? Contact below 👇,Fake
29795,3086,210,4.762472010312218,352,55,0,9,Sharing moments from my journey,Fake
39317,4371,184,9.633980868330951,573,23,1,8,Check out my website for more updates!,Fake
17647,2834,55,5.35,633,77,1,6,DM for collaborations or inquiries!,Real
28001,1408,379,3.81,256,14,0,9,Love exploring new places 🌎,Fake
41328,1215,102,7.5,237,14,0,8,Aspiring artist | Drawing my dreams,Fake
17599,2874,45,7.14,362,62,0,2,Foodie | Reviews and recipes,Real
22822,3020,262,0.7832218888279625,518,63,1,7,Check out my website for more updates!,Real
2203,3031,0,0.0956808940414797,482,34,1,7,Digital nomad living my best life 🌴,Real
35712,2305,391,6.07,377,55,0,8,Fitness enthusiast 💪 | Health advocate,Real
22869,4906,17,0.79,278,48,0,9,Photographer and content creator 📸,Real
53,2932,298,4.925733692309597,638,40,0,6,Fitness enthusiast 💪 | Health advocate,Fake
48450,3184,215,2.78,786,88,0,11,Photographer and content creator 📸,Fake
39910,4717,313,8.46,360,12,1,6,Passionate traveler and food lover,Fake
18936,3196,231,2.5,533,4,0,6,Business inquiries? Contact below 👇,Fake
45609,3780,304,3.584688254457608,785,72,0,7,Fitness enthusiast 💪 | Health advocate,Real
44855,1894,37,0.24,328,87,0,2,Love exploring new places 🌎,Real
39041,4611,156,9.96,209,19,0,1,DM for collaborations or inquiries!,Real
38568,4999,19,0.5362943991673204,896,69,0,5,Personal blog | Stay positive ✨,Fake
46030,4734,228,3.36,843,10,0,6,Photographer and content creator 📸,Real
49405,3615,395,2.63,880,99,0,11,Digital nomad living my best life 🌴,Real
17589,3306,27,2.82,693,1,0,2,Business inquiries? Contact below 👇,Fake
49149,1644,204,7.28,305,32,0,6,Check out my website for more updates!,Real
42944,3446,48,1.67,268,60,0,9,Personal blog | Stay positive ✨,Fake
14325,2381,83,9.52,693,14,0,2,Check out my website for more updates!,Fake
30929,2277,0,6.791557288938545,392,52,1,4,Fitness enthusiast 💪 | Health advocate,Real
25289,3341,6,8.78,485,9,0,4,Personal blog | Stay positive ✨,Fake
4775,4333,299,7.39,734,45,0,9,DM for collaborations or inquiries!,Real
27010,3437,249,3.79,363,56,0,10,Digital nomad living my best life 🌴,Real
7033,2027,109,5.91,998,23,0,6,Love exploring new places 🌎,Real
42762,2136,499,4.520581544386682,687,4,0,9,Aspiring artist | Drawing my dreams,Fake
33289,4837,351,5.94,623,7,0,6,Photographer and content creator 📸,Fake
3148,4529,361,5.79,277,86,1,2,Entrepreneur & lifestyle blogger,Fake
15245,4264,217,5.46,309,57,1,5,Aspiring artist | Drawing my dreams,Real
36503,1626,206,7.009607932311836,674,68,0,5,Foodie | Reviews and recipes,Fake
8443,678,475,6.415806858668974,664,47,1,4,Aspiring artist | Drawing my dreams,Real
36801,794,349,4.347486836355064,598,54,0,4,Fitness enthusiast 💪 | Health advocate,Real
11133,3688,370,5.726144973838586,294,36,0,6,Business inquiries? Contact below 👇,Fake
18311,10,232,1.3622380026873475,151,61,1,11,Entrepreneur & lifestyle blogger,Real
21954,2018,331,2.87,971,55,0,7,Foodie | Reviews and recipes,Real
11067,2704,375,3.772277607904652,514,53,0,7,Entrepreneur & lifestyle blogger,Fake
34250,4435,101,5.72,519,81,1,7,Follow for daily inspiration 🌟,Fake
16259,1553,263,7.237951217682921,737,11,0,4,Love exploring new places 🌎,Real
38537,1097,390,6.40113883011539,603,87,1,8,Check out my website for more updates!,Fake
4590,249,121,1.23,540,99,0,3,Passionate traveler and food lover,Fake
32556,2798,167,9.141876507222054,555,54,1,4,Follow for daily inspiration 🌟,Fake
29621,231,134,7.22,302,90,0,8,Digital nomad living my best life 🌴,Fake
40773,3440,375,0.68,69,37,0,8,Fitness enthusiast 💪 | Health advocate,Real
22422,4702,9,2.39,374,22,0,5,Business inquiries? Contact below 👇,Fake
15377,310,483,0.0,324,76,0,6,DM for collaborations or inquiries!,Real
6817,4134,160,1.28,980,45,0,2,Check out my website for more updates!,Real
39244,2514,373,9.31,185,14,0,9,Nature lover | Saving the planet 🌍,Real
43145,2993,384,8.75,92,16,0,3,Follow for daily inspiration 🌟,Real
30707,3724,169,6.862834121273395,444,35,1,9,Foodie | Reviews and recipes,Fake
25904,3565,0,5.964144978507506,197,47,1,5,Foodie | Reviews and recipes,Real
31982,3550,281,3.2798307426310065,518,38,1,9,Love exploring new places 🌎,Fake
48712,1223,210,5.94,361,13,0,10,Fitness enthusiast 💪 | Health advocate,Fake
33425,2119,422,3.34,828,70,0,9,Fitness enthusiast 💪 | Health advocate,Real
49998,2552,251,5.486112692367819,746,89,1,3,Photographer and content creator 📸,Real
38796,3840,49,2.74,154,95,0,7,Aspiring artist | Drawing my dreams,Real
27990,2659,339,3.847331462445961,974,96,1,9,Digital nomad living my best life 🌴,Real
37558,4633,247,6.49,848,99,1,11,Check out my website for more updates!,Real
17572,4034,136,4.9,504,36,0,3,Aspiring artist | Drawing my dreams,Real
41573,1313,29,7.25,704,71,0,6,Foodie | Reviews and recipes,Fake
43660,1731,288,2.852897907655067,844,57,0,4,Digital nomad living my best life 🌴,Fake
26459,4642,336,7.45,959,15,0,8,DM for collaborations or inquiries!,Real
13885,975,358,1.1,301,82,1,6,Nature lover | Saving the planet 🌍,Fake
47885,779,498,2.31,513,69,0,3,Passionate traveler and food lover,Fake
48842,3656,479,9.01,502,97,0,1,Fitness enthusiast 💪 | Health advocate,Real
29436,4752,40,6.463829970222333,492,61,1,2,Digital nomad living my best life 🌴,Fake
23241,3902,229,5.41,177,50,0,10,Fitness enthusiast 💪 | Health advocate,Real
18552,2583,162,9.82,138,71,0,5,Check out my website for more updates!,Fake
34808,1673,0,0.8181388453396128,148,15,1,3,Photographer and content creator 📸,Fake
3212,3694,91,2.75,338,80,0,4,Digital nomad living my best life 🌴,Fake
29547,3809,28,4.56,386,54,0,5,Passionate traveler and food lover,Real
6269,677,234,6.790304219549595,509,83,0,10,Love exploring new places 🌎,Real
34319,859,369,0.8,424,91,0,10,DM for collaborations or inquiries!,Real
2558,3090,206,9.38,422,69,0,1,Passionate traveler and food lover,Fake
30939,2036,329,2.17,938,55,0,10,Passionate traveler and food lover,Fake
3430,879,458,7.85,434,38,0,8,Personal blog | Stay positive ✨,Real
2598,4291,208,0.0,659,47,0,9,Business inquiries? Contact below 👇,Fake
39848,1101,340,5.26,327,33,0,8,Follow for daily inspiration 🌟,Real
43549,1146,137,6.700666635593661,87,7,0,5,Digital nomad living my best life 🌴,Fake
53,3461,300,10.0,354,12,1,7,Follow for daily inspiration 🌟,Fake
15207,3859,6,2.34,50,29,0,7,Digital nomad living my best life 🌴,Fake
43410,2900,420,8.63,6,25,0,6,Foodie | Reviews and recipes,Real
12520,4250,187,10.0,291,99,1,1,Aspiring artist | Drawing my dreams,Fake
22152,394,310,2.58,942,58,0,3,Follow for daily inspiration 🌟,Fake
32609,2638,242,7.400560149655535,478,58,1,9,Passionate traveler and food lover,Fake
32408,165,5,2.06,828,94,0,3,Love exploring new places 🌎,Fake
28822,3027,74,9.24,17,45,0,4,Photographer and content creator 📸,Fake
18325,2832,380,6.76,623,63,0,4,Passionate traveler and food lover,Real
33228,2076,164,3.878819274063905,271,62,0,1,Business inquiries? Contact below 👇,Fake
2360,32,368,6.182872425405128,267,61,1,8,Nature lover | Saving the planet 🌍,Real
43375,222,480,6.77,695,2,0,2,Love exploring new places 🌎,Fake
53,1125,45,2.8541614599911203,999,19,1,8,Foodie | Reviews and recipes,Fake
30979,3130,499,2.7858412905579346,524,99,0,3,Aspiring artist | Drawing my dreams,Fake
32943,3845,118,5.41,438,80,0,3,Aspiring artist | Drawing my dreams,Real
21842,4569,444,0.42,617,85,0,9,Follow for daily inspiration 🌟,Fake
159,4294,147,3.56,497,72,0,9,Nature lover | Saving the planet 🌍,Fake
22636,2728,337,9.23,47,49,0,3,Love exploring new places 🌎,Real
8880,4855,298,4.13,189,72,0,2,Fitness enthusiast 💪 | Health advocate,Fake
19121,4468,194,6.41,315,46,0,11,Photographer and content creator 📸,Fake
8411,2023,203,9.377668755917703,996,92,1,6,Business inquiries? Contact below 👇,Fake
3314,2098,13,9.18,70,94,0,1,Foodie | Reviews and recipes,Fake
27275,3811,304,1.03,54,42,1,7,Passionate traveler and food lover,Real
32352,978,55,0.51,122,0,0,10,Aspiring artist | Drawing my dreams,Fake
25071,4014,444,9.729462561502732,80,29,1,1,Fitness enthusiast 💪 | Health advocate,Fake
18914,4814,272,4.445108726345765,790,70,0,1,Nature lover | Saving the planet 🌍,Real
2437,4114,407,0.11,675,18,0,6,Love exploring new places 🌎,Fake
18996,151,357,3.5287607436361768,582,23,1,2,Fitness enthusiast 💪 | Health advocate,Real
7000,1765,230,1.74,722,47,0,11,Photographer and content creator 📸,Fake
39559,3130,397,0.9,371,12,0,1,DM for collaborations or inquiries!,Real
23271,1258,440,2.67,839,75,1,3,Foodie | Reviews and recipes,Fake
36724,781,311,5.29,456,46,0,11,Business inquiries? Contact below 👇,Fake
31527,1415,482,3.09,628,94,0,11,Aspiring artist | Drawing my dreams,Fake
16686,3028,196,7.05,277,36,0,8,Entrepreneur & lifestyle blogger,Real
20195,4155,88,3.82,589,88,0,8,Aspiring artist | Drawing my dreams,Real
32154,2288,78,3.7795679234368302,425,94,1,5,Love exploring new places 🌎,Real
31876,4012,31,3.53,824,83,0,11,Foodie | Reviews and recipes,Fake
8762,3449,157,3.0376707992441867,410,46,0,5,Personal blog | Stay positive ✨,Fake
11157,3430,357,6.66,876,65,0,6,Digital nomad living my best life 🌴,Real
47645,2902,390,7.3,118,57,0,8,DM for collaborations or inquiries!,Real
18150,4744,44,4.15,201,21,0,11,Follow for daily inspiration 🌟,Real
23068,2618,290,9.736838109774665,708,55,1,10,DM for collaborations or inquiries!,Real
24369,3849,77,5.6007546220549775,670,63,1,5,DM for collaborations or inquiries!,Fake
6884,3007,435,2.45,819,64,0,2,Photographer and content creator 📸,Fake
44878,1384,360,6.82,119,74,0,2,Follow for daily inspiration 🌟,Real
10282,1754,240,5.403087459962003,427,64,0,6,Foodie | Reviews and recipes,Real
21427,4045,92,9.52,789,11,0,9,Foodie | Reviews and recipes,Real
3193,4461,412,8.27,847,30,0,8,Love exploring new places 🌎,Real
1586,4394,141,2.22,747,57,1,10,Fitness enthusiast 💪 | Health advocate,Real
39582,3061,445,1.6,74,21,0,10,Business inquiries? Contact below 👇,Real
44416,4893,319,4.75,287,76,0,3,DM for collaborations or inquiries!,Real
16557,174,11,0.89,596,42,0,7,Passionate traveler and food lover,Real
2304,1793,352,3.9292154355975457,271,53,0,10,Sharing moments from my journey,Real
2884,3357,348,7.174031338924934,333,61,1,11,Business inquiries? Contact below 👇,Fake
9489,1182,87,6.488174400061401,457,17,1,2,Fitness enthusiast 💪 | Health advocate,Fake
37385,448,0,2.670244423098481,727,86,0,4,Foodie | Reviews and recipes,Fake
22680,102,351,9.15,417,79,0,4,Nature lover | Saving the planet 🌍,Real
16147,1560,266,2.5,195,23,0,11,Sharing moments from my journey,Fake
36938,1866,256,1.5100220901501815,447,86,1,5,Aspiring artist | Drawing my dreams,Fake
18797,1862,283,3.168625723678157,972,9,1,9,Check out my website for more updates!,Real
29928,210,95,0.82,528,60,0,5,Follow for daily inspiration 🌟,Real
13405,4455,292,0.71,802,70,0,6,Sharing moments from my journey,Fake
22457,2067,79,9.81,141,61,0,5,Fitness enthusiast 💪 | Health advocate,Real
37263,3501,311,6.99,347,32,0,10,Nature lover | Saving the planet 🌍,Fake
24398,978,82,5.72,40,27,0,8,Personal blog | Stay positive ✨,Fake
16988,1559,314,7.5,806,97,0,2,Digital nomad living my best life 🌴,Real
2619,4577,224,7.88,86,3,0,6,Love exploring new places 🌎,Fake
26585,2001,463,6.53,702,81,0,6,Sharing moments from my journey,Fake
42199,3589,226,7.34,741,47,0,6,Aspiring artist | Drawing my dreams,Fake
4643,1021,420,9.0,162,68,0,9,Photographer and content creator 📸,Real
14972,1658,161,6.26,552,95,0,3,Love exploring new places 🌎,Real
6785,2708,306,5.55,966,98,0,2,Love exploring new places 🌎,Fake
48207,540,429,2.29,925,20,0,4,Passionate traveler and food lover,Real
33165,3198,334,8.98,783,25,0,9,Personal blog | Stay positive ✨,Real
45053,2365,124,6.71,476,50,1,5,Fitness enthusiast 💪 | Health advocate,Fake
34777,2583,230,7.823637124100606,393,0,1,6,Entrepreneur & lifestyle blogger,Real
33500,4536,22,4.31,734,18,0,9,Fitness enthusiast 💪 | Health advocate,Real
40041,772,295,5.943622493295095,0,60,1,5,Business inquiries? Contact below 👇,Fake
49902,2769,118,2.04,461,52,0,6,DM for collaborations or inquiries!,Real
5889,2023,120,2.96,969,97,0,2,Photographer and content creator 📸,Real
16745,1695,403,1.54,643,83,0,7,Digital nomad living my best life 🌴,Fake
34884,1415,220,7.85,724,82,0,10,Photographer and content creator 📸,Fake
23182,3913,314,3.933281882613945,285,0,1,3,Foodie | Reviews and recipes,Fake
33125,4739,329,3.43,264,15,0,3,Foodie | Reviews and recipes,Real
14840,4571,321,8.421476861678318,897,66,1,5,Sharing moments from my journey,Fake
13038,3406,452,0.18,524,70,0,6,DM for collaborations or inquiries!,Fake
23034,1639,150,4.762284504612206,148,4,1,8,Photographer and content creator 📸,Real
27254,651,327,1.52,55,66,0,4,DM for collaborations or inquiries!,Fake
44693,3823,283,9.6,394,3,0,2,DM for collaborations or inquiries!,Fake
9306,3967,99,4.81,330,7,0,3,Check out my website for more updates!,Real
8863,1590,152,7.7062108887711025,216,89,0,9,Passionate traveler and food lover,Real
49998,821,386,2.941082380436857,771,73,0,11,Personal blog | Stay positive ✨,Real
23808,1981,315,8.58,25,84,0,5,Follow for daily inspiration 🌟,Fake
30259,3264,128,5.21,978,78,0,4,DM for collaborations or inquiries!,Fake
15383,344,413,8.238422169420058,404,40,0,8,Business inquiries? Contact below 👇,Fake
10167,2453,20,4.511307896272863,261,44,0,7,Nature lover | Saving the planet 🌍,Fake
19833,315,38,6.41,310,36,1,9,Sharing moments from my journey,Real
41379,20,255,7.527705839660584,439,3,0,3,Entrepreneur & lifestyle blogger,Fake
19119,123,308,3.94692386887579,667,1,1,9,Follow for daily inspiration 🌟,Real
6270,3333,424,3.9561321939037786,484,53,1,7,Follow for daily inspiration 🌟,Real
13673,182,218,6.33,878,78,1,3,Personal blog | Stay positive ✨,Real
26608,3450,460,8.56,426,84,0,9,Follow for daily inspiration 🌟,Real
27256,3973,180,4.141029517642734,530,56,0,10,Follow for daily inspiration 🌟,Real
39396,3132,460,3.54,47,88,0,8,Foodie | Reviews and recipes,Real
18698,4575,1,8.21,44,33,0,6,Sharing moments from my journey,Fake
36749,614,423,6.91,594,65,0,2,Fitness enthusiast 💪 | Health advocate,Fake
40374,4430,165,7.45,201,84,1,10,DM for collaborations or inquiries!,Fake
21435,2586,381,8.26,139,98,0,3,Aspiring artist | Drawing my dreams,Real
19995,2397,249,8.510516849527734,635,18,1,4,Aspiring artist | Drawing my dreams,Real
44641,3492,271,7.01,145,64,0,3,Personal blog | Stay positive ✨,Real
15548,1165,208,2.48,862,19,0,2,Check out my website for more updates!,Real
22951,3549,277,3.37,254,97,0,2,Entrepreneur & lifestyle blogger,Real
43690,4379,75,5.23,178,12,0,8,Digital nomad living my best life 🌴,Real
9631,4749,319,7.250565416331558,543,99,0,8,Entrepreneur & lifestyle blogger,Real
44046,1408,105,0.65,628,22,0,11,Foodie | Reviews and recipes,Real
25710,2257,374,3.4348267417001077,439,42,0,5,Nature lover | Saving the planet 🌍,Fake
27552,906,211,1.87,488,50,0,2,Check out my website for more updates!,Fake
6032,4710,423,1.81,123,43,0,8,Personal blog | Stay positive ✨,Fake
26873,2159,296,7.24,744,19,1,9,Foodie | Reviews and recipes,Fake
49998,449,247,1.3207610803709784,251,93,1,3,Digital nomad living my best life 🌴,Fake
41451,970,248,0.2,270,11,0,8,Fitness enthusiast 💪 | Health advocate,Fake
11547,308,374,4.78,19,47,1,4,Love exploring new places 🌎,Real
36814,3709,499,5.208552745286106,515,47,0,7,Fitness enthusiast 💪 | Health advocate,Real
37348,2002,17,2.16,820,99,0,3,Foodie | Reviews and recipes,Real
5997,3135,274,0.73,358,70,0,7,Digital nomad living my best life 🌴,Fake
25887,533,232,8.78,894,52,0,8,Check out my website for more updates!,Fake
35673,4053,349,8.53,213,40,0,10,Entrepreneur & lifestyle blogger,Fake
10963,378,156,1.3,894,52,0,6,Foodie | Reviews and recipes,Real
19600,2956,252,8.440864419301198,516,18,1,7,DM for collaborations or inquiries!,Real
36249,1575,386,8.29,454,38,0,1,Passionate traveler and food lover,Fake
49275,4946,205,0.51,836,8,1,9,Entrepreneur & lifestyle blogger,Real
43329,3037,48,2.1,360,65,0,11,Sharing moments from my journey,Fake
28524,1598,103,0.03,505,12,0,3,Love exploring new places 🌎,Real
39720,4784,297,7.64,313,26,0,10,Sharing moments from my journey,Real
10345,4420,454,7.09,209,54,0,1,Follow for daily inspiration 🌟,Real
4811,2771,346,7.44,768,93,0,7,Entrepreneur & lifestyle blogger,Real
25036,1202,127,6.80106992920728,806,49,0,5,Entrepreneur & lifestyle blogger,Real
17380,3059,327,1.64,122,70,0,8,DM for collaborations or inquiries!,Fake
13850,607,463,2.07,697,65,0,11,Passionate traveler and food lover,Fake
49998,132,105,10.0,222,61,0,8,Entrepreneur & lifestyle blogger,Real
9413,4567,485,4.55,811,69,0,8,Photographer and content creator 📸,Real
18406,1852,86,8.376550512620618,431,7,0,4,Photographer and content creator 📸,Fake
2584,515,143,1.46,945,55,0,2,Love exploring new places 🌎,Fake
8242,2513,297,3.96,168,83,0,2,Fitness enthusiast 💪 | Health advocate,Real
45774,1412,456,7.16,755,71,0,6,Follow for daily inspiration 🌟,Real
53,2765,222,5.131755864939435,800,28,0,3,Foodie | Reviews and recipes,Real
24667,133,389,3.31,161,57,0,4,Sharing moments from my journey,Fake
21832,408,149,5.44,577,53,0,4,Passionate traveler and food lover,Fake
37591,2019,185,5.879704648699007,335,16,0,5,Love exploring new places 🌎,Fake
44062,698,417,0.99,529,45,0,7,Fitness enthusiast 💪 | Health advocate,Real
22881,2368,256,3.41,724,12,0,11,Follow for daily inspiration 🌟,Fake
9990,3173,202,8.1,747,42,0,7,Aspiring artist | Drawing my dreams,Real
49998,2759,344,4.160194494155622,451,0,0,10,Check out my website for more updates!,Real
18258,2018,399,10.0,382,89,0,4,Follow for daily inspiration 🌟,Fake
37830,2406,478,6.65,652,80,0,10,Sharing moments from my journey,Fake
16538,3876,308,5.6188242317366015,402,70,0,8,Entrepreneur & lifestyle blogger,Real
30852,4549,215,5.12,830,8,0,11,Nature lover | Saving the planet 🌍,Real
16157,2374,443,3.2851912435221267,568,0,1,11,Follow for daily inspiration 🌟,Fake
7702,10,169,8.767453860223828,306,69,0,1,Passionate traveler and food lover,Real
44496,4231,139,7.125917088711242,999,37,1,5,Sharing moments from my journey,Real
42193,2352,473,7.4,594,47,0,6,Digital nomad living my best life 🌴,Real
6933,4938,477,1.18,868,28,0,10,Passionate traveler and food lover,Real
35867,4615,443,9.9,851,34,0,10,Foodie | Reviews and recipes,Real
30491,3797,348,0.98,314,12,0,9,Digital nomad living my best life 🌴,Fake
40710,444,327,2.025547184851785,437,66,0,8,Photographer and content creator 📸,Real
38500,66,269,6.83,321,32,0,6,Business inquiries? Contact below 👇,Real
33054,2038,354,2.7198868808761767,366,93,1,4,Nature lover | Saving the planet 🌍,Fake
23787,10,197,3.316798051144746,567,51,0,7,Fitness enthusiast 💪 | Health advocate,Real
35539,1010,33,8.31,115,83,0,5,Aspiring artist | Drawing my dreams,Fake
14048,4157,303,4.63,109,9,0,5,Entrepreneur & lifestyle blogger,Fake
3935,2274,142,1.44,754,56,0,9,Personal blog | Stay positive ✨,Fake
47430,4914,488,9.17,720,35,0,2,Check out my website for more updates!,Real
15242,430,162,0.3910304803784754,180,39,1,9,Entrepreneur & lifestyle blogger,Fake
30596,2534,144,3.41,313,69,0,11,Personal blog | Stay positive ✨,Fake
28637,3030,134,7.92,698,24,0,9,Entrepreneur & lifestyle blogger,Fake
25874,4079,222,9.57,407,99,0,9,Personal blog | Stay positive ✨,Fake
37811,795,486,9.2,54,97,0,7,DM for collaborations or inquiries!,Real
12096,1337,148,7.687308582353049,573,42,1,9,Foodie | Reviews and recipes,Real
16523,3781,37,2.36,967,50,0,5,DM for collaborations or inquiries!,Real
24657,4559,464,5.13,234,8,0,6,Check out my website for more updates!,Fake
21744,2111,350,5.51,388,20,0,5,Sharing moments from my journey,Fake
37575,3614,178,8.45,699,89,0,4,Follow for daily inspiration 🌟,Real
20772,3961,308,6.01,251,18,0,5,Nature lover | Saving the planet 🌍,Fake
35378,1814,155,3.280053260107973,594,6,0,11,Personal blog | Stay positive ✨,Real
9427,2586,472,3.14,398,58,0,3,Follow for daily inspiration 🌟,Real
40725,3020,240,8.07,563,85,0,9,Entrepreneur & lifestyle blogger,Real
36876,1928,263,2.69,895,67,0,8,Love exploring new places 🌎,Fake
21536,2521,366,2.804377534798203,110,32,0,6,Business inquiries? Contact below 👇,Real
30257,2761,200,5.561951199874806,715,95,1,5,Follow for daily inspiration 🌟,Real
11187,173,188,2.63,210,20,0,5,Nature lover | Saving the planet 🌍,Real
4873,3664,145,1.3,176,44,0,9,Follow for daily inspiration 🌟,Real
30501,1284,140,9.65,966,85,0,1,Digital nomad living my best life 🌴,Fake
37236,3154,122,2.16,562,16,0,10,Digital nomad living my best life 🌴,Fake
10666,2883,75,9.83,333,81,0,6,Digital nomad living my best life 🌴,Real
41198,1255,368,4.26571817276868,795,99,1,4,Love exploring new places 🌎,Fake
13986,2599,460,3.706349023603768,233,99,1,5,Sharing moments from my journey,Real
47609,4632,174,0.12,635,33,0,2,Check out my website for more updates!,Real
22580,710,112,0.49,871,78,0,4,Fitness enthusiast 💪 | Health advocate,Real
34190,2055,297,3.2441492958659333,685,22,1,1,Check out my website for more updates!,Fake
5274,1341,20,1.73,999,18,0,9,Digital nomad living my best life 🌴,Fake
13121,1609,297,0.65,865,67,0,2,Passionate traveler and food lover,Real
29557,3655,482,8.67,899,74,0,3,Fitness enthusiast 💪 | Health advocate,Real
41238,2825,227,5.427440705004481,670,34,0,1,Follow for daily inspiration 🌟,Real
28055,2171,314,0.6848559723452352,225,51,0,4,Aspiring artist | Drawing my dreams,Fake
32930,996,417,1.03,135,94,0,8,Fitness enthusiast 💪 | Health advocate,Real
44903,1900,316,9.804578811846884,763,57,1,2,Entrepreneur & lifestyle blogger,Fake
49998,2309,144,1.2088723892302249,345,19,1,7,Foodie | Reviews and recipes,Fake
19601,1244,255,7.6,493,12,0,5,Business inquiries? Contact below 👇,Fake
26393,3074,269,5.31,857,0,0,9,Foodie | Reviews and recipes,Fake
48378,305,307,9.0,983,81,0,5,Follow for daily inspiration 🌟,Fake
34731,2567,195,8.43542297814512,536,0,1,10,Love exploring new places 🌎,Fake
43556,3803,473,0.5,883,7,0,3,Nature lover | Saving the planet 🌍,Real
23178,2874,406,5.962960382707335,710,37,1,2,Entrepreneur & lifestyle blogger,Fake
35833,2214,56,7.74,45,26,0,5,Foodie | Reviews and recipes,Fake
37452,2148,242,7.047396079412893,211,82,0,6,Fitness enthusiast 💪 | Health advocate,Fake
47747,1028,68,1.03,128,18,0,3,DM for collaborations or inquiries!,Real
3706,3800,24,4.28,773,67,0,3,Aspiring artist | Drawing my dreams,Fake
53,4304,79,1.676989320264615,701,51,0,9,Foodie | Reviews and recipes,Real
8596,1374,222,7.6,12,61,0,10,Fitness enthusiast 💪 | Health advocate,Fake
5242,4717,130,2.72,616,28,0,6,Business inquiries? Contact below 👇,Real
29118,4047,399,8.18,440,51,0,3,Personal blog | Stay positive ✨,Fake
47276,3974,469,3.65,780,11,0,5,Follow for daily inspiration 🌟,Fake
30359,3639,216,9.77,858,15,0,6,Aspiring artist | Drawing my dreams,Fake
26153,3596,316,4.81,990,8,0,11,Nature lover | Saving the planet 🌍,Fake
18592,1287,1,3.92,477,0,0,8,Love exploring new places 🌎,Real
11305,2604,387,6.539815735917589,999,48,0,6,Follow for daily inspiration 🌟,Real
30389,4123,72,0.4,148,56,0,7,DM for collaborations or inquiries!,Real
34190,4175,94,1.474878395413191,554,48,1,6,Fitness enthusiast 💪 | Health advocate,Fake
22053,3754,499,4.120119328755363,543,71,0,3,Business inquiries? Contact below 👇,Real
45216,180,362,7.87,983,76,0,3,Love exploring new places 🌎,Real
34464,3365,309,1.05,218,24,1,11,Fitness enthusiast 💪 | Health advocate,Real
44157,1985,14,5.066660327950014,736,19,0,6,Photographer and content creator 📸,Fake
40126,765,279,4.16,787,16,0,7,Aspiring artist | Drawing my dreams,Real
33919,2858,68,9.67,722,95,0,3,Passionate traveler and food lover,Fake
2752,1619,442,4.216923307743392,649,12,0,8,Love exploring new places 🌎,Real
11019,205,202,5.57,6,61,0,1,Follow for daily inspiration 🌟,Real
12602,1608,446,5.42,714,2,0,4,Digital nomad living my best life 🌴,Real
32693,2455,35,10.0,253,45,0,2,Photographer and content creator 📸,Real
46244,998,497,6.58,206,93,1,9,Nature lover | Saving the planet 🌍,Real
20885,3387,139,0.64,73,14,0,5,Aspiring artist | Drawing my dreams,Fake
16972,799,423,9.14,533,79,0,8,Foodie | Reviews and recipes,Real
30230,4854,388,3.51,620,44,0,8,Personal blog | Stay positive ✨,Real
31958,115,316,8.28,135,95,0,3,Love exploring new places 🌎,Real
15067,3576,42,5.55,74,69,0,2,Personal blog | Stay positive ✨,Fake
44101,2766,420,8.29,746,97,0,3,Follow for daily inspiration 🌟,Real
49998,3183,265,8.830957385469947,651,55,0,7,Nature lover | Saving the planet 🌍,Fake
53,1909,259,4.320585802285739,700,52,1,8,Passionate traveler and food lover,Real
38067,4844,276,1.6,761,75,0,10,Fitness enthusiast 💪 | Health advocate,Real
14064,4367,170,4.06,463,40,0,10,DM for collaborations or inquiries!,Real
15841,4033,191,7.61,916,63,1,5,Business inquiries? Contact below 👇,Fake
17715,1384,1,1.21,974,50,0,10,Photographer and content creator 📸,Real
24387,77,265,6.264625033212571,645,41,1,9,Digital nomad living my best life 🌴,Fake
30641,4679,305,5.14,608,45,0,3,Love exploring new places 🌎,Fake
34113,1117,334,0.75,219,3,0,8,Aspiring artist | Drawing my dreams,Real
31849,776,332,3.61,917,79,1,3,Foodie | Reviews and recipes,Real
46280,266,155,0.53,378,26,0,8,Nature lover | Saving the planet 🌍,Real
17657,846,0,7.052796986468293,267,90,0,11,Aspiring artist | Drawing my dreams,Real
7014,1038,83,2.73,375,71,0,4,Passionate traveler and food lover,Real
32557,688,442,2.56,765,67,0,4,Personal blog | Stay positive ✨,Real
6497,1435,395,1.39,499,91,0,6,Entrepreneur & lifestyle blogger,Fake
8414,2614,189,5.11,285,90,0,10,Digital nomad living my best life 🌴,Real
48233,2031,186,4.677397293386455,582,56,0,1,DM for collaborations or inquiries!,Real
6463,1667,189,1.05,866,86,0,7,Sharing moments from my journey,Fake
43766,1604,131,0.4046182256295223,493,68,1,3,Follow for daily inspiration 🌟,Fake
4121,2043,262,5.0971515092811455,79,55,0,6,Business inquiries? Contact below 👇,Fake
26526,3594,436,2.0,115,13,0,6,Photographer and content creator 📸,Fake
53,10,60,2.764220709429249,339,25,0,6,Business inquiries? Contact below 👇,Fake
15572,3505,184,8.74,10,0,1,3,Check out my website for more updates!,Fake
47880,2399,340,4.69,743,94,0,10,Personal blog | Stay positive ✨,Fake
35340,3325,323,7.069202066227295,540,18,1,7,Passionate traveler and food lover,Fake
29657,2522,114,2.11418179623689,882,68,1,9,Personal blog | Stay positive ✨,Fake
9267,3508,205,1.33,111,55,0,10,Passionate traveler and food lover,Real
25112,880,237,5.608787404349768,833,0,1,5,DM for collaborations or inquiries!,Real
41426,3303,158,8.16,638,64,0,3,Sharing moments from my journey,Fake
24960,4780,333,7.82,492,47,1,2,Foodie | Reviews and recipes,Real
23429,3078,497,0.0,107,37,0,3,Passionate traveler and food lover,Real
28745,764,277,0.51,96,23,0,11,Foodie | Reviews and recipes,Real
18210,769,431,7.13,358,53,0,7,Business inquiries? Contact below 👇,Fake
24404,733,282,2.48,956,86,0,8,DM for collaborations or inquiries!,Real
20480,1135,474,5.22,88,56,0,8,Check out my website for more updates!,Fake
24106,664,70,6.2,788,15,0,9,Personal blog | Stay positive ✨,Fake
21714,3723,304,1.23,507,29,0,2,Follow for daily inspiration 🌟,Fake
28497,10,106,9.967815514213694,381,51,1,6,Fitness enthusiast 💪 | Health advocate,Fake
29257,4920,339,1.44,286,51,0,6,Fitness enthusiast 💪 | Health advocate,Fake
28682,460,287,6.04,971,63,0,5,Aspiring artist | Drawing my dreams,Real
21398,3680,16,8.8,650,20,1,2,Entrepreneur & lifestyle blogger,Fake
47581,2150,23,2.18,563,82,0,5,Love exploring new places 🌎,Real
21199,2300,257,0.02,66,98,0,5,Personal blog | Stay positive ✨,Real
23869,2947,157,6.57,153,62,0,8,Foodie | Reviews and recipes,Fake
42703,3016,174,5.197870953108899,205,17,0,6,Love exploring new places 🌎,Real
17761,235,100,9.35,840,69,1,4,Love exploring new places 🌎,Real
21247,1411,44,1.58,542,72,0,9,DM for collaborations or inquiries!,Real
13130,535,274,4.811735903750857,494,61,0,9,Foodie | Reviews and recipes,Fake
29770,3399,127,0.67,295,14,0,11,Entrepreneur & lifestyle blogger,Fake
29389,2331,0,0.5538472923226987,844,76,0,3,Foodie | Reviews and recipes,Real
2137,3790,400,1.05,282,61,0,11,Photographer and content creator 📸,Real
23905,1391,491,1.01,959,12,0,2,Sharing moments from my journey,Real
47930,1402,334,8.89,51,33,0,3,Nature lover | Saving the planet 🌍,Real
27099,3483,499,4.886464446337988,139,19,0,1,Digital nomad living my best life 🌴,Real
14155,4043,146,2.380267472189854,204,26,1,10,Fitness enthusiast 💪 | Health advocate,Real
24081,2672,416,4.71,674,49,0,9,Aspiring artist | Drawing my dreams,Fake
25709,524,342,6.56,845,73,0,10,Nature lover | Saving the planet 🌍,Real
7518,2034,403,8.39,856,48,0,7,DM for collaborations or inquiries!,Real
29819,2486,326,7.707535414316071,699,38,0,4,DM for collaborations or inquiries!,Real
35217,1832,39,8.11,994,55,0,11,Follow for daily inspiration 🌟,Real
29567,4850,72,7.85,839,93,0,5,Fitness enthusiast 💪 | Health advocate,Fake
13751,1607,267,0.62,167,68,0,9,Nature lover | Saving the planet 🌍,Fake
12533,2483,470,1.09,602,28,0,3,DM for collaborations or inquiries!,Fake
44997,2653,493,5.61,419,11,0,2,DM for collaborations or inquiries!,Real
12551,2080,111,5.425711541400729,632,52,0,11,Nature lover | Saving the planet 🌍,Fake
30949,2078,166,4.63,429,96,0,6,Nature lover | Saving the planet 🌍,Fake
25304,4436,154,7.61,941,67,0,5,Fitness enthusiast 💪 | Health advocate,Fake
46205,4325,72,2.0271468332254714,610,99,1,3,Nature lover | Saving the planet 🌍,Fake
45944,2949,499,2.669924956273691,757,65,0,3,Photographer and content creator 📸,Real
32296,2512,299,7.23,379,49,0,6,Foodie | Reviews and recipes,Fake
44751,1832,146,9.82,741,20,0,8,Love exploring new places 🌎,Real
40030,1993,85,7.52,103,51,0,2,Nature lover | Saving the planet 🌍,Real
39557,50,371,6.61,772,48,0,2,Fitness enthusiast 💪 | Health advocate,Real
45524,2808,192,0.21,348,14,0,5,Business inquiries? Contact below 👇,Real
49892,3687,153,8.56,768,9,1,6,Nature lover | Saving the planet 🌍,Fake
30316,2677,425,5.47,994,59,1,4,Love exploring new places 🌎,Fake
53,1919,299,0.1901274035858158,623,9,0,6,Sharing moments from my journey,Real
5861,264,340,6.24,781,12,0,5,DM for collaborations or inquiries!,Fake
44474,1094,291,7.54,165,92,0,3,Love exploring new places 🌎,Fake
8366,1502,414,3.7515803474335008,909,36,1,5,Foodie | Reviews and recipes,Fake
9906,3451,213,9.11,30,70,0,9,Nature lover | Saving the planet 🌍,Fake
9454,809,203,7.0,701,41,0,4,Check out my website for more updates!,Fake
19307,4783,289,0.46,733,80,0,3,Digital nomad living my best life 🌴,Real
27696,1447,176,2.77,815,44,0,5,Aspiring artist | Drawing my dreams,Real
11085,4005,141,6.25,374,22,1,2,DM for collaborations or inquiries!,Real
36258,2347,188,3.17,554,11,0,8,Fitness enthusiast 💪 | Health advocate,Real
4863,3293,63,5.59,413,2,0,8,Love exploring new places 🌎,Fake
30446,1488,347,5.54,104,90,0,2,Foodie | Reviews and recipes,Fake
37504,2925,211,2.69,198,84,0,6,Personal blog | Stay positive ✨,Fake
27191,2739,277,0.4603312819917526,564,15,0,10,Entrepreneur & lifestyle blogger,Fake
4734,620,326,6.32,942,68,0,11,Fitness enthusiast 💪 | Health advocate,Real
9733,3489,39,5.6,389,73,0,4,Follow for daily inspiration 🌟,Real
29811,1644,44,8.515795249957055,584,19,1,8,Entrepreneur & lifestyle blogger,Fake
35097,824,198,9.57,99,20,0,2,Aspiring artist | Drawing my dreams,Fake
15658,116,466,0.39,493,79,0,4,Follow for daily inspiration 🌟,Real
7334,2166,95,2.575217778903124,519,31,1,9,Digital nomad living my best life 🌴,Real
40726,703,481,0.3,379,39,0,7,DM for collaborations or inquiries!,Fake
26230,1883,5,5.86,213,78,0,10,Foodie | Reviews and recipes,Real
5226,155,99,9.19,854,68,0,10,Aspiring artist | Drawing my dreams,Real
49998,4151,159,1.8282980919847425,652,24,1,1,Sharing moments from my journey,Real
46047,4330,46,8.05,552,77,0,6,Check out my website for more updates!,Real
18343,4551,285,6.15,910,24,0,11,Foodie | Reviews and recipes,Real
1729,4701,489,8.9,215,90,0,6,Sharing moments from my journey,Real
47293,1517,79,0.0,258,49,1,7,Check out my website for more updates!,Real
11069,349,41,7.22,434,92,0,10,Business inquiries? Contact below 👇,Real
6053,1688,310,2.29,312,28,0,5,Love exploring new places 🌎,Fake
6964,850,210,5.736966505301201,408,75,1,6,Nature lover | Saving the planet 🌍,Fake
33253,2611,321,1.2946715882718558,433,37,0,2,Love exploring new places 🌎,Fake
3995,3534,391,3.55,551,62,0,10,Check out my website for more updates!,Fake
27266,3735,108,7.73,651,43,0,6,Business inquiries? Contact below 👇,Fake
47768,1917,21,3.52,753,83,0,8,Fitness enthusiast 💪 | Health advocate,Real
9386,2804,218,4.600339335004686,661,55,0,7,Foodie | Reviews and recipes,Real
19646,2821,288,7.606643815911501,650,53,1,5,Fitness enthusiast 💪 | Health advocate,Fake
19216,3062,3,0.64,924,45,0,10,DM for collaborations or inquiries!,Real
13705,3964,380,6.34,25,70,0,10,DM for collaborations or inquiries!,Fake
29399,4999,423,8.770892508279516,378,82,1,6,Entrepreneur & lifestyle blogger,Fake
14057,2117,387,7.83,144,24,0,9,Follow for daily inspiration 🌟,Fake
6382,3768,435,3.04,368,29,0,10,Nature lover | Saving the planet 🌍,Fake
27311,4602,22,4.83,23,97,0,7,Fitness enthusiast 💪 | Health advocate,Real
5999,4936,258,2.93,943,12,0,8,Business inquiries? Contact below 👇,Real
20321,3395,282,5.72,824,56,0,2,Digital nomad living my best life 🌴,Fake
33071,1994,134,4.25,755,85,0,2,Aspiring artist | Drawing my dreams,Real
28399,2652,204,5.27,980,6,0,3,Sharing moments from my journey,Real
40617,4435,410,4.31,409,55,0,7,Sharing moments from my journey,Fake
35989,356,266,4.48,182,95,0,9,Nature lover | Saving the planet 🌍,Fake
12513,2690,119,1.7463724924037076,852,40,0,3,Sharing moments from my journey,Real
29608,3915,247,5.09,729,68,1,10,Personal blog | Stay positive ✨,Fake
2118,3485,411,4.97,563,67,0,9,Nature lover | Saving the planet 🌍,Real
43035,1044,198,9.87,249,59,0,5,Business inquiries? Contact below 👇,Fake
16682,1508,400,7.71,217,27,0,4,Check out my website for more updates!,Fake
36589,2718,460,8.59,183,94,0,2,Follow for daily inspiration 🌟,Fake
6778,1103,290,5.38,314,2,1,6,Business inquiries? Contact below 👇,Fake
49998,3505,408,3.4630740363812014,662,40,0,2,Check out my website for more updates!,Real
34441,1167,369,8.64,12,99,1,9,Love exploring new places 🌎,Real
30232,2113,87,4.113123601633546,844,12,0,9,Love exploring new places 🌎,Fake
1935,3712,233,4.25,662,59,0,8,Nature lover | Saving the planet 🌍,Real
10685,2135,321,7.99,823,99,0,11,Digital nomad living my best life 🌴,Real
30473,3480,297,7.32,595,37,0,4,Love exploring new places 🌎,Real
35152,352,432,7.95,815,85,0,10,Digital nomad living my best life 🌴,Fake
36206,900,320,10.0,522,72,1,8,Foodie | Reviews and recipes,Real
48042,826,256,7.72,171,69,0,5,Digital nomad living my best life 🌴,Fake
28074,2703,366,2.8421655794040146,557,59,1,2,Digital nomad living my best life 🌴,Real
15866,3038,194,7.57,412,40,0,8,Entrepreneur & lifestyle blogger,Real
274,1332,355,8.52,728,1,0,9,Fitness enthusiast 💪 | Health advocate,Fake
25330,631,132,7.29,233,84,1,10,Entrepreneur & lifestyle blogger,Real
29271,2624,48,7.9,721,47,0,7,Check out my website for more updates!,Real
1678,1418,129,4.23,408,92,0,9,Digital nomad living my best life 🌴,Real
49998,2643,312,5.165455228647626,999,94,1,5,Sharing moments from my journey,Fake
5952,1822,50,2.88,60,28,0,7,Fitness enthusiast 💪 | Health advocate,Real
22964,1285,3,6.84,695,94,0,10,Passionate traveler and food lover,Fake
21621,2021,406,5.378700090545192,96,55,0,8,Entrepreneur & lifestyle blogger,Fake
11588,1003,219,10.0,884,94,0,2,Fitness enthusiast 💪 | Health advocate,Real
53,1375,303,3.865640932468062,216,14,0,2,Passionate traveler and food lover,Real
19518,586,433,6.84,453,29,0,11,Entrepreneur & lifestyle blogger,Real
10504,1488,141,6.1,243,82,0,4,Business inquiries? Contact below 👇,Real
53,1486,474,8.117238744693372,973,26,1,8,Personal blog | Stay positive ✨,Fake
13249,2763,453,8.85,542,11,0,10,Photographer and content creator 📸,Real
37098,1337,438,9.26,592,45,0,5,Aspiring artist | Drawing my dreams,Fake
38323,247,347,9.34,43,5,0,5,Love exploring new places 🌎,Fake
13755,708,193,6.9384622247251215,94,63,0,2,Passionate traveler and food lover,Real
36062,1550,210,4.507953912373057,614,53,0,11,Follow for daily inspiration 🌟,Real
48172,2822,319,6.4701911707355695,0,34,1,11,Nature lover | Saving the planet 🌍,Fake
48794,4271,324,0.1,969,40,0,7,Follow for daily inspiration 🌟,Real
22016,712,295,7.83,6,21,0,2,Sharing moments from my journey,Fake
23555,336,231,3.38,400,64,0,5,Check out my website for more updates!,Real
13029,2333,139,4.99,346,83,0,7,Passionate traveler and food lover,Real
30427,3454,223,10.0,648,11,0,4,Love exploring new places 🌎,Real
34008,4133,446,7.78,226,59,0,3,Nature lover | Saving the planet 🌍,Fake
34718,4249,5,0.56,611,66,1,3,Love exploring new places 🌎,Real
48613,3227,435,0.18,398,74,0,9,Passionate traveler and food lover,Fake
33609,1098,143,6.98,656,25,0,11,Fitness enthusiast 💪 | Health advocate,Fake
26459,2599,301,0.8171941238090845,549,56,0,11,Check out my website for more updates!,Real
22914,3245,218,4.796374171078734,483,81,1,7,Follow for daily inspiration 🌟,Real
49060,2380,387,1.18,46,75,0,5,Sharing moments from my journey,Real
22571,81,121,4.36,471,12,1,7,DM for collaborations or inquiries!,Real
8324,1952,240,1.61,362,65,1,8,DM for collaborations or inquiries!,Real
27390,1070,172,7.08,540,29,0,5,Fitness enthusiast 💪 | Health advocate,Real
19386,2689,345,6.809284719402353,981,15,0,7,Foodie | Reviews and recipes,Fake
20486,2844,184,4.530979210643483,0,22,1,7,Nature lover | Saving the planet 🌍,Fake
49724,2136,191,0.31,817,29,0,2,Entrepreneur & lifestyle blogger,Real
12446,1043,169,8.06,849,14,0,2,Photographer and content creator 📸,Real
23967,4213,261,6.09,157,0,0,6,Aspiring artist | Drawing my dreams,Real
34854,2531,498,4.693661455515764,843,77,1,4,Check out my website for more updates!,Fake
3501,3188,422,6.700268206156839,433,62,1,4,Foodie | Reviews and recipes,Fake
36560,2067,235,0.81,239,92,0,11,Business inquiries? Contact below 👇,Fake
32415,2547,243,6.96,843,90,0,2,Business inquiries? Contact below 👇,Real
28559,4009,248,2.2268776884439445,595,99,0,9,Aspiring artist | Drawing my dreams,Fake
15568,852,214,0.3933217859397633,764,65,0,2,Check out my website for more updates!,Fake
23949,546,86,1.386657930814413,518,44,1,5,Check out my website for more updates!,Real
46738,1082,348,7.79,256,43,0,8,Business inquiries? Contact below 👇,Real
6762,3657,26,6.28,477,69,0,2,Passionate traveler and food lover,Real
39621,1715,112,3.06,949,11,0,8,Personal blog | Stay positive ✨,Real
44126,2425,108,9.27,808,2,1,8,Follow for daily inspiration 🌟,Fake
14997,3243,460,5.17319476222638,700,43,0,6,Foodie | Reviews and recipes,Real
53,3379,122,4.492242244585343,170,57,1,7,Personal blog | Stay positive ✨,Real
32691,1480,23,9.55,739,98,0,10,Follow for daily inspiration 🌟,Fake
42895,2398,297,5.49036402813181,472,74,0,8,Business inquiries? Contact below 👇,Fake
16969,2697,389,1.32,143,31,0,8,Business inquiries? Contact below 👇,Real
19525,4829,365,4.157991493520786,556,13,1,2,Personal blog | Stay positive ✨,Fake
37520,2256,93,8.1,232,2,0,4,Passionate traveler and food lover,Real
48019,834,46,0.67,350,0,0,11,Fitness enthusiast 💪 | Health advocate,Real
12171,4380,260,7.907147553361561,466,5,1,4,Fitness enthusiast 💪 | Health advocate,Fake
12959,4554,303,3.39,882,4,0,9,Entrepreneur & lifestyle blogger,Fake
30026,3359,499,4.393106624837357,534,47,1,9,Aspiring artist | Drawing my dreams,Fake
44664,136,101,8.64,632,13,0,11,Fitness enthusiast 💪 | Health advocate,Fake
22434,3522,456,8.26,937,35,0,5,Personal blog | Stay positive ✨,Real
33880,4640,191,0.0,655,17,0,4,Sharing moments from my journey,Fake
20911,2021,303,2.33,861,29,0,1,Nature lover | Saving the planet 🌍,Fake
20274,2409,338,4.672425115213617,835,54,1,7,Entrepreneur & lifestyle blogger,Fake
21370,3584,488,6.46,761,54,1,2,Personal blog | Stay positive ✨,Real
39697,3442,281,6.11,902,2,0,2,Business inquiries? Contact below 👇,Fake
8429,228,393,7.64,720,35,0,10,Photographer and content creator 📸,Real
29806,1616,176,7.9143687859099074,393,58,0,4,Personal blog | Stay positive ✨,Real
25991,4311,328,3.0304772474310084,414,0,1,6,Love exploring new places 🌎,Real
38128,3102,112,6.8240875775046765,342,95,1,7,Passionate traveler and food lover,Fake
4094,3526,63,9.9,895,38,0,11,Follow for daily inspiration 🌟,Real
13264,2558,251,5.23,302,94,0,2,Aspiring artist | Drawing my dreams,Fake
21255,3362,349,3.6,378,13,0,10,Nature lover | Saving the planet 🌍,Real
37593,852,65,2.94,157,13,0,6,Love exploring new places 🌎,Real
9565,540,325,9.03,231,94,0,8,Fitness enthusiast 💪 | Health advocate,Real
1141,2659,374,0.4,200,49,0,11,Love exploring new places 🌎,Real
16977,1094,276,4.03,787,41,0,8,Personal blog | Stay positive ✨,Fake
40642,3475,164,1.17,915,35,0,6,Love exploring new places 🌎,Fake
42087,1152,268,3.53,787,52,0,2,Digital nomad living my best life 🌴,Fake
12623,3807,16,7.96,575,96,0,6,Aspiring artist | Drawing my dreams,Real
2936,3352,188,5.42,736,0,0,6,DM for collaborations or inquiries!,Real
3407,965,64,9.2,536,49,1,3,Digital nomad living my best life 🌴,Fake
12054,601,217,4.321600857282583,819,41,0,6,DM for collaborations or inquiries!,Real
1182,1126,159,0.97,596,94,0,8,Foodie | Reviews and recipes,Fake
31305,624,106,6.893576394119294,845,15,1,4,Love exploring new places 🌎,Fake
12416,10,107,8.67031503302947,691,0,0,8,Check out my website for more updates!,Fake
1002,3729,215,5.01,238,83,0,4,Aspiring artist | Drawing my dreams,Real
19774,3425,146,2.71,525,87,0,9,Love exploring new places 🌎,Fake
24188,671,177,7.33,279,0,1,10,Sharing moments from my journey,Fake
42477,2078,253,4.05,143,9,0,5,Love exploring new places 🌎,Fake
20716,1979,350,5.986993279131148,341,50,1,6,Digital nomad living my best life 🌴,Fake
25764,501,284,6.27,434,70,0,5,Foodie | Reviews and recipes,Fake
42734,4010,131,4.337530273425408,786,60,1,5,Aspiring artist | Drawing my dreams,Fake
41533,4534,428,0.46,234,82,0,8,Sharing moments from my journey,Real
39922,4834,18,7.253263642116852,526,61,1,6,Check out my website for more updates!,Real
22591,4514,374,2.33,21,14,0,11,Nature lover | Saving the planet 🌍,Fake
10012,3501,99,5.08,903,27,0,4,Personal blog | Stay positive ✨,Fake
19158,2850,15,0.15,122,25,0,4,Digital nomad living my best life 🌴,Real
36949,1349,221,2.59,193,35,0,7,Digital nomad living my best life 🌴,Real
29562,4999,499,9.528250616315963,663,10,0,1,Fitness enthusiast 💪 | Health advocate,Fake
48590,529,1,3.97,585,73,0,4,Business inquiries? Contact below 👇,Real
711,2960,413,4.45,630,89,0,9,Business inquiries? Contact below 👇,Fake
36519,3306,72,6.851097234832972,625,49,0,1,Fitness enthusiast 💪 | Health advocate,Real
34837,3277,208,5.390742662417752,233,89,1,6,Personal blog | Stay positive ✨,Fake
39428,209,90,9.56,748,42,0,2,Love exploring new places 🌎,Fake
13651,2456,499,4.753648624841449,723,60,0,8,Digital nomad living my best life 🌴,Fake
44037,1813,489,8.42,645,1,0,5,Business inquiries? Contact below 👇,Real
9417,2760,127,5.651400087532447,259,57,1,10,Follow for daily inspiration 🌟,Real
49998,689,398,4.1531316561904585,578,66,0,5,Personal blog | Stay positive ✨,Real
48322,1646,477,3.77,7,7,0,9,Foodie | Reviews and recipes,Fake
25311,2872,50,1.18,412,99,0,6,Personal blog | Stay positive ✨,Real
49136,2300,218,2.46,916,55,0,5,Business inquiries? Contact below 👇,Real
34585,3914,201,8.92,787,87,0,8,Nature lover | Saving the planet 🌍,Fake
21535,786,340,6.4,376,38,0,2,DM for collaborations or inquiries!,Real
37932,85,50,2.36,747,72,0,11,Nature lover | Saving the planet 🌍,Fake
49107,4068,142,1.5,441,83,0,5,Business inquiries? Contact below 👇,Fake
29337,3026,434,0.21,583,15,0,3,Check out my website for more updates!,Fake
46670,2695,156,3.872181998536036,34,58,0,5,Digital nomad living my best life 🌴,Real
41487,3323,343,8.23648292368117,679,90,1,11,Business inquiries? Contact below 👇,Real
22814,4964,356,9.3,973,57,0,11,Photographer and content creator 📸,Real
21969,1972,230,2.6,555,96,0,8,Fitness enthusiast 💪 | Health advocate,Fake
14802,1694,346,7.12,416,6,1,5,Fitness enthusiast 💪 | Health advocate,Fake
20097,100,350,2.41,413,91,0,6,Photographer and content creator 📸,Real
47488,239,132,2.02,599,83,0,5,Sharing moments from my journey,Fake
34485,3256,283,0.49,338,90,0,3,Entrepreneur & lifestyle blogger,Fake
35423,4097,277,8.63,132,76,0,2,Entrepreneur & lifestyle blogger,Fake
4473,1188,360,5.12,911,54,0,11,Foodie | Reviews and recipes,Real
16196,3061,432,2.7,440,35,0,5,DM for collaborations or inquiries!,Real
33150,4390,457,6.96,95,41,0,10,Entrepreneur & lifestyle blogger,Fake
7151,3300,322,6.909952872508919,548,7,1,6,Follow for daily inspiration 🌟,Fake
37002,2253,185,7.88,950,30,0,9,Check out my website for more updates!,Real
26822,4537,354,1.5146987732917725,189,93,1,5,Foodie | Reviews and recipes,Fake
43973,4246,259,9.88,548,69,1,6,Digital nomad living my best life 🌴,Real
47339,3653,420,3.46,395,48,0,3,Entrepreneur & lifestyle blogger,Real
21915,4039,191,0.2940921535303076,760,47,0,5,Check out my website for more updates!,Real
21265,412,242,8.2,538,57,0,11,Entrepreneur & lifestyle blogger,Real
46837,2292,8,3.03,466,87,0,9,Photographer and content creator 📸,Real
44554,3007,337,0.13,705,56,1,5,Photographer and content creator 📸,Fake
12199,2284,275,5.06,421,64,0,2,Aspiring artist | Drawing my dreams,Real
3174,1249,229,7.09,409,9,0,3,Aspiring artist | Drawing my dreams,Fake
37545,670,94,3.44,720,75,0,6,Aspiring artist | Drawing my dreams,Fake
27375,2806,31,0.71,406,41,0,3,Photographer and content creator 📸,Real
7528,2588,345,8.75,416,66,0,6,Aspiring artist | Drawing my dreams,Real
16783,2854,85,4.730979039237133,522,54,0,11,Sharing moments from my journey,Real
27522,3581,446,1.9715737691069275,554,18,1,8,Foodie | Reviews and recipes,Real
16729,625,73,2.33,676,31,0,10,Aspiring artist | Drawing my dreams,Fake
12146,2555,354,9.51,372,91,0,2,Business inquiries? Contact below 👇,Real
16653,1132,123,5.273068909870056,663,54,0,7,Fitness enthusiast 💪 | Health advocate,Fake
21401,1351,433,6.26,623,34,0,2,DM for collaborations or inquiries!,Real
31880,1372,441,5.81,289,62,0,10,Personal blog | Stay positive ✨,Real
36942,1735,296,2.3853269642262496,999,61,1,9,Photographer and content creator 📸,Fake
18210,4002,22,9.56,620,22,0,7,Foodie | Reviews and recipes,Fake
11989,524,198,5.988036582170884,232,49,0,7,Check out my website for more updates!,Fake
34671,3197,347,4.86,342,41,0,2,Love exploring new places 🌎,Real
11408,2754,213,2.69,436,8,0,2,Sharing moments from my journey,Real
27424,2516,49,5.762988775947852,999,49,1,5,Nature lover | Saving the planet 🌍,Fake
21053,1711,77,5.39,543,80,0,10,Digital nomad living my best life 🌴,Fake
27381,3295,493,5.33,257,2,0,4,Foodie | Reviews and recipes,Real
41571,4365,161,6.82,270,35,0,9,Follow for daily inspiration 🌟,Fake
32954,4216,66,0.31,33,78,0,2,Sharing moments from my journey,Real
28852,1051,465,4.71,328,51,0,9,Personal blog | Stay positive ✨,Fake
40913,477,337,8.07,119,98,0,9,Business inquiries? Contact below 👇,Fake
8159,1113,14,8.95,356,37,1,6,Personal blog | Stay positive ✨,Fake
25355,1648,216,1.4015821171745726,796,99,0,8,Check out my website for more updates!,Fake
14651,3573,183,5.74,313,95,0,7,Sharing moments from my journey,Fake
30795,366,217,9.52,299,45,0,10,Digital nomad living my best life 🌴,Real
30809,1547,95,5.104480972424895,483,51,1,7,Love exploring new places 🌎,Fake
6444,1390,159,4.599970831131656,709,60,1,11,Personal blog | Stay positive ✨,Fake
24912,1692,201,7.69,577,14,0,3,Digital nomad living my best life 🌴,Real
3318,4088,421,0.9,141,58,0,4,Love exploring new places 🌎,Fake
24280,3427,116,5.34,928,92,0,10,Nature lover | Saving the planet 🌍,Fake
4387,2681,80,6.17,770,67,0,6,Digital nomad living my best life 🌴,Real
9639,3965,3,7.46,677,52,0,4,Digital nomad living my best life 🌴,Fake
14367,2236,391,9.96,188,76,1,9,Business inquiries? Contact below 👇,Real
29353,489,192,7.44,856,95,0,2,Passionate traveler and food lover,Real
42959,4124,239,2.41,551,59,0,6,Foodie | Reviews and recipes,Real
41458,21,282,9.54,843,67,0,9,Business inquiries? Contact below 👇,Fake
12982,2691,169,5.79,218,38,1,10,Photographer and content creator 📸,Real
3997,1868,311,1.292899374534762,469,74,1,7,Digital nomad living my best life 🌴,Real
29055,2792,226,5.416955954722188,551,9,1,7,Entrepreneur & lifestyle blogger,Fake
8296,724,19,6.03,346,32,1,5,Check out my website for more updates!,Fake
54,18,85,9.55,704,72,0,3,Check out my website for more updates!,Real
40856,2660,339,6.44,563,56,1,6,Digital nomad living my best life 🌴,Fake
37492,652,335,6.94,818,66,0,11,Follow for daily inspiration 🌟,Real
26451,1584,372,8.19,355,33,0,4,Digital nomad living my best life 🌴,Fake
49007,4999,273,3.654443663432653,163,73,1,10,Sharing moments from my journey,Fake
11980,4999,311,2.072314264430521,0,28,1,3,Nature lover | Saving the planet 🌍,Real
30079,1996,28,1.02,103,87,0,11,Foodie | Reviews and recipes,Fake
31983,1414,140,5.19,991,86,0,4,Business inquiries? Contact below 👇,Fake
21296,2105,221,5.864141513878411,999,89,0,5,DM for collaborations or inquiries!,Real
28441,4991,344,5.17360806874161,601,92,1,7,Passionate traveler and food lover,Real
19050,1891,301,10.0,944,41,0,7,DM for collaborations or inquiries!,Fake
21690,868,153,5.046709111307552,483,61,0,7,Nature lover | Saving the planet 🌍,Real
29718,4115,224,1.02,750,30,0,9,Passionate traveler and food lover,Fake
13569,2040,373,9.24,10,20,0,2,Foodie | Reviews and recipes,Fake
40022,1353,5,9.73,18,53,0,7,Photographer and content creator 📸,Fake
21676,453,204,3.676216844427265,984,31,1,1,Love exploring new places 🌎,Fake
35523,2475,175,0.64,409,38,0,2,Fitness enthusiast 💪 | Health advocate,Real
28544,4820,257,6.020574365702972,115,70,0,7,Entrepreneur & lifestyle blogger,Fake
19988,2093,6,9.89,595,23,0,4,Aspiring artist | Drawing my dreams,Fake
27769,1957,261,4.108696145842222,109,83,1,6,Follow for daily inspiration 🌟,Fake
17810,958,51,0.72,258,78,0,5,Foodie | Reviews and recipes,Real
9014,3660,8,4.7,31,6,1,7,Fitness enthusiast 💪 | Health advocate,Fake
14111,4999,110,1.2931233635172017,381,55,1,10,Aspiring artist | Drawing my dreams,Real
22182,1988,237,4.79,43,2,0,2,Passionate traveler and food lover,Real
9787,4302,365,7.42,931,7,0,7,Aspiring artist | Drawing my dreams,Real
48838,2904,320,4.17,934,90,0,10,Aspiring artist | Drawing my dreams,Fake
9516,4088,19,3.473321291955481,0,85,1,8,Entrepreneur & lifestyle blogger,Real
45707,3757,323,2.05,3,90,1,8,Digital nomad living my best life 🌴,Real
48297,1490,290,0.78,722,1,0,8,Entrepreneur & lifestyle blogger,Fake
19711,1841,215,7.57,380,33,0,4,Personal blog | Stay positive ✨,Fake
3823,2149,422,6.98,409,39,0,8,Passionate traveler and food lover,Real
7616,3773,486,2.78,508,21,0,1,Aspiring artist | Drawing my dreams,Real
24105,918,36,1.26,555,24,0,9,Nature lover | Saving the planet 🌍,Real
34669,3641,163,9.15,39,91,0,6,Follow for daily inspiration 🌟,Real
42867,2103,102,6.77,733,27,0,2,Photographer and content creator 📸,Fake
21351,4999,345,4.271660655568127,698,23,0,9,Aspiring artist | Drawing my dreams,Fake
6842,4747,4,9.211466207571918,383,47,1,9,Digital nomad living my best life 🌴,Fake
47349,4090,74,8.58,575,99,0,3,Personal blog | Stay positive ✨,Real
17884,4203,307,7.05,792,77,0,4,Digital nomad living my best life 🌴,Real
22503,1548,143,9.29593110643814,761,8,0,7,Aspiring artist | Drawing my dreams,Fake
30831,2094,201,7.34,518,80,0,7,Nature lover | Saving the planet 🌍,Fake
10964,1014,257,5.43,94,15,0,10,Follow for daily inspiration 🌟,Fake
40282,684,53,1.12,388,13,1,4,Digital nomad living my best life 🌴,Fake
39658,2164,0,1.049690861884137,301,54,1,5,Love exploring new places 🌎,Real
13209,665,209,1.7,181,63,0,11,Love exploring new places 🌎,Fake
27055,10,294,6.509123599024641,144,17,1,3,DM for collaborations or inquiries!,Fake
38007,4834,269,2.06,879,87,0,3,DM for collaborations or inquiries!,Real
1481,2601,366,5.7,195,95,0,10,DM for collaborations or inquiries!,Fake
20408,3569,20,8.79,687,83,0,6,Fitness enthusiast 💪 | Health advocate,Real
33250,3565,490,7.64,597,84,0,8,Love exploring new places 🌎,Real
9058,438,317,7.08,970,47,0,2,Personal blog | Stay positive ✨,Real
2605,4220,155,4.27,516,64,0,2,Passionate traveler and food lover,Fake
41294,2394,259,7.21,485,94,0,10,Foodie | Reviews and recipes,Real
35365,2553,345,0.93,535,79,0,8,Business inquiries? Contact below 👇,Real
43645,2116,112,8.08,271,32,0,10,Aspiring artist | Drawing my dreams,Real
14177,2975,117,2.16,486,21,0,7,Digital nomad living my best life 🌴,Real
10688,4090,57,9.44,587,39,1,11,Aspiring artist | Drawing my dreams,Fake
14303,3118,498,6.35,83,94,0,6,Digital nomad living my best life 🌴,Real
10613,3817,86,6.77,406,90,0,10,Aspiring artist | Drawing my dreams,Real
49998,186,0,2.969549928519116,400,99,1,6,Business inquiries? Contact below 👇,Real
6355,3454,282,2.067004438195622,658,52,0,6,Follow for daily inspiration 🌟,Real
11279,1461,33,3.77,435,63,0,2,Aspiring artist | Drawing my dreams,Fake
5740,1508,316,10.0,119,51,1,7,Check out my website for more updates!,Fake
16145,185,328,1.38,747,32,0,4,Love exploring new places 🌎,Fake
33285,3013,273,6.459343667790037,0,56,0,7,Foodie | Reviews and recipes,Fake
43178,374,490,8.22,405,30,0,2,Foodie | Reviews and recipes,Fake
20212,2409,67,3.91,522,49,0,9,Aspiring artist | Drawing my dreams,Fake
19953,4683,144,1.47,329,53,0,8,Business inquiries? Contact below 👇,Fake
3946,3191,126,7.22,453,92,0,11,DM for collaborations or inquiries!,Real
33861,3033,364,6.18,983,91,0,9,Digital nomad living my best life 🌴,Fake
15289,2844,379,8.46,6,94,0,7,Digital nomad living my best life 🌴,Real
4976,1045,132,6.46,722,67,0,3,DM for collaborations or inquiries!,Real
37793,3509,498,2.9393926034440683,619,31,0,4,Check out my website for more updates!,Real
45336,2763,164,3.691133515259299,566,28,0,1,Aspiring artist | Drawing my dreams,Fake
29638,2475,247,8.438731252560776,375,1,1,8,Photographer and content creator 📸,Real
250,2645,273,6.75,553,27,0,4,Foodie | Reviews and recipes,Real
13716,2253,289,9.89,776,94,0,1,Aspiring artist | Drawing my dreams,Fake
3813,2811,387,2.43,621,81,1,4,Love exploring new places 🌎,Fake
7061,3921,17,5.96,719,59,0,11,Foodie | Reviews and recipes,Fake
37980,750,263,2.393085318608643,263,74,0,2,Business inquiries? Contact below 👇,Real
37741,133,185,1.35,502,31,0,7,Sharing moments from my journey,Fake
7286,3201,79,5.261189497294749,775,49,1,11,Passionate traveler and food lover,Real
3062,935,410,4.18,856,46,0,1,Fitness enthusiast 💪 | Health advocate,Real
13662,4210,206,8.1,790,52,0,4,Sharing moments from my journey,Real
35607,3490,477,5.09,679,78,0,8,Entrepreneur & lifestyle blogger,Real
39784,279,41,3.181775655873439,588,42,0,7,Photographer and content creator 📸,Real
37927,3543,168,4.525481666764157,438,0,0,4,Fitness enthusiast 💪 | Health advocate,Fake
11236,2397,286,1.98,215,0,0,8,DM for collaborations or inquiries!,Fake
19961,461,121,7.87,293,98,0,3,Passionate traveler and food lover,Real
41793,4215,79,7.18,751,53,0,6,Sharing moments from my journey,Real
11743,4410,324,5.770490590910056,581,39,1,5,Fitness enthusiast 💪 | Health advocate,Fake
43792,2359,245,9.962372847794295,406,86,1,11,Entrepreneur & lifestyle blogger,Real
32184,954,245,3.2735513356929538,446,48,0,8,Passionate traveler and food lover,Fake
28000,1843,9,2.39,331,19,0,3,Foodie | Reviews and recipes,Fake
24448,2723,307,7.51,714,90,0,10,Passionate traveler and food lover,Real
35095,17,169,6.26,104,44,0,9,Digital nomad living my best life 🌴,Fake
13605,3186,84,3.8,642,11,0,7,Love exploring new places 🌎,Real
9542,758,3,0.12,683,39,0,9,Follow for daily inspiration 🌟,Fake
47798,2732,115,0.22,666,62,0,6,DM for collaborations or inquiries!,Real
32322,1239,67,5.23,780,85,0,2,Check out my website for more updates!,Real
21043,576,210,7.037785344328463,718,35,0,11,Passionate traveler and food lover,Fake
23504,4138,119,8.94,886,23,0,7,Personal blog | Stay positive ✨,Fake
34089,1909,476,8.08,416,74,0,5,Photographer and content creator 📸,Real
37015,4096,435,3.5352226821410597,249,90,1,5,Nature lover | Saving the planet 🌍,Fake
32481,1959,221,5.616969058727662,159,99,1,6,Love exploring new places 🌎,Real
891,674,261,7.68,160,47,1,10,Aspiring artist | Drawing my dreams,Real
26072,4048,496,3.08,842,14,0,11,Photographer and content creator 📸,Real
18636,1722,146,4.71,390,85,0,5,Photographer and content creator 📸,Fake
12496,435,146,3.57,699,47,0,7,Love exploring new places 🌎,Fake
41934,950,248,9.89,633,98,0,8,Follow for daily inspiration 🌟,Fake
711,3278,375,3.417667364665204,594,35,0,6,DM for collaborations or inquiries!,Real
33866,2408,142,1.41,562,2,0,4,Entrepreneur & lifestyle blogger,Fake
10872,1158,259,0.81,458,15,0,4,Business inquiries? Contact below 👇,Real
28221,76,161,9.31,50,47,0,10,Check out my website for more updates!,Fake
23999,2153,0,3.4536698998216657,333,56,1,9,Personal blog | Stay positive ✨,Real
16192,190,271,6.079845528308079,390,60,0,3,Entrepreneur & lifestyle blogger,Fake
17264,2830,447,4.377047929240582,93,99,0,8,Sharing moments from my journey,Fake
34433,4226,367,6.81,599,80,0,10,Sharing moments from my journey,Fake
3251,4974,380,5.96,983,41,0,8,Foodie | Reviews and recipes,Fake
46549,2452,451,3.513328694695637,387,77,0,4,Nature lover | Saving the planet 🌍,Real
23858,4942,376,5.87,44,79,0,3,Check out my website for more updates!,Fake
31632,1500,292,6.17,864,55,0,6,Nature lover | Saving the planet 🌍,Fake
43009,1464,82,2.5149523488632086,432,25,1,6,Entrepreneur & lifestyle blogger,Fake
21211,10,280,0.0,738,66,0,8,Love exploring new places 🌎,Real
39200,4269,189,6.55,225,59,1,9,Business inquiries? Contact below 👇,Real
23663,4352,42,6.79,476,57,1,10,Aspiring artist | Drawing my dreams,Fake
27767,1046,240,1.26,424,23,0,11,Photographer and content creator 📸,Fake
28126,3147,419,8.08,448,3,0,6,Personal blog | Stay positive ✨,Real
27665,3016,117,7.08,189,42,0,11,Foodie | Reviews and recipes,Fake
39819,2312,138,1.8726482084538327,541,0,1,6,Nature lover | Saving the planet 🌍,Fake
11275,2488,223,8.1,109,6,0,10,Sharing moments from my journey,Fake
13210,4376,462,9.68,998,27,0,8,Digital nomad living my best life 🌴,Fake
53,10,445,8.522757922565939,253,46,1,3,Check out my website for more updates!,Fake
20545,157,445,4.11,815,3,0,10,Aspiring artist | Drawing my dreams,Fake
33086,2769,179,10.0,59,0,1,5,Entrepreneur & lifestyle blogger,Fake
30257,3685,305,7.342712750144959,608,85,1,9,Foodie | Reviews and recipes,Fake
21017,2626,234,1.788530473361781,549,0,1,1,Love exploring new places 🌎,Fake
23252,1022,380,2.72,907,0,1,2,Love exploring new places 🌎,Fake
44453,640,422,5.53,363,63,0,3,Photographer and content creator 📸,Real
29876,4580,456,2.71,146,65,0,5,Personal blog | Stay positive ✨,Real
27483,1054,333,5.54,382,10,0,8,Personal blog | Stay positive ✨,Fake
19924,4244,124,8.92,227,9,0,10,Digital nomad living my best life 🌴,Fake
23278,1852,191,4.1522270489047735,382,64,0,6,Business inquiries? Contact below 👇,Real
25521,941,121,8.34,359,25,0,8,Nature lover | Saving the planet 🌍,Real
38798,2580,108,1.72,501,40,0,2,Passionate traveler and food lover,Fake
28288,2005,244,7.75069193234313,508,14,1,6,Entrepreneur & lifestyle blogger,Fake
34261,10,257,7.824310258570766,365,38,0,5,Follow for daily inspiration 🌟,Fake
41298,2245,415,9.35,153,82,0,6,Digital nomad living my best life 🌴,Real
36160,665,456,7.77,54,44,0,7,Photographer and content creator 📸,Real
43132,2714,104,6.69,83,55,0,9,Aspiring artist | Drawing my dreams,Real
1454,247,139,8.41,307,55,0,7,Passionate traveler and food lover,Real
30866,42,181,8.70827925344231,686,50,0,10,Passionate traveler and food lover,Fake
19705,3780,473,2.42,356,56,0,2,Foodie | Reviews and recipes,Real
9605,1324,166,5.71,366,42,0,4,Aspiring artist | Drawing my dreams,Fake
43005,2368,415,3.22,423,33,0,4,Passionate traveler and food lover,Real
27142,2971,452,4.01,724,84,0,9,Photographer and content creator 📸,Real
44887,2295,372,1.41,94,36,0,3,Personal blog | Stay positive ✨,Real
220,4895,435,7.23,525,41,0,4,Follow for daily inspiration 🌟,Fake
18592,1837,99,7.5555444507358835,757,62,0,10,Digital nomad living my best life 🌴,Real
39139,976,22,9.56,575,67,0,9,Passionate traveler and food lover,Real
20221,4528,391,5.827394775048129,702,47,1,8,Sharing moments from my journey,Real
20872,2761,327,7.16,247,64,0,3,Sharing moments from my journey,Real
16831,1048,310,0.69,183,7,0,9,Follow for daily inspiration 🌟,Real
40311,4771,224,8.163688439881538,440,47,0,9,Sharing moments from my journey,Fake
21295,10,215,5.124349980994595,145,99,0,2,Photographer and content creator 📸,Fake
22208,3634,344,9.103011475123456,484,84,0,1,Sharing moments from my journey,Real
3910,4869,38,8.73,958,84,0,2,Fitness enthusiast 💪 | Health advocate,Real
30958,4679,88,9.2,358,17,0,2,Photographer and content creator 📸,Fake
11540,2373,62,5.992610268417105,482,63,1,6,Business inquiries? Contact below 👇,Fake
26552,2404,99,1.7422587998653736,300,26,1,5,Fitness enthusiast 💪 | Health advocate,Fake
7678,3094,165,8.095277314184411,555,43,1,7,Check out my website for more updates!,Fake
271,4881,429,4.24,145,67,0,6,Fitness enthusiast 💪 | Health advocate,Fake
36016,1349,371,7.288111467553179,648,75,0,2,Photographer and content creator 📸,Real
53,3796,499,1.346022717576944,616,53,1,6,Personal blog | Stay positive ✨,Real
32209,2720,319,6.55,404,17,1,8,Sharing moments from my journey,Fake
18891,4999,499,4.783765530415089,948,11,1,6,Personal blog | Stay positive ✨,Fake
10587,675,246,1.53,993,25,0,3,Love exploring new places 🌎,Fake
2749,1099,400,9.18,268,69,0,6,Aspiring artist | Drawing my dreams,Real
38424,766,499,6.91,306,81,0,7,Personal blog | Stay positive ✨,Real
35514,3174,70,0.36,551,79,0,3,Love exploring new places 🌎,Fake
48785,1478,284,5.082531363708614,808,35,0,3,Love exploring new places 🌎,Real
45504,2161,92,6.65,534,15,1,6,Sharing moments from my journey,Real
53,3992,196,7.3391234907131615,126,69,1,9,Nature lover | Saving the planet 🌍,Real
1004,3839,50,2.06,13,20,0,7,Fitness enthusiast 💪 | Health advocate,Fake
2396,3473,162,1.08,184,98,0,3,Sharing moments from my journey,Real
41618,765,493,8.72,250,96,0,11,Digital nomad living my best life 🌴,Real
15001,584,204,6.16,630,74,0,10,Digital nomad living my best life 🌴,Fake
24897,2155,242,8.58,309,27,0,9,Aspiring artist | Drawing my dreams,Real
1604,3038,161,1.28,823,11,0,5,Aspiring artist | Drawing my dreams,Fake
28433,2101,269,0.4,885,89,0,6,Passionate traveler and food lover,Fake
49998,10,323,8.998615359818444,100,30,0,4,Aspiring artist | Drawing my dreams,Real
1721,1791,34,2.24,697,91,0,8,Follow for daily inspiration 🌟,Fake
24726,3101,132,8.41,761,19,0,6,Check out my website for more updates!,Fake
30012,3760,159,2.11,731,25,0,2,Business inquiries? Contact below 👇,Real
17935,992,49,8.62,634,97,0,2,Check out my website for more updates!,Real
5617,2605,361,9.08,27,4,0,9,Passionate traveler and food lover,Fake
34504,2127,52,2.03,522,25,0,8,Digital nomad living my best life 🌴,Real
34344,2470,264,9.97216211494473,710,43,1,9,Entrepreneur & lifestyle blogger,Fake
31732,1239,392,0.74,97,39,0,8,Personal blog | Stay positive ✨,Real
34370,3174,272,3.84,138,51,0,5,Nature lover | Saving the planet 🌍,Fake
40052,550,68,6.4,467,37,0,8,Entrepreneur & lifestyle blogger,Real
47432,2181,407,4.36,762,98,0,7,Foodie | Reviews and recipes,Real
6974,3526,220,6.565223313999599,688,0,1,7,Follow for daily inspiration 🌟,Fake
21922,885,352,3.39,343,39,0,2,Photographer and content creator 📸,Fake
20114,852,439,8.5,919,53,0,6,Business inquiries? Contact below 👇,Fake
33795,4946,242,9.651287421755864,612,38,1,4,Photographer and content creator 📸,Fake
21756,1691,286,0.96,19,43,0,2,Check out my website for more updates!,Real
31641,2087,111,3.7478033423688712,932,35,0,5,Personal blog | Stay positive ✨,Real
22380,2716,205,4.841638633797113,801,57,1,10,Love exploring new places 🌎,Real
3312,1571,107,4.89,131,42,0,10,Love exploring new places 🌎,Real
22234,3204,18,6.26,316,67,0,4,Photographer and content creator 📸,Fake
20692,3604,8,2.17,862,48,0,3,Foodie | Reviews and recipes,Fake
37615,4084,359,3.5,78,72,1,8,Nature lover | Saving the planet 🌍,Fake
25998,3388,27,8.35,30,68,0,2,Love exploring new places 🌎,Real
37326,3099,132,4.04,499,14,0,11,Personal blog | Stay positive ✨,Real
7946,4028,11,3.77,522,70,0,2,Follow for daily inspiration 🌟,Real
33478,3148,456,6.56,583,92,0,6,Digital nomad living my best life 🌴,Real
26256,3582,120,7.44,815,75,0,8,Aspiring artist | Drawing my dreams,Fake
48134,4196,390,7.8,926,40,0,5,Sharing moments from my journey,Real
28823,3026,284,7.37,52,83,0,4,Love exploring new places 🌎,Real
6260,465,410,4.9,790,58,0,6,Business inquiries? Contact below 👇,Fake
53,4498,56,7.807508972548659,345,60,0,8,Fitness enthusiast 💪 | Health advocate,Real
33009,650,357,8.48,617,77,0,6,Check out my website for more updates!,Real
26726,1551,196,7.86,879,62,0,1,Photographer and content creator 📸,Fake
19037,4513,294,4.500842681471594,333,54,1,8,Follow for daily inspiration 🌟,Fake
9746,134,194,1.8,331,49,0,2,Aspiring artist | Drawing my dreams,Real
11045,3010,230,3.19,49,48,0,10,Fitness enthusiast 💪 | Health advocate,Real
45064,4418,165,4.847285892595696,143,67,0,5,Photographer and content creator 📸,Fake
35169,4233,175,5.82,181,15,0,4,Nature lover | Saving the planet 🌍,Real
12873,40,198,6.5,693,97,0,7,Nature lover | Saving the planet 🌍,Fake
47032,3577,360,1.57,204,98,0,8,Follow for daily inspiration 🌟,Real
6962,4109,343,3.2082949606654205,372,54,1,9,DM for collaborations or inquiries!,Real
25291,1418,80,9.1,392,15,0,1,Love exploring new places 🌎,Real
42846,2580,349,4.98,567,7,0,9,Photographer and content creator 📸,Real
30312,2116,364,4.21,726,81,0,4,Personal blog | Stay positive ✨,Fake
17410,1798,102,4.5,885,74,0,2,Nature lover | Saving the planet 🌍,Real
47313,2621,45,6.89,149,1,0,11,Fitness enthusiast 💪 | Health advocate,Fake
593,800,406,6.33,394,95,0,5,Fitness enthusiast 💪 | Health advocate,Fake
35778,1138,499,4.99,94,19,0,6,Love exploring new places 🌎,Real
17957,2147,283,3.21,480,98,0,6,Personal blog | Stay positive ✨,Fake
6909,2747,177,6.417902671321127,42,41,0,6,Sharing moments from my journey,Fake
43020,1757,55,6.52,442,94,0,3,Foodie | Reviews and recipes,Fake
4733,4230,385,6.19,274,90,0,8,Check out my website for more updates!,Real
29501,1806,140,2.5,997,42,0,7,Personal blog | Stay positive ✨,Real
38177,700,270,2.318351601371427,403,40,0,6,Love exploring new places 🌎,Fake
4638,3482,439,5.08,405,64,0,2,Nature lover | Saving the planet 🌍,Real
19763,4488,317,10.0,834,20,1,2,Aspiring artist | Drawing my dreams,Fake
20228,1030,149,0.0,888,72,0,1,DM for collaborations or inquiries!,Real
22699,10,147,3.663424025650949,0,12,0,1,Foodie | Reviews and recipes,Real
289,403,417,7.8,542,24,0,7,Photographer and content creator 📸,Fake
24271,3638,308,8.580174271153666,398,73,1,7,Business inquiries? Contact below 👇,Fake
45145,4233,354,6.654801823149742,70,0,1,6,Personal blog | Stay positive ✨,Real
25832,1543,60,7.25,573,42,0,10,Digital nomad living my best life 🌴,Fake
13722,3846,146,4.442541703332314,132,0,1,3,Personal blog | Stay positive ✨,Real
24937,241,373,1.53,603,27,0,6,Nature lover | Saving the planet 🌍,Fake
12483,2151,499,0.0,792,86,1,3,Nature lover | Saving the planet 🌍,Fake
31688,2561,464,9.6,514,97,0,2,Business inquiries? Contact below 👇,Real
20378,2084,278,2.85,828,58,0,9,Fitness enthusiast 💪 | Health advocate,Fake
45714,1638,140,0.3092130505452672,742,30,1,7,Aspiring artist | Drawing my dreams,Fake
29237,3346,95,2.3706396761888406,441,38,1,7,Photographer and content creator 📸,Real
39189,3932,203,1.26,252,95,0,9,Check out my website for more updates!,Real
36997,2150,329,9.778507173898,843,27,1,9,Fitness enthusiast 💪 | Health advocate,Real
5011,4048,392,9.26,894,70,0,6,Foodie | Reviews and recipes,Real
4966,4614,260,2.43,116,52,0,10,Photographer and content creator 📸,Fake
49998,4396,180,4.411646430974141,412,84,0,3,Fitness enthusiast 💪 | Health advocate,Real
4661,3340,341,2.22,234,30,0,9,Fitness enthusiast 💪 | Health advocate,Fake
2985,660,7,0.54,962,0,0,9,DM for collaborations or inquiries!,Fake
29497,2852,498,0.01,805,10,0,10,Photographer and content creator 📸,Fake
36088,2888,426,9.06,881,1,0,10,Business inquiries? Contact below 👇,Real
32707,1440,0,3.679859083018292,592,0,1,1,Personal blog | Stay positive ✨,Fake
14928,3257,42,1.54,584,8,0,9,Sharing moments from my journey,Fake
39428,4811,331,4.68,364,66,1,10,Digital nomad living my best life 🌴,Fake
7250,1203,346,6.07,436,54,0,7,Photographer and content creator 📸,Fake
37906,225,226,6.54,763,21,0,7,Love exploring new places 🌎,Fake
30706,1919,49,0.59,859,20,0,6,Nature lover | Saving the planet 🌍,Real
22207,2189,53,5.0,102,93,0,10,Check out my website for more updates!,Fake
53,3001,182,8.012605286081321,212,82,0,5,Entrepreneur & lifestyle blogger,Real
22262,2965,419,6.712800754799341,125,21,0,5,DM for collaborations or inquiries!,Real
16322,10,280,5.385761347895126,550,12,0,5,Check out my website for more updates!,Real
13742,3089,0,0.0,222,67,1,8,Aspiring artist | Drawing my dreams,Fake
8073,3008,490,4.204574777620792,782,66,1,3,Photographer and content creator 📸,Fake
31493,2039,60,4.04,827,80,0,8,Entrepreneur & lifestyle blogger,Fake
42126,2519,137,6.350000212049807,17,68,0,6,Nature lover | Saving the planet 🌍,Fake
27891,3801,402,5.266914511442971,185,31,1,3,Digital nomad living my best life 🌴,Real
19755,3131,333,3.325378137926158,531,45,0,6,Business inquiries? Contact below 👇,Real
49087,525,145,7.08,195,14,0,5,Follow for daily inspiration 🌟,Real
13763,4427,89,9.66,592,1,0,7,Check out my website for more updates!,Real
4329,761,222,2.62,45,56,0,10,Passionate traveler and food lover,Real
7663,3896,325,3.07,158,61,1,6,Check out my website for more updates!,Real
21051,4790,146,3.55,416,82,0,4,Nature lover | Saving the planet 🌍,Real
28542,3704,308,6.999187644948911,999,93,1,6,Aspiring artist | Drawing my dreams,Fake
46192,4716,216,1.57,714,99,1,6,Entrepreneur & lifestyle blogger,Real
8177,1838,499,1.332406546271784,0,20,0,9,Nature lover | Saving the planet 🌍,Fake
27078,3112,201,6.221087091651587,0,96,1,4,Nature lover | Saving the planet 🌍,Real
3497,2628,264,5.4,952,82,0,10,Foodie | Reviews and recipes,Fake
33544,1735,377,2.61,423,23,0,6,Fitness enthusiast 💪 | Health advocate,Real
26712,224,499,1.0852978585998665,0,45,0,9,Digital nomad living my best life 🌴,Real
9613,1575,318,3.64,261,22,1,9,Photographer and content creator 📸,Fake
32674,752,69,0.65,660,0,0,4,Follow for daily inspiration 🌟,Real
20004,3359,336,1.96,74,31,0,11,Entrepreneur & lifestyle blogger,Real
47725,299,105,3.8272642088822058,168,99,0,7,Aspiring artist | Drawing my dreams,Real
44689,828,391,4.27,98,56,0,7,Photographer and content creator 📸,Real
37855,4874,258,2.25,671,3,0,4,Aspiring artist | Drawing my dreams,Fake
30713,2228,485,8.298821781291334,727,0,1,1,Entrepreneur & lifestyle blogger,Fake
26105,10,341,5.674691402122346,897,16,0,8,Personal blog | Stay positive ✨,Fake
26884,3617,317,3.8578815418590535,877,63,0,6,Business inquiries? Contact below 👇,Fake
29674,2016,411,2.9752649853752957,769,45,1,6,Photographer and content creator 📸,Fake
48505,2392,134,5.26,111,83,0,8,Foodie | Reviews and recipes,Real
16158,2604,489,5.49,758,27,0,2,Photographer and content creator 📸,Real
10460,4344,368,4.014373371378111,430,61,0,7,Aspiring artist | Drawing my dreams,Real
6701,846,413,7.900276022578956,800,67,1,7,Personal blog | Stay positive ✨,Real
20365,3807,195,6.69,367,54,0,6,Passionate traveler and food lover,Fake
10380,3486,486,3.56,338,59,0,11,Passionate traveler and food lover,Fake
14522,4004,349,0.54,829,0,0,8,Check out my website for more updates!,Fake
11137,1587,382,9.05,613,34,0,2,Sharing moments from my journey,Real
3846,4731,193,4.52,622,11,0,2,Passionate traveler and food lover,Real
34218,4784,499,6.5,422,8,1,5,Personal blog | Stay positive ✨,Fake
12035,2481,421,5.368687091527521,939,39,0,8,Digital nomad living my best life 🌴,Real
19985,223,0,4.740025578251352,592,15,0,5,Aspiring artist | Drawing my dreams,Fake
22021,4784,30,5.43,841,22,0,2,Personal blog | Stay positive ✨,Fake
19918,2001,499,3.338260493891946,580,64,1,6,Sharing moments from my journey,Real
322,1264,171,4.45,314,72,0,2,Follow for daily inspiration 🌟,Real
20500,3556,295,3.5184881838206064,0,44,1,1,Nature lover | Saving the planet 🌍,Real
20876,4225,316,5.8,661,20,0,10,DM for collaborations or inquiries!,Real
36963,3669,362,1.39,647,52,0,10,Passionate traveler and food lover,Fake
45210,3228,214,9.912909408014407,707,23,0,9,Love exploring new places 🌎,Real
5770,2031,266,3.0634879829081805,33,36,0,5,Photographer and content creator 📸,Fake
33637,2047,231,6.46,812,54,0,5,Love exploring new places 🌎,Real
19758,2933,26,4.95,701,39,0,10,Personal blog | Stay positive ✨,Real
49582,4162,69,2.57,541,31,0,6,Passionate traveler and food lover,Real
29703,3255,423,5.33904630794899,819,44,1,8,Foodie | Reviews and recipes,Fake
9715,3256,275,10.0,675,89,0,7,Business inquiries? Contact below 👇,Real
20646,1744,357,2.075733045144071,999,49,0,8,Aspiring artist | Drawing my dreams,Real
20361,4658,290,5.25,255,99,0,8,Sharing moments from my journey,Fake
41520,4108,291,6.770726865220527,543,55,0,8,Entrepreneur & lifestyle blogger,Fake
28426,2247,139,5.262531976371607,176,59,0,7,Passionate traveler and food lover,Fake
6163,2756,399,0.14,554,64,0,9,Love exploring new places 🌎,Fake
18595,2029,342,8.31,870,9,0,6,Entrepreneur & lifestyle blogger,Real
38849,3196,314,8.601429863780726,448,76,0,2,Nature lover | Saving the planet 🌍,Fake
5312,3982,1,6.49,363,67,0,4,Entrepreneur & lifestyle blogger,Fake
1937,1228,227,8.28650277061187,564,88,0,10,Photographer and content creator 📸,Fake
9761,1126,459,5.52494482558098,284,90,1,6,Digital nomad living my best life 🌴,Fake
15661,217,111,1.58,912,50,1,7,Photographer and content creator 📸,Real
15501,4423,28,7.66,649,6,0,10,Nature lover | Saving the planet 🌍,Fake
15473,1089,219,8.3,13,9,0,9,Follow for daily inspiration 🌟,Real
46767,270,93,4.95,648,1,1,2,Fitness enthusiast 💪 | Health advocate,Fake
34228,2977,10,3.19,733,53,0,4,Nature lover | Saving the planet 🌍,Real
33637,3970,338,3.43,282,59,0,6,Business inquiries? Contact below 👇,Real
35167,4752,312,5.4,78,35,0,4,Photographer and content creator 📸,Fake
6639,4670,58,5.8,959,44,0,3,Business inquiries? Contact below 👇,Fake
9325,504,412,8.59,260,70,0,9,Entrepreneur & lifestyle blogger,Fake
39725,3549,187,6.6,800,97,0,4,Follow for daily inspiration 🌟,Fake
18558,854,0,5.452349826143155,464,65,0,4,Aspiring artist | Drawing my dreams,Real
29400,4999,74,7.856568569197232,253,48,0,7,Sharing moments from my journey,Real
37995,681,384,0.45,411,23,0,10,Digital nomad living my best life 🌴,Fake
34499,4150,377,2.66,286,46,0,3,Foodie | Reviews and recipes,Real
4736,2250,161,5.476064207350035,341,81,0,1,Nature lover | Saving the planet 🌍,Real
46255,3197,320,7.63694935955461,330,19,1,6,Entrepreneur & lifestyle blogger,Real
20147,1361,201,5.983160010369394,899,48,1,9,Photographer and content creator 📸,Real
27924,2475,384,2.396137271489034,652,71,1,3,Check out my website for more updates!,Real
20802,2628,163,9.818049003673192,478,67,0,6,Entrepreneur & lifestyle blogger,Real
32434,1621,434,4.171721191387851,501,44,1,11,Foodie | Reviews and recipes,Real
49998,3914,126,6.948629428010564,630,20,0,6,Love exploring new places 🌎,Real
22749,3279,196,4.779284060395332,142,0,0,6,Nature lover | Saving the planet 🌍,Fake
34626,1141,225,4.23,357,89,0,10,Foodie | Reviews and recipes,Fake
27576,2606,481,5.76,14,64,0,6,Passionate traveler and food lover,Real
26413,3856,156,3.62,697,74,0,5,Business inquiries? Contact below 👇,Fake
49998,10,369,7.293979260825641,0,0,0,8,Digital nomad living my best life 🌴,Real
22917,1490,467,4.34,764,34,1,3,Photographer and content creator 📸,Real
4881,4742,417,4.1,493,99,0,3,Business inquiries? Contact below 👇,Fake
48422,1399,348,8.37,641,58,0,11,Entrepreneur & lifestyle blogger,Fake
34688,4019,463,3.9,997,50,1,10,Photographer and content creator 📸,Fake
40541,2800,156,2.721046397523314,409,47,0,7,Foodie | Reviews and recipes,Real
23771,2698,13,2.18,261,33,0,8,Foodie | Reviews and recipes,Fake
22430,3777,138,5.38,983,32,0,2,Foodie | Reviews and recipes,Fake
3309,4547,89,2.85,912,40,0,2,Personal blog | Stay positive ✨,Real
9003,3093,70,0.38,239,93,1,7,Sharing moments from my journey,Real
48408,1898,235,1.27,610,86,0,3,Sharing moments from my journey,Fake
12753,2190,95,5.21,25,13,0,9,Digital nomad living my best life 🌴,Fake
35635,2033,120,3.44,37,24,0,7,Passionate traveler and food lover,Real
21157,2781,0,0.76367957718477,527,20,0,11,Nature lover | Saving the planet 🌍,Fake
22286,2549,499,0.5774218302622991,230,45,1,3,Aspiring artist | Drawing my dreams,Fake
23224,4114,22,1.23,173,48,0,3,Follow for daily inspiration 🌟,Fake
33851,1810,358,8.1,186,82,0,11,Entrepreneur & lifestyle blogger,Fake
34311,4262,379,1.42,622,5,0,7,Love exploring new places 🌎,Fake
39600,295,489,4.19,434,23,0,5,Follow for daily inspiration 🌟,Real
36477,3422,443,7.96,250,30,0,5,Aspiring artist | Drawing my dreams,Fake
123,2893,197,3.84,639,51,0,4,Photographer and content creator 📸,Fake
40718,4306,285,5.11,700,71,0,11,Digital nomad living my best life 🌴,Fake
33387,2479,241,7.85,581,47,0,8,Digital nomad living my best life 🌴,Fake
14105,3340,323,2.16,556,65,0,3,Aspiring artist | Drawing my dreams,Real
34830,850,86,7.73,211,85,0,4,Photographer and content creator 📸,Real
43927,2580,239,7.38798486263228,157,51,0,4,Fitness enthusiast 💪 | Health advocate,Fake
47186,4501,472,5.53,688,33,0,7,Personal blog | Stay positive ✨,Fake
26242,4331,187,2.0349341892807487,646,51,1,3,Passionate traveler and food lover,Fake
28052,3953,262,6.8,39,44,0,2,Love exploring new places 🌎,Fake
42007,1655,0,7.478363698313135,370,18,0,3,Follow for daily inspiration 🌟,Fake
28693,995,214,2.98,444,40,0,2,Entrepreneur & lifestyle blogger,Fake
44676,316,118,7.01,32,70,0,2,Sharing moments from my journey,Fake
46786,1252,7,5.93,433,34,0,3,Passionate traveler and food lover,Real
38497,4078,168,6.49,674,71,0,4,DM for collaborations or inquiries!,Fake
206,4731,100,4.47,428,23,0,3,Passionate traveler and food lover,Fake
20349,1535,499,5.753259344893397,464,76,1,9,Entrepreneur & lifestyle blogger,Fake
40828,4488,392,8.84,245,50,0,10,Entrepreneur & lifestyle blogger,Real
21708,2730,484,5.89,210,62,0,9,Aspiring artist | Drawing my dreams,Real
11664,4501,181,9.08,399,48,0,10,Passionate traveler and food lover,Fake
8991,1381,128,2.18,720,85,1,7,Follow for daily inspiration 🌟,Fake
27285,4704,221,9.94,220,54,0,6,Business inquiries? Contact below 👇,Fake
30483,1583,84,5.4,556,61,0,8,Foodie | Reviews and recipes,Real
35071,1958,409,2.37,68,86,0,10,Nature lover | Saving the planet 🌍,Fake
20422,2411,131,4.47,55,76,0,7,Digital nomad living my best life 🌴,Real
44222,4398,233,8.66,612,58,0,1,DM for collaborations or inquiries!,Fake
35899,32,219,2.86,925,63,0,6,Love exploring new places 🌎,Real
38499,1977,30,0.86,454,41,0,6,Passionate traveler and food lover,Real
17631,600,142,7.74,412,14,0,7,Follow for daily inspiration 🌟,Fake
15268,4782,196,0.07,45,15,0,10,Love exploring new places 🌎,Real
36112,1772,435,1.601853948609549,423,28,0,6,Check out my website for more updates!,Real
978,3905,383,5.05,119,43,0,6,Entrepreneur & lifestyle blogger,Fake
14625,2183,106,4.329562210158247,0,47,1,10,Check out my website for more updates!,Fake
37090,3606,336,3.17,761,21,0,7,Nature lover | Saving the planet 🌍,Real
41087,930,342,8.311054921088722,849,99,0,4,Love exploring new places 🌎,Fake
15534,338,47,2.29,6,80,0,7,Entrepreneur & lifestyle blogger,Fake
21964,4938,320,5.407998542911395,999,99,1,5,Business inquiries? Contact below 👇,Real
33533,1915,313,6.056654623080659,714,54,0,3,Photographer and content creator 📸,Real
21516,4848,156,2.45,298,87,0,4,Follow for daily inspiration 🌟,Real
28668,4572,191,6.0,440,79,1,10,Nature lover | Saving the planet 🌍,Real
47226,1501,210,2.54,492,65,0,11,Check out my website for more updates!,Fake
31868,10,344,3.758193414737938,0,51,0,1,Passionate traveler and food lover,Fake
7219,3617,142,7.695397079524914,297,35,0,4,Sharing moments from my journey,Fake
43671,2617,315,6.53,848,91,0,2,DM for collaborations or inquiries!,Real
39425,3046,267,7.36,589,47,0,3,Foodie | Reviews and recipes,Real
3092,1434,262,7.064049687134959,684,99,1,6,Fitness enthusiast 💪 | Health advocate,Fake
2603,1690,248,7.593680833633623,682,64,0,9,Digital nomad living my best life 🌴,Real
3276,2776,170,8.3,141,69,0,9,Photographer and content creator 📸,Real
10167,4901,272,2.22,453,97,0,3,Foodie | Reviews and recipes,Fake
36586,505,175,4.398377182019641,402,19,1,6,Nature lover | Saving the planet 🌍,Fake
8967,255,371,3.77,142,90,0,7,Digital nomad living my best life 🌴,Fake
32993,2683,406,1.7,260,98,0,11,Entrepreneur & lifestyle blogger,Fake
27673,1145,177,4.21,514,67,0,2,Passionate traveler and food lover,Real
31267,1204,86,2.22,203,78,0,2,Passionate traveler and food lover,Real
11899,736,433,7.82,761,80,0,4,Sharing moments from my journey,Real
31932,2079,385,2.955405515332923,649,99,0,5,DM for collaborations or inquiries!,Real
1626,789,0,3.1507680798887456,867,61,0,6,Photographer and content creator 📸,Fake
35840,1745,263,6.39,998,3,0,5,Passionate traveler and food lover,Real
1591,4979,378,1.34,991,12,0,3,Sharing moments from my journey,Real
13654,1300,291,8.6,87,70,0,9,Digital nomad living my best life 🌴,Fake
38089,120,496,8.65,297,68,0,9,Entrepreneur & lifestyle blogger,Real
39280,563,271,6.489881274581476,703,66,1,6,Check out my website for more updates!,Fake
17752,324,141,2.908423163030993,167,31,0,10,Entrepreneur & lifestyle blogger,Real
31895,1788,390,5.21,932,73,0,11,Sharing moments from my journey,Real
35897,4163,229,0.1,196,25,0,8,Check out my website for more updates!,Fake
49998,109,194,3.4775152302299244,529,70,0,3,Entrepreneur & lifestyle blogger,Fake
20080,4999,61,9.365043545582878,789,31,0,8,Check out my website for more updates!,Real
48948,3734,215,5.63,425,2,1,10,Sharing moments from my journey,Fake
36296,1379,349,1.01,464,75,0,5,Sharing moments from my journey,Real
44928,2438,167,5.32,764,9,0,9,Passionate traveler and food lover,Fake
14902,3971,126,2.08,172,50,0,7,DM for collaborations or inquiries!,Real
32650,2908,201,3.67,833,24,0,2,Personal blog | Stay positive ✨,Real
1528,412,61,4.26,950,49,0,2,Nature lover | Saving the planet 🌍,Real
42396,2317,415,0.36,169,94,0,2,Personal blog | Stay positive ✨,Real
48676,3043,33,3.22,483,43,1,9,Fitness enthusiast 💪 | Health advocate,Fake
27212,1547,261,6.75,184,22,0,11,Follow for daily inspiration 🌟,Fake
42967,4175,292,9.25,30,85,0,4,Passionate traveler and food lover,Real
53,1705,249,9.778704418621334,278,31,1,9,Love exploring new places 🌎,Fake
32914,302,326,5.88,446,8,0,8,Aspiring artist | Drawing my dreams,Fake
3010,77,462,3.21,400,17,0,11,Digital nomad living my best life 🌴,Real
42513,4070,285,5.09,819,11,0,3,Business inquiries? Contact below 👇,Fake
14770,1209,352,3.83,158,19,0,6,Follow for daily inspiration 🌟,Real
47366,2040,45,4.56,686,14,1,7,Love exploring new places 🌎,Fake
48276,2507,16,9.03,991,4,1,1,Foodie | Reviews and recipes,Real
3090,1193,100,9.86,334,13,0,3,Fitness enthusiast 💪 | Health advocate,Real
53,10,268,5.750718565883116,788,86,1,9,Love exploring new places 🌎,Fake
22833,1570,38,0.18,378,81,1,4,Sharing moments from my journey,Fake
14607,1379,240,6.1898051051948935,482,89,0,8,Nature lover | Saving the planet 🌍,Fake
5020,2408,469,0.21,352,76,0,8,Business inquiries? Contact below 👇,Real
43734,968,279,2.57,825,83,0,7,Follow for daily inspiration 🌟,Real
8620,2977,385,4.25,859,33,0,8,Personal blog | Stay positive ✨,Real
49998,1966,234,4.427074826516009,851,0,1,5,Aspiring artist | Drawing my dreams,Fake
49998,10,415,0.0,376,5,1,2,Passionate traveler and food lover,Real
12755,902,476,4.445584613232333,474,69,1,1,Fitness enthusiast 💪 | Health advocate,Fake
14012,3938,356,9.03,130,34,0,7,Check out my website for more updates!,Fake
12972,4023,241,1.52,543,63,0,2,Photographer and content creator 📸,Real
9830,10,104,3.2530609318443098,906,67,0,11,Photographer and content creator 📸,Fake
26787,3548,410,7.057363035699421,334,70,0,6,Business inquiries? Contact below 👇,Real
11038,2298,210,4.281476069964151,553,55,1,4,Foodie | Reviews and recipes,Fake
18623,2868,146,0.010287920678131,958,38,0,8,Fitness enthusiast 💪 | Health advocate,Fake
53,2147,182,6.102105545912131,437,30,1,3,DM for collaborations or inquiries!,Real
37944,60,392,9.45,166,71,0,6,Passionate traveler and food lover,Real
41817,1638,137,5.73,939,0,0,11,Photographer and content creator 📸,Fake
31622,380,445,1.35,940,55,0,2,Digital nomad living my best life 🌴,Fake
31156,1087,124,6.03,379,76,0,8,Sharing moments from my journey,Fake
14918,2886,463,6.75,550,58,0,9,Digital nomad living my best life 🌴,Real
17102,4354,416,5.9605775620948735,90,46,0,5,Digital nomad living my best life 🌴,Fake
53,3428,72,7.255191148487567,267,54,0,2,Love exploring new places 🌎,Fake
33345,4999,192,0.0,330,98,1,1,Business inquiries? Contact below 👇,Fake
23654,4999,252,2.853027511797248,596,69,1,5,Entrepreneur & lifestyle blogger,Fake
13894,3450,351,5.942140131100231,951,51,1,7,Follow for daily inspiration 🌟,Fake
31520,1245,67,0.13,656,26,1,4,Check out my website for more updates!,Fake
34325,3679,440,6.47,716,29,0,11,Check out my website for more updates!,Fake
12267,275,260,0.39,433,92,0,9,Love exploring new places 🌎,Real
10523,4605,274,7.97,300,9,0,2,Follow for daily inspiration 🌟,Fake
40284,3798,416,7.3,131,69,0,5,Fitness enthusiast 💪 | Health advocate,Real
46911,19,61,1.95,641,99,0,6,Nature lover | Saving the planet 🌍,Real
49059,4882,41,5.44,560,92,0,2,Love exploring new places 🌎,Real
31838,1322,94,8.34,718,10,0,5,Personal blog | Stay positive ✨,Fake
30852,2504,361,5.737251957104888,492,61,0,8,Love exploring new places 🌎,Real
23272,2670,178,5.526705125753312,361,61,0,8,Business inquiries? Contact below 👇,Fake
45280,3767,362,6.47,195,45,0,1,Follow for daily inspiration 🌟,Real
4128,564,322,4.754156616600215,226,82,1,2,DM for collaborations or inquiries!,Fake
25559,4147,499,10.0,70,77,1,9,Aspiring artist | Drawing my dreams,Real
25269,2947,459,5.66,289,72,0,3,Passionate traveler and food lover,Real
23126,4641,336,3.64,57,52,0,11,Sharing moments from my journey,Fake
48936,4491,266,0.96,470,65,0,9,Business inquiries? Contact below 👇,Fake
36951,2418,365,3.21,375,29,1,1,Love exploring new places 🌎,Fake
4633,606,277,2.88,617,86,0,7,Check out my website for more updates!,Fake
48253,2160,95,5.94,568,98,0,2,Check out my website for more updates!,Real
53,2851,74,1.729834335989997,627,56,0,4,Personal blog | Stay positive ✨,Real
8216,479,167,9.24,896,85,0,4,Passionate traveler and food lover,Real
48072,1132,361,3.05,333,4,1,11,Digital nomad living my best life 🌴,Real
32089,2808,203,4.991677718581824,417,49,1,11,Aspiring artist | Drawing my dreams,Real
11939,3104,267,1.75,638,32,0,2,Fitness enthusiast 💪 | Health advocate,Real
49646,1545,338,2.474039981454512,58,47,1,6,Entrepreneur & lifestyle blogger,Fake
45478,1486,309,9.16,899,92,0,4,Passionate traveler and food lover,Real
25158,753,329,2.97,271,83,0,9,Check out my website for more updates!,Real
49788,1415,156,2.53,365,47,0,2,Foodie | Reviews and recipes,Real
35699,3644,27,0.08,230,56,0,5,Digital nomad living my best life 🌴,Real
53,2721,337,0.0,242,0,0,5,Passionate traveler and food lover,Real
44760,3792,344,0.42,280,29,0,4,Photographer and content creator 📸,Fake
46980,2327,278,0.94,671,6,0,3,Digital nomad living my best life 🌴,Real
46062,381,360,8.27031276925751,500,42,1,5,Love exploring new places 🌎,Fake
4126,4563,400,7.82,399,8,1,11,Fitness enthusiast 💪 | Health advocate,Fake
43036,1491,325,8.59,475,23,1,5,Aspiring artist | Drawing my dreams,Real
47459,1824,195,5.569782367528334,447,59,0,1,Entrepreneur & lifestyle blogger,Fake
33681,4221,43,6.5,910,7,0,11,Photographer and content creator 📸,Fake
15864,3891,495,5.60386379279058,485,52,0,2,Sharing moments from my journey,Real
12343,186,254,4.751649605764197,250,47,1,8,Foodie | Reviews and recipes,Fake
1299,2817,474,1.83,564,63,0,4,Follow for daily inspiration 🌟,Fake
31132,933,237,2.9990418403560453,600,46,1,5,Fitness enthusiast 💪 | Health advocate,Real
21251,504,309,0.3569343590762956,310,2,1,4,DM for collaborations or inquiries!,Fake
3112,4892,254,5.85,645,7,0,1,Love exploring new places 🌎,Real
28011,389,472,6.02,330,96,1,6,Digital nomad living my best life 🌴,Real
3537,3819,19,4.2,659,11,0,6,Personal blog | Stay positive ✨,Real
42178,10,214,6.013026042773293,721,41,1,9,Photographer and content creator 📸,Fake
15941,1715,221,0.0,614,8,0,7,Nature lover | Saving the planet 🌍,Real
24988,3401,261,5.248075738668847,0,27,0,9,Entrepreneur & lifestyle blogger,Real
25186,1741,228,3.21,277,29,1,11,Follow for daily inspiration 🌟,Fake
44744,805,302,9.81,40,69,0,9,Personal blog | Stay positive ✨,Real
21930,695,363,2.894807184095761,590,43,0,6,Foodie | Reviews and recipes,Real
9643,3873,354,6.49,536,66,0,4,Digital nomad living my best life 🌴,Fake
13958,4821,324,1.98,527,75,0,3,Photographer and content creator 📸,Fake
24160,1802,484,4.206422619038558,470,37,0,5,Follow for daily inspiration 🌟,Fake
38852,2937,484,7.9397033967095325,999,78,0,3,Foodie | Reviews and recipes,Fake
43089,215,66,5.72,564,66,0,5,Foodie | Reviews and recipes,Real
45805,3346,112,3.5,803,27,0,4,Sharing moments from my journey,Real
19380,1840,81,5.609779082252036,502,88,1,9,Passionate traveler and food lover,Fake
8997,103,209,9.96,294,7,0,2,Follow for daily inspiration 🌟,Fake
27168,3582,121,6.82,967,88,0,8,Passionate traveler and food lover,Real
41517,1987,353,6.8,775,72,1,4,Personal blog | Stay positive ✨,Fake
16608,1070,75,4.57,268,90,1,2,Photographer and content creator 📸,Fake
40358,905,148,8.62,247,88,0,6,Digital nomad living my best life 🌴,Real
25424,1470,427,3.49,294,71,0,5,Aspiring artist | Drawing my dreams,Real
13314,2934,20,7.46,449,19,1,9,DM for collaborations or inquiries!,Real
15682,3152,10,7.82,51,19,0,11,DM for collaborations or inquiries!,Real
13629,4714,255,0.77,517,76,0,2,Photographer and content creator 📸,Real
27655,3162,60,2.26,42,44,0,8,Nature lover | Saving the planet 🌍,Fake
41931,3562,372,7.65,772,93,0,2,Fitness enthusiast 💪 | Health advocate,Fake
37285,3624,223,0.19,585,81,0,2,Passionate traveler and food lover,Real
44024,3431,187,4.78,392,26,0,2,Personal blog | Stay positive ✨,Fake
35148,3412,328,7.79,623,16,0,7,Digital nomad living my best life 🌴,Fake
42380,4176,93,5.39,440,30,0,10,Love exploring new places 🌎,Fake
16304,4263,314,4.4,402,30,0,2,Photographer and content creator 📸,Fake
29232,1766,161,6.02,647,69,0,4,Fitness enthusiast 💪 | Health advocate,Real
41680,4595,132,6.26,284,85,1,2,Entrepreneur & lifestyle blogger,Fake
24575,1463,459,5.156730037095056,572,78,0,11,Check out my website for more updates!,Real
49806,4246,62,8.17,350,37,0,2,Love exploring new places 🌎,Real
27241,2202,368,0.61,58,50,0,7,Photographer and content creator 📸,Fake
19799,777,236,1.0142475776360178,796,41,0,5,Check out my website for more updates!,Fake
11802,4830,61,9.81,286,90,0,11,Digital nomad living my best life 🌴,Fake
41677,3871,201,0.0,699,72,1,5,Business inquiries? Contact below 👇,Fake
33371,1171,63,7.06,728,33,0,6,Fitness enthusiast 💪 | Health advocate,Fake
31901,10,107,10.0,557,37,0,7,Digital nomad living my best life 🌴,Real
14922,1004,132,2.99,498,13,0,11,Aspiring artist | Drawing my dreams,Real
32340,3379,353,2.66,751,86,0,11,Nature lover | Saving the planet 🌍,Fake
43589,655,355,9.85,418,24,0,7,Business inquiries? Contact below 👇,Real
12805,3491,457,2.94,14,49,0,4,DM for collaborations or inquiries!,Real
12318,4557,120,2.39,670,87,0,2,Fitness enthusiast 💪 | Health advocate,Fake
15634,1943,49,7.41,94,25,1,4,Foodie | Reviews and recipes,Fake
26643,4070,173,8.588164228534568,398,78,0,6,Personal blog | Stay positive ✨,Real
13868,4650,457,4.78,695,22,0,7,Entrepreneur & lifestyle blogger,Real
29544,3773,195,6.958669331987325,667,28,1,6,DM for collaborations or inquiries!,Fake
41332,4392,436,3.82,918,19,0,4,Personal blog | Stay positive ✨,Fake
9739,3707,231,9.99,434,67,0,5,Passionate traveler and food lover,Real
18049,2870,162,3.7,918,2,0,11,Nature lover | Saving the planet 🌍,Real
39536,1962,82,4.63,16,31,0,11,Check out my website for more updates!,Real
39606,3124,96,3.68,953,63,1,4,Digital nomad living my best life 🌴,Fake
8103,2666,183,6.16,179,11,1,5,Aspiring artist | Drawing my dreams,Fake
26772,3569,439,4.04,444,1,0,4,Love exploring new places 🌎,Fake
39442,3619,346,5.59,847,49,0,6,Photographer and content creator 📸,Real
44242,10,228,4.58423669646513,614,54,0,9,Business inquiries? Contact below 👇,Real
36997,4621,436,5.86,545,49,0,2,Nature lover | Saving the planet 🌍,Real
14369,2044,220,6.6692837257638935,871,55,0,5,Entrepreneur & lifestyle blogger,Real
5725,1961,195,2.759385293648016,918,57,0,8,Sharing moments from my journey,Real
7198,376,407,4.78,771,87,0,8,Business inquiries? Contact below 👇,Real
16390,2094,481,9.62,809,9,0,5,Personal blog | Stay positive ✨,Fake
5284,2748,33,3.25,939,75,0,8,Photographer and content creator 📸,Fake
41812,4372,413,8.7,395,78,0,7,Personal blog | Stay positive ✨,Real
2909,1038,137,3.43,134,36,0,7,Digital nomad living my best life 🌴,Real
18446,892,400,9.57,592,74,0,3,Personal blog | Stay positive ✨,Real
32363,2512,114,5.286631586468819,334,37,0,1,Sharing moments from my journey,Real
17631,3787,250,5.2,24,83,1,9,DM for collaborations or inquiries!,Fake
19441,2870,246,7.116947746396515,855,96,0,5,Foodie | Reviews and recipes,Fake
45573,3081,337,2.54,818,48,0,11,Entrepreneur & lifestyle blogger,Fake
30771,2035,207,10.0,589,52,0,7,Love exploring new places 🌎,Fake
12900,2605,404,6.63,709,53,0,6,Business inquiries? Contact below 👇,Real
11290,1700,142,2.95,404,39,0,4,Sharing moments from my journey,Fake
4036,2124,457,1.31,975,97,0,4,Check out my website for more updates!,Fake
53,1771,499,4.712170660804073,50,99,0,4,Love exploring new places 🌎,Fake
41084,584,280,0.0,69,19,1,6,Foodie | Reviews and recipes,Fake
16144,1051,479,9.72,730,28,0,3,Entrepreneur & lifestyle blogger,Fake
39480,4620,308,8.32,292,18,0,10,DM for collaborations or inquiries!,Fake
46932,4080,220,7.27,391,43,1,7,Foodie | Reviews and recipes,Fake
22206,4939,85,9.97,708,52,0,5,Check out my website for more updates!,Fake
18959,468,152,0.86,328,53,0,9,Personal blog | Stay positive ✨,Real
47440,3764,83,3.713479198528106,960,94,0,8,Passionate traveler and food lover,Real
18913,2103,281,6.890477722684738,55,52,0,1,Business inquiries? Contact below 👇,Real
7881,3708,386,8.182050940473623,649,45,1,4,Personal blog | Stay positive ✨,Fake
33190,172,401,9.89,957,75,0,8,Foodie | Reviews and recipes,Fake
41545,431,287,6.76,488,37,1,6,Foodie | Reviews and recipes,Real
29316,2922,346,7.55,763,94,1,3,Check out my website for more updates!,Real
35163,1283,45,3.85,450,8,0,8,Photographer and content creator 📸,Fake
32456,1376,288,0.95,508,42,0,8,Personal blog | Stay positive ✨,Real
37021,2684,196,0.78,385,20,0,9,Photographer and content creator 📸,Fake
20145,1969,339,4.4,715,27,0,10,Nature lover | Saving the planet 🌍,Real
16702,1048,161,3.44,727,50,0,8,Sharing moments from my journey,Fake
17825,184,178,8.17,976,60,0,4,Passionate traveler and food lover,Fake
20013,4764,199,7.4204730501780976,930,34,0,10,Photographer and content creator 📸,Real
23399,4026,312,9.303839279242588,999,45,1,8,Check out my website for more updates!,Real
40628,908,414,8.64,721,45,0,2,Check out my website for more updates!,Fake
21819,2361,171,1.79,251,79,0,10,Foodie | Reviews and recipes,Real
31197,3071,68,3.0016256870427664,322,0,1,7,Foodie | Reviews and recipes,Real
13447,1146,301,1.5501973080531428,585,55,1,5,Foodie | Reviews and recipes,Fake
28054,1344,164,1.57,447,63,0,5,Check out my website for more updates!,Fake
18860,1319,68,5.93,556,17,0,11,Love exploring new places 🌎,Real
3410,2700,198,4.66,370,61,0,5,Follow for daily inspiration 🌟,Real
24563,2507,31,6.69,754,72,0,10,Follow for daily inspiration 🌟,Real
13702,4176,305,1.26,855,51,0,7,Nature lover | Saving the planet 🌍,Real
13607,2461,424,4.3,266,84,1,9,Sharing moments from my journey,Fake
48124,148,464,5.75,499,70,0,5,Nature lover | Saving the planet 🌍,Fake
9961,2761,426,5.390147931302223,414,51,0,6,Photographer and content creator 📸,Fake
33081,2728,285,3.68,868,2,0,2,Love exploring new places 🌎,Fake
20265,3404,216,9.24,808,81,0,2,Aspiring artist | Drawing my dreams,Real
14267,3966,122,1.54,370,19,0,1,Fitness enthusiast 💪 | Health advocate,Fake
8176,2049,269,8.265748695612722,210,50,1,9,Digital nomad living my best life 🌴,Fake
48876,21,498,1.06,540,64,0,4,Aspiring artist | Drawing my dreams,Real
12433,3470,159,3.5168718731001443,662,58,0,4,Love exploring new places 🌎,Fake
46641,2906,15,2.82,405,17,0,9,Personal blog | Stay positive ✨,Real
32195,1823,170,5.398931885554636,579,74,0,7,Personal blog | Stay positive ✨,Real
25099,3272,254,3.15,474,69,0,9,Aspiring artist | Drawing my dreams,Real
48400,611,143,4.2,903,46,0,5,Business inquiries? Contact below 👇,Real
21984,3109,262,3.94,497,38,0,7,Digital nomad living my best life 🌴,Real
42300,2569,68,4.45,614,2,0,8,Passionate traveler and food lover,Real
33732,97,377,4.82,900,6,0,9,Digital nomad living my best life 🌴,Fake
21421,2407,233,3.330958731166837,447,32,1,3,Love exploring new places 🌎,Real
16787,3020,429,9.09,43,9,0,5,Business inquiries? Contact below 👇,Fake
19088,2685,137,3.16,624,83,0,4,Nature lover | Saving the planet 🌍,Real
38042,4463,255,0.21,814,76,0,3,Entrepreneur & lifestyle blogger,Real
21295,3343,305,3.18,556,4,0,2,Aspiring artist | Drawing my dreams,Fake
27415,19,145,0.69,372,70,0,11,Business inquiries? Contact below 👇,Real
15818,1528,216,8.03,190,62,0,9,Photographer and content creator 📸,Fake
15030,3728,237,5.637149719349296,283,54,0,7,Entrepreneur & lifestyle blogger,Real
14638,1097,476,9.33,492,18,0,8,Photographer and content creator 📸,Real
38341,3576,127,3.99,492,39,0,4,Foodie | Reviews and recipes,Real
35894,3669,322,8.247955324282794,79,68,0,3,Aspiring artist | Drawing my dreams,Real
38180,2227,442,8.08,595,61,0,8,Nature lover | Saving the planet 🌍,Real
16281,4507,113,0.3,844,33,0,3,Passionate traveler and food lover,Fake
6085,2071,66,5.39,180,46,1,2,Check out my website for more updates!,Fake
35511,3435,233,6.35,757,4,0,8,Fitness enthusiast 💪 | Health advocate,Real
22546,2259,324,8.16,72,34,0,5,DM for collaborations or inquiries!,Real
44633,875,266,4.44,936,50,0,8,Follow for daily inspiration 🌟,Fake
42560,3829,325,6.23,54,93,0,9,Nature lover | Saving the planet 🌍,Fake
7916,1768,107,6.34,710,85,0,6,Personal blog | Stay positive ✨,Fake
34826,1078,146,6.147312293292512,326,64,1,7,Passionate traveler and food lover,Real
19439,2505,487,5.121873831059529,387,61,1,1,Entrepreneur & lifestyle blogger,Real
567,2382,1,7.85,979,0,0,7,Fitness enthusiast 💪 | Health advocate,Real
46493,4518,297,9.88,654,59,0,2,DM for collaborations or inquiries!,Real
13215,4366,198,5.92562638805062,301,99,0,6,Business inquiries? Contact below 👇,Real
53,2239,30,7.1960418732709135,518,95,0,5,Digital nomad living my best life 🌴,Real
16945,4211,163,3.7,926,30,0,10,Passionate traveler and food lover,Real
42351,24,319,8.87,657,44,0,8,Foodie | Reviews and recipes,Real
38341,2079,363,4.614860725218184,589,34,0,6,Nature lover | Saving the planet 🌍,Real
53,1448,0,10.0,747,7,0,7,Follow for daily inspiration 🌟,Fake
9459,2699,479,1.82,496,82,0,3,Follow for daily inspiration 🌟,Real
9611,307,429,7.17,343,70,0,11,Check out my website for more updates!,Fake
16292,1444,30,8.49,165,97,0,5,Fitness enthusiast 💪 | Health advocate,Real
21719,992,75,0.1011367509292382,357,0,0,4,Nature lover | Saving the planet 🌍,Fake
39892,4481,13,3.89,412,80,0,11,Aspiring artist | Drawing my dreams,Fake
8945,1982,292,1.44,64,59,1,10,Fitness enthusiast 💪 | Health advocate,Fake
40560,10,411,3.891188945563471,473,33,0,6,Personal blog | Stay positive ✨,Fake
44582,829,413,2.47,290,30,0,10,Aspiring artist | Drawing my dreams,Real
31531,2273,430,5.587238913004567,819,73,0,6,Digital nomad living my best life 🌴,Real
42197,699,382,0.88,652,83,0,4,Sharing moments from my journey,Real
32145,2883,184,9.023349213650684,808,99,1,4,Entrepreneur & lifestyle blogger,Fake
18885,1746,358,7.9,157,16,0,5,Business inquiries? Contact below 👇,Fake
38007,2862,336,3.43,942,39,0,8,Photographer and content creator 📸,Fake
4196,3936,488,7.47,923,13,0,11,Love exploring new places 🌎,Fake
21827,899,497,4.75,546,29,0,7,Check out my website for more updates!,Real
31357,2475,40,4.82,186,38,0,4,Aspiring artist | Drawing my dreams,Real
44004,2523,440,6.48,236,94,0,9,Passionate traveler and food lover,Fake
49341,549,393,1.87,182,14,0,10,Personal blog | Stay positive ✨,Real
37630,3552,0,2.26,524,48,0,11,Personal blog | Stay positive ✨,Fake
18570,4699,368,2.523714458558468,999,61,1,8,Business inquiries? Contact below 👇,Real
53,273,376,8.019819790518625,314,91,1,8,DM for collaborations or inquiries!,Real
31464,3996,98,3.72,254,4,0,8,Nature lover | Saving the planet 🌍,Fake
12373,4722,33,1.56,879,16,0,9,Nature lover | Saving the planet 🌍,Fake
38001,2373,372,9.75,678,77,0,7,Business inquiries? Contact below 👇,Fake
21577,282,264,2.7,227,39,0,9,Foodie | Reviews and recipes,Real
22227,1020,250,4.250009495846594,330,18,0,2,Passionate traveler and food lover,Real
48448,524,264,6.78626786129143,270,0,0,4,Follow for daily inspiration 🌟,Fake
9934,2880,0,4.41,976,89,0,9,Business inquiries? Contact below 👇,Fake
17510,3586,322,9.54,409,40,0,8,Entrepreneur & lifestyle blogger,Fake
49698,4003,277,7.82,753,34,0,11,Foodie | Reviews and recipes,Fake
48132,331,165,8.0,455,58,0,5,Nature lover | Saving the planet 🌍,Real
42697,4071,258,7.522057673800882,536,56,1,8,Love exploring new places 🌎,Fake
10314,4242,1,3.34,851,31,0,10,DM for collaborations or inquiries!,Real
16949,1982,81,6.626240169215087,303,60,0,5,Personal blog | Stay positive ✨,Fake
10496,43,304,7.14,119,87,0,6,Aspiring artist | Drawing my dreams,Real
45321,3437,65,5.92,978,66,0,9,Aspiring artist | Drawing my dreams,Fake
35568,3078,161,3.074566739133956,67,28,1,5,Love exploring new places 🌎,Fake
18156,1223,271,8.85,290,49,0,11,Photographer and content creator 📸,Real
19896,403,418,0.39,775,8,0,6,Follow for daily inspiration 🌟,Real
53,814,350,7.181110547785625,999,50,0,7,Check out my website for more updates!,Fake
47056,1746,40,3.22,536,27,0,5,Nature lover | Saving the planet 🌍,Fake
25754,3636,246,3.2665120768261966,251,79,0,7,Passionate traveler and food lover,Fake
23811,2898,286,6.36,128,80,0,10,Foodie | Reviews and recipes,Fake
23801,1965,137,7.72,825,10,0,3,Nature lover | Saving the planet 🌍,Real
27809,3987,365,7.39,14,96,0,8,Follow for daily inspiration 🌟,Fake
38925,1376,284,2.68,145,47,0,4,Business inquiries? Contact below 👇,Fake
29484,1277,432,3.57,432,37,0,9,Sharing moments from my journey,Fake
9432,4703,115,2.06,345,94,0,2,Aspiring artist | Drawing my dreams,Real
4653,4700,492,7.89,141,6,0,2,Fitness enthusiast 💪 | Health advocate,Real
17056,2176,327,6.97,989,43,0,1,Digital nomad living my best life 🌴,Fake
48226,1817,303,1.18,150,39,0,3,DM for collaborations or inquiries!,Real
31778,4536,288,1.4293826122868918,461,51,1,8,Digital nomad living my best life 🌴,Fake
36242,2352,358,0.735543230336785,0,78,1,11,Love exploring new places 🌎,Fake
20621,2357,296,8.25914313623458,603,54,1,8,Foodie | Reviews and recipes,Real
7524,28,83,7.5,106,6,0,9,Entrepreneur & lifestyle blogger,Real
28882,485,350,1.24,66,89,0,7,Passionate traveler and food lover,Real
22803,1542,485,5.87,704,37,1,8,Check out my website for more updates!,Fake
6066,4240,430,9.08,668,95,0,3,Passionate traveler and food lover,Fake
17366,92,95,6.51,596,23,0,9,Love exploring new places 🌎,Fake
25975,2594,77,4.06,161,45,0,5,Foodie | Reviews and recipes,Fake
26975,2778,313,8.51,90,99,0,7,Fitness enthusiast 💪 | Health advocate,Fake
25184,1452,192,6.11,649,65,1,2,Fitness enthusiast 💪 | Health advocate,Real
43697,193,375,4.97,769,79,0,2,Sharing moments from my journey,Real
1491,2702,88,10.0,614,79,0,2,Entrepreneur & lifestyle blogger,Fake
29137,3100,373,4.572444799014483,730,72,1,5,Business inquiries? Contact below 👇,Fake
20970,1098,146,4.832059151569988,239,54,0,9,DM for collaborations or inquiries!,Fake
14664,4544,431,7.18,288,52,1,2,Foodie | Reviews and recipes,Real
6846,3897,46,7.63,948,0,0,3,Check out my website for more updates!,Fake
4881,3538,450,7.23,643,72,0,8,Sharing moments from my journey,Fake
15745,992,0,4.655553590969025,569,10,1,8,Foodie | Reviews and recipes,Fake
21244,1713,376,5.5475330752576015,698,48,1,6,Photographer and content creator 📸,Fake
8869,2946,464,9.107201377442443,315,0,1,4,Nature lover | Saving the planet 🌍,Fake
3316,614,198,0.97,890,67,1,10,Fitness enthusiast 💪 | Health advocate,Fake
6441,947,104,9.24,806,23,0,10,Sharing moments from my journey,Real
37934,3272,117,0.0,598,77,1,6,Photographer and content creator 📸,Fake
47141,4147,471,9.53,291,72,0,8,Passionate traveler and food lover,Real
48289,4485,140,4.73,399,76,0,5,Aspiring artist | Drawing my dreams,Real
20239,2752,254,3.943431538455228,750,0,1,8,Sharing moments from my journey,Real
22264,4821,340,2.77,139,85,0,6,Check out my website for more updates!,Fake
20409,3839,205,7.37,856,24,0,8,Passionate traveler and food lover,Fake
25749,244,33,1.79,650,25,0,11,Business inquiries? Contact below 👇,Fake
19329,4193,53,4.12,928,26,0,10,Photographer and content creator 📸,Fake
2425,1327,438,3.17,915,33,0,11,Aspiring artist | Drawing my dreams,Real
48072,285,349,4.61,452,26,0,5,Photographer and content creator 📸,Real
2714,1434,253,9.88,768,63,0,7,Foodie | Reviews and recipes,Fake
37083,2038,448,9.84,588,62,0,6,Digital nomad living my best life 🌴,Fake
33345,916,327,2.3,153,86,0,5,Photographer and content creator 📸,Fake
32026,1268,345,6.17,217,52,0,4,Aspiring artist | Drawing my dreams,Real
14034,4999,64,5.405733704984406,581,44,0,6,Foodie | Reviews and recipes,Real
21614,2635,101,4.447646180539635,434,30,1,6,Digital nomad living my best life 🌴,Real
12045,4178,9,0.69,967,21,0,11,Fitness enthusiast 💪 | Health advocate,Fake
23559,3767,421,4.34,703,61,0,6,Sharing moments from my journey,Real
16790,3486,158,1.562286841250149,579,50,1,6,DM for collaborations or inquiries!,Fake
47669,1164,117,2.58,515,84,0,5,DM for collaborations or inquiries!,Real
3521,42,499,4.831087261303581,3,68,1,5,Nature lover | Saving the planet 🌍,Fake
15223,10,0,2.021682447722024,750,18,1,11,Nature lover | Saving the planet 🌍,Real
43798,4999,216,4.24920786756799,999,77,0,3,Passionate traveler and food lover,Fake
14839,4546,20,7.35,38,67,0,4,Photographer and content creator 📸,Fake
16877,4726,102,5.93,161,55,0,10,Aspiring artist | Drawing my dreams,Fake
23052,1959,356,4.0,570,87,0,9,Personal blog | Stay positive ✨,Fake
15655,2953,50,4.51,373,4,0,4,Love exploring new places 🌎,Real
49728,3543,468,1.59,636,60,0,6,Sharing moments from my journey,Real
20819,1892,466,3.7732731491369615,536,81,0,4,DM for collaborations or inquiries!,Real
33746,225,171,8.100997912826593,638,14,1,4,Digital nomad living my best life 🌴,Real
20845,2573,336,0.34,985,95,0,3,Entrepreneur & lifestyle blogger,Fake
36793,2881,311,1.2798771686347,478,23,1,7,Foodie | Reviews and recipes,Fake
44711,1759,72,1.48,926,68,0,11,DM for collaborations or inquiries!,Fake
43447,1529,451,0.0,999,99,0,8,Sharing moments from my journey,Fake
46346,3525,320,4.37677261847194,312,49,1,7,Business inquiries? Contact below 👇,Fake
15576,4367,498,3.59,677,50,0,2,Photographer and content creator 📸,Real
47883,238,410,2.98,544,68,0,5,Nature lover | Saving the planet 🌍,Real
3337,3634,75,5.92,532,54,0,9,Foodie | Reviews and recipes,Fake
46617,4611,145,5.62,287,1,0,2,Nature lover | Saving the planet 🌍,Fake
37264,4223,475,6.119466708097434,999,23,1,2,Sharing moments from my journey,Fake
18127,4061,86,7.8,315,61,0,2,Follow for daily inspiration 🌟,Fake
21946,1646,125,7.982162310546203,907,86,1,5,Nature lover | Saving the planet 🌍,Fake
26670,1022,226,3.28,814,70,0,7,Love exploring new places 🌎,Real
4013,2943,74,2.1,447,54,0,2,Sharing moments from my journey,Real
18716,1978,497,8.74,779,78,0,5,Fitness enthusiast 💪 | Health advocate,Fake
19564,586,297,0.0,772,64,1,5,DM for collaborations or inquiries!,Real
40811,914,453,7.99,272,3,1,7,Sharing moments from my journey,Real
13660,3385,349,6.62,464,86,0,2,Follow for daily inspiration 🌟,Real
20908,4708,318,6.737432910525925,451,99,0,7,Aspiring artist | Drawing my dreams,Fake
23892,707,283,1.45,607,66,1,2,Passionate traveler and food lover,Real
24462,2591,102,7.54,537,68,0,3,Nature lover | Saving the planet 🌍,Real
7268,1717,451,1.311362936797413,999,32,0,9,Personal blog | Stay positive ✨,Fake
21321,792,16,7.13,429,25,0,9,Personal blog | Stay positive ✨,Real
32861,2112,356,4.646523756041342,451,55,1,6,Follow for daily inspiration 🌟,Fake
22879,3704,365,0.62,174,70,0,10,Follow for daily inspiration 🌟,Real
45655,1555,499,1.289028985894228,524,46,0,2,Foodie | Reviews and recipes,Real
20113,1269,11,2.15,431,21,0,2,Check out my website for more updates!,Real
28272,1587,276,2.67123257830037,532,6,1,1,Check out my website for more updates!,Real
42282,3059,328,2.855710397201946,0,99,0,6,Follow for daily inspiration 🌟,Real
17328,4120,166,0.788602774662321,999,77,1,8,Foodie | Reviews and recipes,Real
30061,785,135,0.24,987,6,0,2,Photographer and content creator 📸,Real
471,3399,63,0.3,6,26,0,3,Follow for daily inspiration 🌟,Fake
35232,516,229,6.82,905,53,0,6,Check out my website for more updates!,Fake
8268,4318,475,1.46,280,6,0,2,Fitness enthusiast 💪 | Health advocate,Real
5867,179,108,3.0,483,10,0,6,Business inquiries? Contact below 👇,Real
40368,1233,173,9.37,801,99,0,6,Photographer and content creator 📸,Fake
11149,2873,62,6.512349464793405,311,59,1,5,Follow for daily inspiration 🌟,Real
642,2379,206,7.26,668,46,0,11,Nature lover | Saving the planet 🌍,Fake
26356,2630,444,1.34,69,60,1,9,Follow for daily inspiration 🌟,Fake
11733,38,278,1.75,137,76,0,6,Nature lover | Saving the planet 🌍,Fake
20241,2330,190,4.273252906123903,756,75,1,3,Personal blog | Stay positive ✨,Real
44194,3638,309,2.36,831,75,0,6,Check out my website for more updates!,Real
2643,3596,431,6.121375758605836,857,72,1,8,Check out my website for more updates!,Fake
10475,4759,61,0.03,735,92,0,7,Fitness enthusiast 💪 | Health advocate,Fake
10977,1149,415,5.040459410642645,108,54,1,8,Passionate traveler and food lover,Fake
19023,2925,409,1.56,912,10,0,5,Personal blog | Stay positive ✨,Fake
18767,989,293,9.76,234,41,0,4,Follow for daily inspiration 🌟,Fake
30363,14,234,7.82,888,67,0,4,Sharing moments from my journey,Fake
34178,313,444,4.6,411,9,0,10,Digital nomad living my best life 🌴,Fake
38602,2645,193,3.26,79,71,1,11,Sharing moments from my journey,Fake
22002,2445,0,3.42,343,31,0,10,Photographer and content creator 📸,Fake
12003,1762,145,4.26,494,23,0,7,Entrepreneur & lifestyle blogger,Fake
37098,1507,172,0.99,803,52,0,11,Aspiring artist | Drawing my dreams,Fake
41053,3923,60,6.102922412162017,813,1,1,8,Sharing moments from my journey,Real
19754,2001,169,1.8366173121685008,224,32,1,6,Entrepreneur & lifestyle blogger,Fake
17486,1876,315,7.29,694,37,0,5,Personal blog | Stay positive ✨,Real
36717,3161,371,5.29,877,5,0,11,Digital nomad living my best life 🌴,Real
31927,1008,406,6.86,221,46,0,3,DM for collaborations or inquiries!,Real
25415,2299,170,4.6628133979970805,378,32,0,3,Aspiring artist | Drawing my dreams,Fake
8351,3542,216,5.73,19,61,0,7,Photographer and content creator 📸,Real
20642,3833,389,2.76,695,62,0,2,Foodie | Reviews and recipes,Fake
25920,3018,166,9.05,339,75,0,4,Fitness enthusiast 💪 | Health advocate,Real
47381,98,413,5.0,608,59,0,6,Fitness enthusiast 💪 | Health advocate,Fake
36165,4911,141,5.82,740,72,0,2,DM for collaborations or inquiries!,Real
53,2842,218,3.8894363911100074,570,45,0,4,Follow for daily inspiration 🌟,Fake
6394,1459,467,0.03,539,53,0,2,Follow for daily inspiration 🌟,Fake
32077,2969,271,8.17,299,86,0,8,Digital nomad living my best life 🌴,Real
31475,1169,484,6.57,342,79,0,8,Passionate traveler and food lover,Fake
34296,3562,241,1.16,995,48,0,1,Business inquiries? Contact below 👇,Fake
9631,1632,147,8.84,169,83,0,7,Check out my website for more updates!,Real
33018,1859,225,7.588441358549152,163,52,1,4,Passionate traveler and food lover,Fake
12465,402,435,9.46,328,55,0,10,DM for collaborations or inquiries!,Real
31031,1174,157,0.24,517,47,0,11,Sharing moments from my journey,Fake
1315,1294,200,3.1,263,90,0,8,Business inquiries? Contact below 👇,Fake
41851,3078,193,6.79,324,25,0,1,Foodie | Reviews and recipes,Fake
19680,1177,338,2.3607415386672823,0,30,0,9,Nature lover | Saving the planet 🌍,Fake
565,1622,390,2.13,560,30,0,6,Foodie | Reviews and recipes,Fake
31224,562,451,8.0,485,22,0,4,Fitness enthusiast 💪 | Health advocate,Real
29866,2427,384,8.51,659,5,0,7,Sharing moments from my journey,Fake
20446,2637,398,3.34,610,39,0,3,Entrepreneur & lifestyle blogger,Real
49757,3496,127,4.66,241,10,0,8,Digital nomad living my best life 🌴,Real
26907,739,417,2.66,838,37,0,11,Check out my website for more updates!,Fake
36708,1552,364,0.9983275699134548,234,27,0,5,Check out my website for more updates!,Fake
20934,1682,232,9.5,523,84,0,4,Business inquiries? Contact below 👇,Fake
14848,273,316,6.56,444,20,0,6,Aspiring artist | Drawing my dreams,Fake
32994,1768,207,4.116032368306558,281,46,0,4,Entrepreneur & lifestyle blogger,Fake
9283,559,498,1.95,361,85,0,4,Nature lover | Saving the planet 🌍,Fake
25253,2231,499,2.887236743931744,746,64,1,9,Follow for daily inspiration 🌟,Fake
20033,2388,96,2.29,742,65,0,8,Passionate traveler and food lover,Fake
26287,553,311,1.55,903,31,1,8,Photographer and content creator 📸,Fake
6155,4374,299,2.69,858,65,0,8,Sharing moments from my journey,Real
32119,932,347,9.34,828,71,0,8,Personal blog | Stay positive ✨,Real
47677,2388,58,1.18,925,3,0,7,Fitness enthusiast 💪 | Health advocate,Fake
48232,2814,224,8.210365549978238,810,31,1,6,Personal blog | Stay positive ✨,Real
42551,139,412,9.95,534,63,0,3,Digital nomad living my best life 🌴,Fake
1949,285,454,2.56,984,86,0,7,Check out my website for more updates!,Real
27025,2138,404,7.67,531,98,0,9,Digital nomad living my best life 🌴,Fake
26983,2813,275,6.128861031238728,274,0,1,1,DM for collaborations or inquiries!,Real
18041,1415,317,3.27,338,93,0,1,DM for collaborations or inquiries!,Real
48513,3205,128,7.896592591191936,910,71,0,2,Sharing moments from my journey,Real
49998,3155,114,9.225107024805672,363,76,1,4,Entrepreneur & lifestyle blogger,Real
38351,448,267,7.38,805,18,0,4,Entrepreneur & lifestyle blogger,Fake
3213,4607,77,9.78,855,29,1,9,Business inquiries? Contact below 👇,Fake
10430,1939,266,4.67,710,58,0,9,Aspiring artist | Drawing my dreams,Fake
4038,479,25,0.06,169,38,0,2,Nature lover | Saving the planet 🌍,Real
29708,1334,141,9.2,469,6,0,9,Foodie | Reviews and recipes,Real
20945,649,499,6.013695107264376,999,90,0,5,Fitness enthusiast 💪 | Health advocate,Fake
53,3701,234,6.33391903819331,0,60,1,6,Business inquiries? Contact below 👇,Real
46485,1539,127,4.74,396,69,0,7,Nature lover | Saving the planet 🌍,Fake
12610,370,238,3.78,513,62,0,6,Love exploring new places 🌎,Fake
18784,3680,243,4.130174361267996,40,43,0,4,Nature lover | Saving the planet 🌍,Fake
53,1638,394,4.772716624721091,0,0,0,5,Fitness enthusiast 💪 | Health advocate,Fake
30003,4676,104,6.76,692,1,0,8,Digital nomad living my best life 🌴,Real
30484,4958,68,4.94,493,24,0,4,Aspiring artist | Drawing my dreams,Fake
7945,93,261,5.33,743,33,1,8,Digital nomad living my best life 🌴,Fake
48159,4682,155,6.42,534,59,0,5,Check out my website for more updates!,Real
25390,623,373,2.739401525824547,216,62,0,7,Sharing moments from my journey,Fake
41485,3944,491,3.92,767,9,0,6,Passionate traveler and food lover,Fake
23466,3505,325,6.85,979,14,0,2,Aspiring artist | Drawing my dreams,Fake
31483,2809,398,4.163407244169324,0,88,1,4,Love exploring new places 🌎,Real
23671,4862,102,0.02,960,89,0,10,Business inquiries? Contact below 👇,Fake
29886,1673,311,6.34,56,36,0,2,Digital nomad living my best life 🌴,Fake
53,3082,133,5.42718935789544,0,82,0,8,Passionate traveler and food lover,Real
20661,242,270,1.59,424,37,0,5,Sharing moments from my journey,Real
29492,3063,179,4.065419765797177,293,56,0,9,Fitness enthusiast 💪 | Health advocate,Real
33606,4704,204,7.89,629,42,0,6,Foodie | Reviews and recipes,Fake
27333,1771,441,0.25,278,76,0,3,Business inquiries? Contact below 👇,Fake
41198,753,270,6.11,454,28,0,7,Check out my website for more updates!,Real
4607,2153,439,9.818071822470657,497,44,0,8,Business inquiries? Contact below 👇,Fake
49998,1665,430,5.810128864677733,354,23,0,11,Personal blog | Stay positive ✨,Fake
27113,10,272,0.0,654,37,1,4,Fitness enthusiast 💪 | Health advocate,Fake
33467,1212,181,8.68,598,71,0,10,Passionate traveler and food lover,Real
30654,1649,292,4.475858088887281,999,55,1,3,Digital nomad living my best life 🌴,Real
5291,2281,117,7.89,73,36,0,9,Digital nomad living my best life 🌴,Fake
34229,3819,220,6.239729070968568,999,71,0,7,Foodie | Reviews and recipes,Real
35162,2083,267,9.9,189,69,1,2,Digital nomad living my best life 🌴,Real
31295,1038,224,3.4572267205852105,288,21,1,5,Fitness enthusiast 💪 | Health advocate,Real
6812,3715,200,6.24,898,25,0,2,Photographer and content creator 📸,Fake
49213,1116,473,0.7,401,33,0,8,Personal blog | Stay positive ✨,Real
31364,1031,0,6.520718885275277,41,95,1,4,Business inquiries? Contact below 👇,Fake
40351,2527,413,4.59,877,59,0,3,Photographer and content creator 📸,Fake
27047,933,405,0.85,793,65,0,3,Nature lover | Saving the planet 🌍,Real
37830,4724,17,0.68,937,63,0,8,Passionate traveler and food lover,Fake
6403,4828,458,3.62,395,41,0,3,Passionate traveler and food lover,Real
32432,1515,184,6.945843951204317,235,30,1,2,Digital nomad living my best life 🌴,Fake
408,499,75,0.93,900,12,0,6,Digital nomad living my best life 🌴,Real
15484,2032,102,5.334096944576814,272,65,0,5,Passionate traveler and food lover,Fake
41701,3882,276,10.0,498,80,0,9,Check out my website for more updates!,Real
20058,474,499,10.0,401,70,0,4,Passionate traveler and food lover,Fake
130,1245,142,4.56,626,48,0,3,Entrepreneur & lifestyle blogger,Real
40477,3603,197,8.68,482,68,0,3,Sharing moments from my journey,Real
3094,407,242,7.662466883535904,404,90,0,5,Digital nomad living my best life 🌴,Fake
47781,634,18,6.98,501,37,0,5,Foodie | Reviews and recipes,Real
16592,1923,52,2.73,313,33,0,7,Passionate traveler and food lover,Fake
30817,3561,401,3.64,927,65,0,2,Photographer and content creator 📸,Fake
34128,4999,397,5.846951479094883,428,22,1,9,Aspiring artist | Drawing my dreams,Fake
34586,4843,298,8.10003482178778,483,0,1,2,Photographer and content creator 📸,Fake
49998,2542,327,0.0,935,30,1,1,Passionate traveler and food lover,Real
9476,1554,476,5.53,142,69,0,4,Digital nomad living my best life 🌴,Fake
45158,4737,228,0.76,295,97,0,2,DM for collaborations or inquiries!,Real
39235,831,452,9.42,374,55,0,10,Follow for daily inspiration 🌟,Real
36278,1673,399,4.91,314,89,0,5,Foodie | Reviews and recipes,Real
48383,2123,79,8.73,66,88,0,6,Personal blog | Stay positive ✨,Fake
11599,20,41,7.76,176,21,0,7,Love exploring new places 🌎,Fake
21872,4286,408,4.0,599,83,0,9,Nature lover | Saving the planet 🌍,Fake
25846,2143,232,1.0,201,49,0,3,Check out my website for more updates!,Fake
20076,4229,395,5.94,286,54,0,8,Love exploring new places 🌎,Real
27408,1275,236,4.896688519318742,911,18,1,1,Entrepreneur & lifestyle blogger,Real
44224,405,109,3.61,346,85,0,11,Aspiring artist | Drawing my dreams,Fake
27029,3315,215,0.0,432,11,1,4,Aspiring artist | Drawing my dreams,Fake
30002,3568,371,3.3979757772176664,260,22,0,11,Check out my website for more updates!,Fake
22023,526,202,6.264461730018799,425,64,0,5,Fitness enthusiast 💪 | Health advocate,Real
39579,2125,64,9.21,212,65,0,11,Follow for daily inspiration 🌟,Real
27612,3830,301,7.832128977434318,561,48,0,3,Photographer and content creator 📸,Fake
44376,4882,456,7.46,694,9,0,8,Follow for daily inspiration 🌟,Fake
19420,289,264,5.75,80,46,0,6,Fitness enthusiast 💪 | Health advocate,Fake
27091,1558,160,7.53,435,20,0,2,DM for collaborations or inquiries!,Real
22836,3906,203,1.31,821,53,0,3,Foodie | Reviews and recipes,Real
49258,306,265,1.48,430,30,0,9,Aspiring artist | Drawing my dreams,Fake
41414,498,279,6.41,65,82,1,5,Follow for daily inspiration 🌟,Real
49765,4058,2,4.92,830,80,1,5,Fitness enthusiast 💪 | Health advocate,Fake
32737,2732,117,0.46,822,68,0,4,Aspiring artist | Drawing my dreams,Real
42622,933,0,9.578913883525232,600,99,1,10,Foodie | Reviews and recipes,Real
49998,4999,144,6.94347982458452,296,30,1,8,Entrepreneur & lifestyle blogger,Real
29680,4743,264,4.77,849,14,0,11,Fitness enthusiast 💪 | Health advocate,Fake
9470,4999,0,4.323579742607987,647,88,1,6,Entrepreneur & lifestyle blogger,Fake
49862,3313,269,2.0,648,64,0,4,Entrepreneur & lifestyle blogger,Fake
40979,4269,119,0.81,945,50,0,11,Foodie | Reviews and recipes,Fake
48983,1570,27,0.2,551,85,0,6,Follow for daily inspiration 🌟,Fake
9320,2648,93,3.11,986,33,0,2,Personal blog | Stay positive ✨,Fake
24710,1159,499,3.600902946960267,453,93,1,9,Nature lover | Saving the planet 🌍,Fake
23312,2827,338,9.7,735,91,0,5,Nature lover | Saving the planet 🌍,Fake
32330,1926,142,6.094343983738389,749,59,1,3,Foodie | Reviews and recipes,Real
18363,2433,0,6.364095525274882,71,67,1,3,Sharing moments from my journey,Real
43126,671,417,5.92,103,64,0,8,Love exploring new places 🌎,Real
35100,4254,479,8.38,528,48,1,11,Entrepreneur & lifestyle blogger,Real
37200,1072,474,6.266022582987241,247,73,0,8,Business inquiries? Contact below 👇,Real
33522,550,68,3.694222529213606,605,57,1,7,Foodie | Reviews and recipes,Fake
14852,4563,18,0.68,867,22,0,2,DM for collaborations or inquiries!,Fake
11879,808,41,3.9,291,54,0,5,Check out my website for more updates!,Real
8589,1493,361,4.73,184,38,0,10,Photographer and content creator 📸,Fake
13950,424,333,7.53,58,27,0,10,Entrepreneur & lifestyle blogger,Real
18344,2697,32,3.07,24,37,0,2,Foodie | Reviews and recipes,Real
45542,4822,2,5.68,590,40,0,9,Fitness enthusiast 💪 | Health advocate,Real
45902,966,441,4.12,487,47,0,7,Follow for daily inspiration 🌟,Real
37281,4780,454,4.12,235,66,0,8,Foodie | Reviews and recipes,Fake
14599,2793,252,3.420224108670191,842,15,0,2,Nature lover | Saving the planet 🌍,Fake
19957,2253,378,8.661495105930175,70,92,1,11,DM for collaborations or inquiries!,Fake
24038,2825,269,9.082561785765552,482,89,0,8,Digital nomad living my best life 🌴,Real
2383,3292,134,8.696017373081485,195,83,0,6,DM for collaborations or inquiries!,Fake
27578,4899,430,2.68,901,73,0,5,Business inquiries? Contact below 👇,Fake
40696,1321,115,8.89,220,50,0,9,Photographer and content creator 📸,Fake
27903,646,315,1.92,621,47,0,4,Personal blog | Stay positive ✨,Real
23889,2456,0,5.763735484017143,616,69,0,7,Foodie | Reviews and recipes,Fake
29558,431,96,6.36,726,99,0,2,Nature lover | Saving the planet 🌍,Fake
33237,218,56,4.86,941,95,0,9,Personal blog | Stay positive ✨,Real
15126,1643,281,1.54,456,89,0,6,Fitness enthusiast 💪 | Health advocate,Real
22483,1954,358,5.44,22,28,0,9,Digital nomad living my best life 🌴,Real
26854,3849,352,3.01796309577998,160,43,1,5,DM for collaborations or inquiries!,Real
24580,2517,240,2.947541955896149,973,60,0,5,Digital nomad living my best life 🌴,Real
15976,2461,422,4.811333909941681,728,88,1,9,Entrepreneur & lifestyle blogger,Real
34352,3909,362,3.4871104645726687,0,50,0,8,Love exploring new places 🌎,Real
27610,4556,38,0.5,472,9,0,7,Foodie | Reviews and recipes,Real
34719,1261,426,6.06,621,44,0,9,Personal blog | Stay positive ✨,Fake
27245,2342,151,7.337710379506474,188,69,0,6,Follow for daily inspiration 🌟,Fake
8441,1294,181,8.3,198,16,0,3,Fitness enthusiast 💪 | Health advocate,Fake
12287,2496,483,7.02,450,55,0,3,Love exploring new places 🌎,Fake
40211,1687,168,8.57,587,36,0,10,DM for collaborations or inquiries!,Fake
40770,1482,74,8.396303113284363,278,57,0,7,Entrepreneur & lifestyle blogger,Real
27031,2324,457,7.095589146577765,477,39,1,7,Check out my website for more updates!,Real
31828,966,403,5.36,187,84,0,9,Passionate traveler and food lover,Real
27742,158,276,1.11,975,48,0,9,Photographer and content creator 📸,Real
19212,2715,401,4.337287213906231,663,17,0,6,Fitness enthusiast 💪 | Health advocate,Real
7694,4626,168,0.92,308,61,0,4,Passionate traveler and food lover,Fake
32637,3801,351,5.202938294704808,237,46,1,5,Love exploring new places 🌎,Real
38018,838,354,6.064838934167522,533,45,1,7,Personal blog | Stay positive ✨,Fake
44377,3759,312,3.13,932,57,0,10,Fitness enthusiast 💪 | Health advocate,Real
25082,2342,422,3.16,159,33,0,3,Fitness enthusiast 💪 | Health advocate,Real
41194,613,398,9.68,996,24,1,4,Business inquiries? Contact below 👇,Fake
17792,4963,426,8.06,715,1,0,5,Follow for daily inspiration 🌟,Real
48549,921,356,8.38,249,73,0,4,Digital nomad living my best life 🌴,Real
5758,3900,385,5.09,937,35,0,2,Check out my website for more updates!,Real
28574,3894,55,7.19,495,13,0,10,Love exploring new places 🌎,Real
42043,2668,324,6.129910551476825,248,0,1,8,Aspiring artist | Drawing my dreams,Fake
3568,2908,103,1.14,752,88,0,11,Sharing moments from my journey,Fake
3792,2952,412,5.342765975982823,320,49,0,3,Fitness enthusiast 💪 | Health advocate,Fake
30972,1873,210,4.192558249480509,338,61,1,10,Digital nomad living my best life 🌴,Real
3540,2231,258,3.49,76,68,0,11,Business inquiries? Contact below 👇,Fake
37903,4669,260,0.0,155,7,1,5,Digital nomad living my best life 🌴,Fake
38913,4743,184,4.871554380792309,625,10,1,11,Check out my website for more updates!,Real
868,3754,369,0.25,398,21,0,8,Fitness enthusiast 💪 | Health advocate,Real
17534,972,200,5.333317147101238,484,99,1,7,Entrepreneur & lifestyle blogger,Fake
11573,2965,0,8.122037524797905,0,76,1,3,Digital nomad living my best life 🌴,Fake
19610,2147,144,7.69,615,65,0,10,Nature lover | Saving the planet 🌍,Fake
34287,606,280,7.176322739886597,693,79,0,8,Entrepreneur & lifestyle blogger,Fake
31299,3620,266,0.48,900,1,0,5,Love exploring new places 🌎,Real
33266,2816,408,2.71,759,20,0,10,Follow for daily inspiration 🌟,Fake
39364,442,74,2.592674381274707,0,43,1,3,Fitness enthusiast 💪 | Health advocate,Real
31719,2466,241,1.18,579,92,0,9,Fitness enthusiast 💪 | Health advocate,Fake
1000,1137,80,2.98,1,86,0,3,Nature lover | Saving the planet 🌍,Fake
23533,3780,290,7.07,371,3,0,4,Sharing moments from my journey,Real
28955,4999,163,3.721312328994673,521,38,1,8,Personal blog | Stay positive ✨,Real
32506,4733,136,5.99,850,40,1,10,Foodie | Reviews and recipes,Fake
25922,3154,0,4.249493754669232,168,89,1,2,Personal blog | Stay positive ✨,Fake
20154,3582,96,9.28,964,48,0,8,Sharing moments from my journey,Real
33910,1608,266,4.768626641557035,680,53,1,8,Fitness enthusiast 💪 | Health advocate,Fake
48494,1073,346,1.5577821942172978,824,21,0,2,Aspiring artist | Drawing my dreams,Real
42531,3282,79,6.34,819,97,1,7,DM for collaborations or inquiries!,Real
28857,4928,334,5.68,200,30,0,6,Check out my website for more updates!,Real
43479,3600,64,9.14,731,68,0,6,Personal blog | Stay positive ✨,Real
42357,1822,323,0.58,117,78,0,7,Business inquiries? Contact below 👇,Fake
12075,17,429,6.56,848,74,0,6,Foodie | Reviews and recipes,Real
6258,931,236,6.26,880,2,0,3,Nature lover | Saving the planet 🌍,Real
16032,3752,118,0.32,973,31,0,10,Nature lover | Saving the planet 🌍,Real
24513,1647,462,9.22,262,75,0,5,Photographer and content creator 📸,Fake
20819,3816,260,4.455985023326305,745,95,1,3,Love exploring new places 🌎,Fake
410,415,448,8.83,884,45,0,9,Digital nomad living my best life 🌴,Real
30019,3355,85,5.27564202921798,704,20,1,9,Entrepreneur & lifestyle blogger,Fake
44427,3112,306,3.02,10,27,0,10,Business inquiries? Contact below 👇,Real
12171,2924,311,4.2445241091328905,579,25,1,6,Digital nomad living my best life 🌴,Real
4839,3283,188,9.22,763,79,0,4,Nature lover | Saving the planet 🌍,Fake
11398,4046,406,6.72,725,29,0,5,Photographer and content creator 📸,Real
25303,1951,364,4.324645758323955,754,92,1,5,Passionate traveler and food lover,Real
1906,2421,5,3.83,242,5,0,1,Business inquiries? Contact below 👇,Real
23966,3145,455,7.51,761,53,0,6,Photographer and content creator 📸,Real
36043,2823,446,6.914966047881384,513,36,1,5,Foodie | Reviews and recipes,Fake
47589,4432,139,3.54,318,75,0,7,DM for collaborations or inquiries!,Real
27020,3202,160,9.13,356,0,0,2,Entrepreneur & lifestyle blogger,Real
15706,1547,458,2.21,431,33,0,3,Photographer and content creator 📸,Real
41330,2195,303,2.895575379252387,256,64,0,6,Nature lover | Saving the planet 🌍,Fake
23516,425,185,9.69,742,81,0,9,Check out my website for more updates!,Real
16481,3548,346,6.480792451908738,331,16,1,11,Nature lover | Saving the planet 🌍,Fake
15466,4036,435,2.84,899,34,0,7,Follow for daily inspiration 🌟,Real
43007,1379,56,4.17,290,89,0,3,Business inquiries? Contact below 👇,Fake
8564,3735,160,9.04,917,99,0,9,Fitness enthusiast 💪 | Health advocate,Real
27109,1221,405,2.063972895902432,473,74,0,3,Photographer and content creator 📸,Real
11574,2365,243,6.89,361,44,0,8,Business inquiries? Contact below 👇,Fake
2387,888,161,0.0,173,53,1,5,Nature lover | Saving the planet 🌍,Fake
10807,1884,347,8.63,235,47,0,4,Aspiring artist | Drawing my dreams,Fake
408,1887,473,9.21,313,10,0,7,DM for collaborations or inquiries!,Fake
48788,3287,414,8.14,835,89,0,5,Sharing moments from my journey,Fake
13644,2066,479,3.110190220500489,720,70,1,6,Entrepreneur & lifestyle blogger,Real
36219,1841,378,1.6,170,97,0,3,Fitness enthusiast 💪 | Health advocate,Fake
2059,131,75,4.61,701,52,0,7,Passionate traveler and food lover,Fake
41435,2567,314,5.93,641,83,0,11,Business inquiries? Contact below 👇,Fake
31035,1469,407,7.98,623,76,0,8,Passionate traveler and food lover,Real
16824,320,35,8.88,647,42,0,7,Foodie | Reviews and recipes,Real
37803,3115,86,1.57,554,99,0,11,Check out my website for more updates!,Real
45325,4721,174,2.21,134,91,0,9,Fitness enthusiast 💪 | Health advocate,Fake
3728,2493,74,8.34,577,43,0,8,Sharing moments from my journey,Real
31719,879,404,6.64,415,62,0,5,Business inquiries? Contact below 👇,Real
22407,2758,156,7.7447219115579,704,50,1,3,Foodie | Reviews and recipes,Real
41611,4889,19,4.203956634389798,431,26,0,9,Sharing moments from my journey,Fake
24890,1984,480,2.05,323,32,0,5,Check out my website for more updates!,Fake
11996,3479,307,6.876724368559227,789,33,1,9,Photographer and content creator 📸,Fake
24682,2577,211,4.185229965721457,825,19,1,2,Entrepreneur & lifestyle blogger,Real
41841,1325,379,1.1,478,31,0,6,Sharing moments from my journey,Fake
36100,812,206,1.04,318,51,0,9,Sharing moments from my journey,Fake
44550,692,493,6.71,683,61,0,6,Passionate traveler and food lover,Real
41798,2451,124,2.49,508,70,0,9,Follow for daily inspiration 🌟,Real
44751,4450,263,8.28,464,72,0,3,Foodie | Reviews and recipes,Real
2006,4287,474,8.25,562,98,1,8,Business inquiries? Contact below 👇,Fake
43485,4352,400,6.39,156,11,0,10,Photographer and content creator 📸,Fake
35331,2181,480,9.63,871,44,0,2,Photographer and content creator 📸,Real
46609,47,407,2.28,635,48,0,1,Entrepreneur & lifestyle blogger,Real
49236,2246,209,3.52,291,26,0,9,DM for collaborations or inquiries!,Fake
36107,479,343,1.46,694,75,0,11,Personal blog | Stay positive ✨,Real
20222,1115,5,2.6,601,77,0,9,Sharing moments from my journey,Fake
41429,1959,94,9.78965283746736,0,29,1,7,Photographer and content creator 📸,Real
18005,1679,211,4.078403530121247,30,69,0,7,Love exploring new places 🌎,Real
20455,520,479,1.51,116,91,0,3,Entrepreneur & lifestyle blogger,Real
5287,2653,340,5.17,347,82,0,7,Passionate traveler and food lover,Real
38222,2306,248,2.11,840,22,0,9,Photographer and content creator 📸,Real
28422,2953,56,2.83,279,90,0,3,Entrepreneur & lifestyle blogger,Real
25153,3551,311,0.2,548,5,1,10,Passionate traveler and food lover,Fake
12434,102,153,8.22,57,93,0,8,Personal blog | Stay positive ✨,Real
40129,229,486,3.74,25,26,0,10,Entrepreneur & lifestyle blogger,Fake
44226,2175,267,5.328353063555762,226,29,0,5,Foodie | Reviews and recipes,Real
27242,3324,137,5.57,600,6,0,2,Passionate traveler and food lover,Real
46853,295,387,4.11,778,11,0,4,Nature lover | Saving the planet 🌍,Real
27062,3397,305,0.0,500,99,1,6,Follow for daily inspiration 🌟,Real
36553,2792,449,4.89,176,89,0,9,Fitness enthusiast 💪 | Health advocate,Real
32844,487,191,8.222720910348093,551,44,1,5,Business inquiries? Contact below 👇,Real
22632,3878,0,1.4569645743935773,741,30,1,7,Passionate traveler and food lover,Fake
47300,1158,6,6.580501664724818,310,70,1,5,Check out my website for more updates!,Real
21248,2435,17,1.69,83,16,0,8,Passionate traveler and food lover,Fake
15509,1939,476,9.19,19,92,1,9,Passionate traveler and food lover,Fake
30557,842,124,8.32,348,42,0,5,DM for collaborations or inquiries!,Real
5003,1931,220,4.5511721744464415,597,52,1,3,Digital nomad living my best life 🌴,Fake
14334,3936,134,4.071570376356092,257,22,1,7,Nature lover | Saving the planet 🌍,Real
34583,208,475,8.537453931308791,361,78,0,5,Business inquiries? Contact below 👇,Fake
48935,620,130,0.67,306,71,1,3,Follow for daily inspiration 🌟,Fake
18819,2487,57,6.530560728969593,160,10,1,5,Passionate traveler and food lover,Fake
18842,2887,233,1.54,88,31,0,2,Business inquiries? Contact below 👇,Fake
47300,2979,273,9.42,31,19,0,7,Fitness enthusiast 💪 | Health advocate,Real
33605,3008,48,6.496110993432104,299,44,0,4,Nature lover | Saving the planet 🌍,Fake
32901,3235,443,9.65,848,15,0,10,Foodie | Reviews and recipes,Fake
16971,2225,461,3.346693248988876,390,45,1,3,Fitness enthusiast 💪 | Health advocate,Real
31590,1577,395,7.31,704,60,1,5,Business inquiries? Contact below 👇,Fake
19776,1039,415,0.96,746,42,0,3,Check out my website for more updates!,Fake
16340,305,394,0.47,597,0,0,7,Fitness enthusiast 💪 | Health advocate,Real
11429,2602,71,6.34,930,2,0,8,Sharing moments from my journey,Fake
31456,4999,102,6.426547292998215,580,0,1,5,Check out my website for more updates!,Fake
36988,2427,112,5.96,233,97,0,9,Photographer and content creator 📸,Real
28838,4579,136,1.36,358,47,0,9,Foodie | Reviews and recipes,Real
34919,3986,56,2.8,530,69,0,1,Digital nomad living my best life 🌴,Real
5930,4326,324,5.15,32,39,0,7,Personal blog | Stay positive ✨,Real
33072,114,425,7.68,73,57,1,3,Check out my website for more updates!,Real
23608,1920,184,0.49,680,23,0,2,Check out my website for more updates!,Real
27109,3167,450,10.0,812,36,0,3,Photographer and content creator 📸,Real
30556,4814,158,7.05,204,26,0,4,Love exploring new places 🌎,Real
10455,1178,431,5.016410423360648,380,62,0,5,Business inquiries? Contact below 👇,Fake
15333,3671,160,2.44,889,28,0,6,Foodie | Reviews and recipes,Fake
5029,496,37,5.68,757,0,0,6,Photographer and content creator 📸,Real
21311,4218,79,1.56,525,94,0,2,Passionate traveler and food lover,Real
16450,1427,105,3.92,585,61,0,11,Business inquiries? Contact below 👇,Real
29462,3019,55,5.97,975,49,0,10,DM for collaborations or inquiries!,Real
46058,3726,266,4.8,93,95,0,9,Fitness enthusiast 💪 | Health advocate,Fake
5570,638,36,1.81,889,44,0,3,Fitness enthusiast 💪 | Health advocate,Fake
2909,1723,188,4.91,413,23,0,4,Foodie | Reviews and recipes,Fake
27362,3969,81,3.22,895,29,0,3,Business inquiries? Contact below 👇,Real
32648,2071,244,4.94,121,52,0,3,Photographer and content creator 📸,Fake
26199,2628,378,2.62,3,87,0,5,Personal blog | Stay positive ✨,Real
26517,3125,88,7.683140950324008,386,25,1,6,Personal blog | Stay positive ✨,Fake
39038,2813,223,8.51,241,22,0,9,Aspiring artist | Drawing my dreams,Real
14619,3218,164,2.17,455,56,0,10,Aspiring artist | Drawing my dreams,Fake
21032,4256,300,2.35,60,64,0,11,Business inquiries? Contact below 👇,Fake
34804,3009,398,8.53,548,34,0,3,Nature lover | Saving the planet 🌍,Real
53,2667,216,4.0060953746870585,690,59,0,3,Entrepreneur & lifestyle blogger,Real
27520,4677,89,3.74,337,40,0,3,Photographer and content creator 📸,Real
10572,3946,495,8.58,428,89,0,3,Love exploring new places 🌎,Real
30077,1012,196,4.522004678203909,498,41,1,3,Fitness enthusiast 💪 | Health advocate,Fake
32386,2635,51,9.79,193,5,0,9,Personal blog | Stay positive ✨,Real
5052,195,240,0.57,239,89,0,11,Sharing moments from my journey,Fake
42634,1604,80,9.42,939,92,0,9,Passionate traveler and food lover,Fake
40389,3185,168,4.11,894,5,0,11,Check out my website for more updates!,Fake
14184,2435,186,1.05,549,44,0,2,Aspiring artist | Drawing my dreams,Fake
40567,2620,203,3.18,571,82,1,5,Photographer and content creator 📸,Fake
53,10,90,0.9405370374207536,491,93,1,8,Photographer and content creator 📸,Real
20610,2496,153,3.72,314,73,0,2,Nature lover | Saving the planet 🌍,Fake
1807,2584,0,5.397207253625261,11,72,1,9,Passionate traveler and food lover,Fake
7681,523,130,4.29,726,48,0,6,Aspiring artist | Drawing my dreams,Real
10779,2714,284,7.34,309,57,0,2,DM for collaborations or inquiries!,Fake
39121,4476,80,1.05,329,66,0,6,Check out my website for more updates!,Real
15488,4305,182,9.89,604,4,0,10,Aspiring artist | Drawing my dreams,Real
27326,2715,239,6.95674135784594,188,63,1,6,Personal blog | Stay positive ✨,Fake
41241,1950,234,3.54,158,27,0,1,Follow for daily inspiration 🌟,Real
40831,2826,67,1.13,14,62,0,7,Personal blog | Stay positive ✨,Fake
15659,1098,405,2.2606054426722166,603,70,0,7,Aspiring artist | Drawing my dreams,Fake
10319,2787,299,6.875797995280814,438,81,0,4,Nature lover | Saving the planet 🌍,Fake
33099,67,460,3.04,673,84,0,2,Business inquiries? Contact below 👇,Fake
43132,1244,360,1.37,46,42,0,4,Nature lover | Saving the planet 🌍,Real
29031,4132,40,9.63,475,97,0,5,Sharing moments from my journey,Fake
15361,1195,476,1.52,21,86,0,8,Check out my website for more updates!,Fake
2136,2929,282,7.24,841,12,0,2,Business inquiries? Contact below 👇,Fake
22158,55,60,2.60748547759944,842,79,0,7,Entrepreneur & lifestyle blogger,Fake
27428,4256,173,5.1105575410863056,432,18,0,7,Foodie | Reviews and recipes,Fake
37427,2550,261,0.0,710,1,0,7,Passionate traveler and food lover,Real
17075,4072,122,6.52,972,12,1,5,Foodie | Reviews and recipes,Real
42096,1590,210,2.63,437,37,0,2,Business inquiries? Contact below 👇,Real
13319,1368,308,7.67,938,44,0,7,Photographer and content creator 📸,Fake
7084,4569,293,8.15,601,65,0,8,Check out my website for more updates!,Real
38222,226,303,7.02666646439829,68,64,1,9,Aspiring artist | Drawing my dreams,Fake
15255,1838,208,3.4857234773216104,44,81,1,7,Love exploring new places 🌎,Real
23144,2156,370,9.28,230,11,0,4,Foodie | Reviews and recipes,Real
3611,2927,278,4.07,562,82,0,2,Digital nomad living my best life 🌴,Real
30717,3125,155,4.362799245749217,245,55,1,5,Follow for daily inspiration 🌟,Real
5377,2980,386,9.216099001547263,87,59,1,6,Foodie | Reviews and recipes,Real
37529,2816,104,9.290119902344818,379,69,0,6,Check out my website for more updates!,Real
5983,751,69,5.02,175,71,0,4,Check out my website for more updates!,Real
47801,433,197,9.87,333,58,0,7,Foodie | Reviews and recipes,Fake
43927,2200,5,9.33,721,56,0,10,DM for collaborations or inquiries!,Fake
36879,2642,499,4.729594445585193,528,32,0,5,Business inquiries? Contact below 👇,Fake
43841,2066,129,6.26,30,42,0,10,Follow for daily inspiration 🌟,Real
27527,88,396,1.95,89,6,0,9,Check out my website for more updates!,Fake
33385,116,69,8.05,426,64,0,4,Follow for daily inspiration 🌟,Fake
9765,4599,113,9.49,871,43,0,8,DM for collaborations or inquiries!,Real
22050,10,338,9.577096841716882,877,25,0,6,DM for collaborations or inquiries!,Fake
26093,4809,55,7.41,998,27,0,8,Fitness enthusiast 💪 | Health advocate,Fake
16040,131,164,3.16,718,7,0,7,Personal blog | Stay positive ✨,Real
26968,3815,247,3.658751036566537,660,40,0,3,Photographer and content creator 📸,Real
25601,1737,91,3.8,257,96,0,6,Love exploring new places 🌎,Real
27536,2714,325,9.26,692,67,0,11,Check out my website for more updates!,Real
18313,4030,334,5.27862721448984,708,62,1,9,Check out my website for more updates!,Real
48043,1893,231,9.735801152095776,418,5,0,3,Aspiring artist | Drawing my dreams,Real
5022,1092,393,8.99,713,61,1,6,Personal blog | Stay positive ✨,Real
42961,4711,106,4.23,377,51,0,3,Fitness enthusiast 💪 | Health advocate,Real
47561,106,62,1.1,671,63,1,6,Love exploring new places 🌎,Fake
45515,4123,92,1.71,844,34,0,7,Photographer and content creator 📸,Real
46082,567,115,2.96,765,55,0,11,Sharing moments from my journey,Real
23842,1651,89,6.03583226469245,285,50,1,8,Aspiring artist | Drawing my dreams,Real
7799,4019,127,4.48,38,56,0,10,Entrepreneur & lifestyle blogger,Real
23323,2159,442,10.0,728,55,1,1,Entrepreneur & lifestyle blogger,Real
49998,1191,183,7.081294287165387,867,16,1,11,Love exploring new places 🌎,Fake
49441,4310,154,0.75,970,90,0,3,Fitness enthusiast 💪 | Health advocate,Fake
47094,4348,408,9.948212453407203,619,43,0,3,Entrepreneur & lifestyle blogger,Real
46384,1358,117,6.37,439,99,0,9,Photographer and content creator 📸,Real
3918,3849,44,4.427996617043926,861,90,1,11,Business inquiries? Contact below 👇,Real
9673,3286,390,1.99,23,30,0,11,Check out my website for more updates!,Fake
25800,4591,231,2.41,671,86,0,6,Love exploring new places 🌎,Fake
3875,4780,371,0.21,694,79,1,6,Passionate traveler and food lover,Real
41008,2145,423,2.07,620,31,0,7,Nature lover | Saving the planet 🌍,Real
25589,1625,105,5.96,604,34,0,2,DM for collaborations or inquiries!,Fake
24786,4007,0,2.042702859669143,289,39,0,1,Photographer and content creator 📸,Real
34616,3074,294,7.839887938801875,854,78,1,6,Sharing moments from my journey,Fake
28851,4708,449,8.49,122,7,0,3,Check out my website for more updates!,Fake
16665,1183,393,1.8794149665668065,192,18,0,5,Entrepreneur & lifestyle blogger,Real
9188,765,262,7.0,489,49,0,3,Business inquiries? Contact below 👇,Fake
2465,535,206,5.24,874,50,0,4,Digital nomad living my best life 🌴,Real
39489,3016,272,5.11,626,85,0,4,Check out my website for more updates!,Fake
12498,394,178,2.77,614,51,0,4,Digital nomad living my best life 🌴,Real
26889,3267,281,2.1091510178451824,267,27,0,10,Business inquiries? Contact below 👇,Real
41774,3342,297,7.71,866,90,0,3,DM for collaborations or inquiries!,Real
2867,4932,158,9.39,880,65,0,11,Photographer and content creator 📸,Fake
42200,4003,11,1.39,769,65,0,10,Personal blog | Stay positive ✨,Real
15490,2162,269,7.38,869,34,0,7,Follow for daily inspiration 🌟,Fake
42995,1830,37,2.73,324,80,0,8,Sharing moments from my journey,Real
23687,1823,228,8.21,880,3,0,9,Nature lover | Saving the planet 🌍,Fake
38095,2242,87,7.56,879,41,0,3,Follow for daily inspiration 🌟,Real
47590,1644,280,4.03,418,80,0,10,Photographer and content creator 📸,Fake
30926,1208,418,3.548135452171721,712,99,1,7,Personal blog | Stay positive ✨,Real
14895,2704,499,7.811226591958057,312,92,1,9,Foodie | Reviews and recipes,Fake
4099,2467,400,6.625845899361485,164,49,1,8,DM for collaborations or inquiries!,Real
33944,2816,477,5.23715486133942,442,0,0,4,Photographer and content creator 📸,Real
34975,1728,351,3.843191706165368,785,37,1,1,Personal blog | Stay positive ✨,Real
19123,4505,300,1.156131224675537,501,79,1,5,Business inquiries? Contact below 👇,Real
2340,2915,422,0.2753057456024432,327,15,0,2,Aspiring artist | Drawing my dreams,Real
16305,3300,370,3.88,529,36,0,4,Sharing moments from my journey,Real
11029,2154,163,4.71,55,84,0,2,Passionate traveler and food lover,Fake
48760,2826,59,4.979162434637985,99,65,0,5,Aspiring artist | Drawing my dreams,Real
39889,597,165,1.04,275,48,0,7,Personal blog | Stay positive ✨,Real
27082,283,45,5.18,282,76,0,9,Business inquiries? Contact below 👇,Real
21438,2490,384,1.7184800403382785,246,16,1,1,Nature lover | Saving the planet 🌍,Real
25406,1812,250,3.19,608,34,0,8,DM for collaborations or inquiries!,Fake
48321,497,163,9.92,759,74,0,5,Entrepreneur & lifestyle blogger,Fake
30432,4551,207,5.98,392,42,0,3,Personal blog | Stay positive ✨,Fake
12848,4558,404,8.17,362,49,0,7,Love exploring new places 🌎,Fake
13375,2716,219,4.084146981981535,7,29,1,8,Passionate traveler and food lover,Fake
12254,2511,246,8.87,395,36,0,5,Follow for daily inspiration 🌟,Fake
17363,1309,329,3.857253704758746,958,65,0,8,Photographer and content creator 📸,Real
4790,3754,343,0.55,650,12,0,7,Check out my website for more updates!,Real
21232,2585,499,6.255675456451678,382,83,0,7,Follow for daily inspiration 🌟,Fake
8865,579,495,6.38,289,43,0,7,Business inquiries? Contact below 👇,Real
33325,98,132,5.05,418,81,0,8,Foodie | Reviews and recipes,Fake
33602,4259,337,8.41,827,25,0,9,Foodie | Reviews and recipes,Real
30867,4883,237,2.97,454,40,0,6,Foodie | Reviews and recipes,Real
30177,2093,137,6.323283245047067,394,99,0,7,Love exploring new places 🌎,Real
31724,2173,377,4.34,948,15,0,3,Nature lover | Saving the planet 🌍,Real
34311,814,13,8.65,675,19,0,5,DM for collaborations or inquiries!,Fake
49688,3857,62,3.72,716,21,0,2,Nature lover | Saving the planet 🌍,Fake
14454,227,316,9.68,413,34,0,8,Check out my website for more updates!,Real
8528,4795,63,3.83,57,34,0,11,Foodie | Reviews and recipes,Real
3321,1160,315,1.23,303,91,0,10,Entrepreneur & lifestyle blogger,Real
41245,1376,58,8.923347355720813,149,46,0,7,Aspiring artist | Drawing my dreams,Fake
12619,4143,492,2.63,556,98,0,10,Foodie | Reviews and recipes,Real
49704,2404,99,7.66,145,12,0,10,Aspiring artist | Drawing my dreams,Real
13789,1810,436,8.84,488,18,0,9,Check out my website for more updates!,Fake
11534,1499,41,2.71,156,61,0,4,Follow for daily inspiration 🌟,Real
36763,775,12,7.43,879,32,0,5,Foodie | Reviews and recipes,Real
30872,4205,35,6.7912426759085,373,0,1,8,Check out my website for more updates!,Real
7912,2213,351,0.15,582,39,0,8,Foodie | Reviews and recipes,Real
16836,4288,441,9.57,219,72,0,5,Foodie | Reviews and recipes,Fake
41534,2814,193,5.60368023491943,521,26,1,5,Foodie | Reviews and recipes,Real
13954,3986,475,1.66,786,67,0,7,Aspiring artist | Drawing my dreams,Real
19325,3009,91,6.3,124,94,0,10,Foodie | Reviews and recipes,Fake
12904,2887,427,5.861782117624824,201,12,1,1,Aspiring artist | Drawing my dreams,Real
29192,4212,111,4.49,51,72,0,6,Passionate traveler and food lover,Fake
28967,923,210,1.7763038100686788,73,66,1,6,Foodie | Reviews and recipes,Fake
7891,2863,117,6.03,481,33,0,5,Photographer and content creator 📸,Fake
22234,10,301,4.02619558339924,485,42,0,11,Sharing moments from my journey,Fake
41141,4464,315,2.41,603,96,0,4,Foodie | Reviews and recipes,Fake
19850,1502,5,9.38,267,44,1,7,Nature lover | Saving the planet 🌍,Fake
27922,426,464,4.9,910,7,1,3,Aspiring artist | Drawing my dreams,Fake
13136,4322,388,5.146445919579422,0,0,1,5,Photographer and content creator 📸,Fake
36778,1482,425,5.11,166,20,0,8,Photographer and content creator 📸,Real
34176,1062,138,9.93,692,50,0,7,Sharing moments from my journey,Fake
10160,1277,434,6.47,212,76,0,9,Fitness enthusiast 💪 | Health advocate,Real
24666,2702,67,0.0678234893787657,534,99,0,9,Personal blog | Stay positive ✨,Fake
17210,2834,382,0.23,782,44,0,8,Follow for daily inspiration 🌟,Fake
1026,1549,450,3.68,791,29,0,5,Digital nomad living my best life 🌴,Real
20735,4422,344,6.138656805848521,851,63,1,4,Nature lover | Saving the planet 🌍,Real
23641,4357,231,6.6,802,70,0,11,DM for collaborations or inquiries!,Real
53,2349,237,5.885524077475608,371,24,0,7,DM for collaborations or inquiries!,Fake
2106,3233,166,6.57,271,35,0,5,Photographer and content creator 📸,Real
34704,435,38,5.95,448,78,0,7,Check out my website for more updates!,Real
24181,2321,318,5.504336508008205,584,51,1,6,Foodie | Reviews and recipes,Real
45991,1544,196,10.0,290,67,0,9,Follow for daily inspiration 🌟,Real
24999,628,12,6.33,579,57,0,9,Love exploring new places 🌎,Fake
23338,4393,140,2.09,209,40,0,3,Digital nomad living my best life 🌴,Fake
49162,460,446,6.43,4,31,1,11,DM for collaborations or inquiries!,Fake
23202,1985,114,0.93,920,77,0,9,Follow for daily inspiration 🌟,Real
11738,2413,5,7.98,829,83,0,7,Follow for daily inspiration 🌟,Real
35449,2723,375,6.39,223,93,0,3,Aspiring artist | Drawing my dreams,Fake
7590,3019,333,4.954868673524341,335,66,1,1,Check out my website for more updates!,Real
46062,3522,182,5.421125820396296,489,7,1,8,Aspiring artist | Drawing my dreams,Real
9889,299,127,8.6,365,63,0,8,Digital nomad living my best life 🌴,Fake
43980,1809,309,4.22,171,54,0,7,Digital nomad living my best life 🌴,Real
4768,4831,325,3.54,262,11,0,11,Business inquiries? Contact below 👇,Fake
19871,2992,190,8.78,455,39,0,6,Love exploring new places 🌎,Real
15026,4283,92,9.85,563,94,0,5,Aspiring artist | Drawing my dreams,Real
28307,1948,350,4.7,608,9,0,3,Digital nomad living my best life 🌴,Fake
13897,3159,171,5.655353907881292,907,78,1,11,Business inquiries? Contact below 👇,Real
3679,3161,396,2.08,981,93,0,2,Foodie | Reviews and recipes,Real
19396,1035,7,0.74,972,16,1,7,Fitness enthusiast 💪 | Health advocate,Real
25526,3869,284,2.38,306,1,0,3,Sharing moments from my journey,Real
36547,4872,55,6.04,730,52,0,11,Photographer and content creator 📸,Real
39146,1542,481,1.18,371,97,0,7,Aspiring artist | Drawing my dreams,Fake
22086,747,98,3.74,706,44,0,2,Business inquiries? Contact below 👇,Fake
45663,2948,325,5.56,160,84,0,5,Passionate traveler and food lover,Real
24784,4730,247,3.564399701202044,288,79,1,5,Aspiring artist | Drawing my dreams,Real
30958,4330,483,7.88,127,38,0,10,Business inquiries? Contact below 👇,Real
22536,2714,358,3.52,710,46,0,7,Sharing moments from my journey,Real
2397,1983,208,1.46,857,71,0,3,Digital nomad living my best life 🌴,Fake
3334,739,127,6.73,422,80,0,6,Photographer and content creator 📸,Real
18783,2263,296,3.339709214799841,521,50,1,8,Sharing moments from my journey,Real
28073,3010,366,1.8734868649709824,455,0,0,8,DM for collaborations or inquiries!,Real
9400,4320,233,7.86,286,88,1,9,Check out my website for more updates!,Real
18289,3311,299,5.44,533,91,0,7,Aspiring artist | Drawing my dreams,Real
24716,3092,238,9.764381913411537,0,15,0,8,Foodie | Reviews and recipes,Real
37754,3316,421,4.33,573,82,0,4,Love exploring new places 🌎,Fake
12524,2659,477,3.77,948,88,0,6,Aspiring artist | Drawing my dreams,Real
24987,10,231,0.0,260,66,1,6,Follow for daily inspiration 🌟,Real
19662,2693,8,6.1747565439000605,535,55,0,6,Sharing moments from my journey,Fake
24317,2164,418,0.98,666,61,0,6,Passionate traveler and food lover,Real
1634,3944,299,1.53,958,3,1,11,Photographer and content creator 📸,Fake
4568,897,86,6.09,227,66,0,4,Love exploring new places 🌎,Fake
48954,2886,28,2.27,318,65,0,5,Photographer and content creator 📸,Fake
15892,1538,183,2.4992096035533167,525,89,1,11,Follow for daily inspiration 🌟,Fake
36557,2127,368,2.07,395,5,0,4,Business inquiries? Contact below 👇,Fake
23689,480,307,8.795053241886635,728,45,1,4,DM for collaborations or inquiries!,Fake
4640,3709,72,8.8,348,98,0,6,Aspiring artist | Drawing my dreams,Fake
20992,2693,407,1.45,903,0,0,8,Follow for daily inspiration 🌟,Real
35466,3229,262,4.38,659,56,0,8,Fitness enthusiast 💪 | Health advocate,Real
3574,1698,23,4.81,303,65,1,9,Passionate traveler and food lover,Real
24104,1641,402,4.172373970149433,854,54,0,9,Sharing moments from my journey,Real
4459,1398,468,6.85,960,14,0,9,Aspiring artist | Drawing my dreams,Fake
15871,3504,153,9.856778361911664,751,30,1,9,Passionate traveler and food lover,Fake
23006,2442,230,5.910089132642734,999,85,0,9,Entrepreneur & lifestyle blogger,Real
39232,1710,43,0.82,313,60,0,1,Love exploring new places 🌎,Real
33520,2716,122,5.086581898242987,526,48,1,7,Digital nomad living my best life 🌴,Fake
20353,4120,176,6.94,657,45,0,9,DM for collaborations or inquiries!,Real
18917,1871,112,7.31,132,72,0,2,Follow for daily inspiration 🌟,Fake
29818,4927,362,8.45,750,33,0,7,Love exploring new places 🌎,Real
46813,2064,373,4.33,353,86,0,5,Love exploring new places 🌎,Real
19706,3564,378,9.3,6,47,0,10,Follow for daily inspiration 🌟,Real
32604,3643,258,5.78,504,0,0,1,Follow for daily inspiration 🌟,Real
25095,1485,212,9.36,424,15,1,10,Passionate traveler and food lover,Fake
4156,429,19,7.31,319,91,0,3,Aspiring artist | Drawing my dreams,Real
1606,949,275,8.73,896,81,1,5,Nature lover | Saving the planet 🌍,Fake
36658,2478,488,7.49,972,90,0,10,Aspiring artist | Drawing my dreams,Fake
41763,2105,134,8.05,410,35,0,4,Business inquiries? Contact below 👇,Fake
43943,232,354,8.65,383,39,0,10,Passionate traveler and food lover,Fake
128,3078,77,2.09,286,45,0,4,Love exploring new places 🌎,Fake
29725,117,422,1.5588132058643756,342,1,1,11,Foodie | Reviews and recipes,Fake
36553,4999,461,6.858452449281637,256,60,1,7,Passionate traveler and food lover,Real
45739,3648,19,9.99,490,54,0,2,DM for collaborations or inquiries!,Real
45875,934,113,4.83,793,86,0,5,Love exploring new places 🌎,Fake
39504,3848,436,0.59,174,6,0,3,Love exploring new places 🌎,Real
49691,2528,456,5.62,259,58,0,3,Fitness enthusiast 💪 | Health advocate,Fake
14289,4861,53,0.55,452,65,0,4,Check out my website for more updates!,Fake
1806,2347,343,3.9486515436930194,234,22,0,8,Passionate traveler and food lover,Fake
49998,3757,327,4.128525341430018,0,77,0,6,Passionate traveler and food lover,Real
8805,4601,355,5.35,833,37,0,5,Follow for daily inspiration 🌟,Fake
22755,1238,60,4.5,583,79,0,2,Entrepreneur & lifestyle blogger,Fake
13056,1225,228,4.9,501,34,0,9,Aspiring artist | Drawing my dreams,Fake
18871,2790,133,0.63,359,77,0,5,Business inquiries? Contact below 👇,Fake
1407,4689,260,3.57,482,73,0,1,Follow for daily inspiration 🌟,Real
1621,1172,95,8.69,499,9,0,3,Digital nomad living my best life 🌴,Real
36446,265,494,6.306221750790996,496,55,1,7,Passionate traveler and food lover,Real
40599,1959,194,3.80489850092033,891,54,0,8,Business inquiries? Contact below 👇,Fake
37266,493,121,3.094159762112006,499,52,1,11,Business inquiries? Contact below 👇,Fake
32103,1139,4,7.64,267,33,0,10,Love exploring new places 🌎,Real
31710,4517,477,4.27,297,30,0,2,Personal blog | Stay positive ✨,Fake
38802,695,492,9.6,799,87,0,5,Fitness enthusiast 💪 | Health advocate,Fake
11141,3173,20,2.86,337,63,0,6,Follow for daily inspiration 🌟,Fake
47135,1439,438,5.24,953,60,0,6,Sharing moments from my journey,Real
9866,359,190,2.12867438937461,434,38,0,11,Aspiring artist | Drawing my dreams,Fake
25875,3656,422,0.49,833,97,0,9,Digital nomad living my best life 🌴,Real
35313,1755,54,0.08,111,55,0,9,Business inquiries? Contact below 👇,Fake
18226,3745,183,3.5439292431834586,492,43,0,6,Follow for daily inspiration 🌟,Fake
48875,3160,316,6.79,287,27,1,8,Passionate traveler and food lover,Fake
17686,1909,499,6.671147513172285,457,40,0,4,Passionate traveler and food lover,Fake
49262,4070,32,1.35,939,54,0,5,Digital nomad living my best life 🌴,Real
21573,4322,293,3.87,195,68,0,6,Passionate traveler and food lover,Real
37077,2181,351,7.82,954,68,0,7,Fitness enthusiast 💪 | Health advocate,Fake
19837,4511,245,2.984924319025948,439,0,0,7,Entrepreneur & lifestyle blogger,Real
36987,4384,293,0.5362595336326956,132,52,1,4,DM for collaborations or inquiries!,Real
24714,470,50,7.55,895,39,0,2,DM for collaborations or inquiries!,Fake
26940,2125,499,9.42,32,74,0,5,Love exploring new places 🌎,Fake
15831,3827,332,3.731929086864952,0,2,1,7,Check out my website for more updates!,Real
38187,4792,153,5.749176234460513,425,28,1,3,Nature lover | Saving the planet 🌍,Real
28490,729,163,5.6,629,55,0,3,Passionate traveler and food lover,Fake
48497,3321,68,6.86,173,0,0,8,Photographer and content creator 📸,Real
33947,3661,86,9.78,251,10,0,3,Digital nomad living my best life 🌴,Fake
18170,3172,112,6.36,480,88,0,6,Fitness enthusiast 💪 | Health advocate,Real
45235,3362,312,1.42,169,13,0,11,Business inquiries? Contact below 👇,Fake
35139,1979,309,3.9346842864829927,378,78,0,2,DM for collaborations or inquiries!,Real
48188,911,272,5.59,94,75,1,7,DM for collaborations or inquiries!,Fake
49961,4500,427,1.89,531,50,0,2,DM for collaborations or inquiries!,Real
46602,1346,365,7.54,50,37,0,3,Aspiring artist | Drawing my dreams,Real
4732,3387,111,1.55,291,57,0,10,DM for collaborations or inquiries!,Real
8872,218,418,4.9,101,12,0,8,Fitness enthusiast 💪 | Health advocate,Real
29719,2461,49,2.003537611715851,0,35,1,9,Love exploring new places 🌎,Fake
22559,2602,480,5.58,844,26,0,5,Foodie | Reviews and recipes,Real
40437,4476,152,5.0044710503296725,860,23,0,1,Check out my website for more updates!,Real
34072,3723,48,10.0,678,64,1,7,Personal blog | Stay positive ✨,Real
48847,2749,0,10.0,190,38,0,8,Follow for daily inspiration 🌟,Fake
30057,2947,479,7.630746517191437,654,57,1,5,Entrepreneur & lifestyle blogger,Real
37564,528,36,5.1,821,33,0,8,Check out my website for more updates!,Fake
49727,3666,101,4.13,246,58,0,8,Foodie | Reviews and recipes,Fake
28552,4499,130,8.151825247602911,896,78,1,7,Love exploring new places 🌎,Real
27096,2530,477,5.470525071948873,375,28,0,5,DM for collaborations or inquiries!,Fake
15904,126,85,4.06,862,59,0,10,Foodie | Reviews and recipes,Fake
20551,1283,470,5.72,182,73,0,8,Aspiring artist | Drawing my dreams,Real
17164,2768,459,4.638867168157456,525,55,0,1,Sharing moments from my journey,Fake
22299,4886,350,3.62,797,12,0,10,Check out my website for more updates!,Fake
7495,2015,358,7.93,372,46,0,6,Personal blog | Stay positive ✨,Fake
47299,3328,228,6.86,751,57,1,11,DM for collaborations or inquiries!,Fake
39165,3761,392,0.36,154,80,0,6,Love exploring new places 🌎,Fake
49575,3486,438,5.17,427,52,0,4,Business inquiries? Contact below 👇,Fake
39467,4771,330,2.22,490,19,0,4,Foodie | Reviews and recipes,Fake
42871,1216,495,5.53,492,15,1,7,Follow for daily inspiration 🌟,Real
35874,4920,129,4.39,203,21,0,9,Fitness enthusiast 💪 | Health advocate,Real
13574,443,16,1.77,46,11,1,5,Digital nomad living my best life 🌴,Real
22398,10,125,2.465946234408518,712,40,0,1,Nature lover | Saving the planet 🌍,Fake
31815,1094,67,8.23,520,51,0,5,Follow for daily inspiration 🌟,Fake
16308,1761,311,9.33,199,2,0,7,Sharing moments from my journey,Fake
20516,2849,427,5.13,515,97,0,1,Business inquiries? Contact below 👇,Real
1990,4033,379,2.293398141737713,196,25,0,10,Passionate traveler and food lover,Fake
38902,4623,50,3.35,990,90,0,2,Personal blog | Stay positive ✨,Fake
44386,2223,392,9.94,853,34,0,1,Nature lover | Saving the planet 🌍,Fake
8591,1553,466,6.49,918,55,1,9,Love exploring new places 🌎,Fake
41750,1426,444,8.08,854,70,0,8,Aspiring artist | Drawing my dreams,Real
7881,698,437,4.06,995,91,0,7,Love exploring new places 🌎,Fake
2107,4276,58,2.52,785,63,0,4,Nature lover | Saving the planet 🌍,Fake
10946,4839,217,4.48,734,46,0,4,Check out my website for more updates!,Real
23197,2385,18,3.917464558275733,532,48,1,7,Photographer and content creator 📸,Fake
29530,2319,36,1.92,658,8,0,2,DM for collaborations or inquiries!,Real
40445,907,347,2.05,486,99,0,10,Check out my website for more updates!,Real
5844,2697,251,4.03,181,68,0,8,Follow for daily inspiration 🌟,Fake
20917,1708,249,4.388912441649021,863,53,0,7,Passionate traveler and food lover,Fake
3869,147,215,1.19,457,62,0,4,Sharing moments from my journey,Fake
4270,3133,217,6.63,288,34,0,3,DM for collaborations or inquiries!,Fake
24390,412,250,2.27,659,70,0,5,Personal blog | Stay positive ✨,Fake
17334,3317,165,6.4,991,50,0,2,Entrepreneur & lifestyle blogger,Fake
47616,528,253,1.71,7,55,0,11,Foodie | Reviews and recipes,Real
16041,4595,456,8.39,728,42,0,3,Entrepreneur & lifestyle blogger,Real
1704,1839,152,0.08,781,83,0,5,DM for collaborations or inquiries!,Fake
17920,1000,79,1.11,103,97,0,10,Fitness enthusiast 💪 | Health advocate,Fake
11679,779,234,9.67,673,15,0,9,Nature lover | Saving the planet 🌍,Real
27783,2495,17,1.39,586,8,1,5,DM for collaborations or inquiries!,Real
45765,4538,283,0.11,179,88,0,10,Entrepreneur & lifestyle blogger,Fake
29320,2076,483,4.27,897,18,0,4,Nature lover | Saving the planet 🌍,Fake
7082,2843,0,0.0,0,44,0,8,Fitness enthusiast 💪 | Health advocate,Real
49234,4468,307,2.04,514,31,0,8,Business inquiries? Contact below 👇,Real
21699,4433,360,4.82,822,51,0,7,Foodie | Reviews and recipes,Fake
9862,548,339,0.43,404,38,0,9,Sharing moments from my journey,Real
22705,3695,325,7.034964060794398,405,65,1,9,Follow for daily inspiration 🌟,Fake
30699,1999,329,5.408128276798367,606,65,1,6,Nature lover | Saving the planet 🌍,Real
30032,779,115,9.26,928,1,0,7,Check out my website for more updates!,Real
29704,1405,360,2.391503987445938,131,19,1,8,Foodie | Reviews and recipes,Fake
49998,12,121,5.63002030251683,999,11,1,6,Fitness enthusiast 💪 | Health advocate,Real
9221,3802,252,7.31,168,52,1,6,Passionate traveler and food lover,Real
16283,3286,64,3.815672547433248,259,99,1,7,Aspiring artist | Drawing my dreams,Real
5324,4220,232,1.13,260,9,0,7,Aspiring artist | Drawing my dreams,Fake
31381,848,338,1.58,603,94,0,7,Photographer and content creator 📸,Fake
5941,4093,433,3.28,151,77,0,9,Entrepreneur & lifestyle blogger,Fake
14745,3365,499,4.2398410021879664,758,24,1,6,Passionate traveler and food lover,Real
10543,860,140,2.26,173,95,0,9,Entrepreneur & lifestyle blogger,Real
38220,3199,20,4.077084815899108,675,95,1,10,Business inquiries? Contact below 👇,Fake
38771,3717,475,8.69,869,12,0,3,Love exploring new places 🌎,Fake
3869,4345,175,4.23,779,42,0,6,Entrepreneur & lifestyle blogger,Real
30031,4214,199,6.402301864539693,190,67,0,3,Love exploring new places 🌎,Fake
22132,2831,68,0.44,791,23,0,6,DM for collaborations or inquiries!,Real
32275,4648,77,0.22,94,45,0,8,DM for collaborations or inquiries!,Fake
30363,4999,499,2.846600217994442,921,76,0,8,Digital nomad living my best life 🌴,Real
35540,2473,238,5.81,139,11,0,7,DM for collaborations or inquiries!,Fake
46880,3427,369,7.33,479,28,0,3,Sharing moments from my journey,Fake
303,3332,280,4.29,836,61,0,8,Aspiring artist | Drawing my dreams,Real
30055,1578,158,4.072051232570083,263,22,1,8,DM for collaborations or inquiries!,Fake
25544,740,412,8.314522394028877,327,47,0,5,Passionate traveler and food lover,Fake
9208,3083,376,9.32,453,34,0,7,Foodie | Reviews and recipes,Real
19127,4579,276,4.35,3,69,0,2,Fitness enthusiast 💪 | Health advocate,Real
36490,952,211,2.23,877,17,0,6,Fitness enthusiast 💪 | Health advocate,Real
33857,4716,354,1.92,61,30,1,3,Business inquiries? Contact below 👇,Real
19747,2780,217,3.5056294666738417,767,0,0,11,Photographer and content creator 📸,Fake
46311,2930,58,3.67,395,40,0,2,Foodie | Reviews and recipes,Real
4456,4732,446,6.26,993,97,0,4,Aspiring artist | Drawing my dreams,Real
27117,1768,208,10.0,401,4,1,6,DM for collaborations or inquiries!,Fake
7352,4796,468,7.72,898,49,0,8,Love exploring new places 🌎,Fake
30443,10,499,9.472020588096171,999,73,0,6,Follow for daily inspiration 🌟,Real
40012,3467,119,1.18,593,70,0,2,Photographer and content creator 📸,Fake
32050,2019,370,3.87,333,6,0,3,Sharing moments from my journey,Fake
13081,820,240,2.26,581,94,0,9,Personal blog | Stay positive ✨,Real
41999,633,10,1.58,318,84,0,5,Photographer and content creator 📸,Fake
18092,10,332,0.1332000425705528,203,25,0,5,Sharing moments from my journey,Fake
30277,3055,199,0.0,800,37,1,7,Sharing moments from my journey,Fake
11012,10,439,3.23,131,15,0,7,Personal blog | Stay positive ✨,Real
21373,10,205,9.506603725883476,338,43,0,8,Digital nomad living my best life 🌴,Fake
14183,2152,139,6.240207347373406,458,18,1,4,DM for collaborations or inquiries!,Real
43178,4812,10,7.17,482,13,0,2,Nature lover | Saving the planet 🌍,Fake
14211,3265,440,5.93,92,27,0,1,Sharing moments from my journey,Fake
33678,2828,430,8.57,98,82,0,2,Follow for daily inspiration 🌟,Real
47166,1013,244,0.54,992,62,0,3,Business inquiries? Contact below 👇,Real
20471,2904,332,6.411756293217527,646,0,1,9,Follow for daily inspiration 🌟,Fake
28862,1986,12,8.03,804,33,0,10,Photographer and content creator 📸,Real
22524,1953,199,9.553825743582856,517,71,0,3,Fitness enthusiast 💪 | Health advocate,Real
39080,3338,67,8.89,722,53,0,8,Digital nomad living my best life 🌴,Fake
19400,1390,344,6.856544512878655,370,78,0,1,Digital nomad living my best life 🌴,Fake
49255,1997,353,0.0,443,57,0,7,Aspiring artist | Drawing my dreams,Real
3889,1165,109,2.59,773,24,0,3,Sharing moments from my journey,Real
14496,2597,126,5.18,951,84,0,4,Nature lover | Saving the planet 🌍,Fake
45594,4205,83,5.57,364,72,0,6,Personal blog | Stay positive ✨,Fake
15964,1982,222,2.822324733779764,543,14,1,10,Photographer and content creator 📸,Real
24411,1921,334,2.8805494990140432,741,81,1,9,DM for collaborations or inquiries!,Real
15701,2540,407,1.06,402,10,0,10,Personal blog | Stay positive ✨,Fake
1135,1684,200,2.694920199853612,754,99,1,11,Sharing moments from my journey,Real
30997,2120,187,7.24,446,84,0,5,Digital nomad living my best life 🌴,Real
17840,3635,286,1.26,941,5,0,10,Personal blog | Stay positive ✨,Real
7584,4859,145,6.071174079173621,999,85,0,10,Check out my website for more updates!,Real
25960,4051,169,0.72,349,25,0,4,Fitness enthusiast 💪 | Health advocate,Fake
25500,1256,486,8.94,262,29,1,11,DM for collaborations or inquiries!,Fake
49119,4495,100,3.39,286,59,0,9,Business inquiries? Contact below 👇,Fake
4905,1084,170,8.8,795,45,1,9,Check out my website for more updates!,Real
24337,2769,497,3.15,538,24,0,7,Aspiring artist | Drawing my dreams,Real
46922,4881,499,9.52,937,84,0,2,Fitness enthusiast 💪 | Health advocate,Fake
15251,1181,498,1.1,47,79,0,7,Entrepreneur & lifestyle blogger,Real
15299,4982,53,4.54,700,71,0,3,DM for collaborations or inquiries!,Fake
46794,3893,26,4.15,639,10,0,9,Fitness enthusiast 💪 | Health advocate,Real
29003,2311,182,0.28,992,42,1,10,Personal blog | Stay positive ✨,Real
27527,2734,213,4.032917127824538,693,18,0,5,Entrepreneur & lifestyle blogger,Fake
41519,903,0,4.3588124273061,675,23,0,5,Passionate traveler and food lover,Real
25513,10,166,0.9405063930825834,691,99,0,1,Fitness enthusiast 💪 | Health advocate,Fake
32603,2469,307,8.17,280,29,0,3,Check out my website for more updates!,Fake
36339,1082,234,6.7995809061989485,168,67,1,6,Follow for daily inspiration 🌟,Real
25337,1945,6,1.27,306,84,0,9,Digital nomad living my best life 🌴,Fake
29500,10,291,6.273160530859674,999,35,1,9,Digital nomad living my best life 🌴,Fake
39471,1965,373,4.25,953,78,0,10,Personal blog | Stay positive ✨,Fake
44763,2871,435,5.99,543,40,0,6,Sharing moments from my journey,Real
24928,2351,427,9.42,209,56,0,8,Follow for daily inspiration 🌟,Fake
43509,1707,132,1.8,18,5,1,9,Follow for daily inspiration 🌟,Fake
19888,2147,358,8.519119702638722,40,42,1,9,Entrepreneur & lifestyle blogger,Fake
358,2741,10,5.97,218,18,0,9,DM for collaborations or inquiries!,Real
42496,1257,206,3.05,149,87,0,6,Photographer and content creator 📸,Real
47500,243,453,4.98,151,43,0,6,Love exploring new places 🌎,Real
28201,917,343,5.8,3,71,1,10,Business inquiries? Contact below 👇,Real
13330,2665,181,0.1651299674035016,184,55,0,5,Photographer and content creator 📸,Fake
29094,3555,310,2.22,524,8,0,3,Follow for daily inspiration 🌟,Real
37015,2785,137,9.221972325516392,267,8,1,3,Aspiring artist | Drawing my dreams,Fake
6728,3114,245,3.64,389,58,1,4,Love exploring new places 🌎,Real
2641,2252,333,2.2,118,52,0,10,Foodie | Reviews and recipes,Real
53,2560,451,3.1221361437805792,397,57,1,10,Follow for daily inspiration 🌟,Fake
28651,1757,155,4.19,311,20,0,6,Love exploring new places 🌎,Real
169,3063,275,9.71,638,26,1,5,Digital nomad living my best life 🌴,Real
27261,3181,161,9.83,105,70,0,6,Check out my website for more updates!,Real
9057,3707,478,3.04,642,48,0,10,Aspiring artist | Drawing my dreams,Fake
49998,2801,413,5.356754853352818,252,8,0,9,Foodie | Reviews and recipes,Real
8436,547,337,2.15,125,60,0,8,Entrepreneur & lifestyle blogger,Real
26863,4490,101,0.27,930,20,0,2,Business inquiries? Contact below 👇,Real
12434,4601,254,4.84,358,24,0,1,Personal blog | Stay positive ✨,Fake
8811,2086,157,2.992890921820107,273,49,1,5,Fitness enthusiast 💪 | Health advocate,Real
17156,3638,366,9.49711400201085,331,4,0,6,Follow for daily inspiration 🌟,Real
24492,260,310,4.9,30,84,0,5,Aspiring artist | Drawing my dreams,Fake
30470,3057,45,2.95,384,32,0,10,Personal blog | Stay positive ✨,Real
17441,3955,149,9.06,975,29,0,2,Fitness enthusiast 💪 | Health advocate,Real
34716,3040,388,8.54,817,15,1,9,Nature lover | Saving the planet 🌍,Fake
24001,3312,16,4.11,17,20,0,9,Foodie | Reviews and recipes,Fake
21566,1347,158,5.96,58,96,0,3,Nature lover | Saving the planet 🌍,Fake
32027,1283,370,1.35,159,89,0,4,Nature lover | Saving the planet 🌍,Fake
9352,2846,268,2.07,446,90,0,7,Business inquiries? Contact below 👇,Fake
33291,1854,71,9.97,419,24,0,9,Check out my website for more updates!,Fake
22683,1545,233,2.2989965911696437,269,0,1,5,Photographer and content creator 📸,Real
22645,882,221,3.273083753836717,0,56,0,10,Passionate traveler and food lover,Fake
39508,1964,284,4.46,150,32,0,11,Aspiring artist | Drawing my dreams,Fake
46114,1202,159,5.74,643,73,0,4,Follow for daily inspiration 🌟,Fake
463,1607,164,5.69,934,20,0,9,Aspiring artist | Drawing my dreams,Real
42195,2566,372,2.35,421,10,0,6,Photographer and content creator 📸,Fake
5488,4010,373,3.64,575,73,0,2,Foodie | Reviews and recipes,Fake
19244,2949,0,6.186344042511601,353,31,0,7,DM for collaborations or inquiries!,Real
40741,4035,215,0.05,130,84,0,4,Sharing moments from my journey,Fake
40774,4980,445,9.23,8,36,0,2,Fitness enthusiast 💪 | Health advocate,Fake
48041,4604,428,7.05,192,49,0,6,Aspiring artist | Drawing my dreams,Fake
13600,3893,447,9.39,670,1,0,2,Business inquiries? Contact below 👇,Real
31506,753,21,0.12,973,62,0,6,DM for collaborations or inquiries!,Fake
4064,2736,200,4.11,177,60,0,7,Follow for daily inspiration 🌟,Real
16526,4114,130,3.06,945,96,0,8,Nature lover | Saving the planet 🌍,Fake
38231,4920,484,7.21,235,25,0,3,Check out my website for more updates!,Real
7861,1444,286,2.91,832,38,0,2,Sharing moments from my journey,Real
21348,2571,259,9.15,280,34,0,11,Love exploring new places 🌎,Fake
14020,2500,281,6.227321954882696,366,41,0,4,Passionate traveler and food lover,Real
25890,3777,373,3.51,339,69,1,5,DM for collaborations or inquiries!,Real
9751,3570,41,1.98,262,61,0,4,Sharing moments from my journey,Fake
9831,4765,360,2.1,799,10,0,4,Follow for daily inspiration 🌟,Fake
49611,3380,425,0.84,430,5,0,3,Digital nomad living my best life 🌴,Fake
19607,3742,386,1.4717336997222712,769,64,1,5,Love exploring new places 🌎,Fake
36254,685,253,4.45,836,34,1,8,Love exploring new places 🌎,Fake
16231,1595,486,6.75,933,83,1,2,Love exploring new places 🌎,Fake
34603,760,243,9.57606290925364,536,92,0,5,Nature lover | Saving the planet 🌍,Real
10275,889,316,6.21,172,98,0,4,DM for collaborations or inquiries!,Fake
53,508,149,6.011474314308518,657,83,1,7,Aspiring artist | Drawing my dreams,Fake
8989,1937,139,9.6,883,32,0,5,Fitness enthusiast 💪 | Health advocate,Real
36048,3961,362,6.04,948,94,0,6,Aspiring artist | Drawing my dreams,Fake
33092,2509,400,0.8,161,87,0,5,Follow for daily inspiration 🌟,Fake
21199,3604,31,2.5791643574523904,0,99,1,5,Passionate traveler and food lover,Real
32464,2542,341,4.02,451,18,0,9,Personal blog | Stay positive ✨,Real
29618,2941,284,9.25887991428212,580,86,0,11,Sharing moments from my journey,Real
6815,2497,28,4.970270242138349,943,59,1,8,Fitness enthusiast 💪 | Health advocate,Real
1945,2750,139,8.7,849,34,0,11,Fitness enthusiast 💪 | Health advocate,Fake
25154,457,176,9.89,463,31,1,8,Love exploring new places 🌎,Fake
6713,1304,228,3.390644019000085,557,40,1,2,Sharing moments from my journey,Real
28431,1896,337,8.21,340,38,0,4,Nature lover | Saving the planet 🌍,Real
37930,3681,270,0.0,555,23,0,6,Fitness enthusiast 💪 | Health advocate,Fake
21498,2296,292,3.0,100,93,0,10,Follow for daily inspiration 🌟,Fake
13453,4773,245,0.91,12,85,1,6,Personal blog | Stay positive ✨,Real
1353,4999,96,1.5762469534689236,496,77,0,5,Love exploring new places 🌎,Real
9566,10,310,5.767642176700926,239,30,1,5,Follow for daily inspiration 🌟,Fake
7053,1849,221,9.249481302764444,472,97,1,6,Nature lover | Saving the planet 🌍,Fake
40447,628,225,4.91,316,8,0,10,Digital nomad living my best life 🌴,Fake
30692,2469,176,2.59,299,54,0,5,Aspiring artist | Drawing my dreams,Real
1018,172,160,0.19,131,9,0,8,Personal blog | Stay positive ✨,Fake
243,10,183,8.521833228513625,688,97,0,1,Digital nomad living my best life 🌴,Real
18361,2930,326,5.59,670,3,0,4,Nature lover | Saving the planet 🌍,Real
27317,10,302,2.23535222212466,786,61,0,2,Entrepreneur & lifestyle blogger,Fake
49998,3534,48,4.215262832921778,925,60,1,6,Foodie | Reviews and recipes,Real
21204,3818,242,2.37,994,22,0,2,Aspiring artist | Drawing my dreams,Fake
49998,3504,50,4.490064015899923,390,87,0,2,Digital nomad living my best life 🌴,Fake
6095,1926,153,5.57756718067002,264,26,0,2,Check out my website for more updates!,Fake
3677,953,288,7.63,307,79,0,7,Personal blog | Stay positive ✨,Fake
32666,3834,105,7.49,313,17,0,8,Digital nomad living my best life 🌴,Fake
9795,333,287,5.05,782,75,0,6,Check out my website for more updates!,Real
17376,2092,158,7.02,529,3,0,11,Fitness enthusiast 💪 | Health advocate,Fake
16575,1752,313,3.501873959152942,39,22,0,10,Check out my website for more updates!,Real
10823,4706,381,3.41,265,2,0,7,Sharing moments from my journey,Real
29154,2993,281,0.4521972587024967,62,57,1,8,DM for collaborations or inquiries!,Real
23613,1408,359,9.58,522,45,0,1,Aspiring artist | Drawing my dreams,Fake
37738,1694,290,1.2868128413211637,524,15,1,10,DM for collaborations or inquiries!,Fake
28670,302,36,8.490650597603242,793,60,0,7,Nature lover | Saving the planet 🌍,Fake
31855,2942,0,1.3394231525260998,0,9,1,11,Photographer and content creator 📸,Fake
25254,114,222,7.482000857987417,798,16,0,6,DM for collaborations or inquiries!,Fake
41289,2468,489,6.44,170,89,0,8,Follow for daily inspiration 🌟,Real
43404,2633,121,5.081951103586141,415,37,0,4,Nature lover | Saving the planet 🌍,Fake
24495,122,58,6.22,201,57,0,5,Foodie | Reviews and recipes,Real
41746,165,195,2.51,448,71,0,4,Photographer and content creator 📸,Real
27912,3145,271,3.35,138,89,0,10,Aspiring artist | Drawing my dreams,Real
53,2707,323,6.158050733025641,835,5,0,8,DM for collaborations or inquiries!,Real
16157,2471,226,7.705579685943615,304,57,0,11,Fitness enthusiast 💪 | Health advocate,Real
4778,4575,382,8.84,922,39,0,11,Fitness enthusiast 💪 | Health advocate,Fake
39844,4247,118,0.8,891,48,0,2,Entrepreneur & lifestyle blogger,Real
44021,1401,174,0.62,4,15,0,6,Passionate traveler and food lover,Fake
7169,4446,332,4.3143529713367,420,20,0,6,Check out my website for more updates!,Real
14732,4959,157,0.53,581,68,0,6,Aspiring artist | Drawing my dreams,Fake
41763,1401,79,5.379658706238633,783,99,1,2,Foodie | Reviews and recipes,Fake
32984,51,0,1.8201376634055677,351,19,0,11,Photographer and content creator 📸,Real
10083,4414,217,9.89,107,96,0,8,Digital nomad living my best life 🌴,Fake
32236,3991,400,3.1025345847536,290,99,0,7,Follow for daily inspiration 🌟,Real
8342,2615,71,7.84,431,63,0,5,Nature lover | Saving the planet 🌍,Fake
44432,3994,84,5.87,446,2,0,8,Love exploring new places 🌎,Fake
19513,17,327,2.21,471,71,0,3,Fitness enthusiast 💪 | Health advocate,Real
32605,1924,30,7.51,941,36,0,8,Personal blog | Stay positive ✨,Fake
28432,618,337,6.462337225386182,172,10,0,8,Digital nomad living my best life 🌴,Fake
25366,4250,116,3.274239616625949,0,28,1,8,Entrepreneur & lifestyle blogger,Real
53,2122,62,6.023255970881721,773,30,1,8,Follow for daily inspiration 🌟,Fake
21999,3704,463,5.289111747585336,289,35,0,1,Personal blog | Stay positive ✨,Real
34353,3477,104,8.36,409,22,0,2,Entrepreneur & lifestyle blogger,Fake
35836,4535,119,4.68,829,28,0,3,Fitness enthusiast 💪 | Health advocate,Fake
11550,2017,153,6.69895175745167,685,7,0,3,DM for collaborations or inquiries!,Real
15031,2886,442,2.67,296,19,0,6,Fitness enthusiast 💪 | Health advocate,Real
32990,500,480,3.09,346,58,0,9,Personal blog | Stay positive ✨,Real
45278,3282,302,4.251477537060287,999,57,1,8,Nature lover | Saving the planet 🌍,Fake
33318,1495,142,2.06,450,11,1,8,Aspiring artist | Drawing my dreams,Fake
25403,17,30,7.19,307,21,0,5,Fitness enthusiast 💪 | Health advocate,Real
21994,3778,195,2.96,956,54,0,11,Follow for daily inspiration 🌟,Real
26258,3967,269,1.2126732459112284,397,2,0,3,Digital nomad living my best life 🌴,Fake
21269,4258,430,0.26,265,63,0,4,Foodie | Reviews and recipes,Real
15419,954,141,4.413653796097795,310,33,1,9,Business inquiries? Contact below 👇,Fake
46580,2632,354,1.71,560,90,0,8,Personal blog | Stay positive ✨,Real
10814,611,478,1.06,904,88,0,4,Check out my website for more updates!,Fake
2697,1702,421,2.77,701,38,0,8,Digital nomad living my best life 🌴,Real
36749,3235,395,8.65,691,33,0,7,Aspiring artist | Drawing my dreams,Fake
44286,4266,131,1.74,768,98,0,8,Foodie | Reviews and recipes,Real
36508,3205,264,3.68,133,96,1,11,Love exploring new places 🌎,Fake
47703,1350,1,5.56,354,48,0,6,DM for collaborations or inquiries!,Fake
42906,945,295,6.12,158,12,0,1,Check out my website for more updates!,Fake
527,2215,227,9.5,92,0,0,9,Personal blog | Stay positive ✨,Fake
39168,3033,264,6.7,841,95,0,9,Aspiring artist | Drawing my dreams,Real
47980,3968,443,7.81,205,10,0,10,DM for collaborations or inquiries!,Fake
46813,4408,457,10.0,527,60,1,1,Entrepreneur & lifestyle blogger,Fake
8066,330,333,0.0,815,99,1,8,Fitness enthusiast 💪 | Health advocate,Fake
39086,932,360,8.81,85,42,0,2,Nature lover | Saving the planet 🌍,Real
12983,4573,438,9.977255836505911,607,32,1,5,Aspiring artist | Drawing my dreams,Real
25773,956,0,2.959197780786676,439,59,1,8,Personal blog | Stay positive ✨,Real
1009,2014,138,7.7,535,11,1,1,Business inquiries? Contact below 👇,Fake
15123,299,80,2.35,293,45,0,2,Photographer and content creator 📸,Fake
29114,2441,499,9.813436168989972,538,21,0,9,Entrepreneur & lifestyle blogger,Fake
21090,3519,68,1.74,29,98,0,2,DM for collaborations or inquiries!,Real
53,1753,58,8.043439189436967,577,87,1,6,Check out my website for more updates!,Real
28232,4871,334,9.63,893,93,0,4,Passionate traveler and food lover,Fake
19919,2158,496,6.416020307701003,379,66,1,7,Digital nomad living my best life 🌴,Real
36679,2398,56,0.53518655911481,532,83,0,6,DM for collaborations or inquiries!,Real
45350,1625,140,6.554250074281635,637,62,1,5,Foodie | Reviews and recipes,Fake
24081,1176,53,7.1,721,88,0,7,Check out my website for more updates!,Real
36834,10,70,2.5043775759963505,491,3,1,11,Fitness enthusiast 💪 | Health advocate,Real
22227,874,412,6.73,234,95,0,10,Digital nomad living my best life 🌴,Fake
29594,2201,147,7.81,299,85,0,9,Foodie | Reviews and recipes,Fake
48426,425,66,1.32,944,72,0,8,Sharing moments from my journey,Real
4960,1086,183,5.56,162,58,0,8,Digital nomad living my best life 🌴,Real
34784,2020,147,4.133327005618302,753,43,1,7,Business inquiries? Contact below 👇,Fake
15760,345,471,5.31,81,60,0,4,Entrepreneur & lifestyle blogger,Real
22120,2958,461,0.73,276,71,0,2,Follow for daily inspiration 🌟,Fake
20543,1251,79,0.15,84,47,0,3,Foodie | Reviews and recipes,Fake
10799,3179,276,7.180755182660063,471,99,1,1,Nature lover | Saving the planet 🌍,Fake
23478,3848,319,7.7,280,90,0,6,Nature lover | Saving the planet 🌍,Real
1445,1451,465,5.13,367,89,0,5,Nature lover | Saving the planet 🌍,Fake
30688,2589,243,0.18,847,1,0,7,Check out my website for more updates!,Real
21513,1358,484,3.4,12,45,0,5,Entrepreneur & lifestyle blogger,Fake
21001,4575,216,1.94,935,34,0,9,DM for collaborations or inquiries!,Real
16961,4896,264,1.37,242,55,0,10,Entrepreneur & lifestyle blogger,Fake
34989,580,203,6.9,795,82,1,7,Aspiring artist | Drawing my dreams,Fake
42393,4229,127,0.32,494,11,0,2,Check out my website for more updates!,Real
2515,3245,251,2.976018851508629,302,58,1,3,Business inquiries? Contact below 👇,Real
18302,1914,287,4.694190893003591,556,77,1,9,Love exploring new places 🌎,Real
37126,2304,135,6.06,861,38,0,3,Check out my website for more updates!,Real
46570,2026,231,4.778814545609082,377,0,1,11,Foodie | Reviews and recipes,Real
166,4101,300,2.55,503,67,0,4,Nature lover | Saving the planet 🌍,Fake
49998,1750,101,1.7692489478161413,487,0,0,9,Love exploring new places 🌎,Real
33141,4150,244,6.3,725,67,0,10,Personal blog | Stay positive ✨,Fake
11664,2311,257,4.312638693339156,173,99,1,4,Entrepreneur & lifestyle blogger,Fake
24192,4651,268,5.609903773299466,544,49,1,10,Photographer and content creator 📸,Fake
33470,2047,499,7.283462444052207,646,25,1,9,Personal blog | Stay positive ✨,Real
5918,4194,22,2.05,425,2,0,5,Entrepreneur & lifestyle blogger,Fake
27804,2833,376,0.0,577,48,1,6,Follow for daily inspiration 🌟,Fake
49469,1604,184,2.651754092156251,428,21,1,7,Fitness enthusiast 💪 | Health advocate,Fake
27031,3562,81,6.47,915,38,1,5,Photographer and content creator 📸,Fake
5767,3026,166,6.21,782,89,0,10,Foodie | Reviews and recipes,Fake
8936,1815,159,3.52,980,59,0,10,Love exploring new places 🌎,Real
8434,2815,421,4.19568898708857,983,99,1,3,Personal blog | Stay positive ✨,Real
15652,2515,496,9.85,158,55,0,7,DM for collaborations or inquiries!,Fake
15407,3423,254,6.865835734657819,173,39,0,5,DM for collaborations or inquiries!,Fake
22368,1544,131,6.54,320,45,0,10,Entrepreneur & lifestyle blogger,Real
31213,10,366,3.9828067863185663,643,39,1,11,Love exploring new places 🌎,Fake
41940,4876,376,3.0,770,80,0,10,Fitness enthusiast 💪 | Health advocate,Real
6422,1536,492,5.76,704,1,1,3,Love exploring new places 🌎,Real
53,2285,0,5.103048730205431,603,50,0,5,Photographer and content creator 📸,Fake
36643,4670,177,0.0,221,40,0,7,Aspiring artist | Drawing my dreams,Fake
21124,2117,61,0.8,633,4,0,2,Entrepreneur & lifestyle blogger,Real
9156,4274,415,2.6009009235119502,810,44,0,1,DM for collaborations or inquiries!,Fake
20616,1931,229,7.738737019917282,213,9,1,7,Business inquiries? Contact below 👇,Real
12549,3942,436,8.03,505,26,0,7,Check out my website for more updates!,Fake
22007,46,322,4.01,789,17,0,8,Sharing moments from my journey,Real
29624,3449,281,2.55,665,28,0,2,Personal blog | Stay positive ✨,Fake
31664,3206,158,1.57,424,79,0,1,Foodie | Reviews and recipes,Fake
42597,1701,357,7.51,485,93,0,3,DM for collaborations or inquiries!,Fake
44504,1785,79,1.67,376,40,0,10,Personal blog | Stay positive ✨,Fake
43671,3860,399,3.28,602,6,0,10,Entrepreneur & lifestyle blogger,Real
46342,4340,453,6.15,450,13,0,7,DM for collaborations or inquiries!,Fake
32224,1129,467,8.070196044371471,261,80,1,7,Aspiring artist | Drawing my dreams,Fake
32068,96,464,3.03,943,75,0,1,Personal blog | Stay positive ✨,Fake
36500,2701,487,9.65,363,63,0,6,Follow for daily inspiration 🌟,Fake
35368,4662,182,4.35,97,4,0,5,Passionate traveler and food lover,Real
23961,10,430,3.388818507415244,120,0,1,5,Aspiring artist | Drawing my dreams,Real
24739,1874,339,5.640290381719347,483,58,1,4,Fitness enthusiast 💪 | Health advocate,Fake
18750,3592,422,3.82,141,3,0,10,Love exploring new places 🌎,Real
13989,1961,15,1.71,75,76,0,5,DM for collaborations or inquiries!,Real
21503,1736,117,4.21,70,30,0,9,Photographer and content creator 📸,Real
31811,3274,229,9.4,622,96,0,6,Love exploring new places 🌎,Real
16439,3775,246,7.37,625,67,0,11,Foodie | Reviews and recipes,Fake
48134,4131,179,5.68,613,92,0,3,Passionate traveler and food lover,Fake
36357,4836,448,0.95,901,76,0,3,Business inquiries? Contact below 👇,Real
14386,2994,101,5.121641617903446,714,13,1,3,Entrepreneur & lifestyle blogger,Real
43843,2520,159,7.66,102,41,0,5,Fitness enthusiast 💪 | Health advocate,Fake
9951,395,132,8.77,403,79,0,8,Check out my website for more updates!,Real
18870,3977,491,7.027766656937903,792,30,0,10,Fitness enthusiast 💪 | Health advocate,Fake
35964,772,155,6.323822718479754,583,42,0,4,Check out my website for more updates!,Real
8817,2057,70,3.3516597462268045,759,36,0,6,Fitness enthusiast 💪 | Health advocate,Real
46529,3121,251,5.118340542346255,999,43,0,6,Fitness enthusiast 💪 | Health advocate,Fake
48259,1239,459,0.56,32,94,0,4,Personal blog | Stay positive ✨,Real
19121,292,475,6.602524718100393,646,84,1,10,DM for collaborations or inquiries!,Real
16005,1841,306,2.033176300278586,481,33,0,4,Personal blog | Stay positive ✨,Real
14062,1905,89,10.0,617,47,0,3,Personal blog | Stay positive ✨,Real
34195,4866,4,8.125189405222311,745,55,0,6,Follow for daily inspiration 🌟,Fake
35197,3796,451,2.94,294,48,0,7,Nature lover | Saving the planet 🌍,Real
21679,2904,185,5.01,246,98,0,1,Business inquiries? Contact below 👇,Fake
14557,743,62,9.74,957,7,0,4,Business inquiries? Contact below 👇,Real
10926,609,19,5.73,128,76,0,3,Foodie | Reviews and recipes,Real
18670,1959,209,2.721868662610008,608,65,0,2,DM for collaborations or inquiries!,Fake
9055,2766,38,7.43385016268205,462,46,0,4,Nature lover | Saving the planet 🌍,Fake
34569,2478,377,5.008998936826654,521,66,0,10,Photographer and content creator 📸,Fake
40137,4910,300,0.34,750,2,0,11,Nature lover | Saving the planet 🌍,Fake
46155,2400,171,8.27,71,37,0,4,Business inquiries? Contact below 👇,Fake
34088,2774,224,5.860844876838439,984,25,1,6,Foodie | Reviews and recipes,Fake
17352,3808,11,3.77,143,12,0,10,DM for collaborations or inquiries!,Real
5880,1696,255,10.0,514,91,0,8,Business inquiries? Contact below 👇,Fake
34271,3992,165,0.5425007529221819,376,0,1,5,DM for collaborations or inquiries!,Fake
5967,2957,148,4.64,817,85,0,4,Sharing moments from my journey,Real
27256,4858,143,0.22,973,70,0,10,Personal blog | Stay positive ✨,Real
38314,2136,377,9.143208341122442,65,46,0,8,Sharing moments from my journey,Fake
35919,2544,188,2.25,600,45,0,7,DM for collaborations or inquiries!,Real
4977,3718,140,3.81,966,99,0,4,Entrepreneur & lifestyle blogger,Real
22914,3880,24,4.04,238,43,0,6,Business inquiries? Contact below 👇,Real
17098,4651,498,7.62,147,62,0,5,Aspiring artist | Drawing my dreams,Real
33691,3362,315,1.7244114892435607,999,99,1,5,Entrepreneur & lifestyle blogger,Fake
822,1467,200,6.91,720,50,0,4,Foodie | Reviews and recipes,Fake
17037,3890,221,3.29,113,9,0,8,Digital nomad living my best life 🌴,Fake
10401,4958,305,3.89,294,27,0,7,Personal blog | Stay positive ✨,Real
19028,10,200,8.343873835410813,722,0,1,5,Business inquiries? Contact below 👇,Real
33916,3323,7,3.46,72,36,0,9,Business inquiries? Contact below 👇,Fake
27788,1669,233,10.0,700,36,0,4,Aspiring artist | Drawing my dreams,Fake
22243,4493,330,9.71,277,55,0,4,Follow for daily inspiration 🌟,Fake
30678,10,141,6.444939313734379,335,43,1,11,Business inquiries? Contact below 👇,Fake
12650,1376,124,3.550576253389357,629,46,1,4,Digital nomad living my best life 🌴,Real
46907,3123,286,0.0,483,41,0,6,DM for collaborations or inquiries!,Fake
17627,3894,113,9.06,776,25,0,3,Fitness enthusiast 💪 | Health advocate,Real
5605,291,422,6.47,740,75,0,6,Sharing moments from my journey,Fake
12452,1818,293,6.44,804,22,0,10,Entrepreneur & lifestyle blogger,Fake
34777,128,153,9.92,370,17,0,11,Foodie | Reviews and recipes,Fake
14377,2763,193,7.642461438953365,185,81,1,4,Foodie | Reviews and recipes,Real
30438,3723,109,9.88,999,57,0,8,Check out my website for more updates!,Fake
8657,3725,335,0.07,119,68,0,10,Photographer and content creator 📸,Real
34518,2831,478,3.98,647,0,0,6,Love exploring new places 🌎,Real
34353,1674,499,10.0,403,57,0,11,Fitness enthusiast 💪 | Health advocate,Fake
6991,3299,214,1.12,114,19,1,4,Foodie | Reviews and recipes,Fake
46726,1761,353,7.88,786,2,0,6,Digital nomad living my best life 🌴,Fake
47244,3853,438,1.71,141,80,0,1,Entrepreneur & lifestyle blogger,Fake
10989,3404,428,5.399613628239135,692,49,1,3,Aspiring artist | Drawing my dreams,Real
19961,1122,315,2.93,615,15,0,5,Passionate traveler and food lover,Real
8637,157,382,0.71,399,92,0,2,Nature lover | Saving the planet 🌍,Real
25729,3717,375,6.37,167,53,0,11,Passionate traveler and food lover,Fake
42131,4433,349,2.77,646,49,0,10,DM for collaborations or inquiries!,Real
43452,3630,434,7.56,643,35,0,6,Fitness enthusiast 💪 | Health advocate,Fake
16301,2676,196,9.25,937,33,1,9,Aspiring artist | Drawing my dreams,Fake
672,4999,209,2.48613774651068,470,9,0,6,Follow for daily inspiration 🌟,Real
26862,4616,387,2.6731404876299893,736,40,0,7,Entrepreneur & lifestyle blogger,Fake
48435,4019,238,9.17,860,64,0,2,Check out my website for more updates!,Fake
39743,3865,130,0.4,484,12,0,9,Business inquiries? Contact below 👇,Fake
17693,2648,187,0.24,518,13,0,11,Passionate traveler and food lover,Fake
2500,2957,486,3.13,666,58,0,3,Personal blog | Stay positive ✨,Fake
44427,2482,93,8.3,863,22,1,3,Check out my website for more updates!,Fake
42931,1774,383,7.2,553,10,0,9,Digital nomad living my best life 🌴,Fake
4920,1821,435,7.8,607,53,0,8,Passionate traveler and food lover,Fake
42949,4441,141,0.9,254,37,0,7,Love exploring new places 🌎,Real
36192,2229,222,6.87,301,97,0,10,Nature lover | Saving the planet 🌍,Real
32545,4221,63,8.236096743316562,534,30,1,1,Fitness enthusiast 💪 | Health advocate,Fake
39739,1881,195,9.37,498,82,0,6,Nature lover | Saving the planet 🌍,Real
18671,2457,446,0.9,75,18,0,2,Follow for daily inspiration 🌟,Fake
38470,2350,401,6.99,846,26,0,8,Passionate traveler and food lover,Real
3707,559,441,0.53,571,23,0,10,Photographer and content creator 📸,Fake
47331,3215,146,6.36,199,82,0,5,Passionate traveler and food lover,Real
2968,2331,262,9.76,886,74,0,4,Personal blog | Stay positive ✨,Fake
35088,1865,91,6.13,287,91,1,11,Aspiring artist | Drawing my dreams,Fake
47866,2965,281,2.63,317,60,0,4,Aspiring artist | Drawing my dreams,Real
43159,3240,197,0.72032519679221,380,54,1,4,Business inquiries? Contact below 👇,Fake
15895,633,50,4.72,111,96,0,4,Love exploring new places 🌎,Fake
26546,3486,301,5.58,403,59,0,9,Passionate traveler and food lover,Fake
45911,1540,103,9.186563972922029,466,39,1,5,Passionate traveler and food lover,Real
13439,2355,387,3.559163483607956,726,52,1,10,Nature lover | Saving the planet 🌍,Fake
18876,2232,249,3.09,6,35,0,2,Aspiring artist | Drawing my dreams,Fake
4726,4103,55,9.64,962,96,0,9,Fitness enthusiast 💪 | Health advocate,Fake
47325,4728,60,8.1,854,96,0,5,DM for collaborations or inquiries!,Fake
21479,2012,47,4.2,514,49,0,4,DM for collaborations or inquiries!,Fake
46968,3221,392,9.221623817405655,810,38,0,4,Entrepreneur & lifestyle blogger,Fake
40109,1090,19,7.252731393972024,880,65,1,10,Follow for daily inspiration 🌟,Real
38119,320,193,4.005866151827065,713,7,0,9,Entrepreneur & lifestyle blogger,Real
24699,2793,448,7.99,658,17,0,2,Sharing moments from my journey,Fake
18480,2453,20,1.2418041737985406,548,71,0,7,Check out my website for more updates!,Fake
49998,2258,233,0.0,0,65,0,5,Entrepreneur & lifestyle blogger,Fake
13512,3413,288,2.46,634,72,1,9,Business inquiries? Contact below 👇,Real
27721,3096,213,7.264870144200008,489,23,0,9,Foodie | Reviews and recipes,Fake
25377,1534,147,4.82,915,21,0,7,Follow for daily inspiration 🌟,Fake
27188,2246,231,2.935443032704213,305,80,0,7,Aspiring artist | Drawing my dreams,Real
25819,3939,180,6.36,639,52,0,7,Passionate traveler and food lover,Real
26851,2440,165,10.0,356,51,1,5,Nature lover | Saving the planet 🌍,Real
22485,2026,90,2.73,936,9,0,8,Photographer and content creator 📸,Fake
19292,2102,222,10.0,500,23,1,6,Love exploring new places 🌎,Fake
25704,666,440,6.85,506,47,0,9,Digital nomad living my best life 🌴,Fake
48359,2752,98,2.05,261,96,0,4,Fitness enthusiast 💪 | Health advocate,Fake
18007,2670,439,6.011809268819777,855,66,1,10,Photographer and content creator 📸,Fake
24756,10,187,3.2293780906761382,999,0,1,10,Sharing moments from my journey,Real
8534,4871,466,2.83,859,89,0,4,Fitness enthusiast 💪 | Health advocate,Real
40872,2861,258,5.49,831,21,0,4,Aspiring artist | Drawing my dreams,Real
48493,2011,54,7.31,187,98,0,3,Entrepreneur & lifestyle blogger,Fake
11665,2337,161,3.394487193691076,487,31,1,7,Personal blog | Stay positive ✨,Fake
25083,568,281,9.53,479,9,0,9,Business inquiries? Contact below 👇,Real
26317,2046,182,4.02,793,9,1,11,Aspiring artist | Drawing my dreams,Real
21140,1777,102,2.04,421,31,0,4,Nature lover | Saving the planet 🌍,Real
42602,3540,28,9.0,930,49,0,2,Aspiring artist | Drawing my dreams,Real
35925,4252,138,3.21,633,91,1,11,Personal blog | Stay positive ✨,Real
31036,4464,240,6.8650187689957205,736,39,0,5,Aspiring artist | Drawing my dreams,Real
5047,2629,388,0.3672537702157106,616,10,0,10,Passionate traveler and food lover,Real
6517,3680,3,6.57,378,93,1,9,Love exploring new places 🌎,Real
1486,4340,329,6.53,55,30,0,4,Love exploring new places 🌎,Real
5426,1232,314,8.49,384,86,0,9,Business inquiries? Contact below 👇,Fake
47485,1876,90,8.15,358,55,0,10,Digital nomad living my best life 🌴,Fake
28646,2326,326,8.11448745089095,599,46,1,4,Follow for daily inspiration 🌟,Fake
53,2826,98,8.86165111787566,853,92,0,11,Love exploring new places 🌎,Real
39527,3073,389,10.0,237,47,0,7,Passionate traveler and food lover,Fake
13339,645,127,3.16,819,71,0,1,Foodie | Reviews and recipes,Real
45114,2400,292,1.59,704,61,0,11,Follow for daily inspiration 🌟,Real
26707,3214,456,4.91,248,86,0,2,Photographer and content creator 📸,Fake
40233,548,324,7.01,99,9,0,2,Love exploring new places 🌎,Fake
11856,4531,171,4.196822873514579,232,67,1,5,Check out my website for more updates!,Fake
28825,2433,476,9.14,166,71,0,8,Entrepreneur & lifestyle blogger,Real
25507,1051,264,8.81,164,52,0,9,Entrepreneur & lifestyle blogger,Fake
23371,4273,352,6.587609284645744,453,69,1,9,DM for collaborations or inquiries!,Real
40633,2383,437,9.74,590,17,0,2,Check out my website for more updates!,Fake
27110,3941,46,1.4746592483677938,327,42,0,6,Check out my website for more updates!,Fake
32044,1710,91,1.51,908,18,0,9,Business inquiries? Contact below 👇,Fake
33525,917,63,2.44,565,48,0,4,Fitness enthusiast 💪 | Health advocate,Real
31513,4033,155,7.61,952,15,0,10,Digital nomad living my best life 🌴,Fake
33578,3638,161,0.11,217,42,0,10,Nature lover | Saving the planet 🌍,Real
36977,4177,35,0.68,409,54,0,6,Follow for daily inspiration 🌟,Fake
11217,2391,0,8.997350914963377,699,38,1,4,Sharing moments from my journey,Real
5986,2542,232,6.013169232644062,424,32,0,8,Love exploring new places 🌎,Fake
24557,4999,411,4.570073521134073,396,61,1,9,Business inquiries? Contact below 👇,Real
26971,4197,253,5.437610556734094,209,93,0,5,Photographer and content creator 📸,Fake
16891,4999,356,5.870792938389446,361,64,0,8,Digital nomad living my best life 🌴,Real
38372,619,205,3.7307626467249575,899,98,1,9,DM for collaborations or inquiries!,Fake
42967,2243,442,0.86,976,6,1,7,Entrepreneur & lifestyle blogger,Real
31514,2763,25,3.87,925,35,0,6,Fitness enthusiast 💪 | Health advocate,Real
28284,3907,31,8.92,346,62,0,9,Love exploring new places 🌎,Fake
39731,3377,174,2.170981021425056,493,59,0,1,Passionate traveler and food lover,Real
53,1606,130,5.177029174218503,226,67,1,8,Entrepreneur & lifestyle blogger,Real
4301,1454,467,1.82,585,58,0,2,Foodie | Reviews and recipes,Fake
840,3998,303,8.39,443,24,0,10,DM for collaborations or inquiries!,Fake
14463,2419,217,3.732404087512001,450,36,1,1,Digital nomad living my best life 🌴,Fake
28525,4462,137,4.442067579061672,357,84,0,6,Personal blog | Stay positive ✨,Fake
42849,3281,474,7.17,267,24,0,6,Love exploring new places 🌎,Fake
53,2657,280,8.086630408938037,598,18,1,2,Nature lover | Saving the planet 🌍,Fake
2324,3008,236,9.01,567,19,0,11,Aspiring artist | Drawing my dreams,Real
7722,590,156,7.66,40,12,0,9,Fitness enthusiast 💪 | Health advocate,Fake
15749,1825,322,5.89,718,72,0,7,Love exploring new places 🌎,Real
6891,4295,280,5.73,604,43,0,9,Follow for daily inspiration 🌟,Real
46706,834,101,9.83,375,49,0,6,Follow for daily inspiration 🌟,Real
12824,2562,304,0.37,818,18,0,9,Personal blog | Stay positive ✨,Fake
17996,300,271,5.66,487,2,0,10,Entrepreneur & lifestyle blogger,Fake
31577,3737,76,0.4,704,44,1,8,Fitness enthusiast 💪 | Health advocate,Real
36768,175,453,5.59,342,30,1,8,Nature lover | Saving the planet 🌍,Fake
16065,1379,53,6.94,685,80,0,2,Check out my website for more updates!,Real
49624,792,333,7.99,236,4,0,6,Photographer and content creator 📸,Fake
3943,3294,212,1.21,429,0,0,8,Love exploring new places 🌎,Fake
41795,4006,251,4.73,88,44,0,2,Digital nomad living my best life 🌴,Real
9501,682,282,1.31,856,2,0,10,Digital nomad living my best life 🌴,Fake
11183,1019,352,4.055797562398612,571,94,0,7,Sharing moments from my journey,Fake
2582,3378,53,9.49,21,99,0,5,Entrepreneur & lifestyle blogger,Fake
5127,877,203,6.038571042168659,669,8,1,1,Follow for daily inspiration 🌟,Real
41050,4355,439,2.98,768,38,0,4,Personal blog | Stay positive ✨,Real
9526,344,0,3.1345826334311258,835,46,0,4,Love exploring new places 🌎,Fake
39725,22,410,7.041680774799675,565,35,0,5,Entrepreneur & lifestyle blogger,Real
42564,2120,10,2.09,447,7,0,11,Passionate traveler and food lover,Real
2591,788,415,6.7,952,1,0,10,Follow for daily inspiration 🌟,Real
27158,479,499,1.5412615144148014,256,52,1,8,Personal blog | Stay positive ✨,Real
7022,1778,176,5.04,220,48,0,5,Sharing moments from my journey,Real
7654,2474,356,4.41,333,67,0,1,Follow for daily inspiration 🌟,Real
49367,1018,337,0.96,566,60,0,4,DM for collaborations or inquiries!,Fake
15150,4999,382,8.3325636501158,675,55,0,4,Fitness enthusiast 💪 | Health advocate,Real
24640,3983,254,9.078879654123837,629,76,1,4,Business inquiries? Contact below 👇,Fake
34291,329,460,5.68,468,68,0,1,Foodie | Reviews and recipes,Real
12448,247,392,3.03,390,94,0,7,Nature lover | Saving the planet 🌍,Fake
26574,3943,183,4.91,242,86,0,9,Digital nomad living my best life 🌴,Fake
13892,3616,477,0.62,638,51,0,10,Love exploring new places 🌎,Fake
8506,3661,285,5.446627495229325,85,1,1,5,Sharing moments from my journey,Fake
8921,4999,132,6.710432637574999,535,0,0,9,Passionate traveler and food lover,Real
26675,3070,321,4.66,941,12,0,9,Check out my website for more updates!,Real
53,3903,153,4.1710229215933445,519,73,0,9,Photographer and content creator 📸,Real
35165,3958,85,0.760093918121096,389,46,1,7,Business inquiries? Contact below 👇,Fake
32081,3011,340,3.946197062488213,784,67,0,2,Passionate traveler and food lover,Fake
43054,1320,33,2.52,109,4,0,2,Entrepreneur & lifestyle blogger,Fake
22837,4521,403,5.988389100817352,10,53,0,9,Fitness enthusiast 💪 | Health advocate,Real
7040,3009,371,4.75,661,88,0,6,Personal blog | Stay positive ✨,Real
986,2303,1,1.51,800,65,0,8,Love exploring new places 🌎,Real
8525,3906,119,0.64,72,28,0,10,Photographer and content creator 📸,Fake
6662,381,405,3.11,355,88,0,9,Photographer and content creator 📸,Fake
26785,4174,89,9.36,813,40,0,7,Check out my website for more updates!,Real
28234,1329,290,9.19,805,94,0,8,Personal blog | Stay positive ✨,Fake
33164,3597,330,3.4576869952687126,486,76,0,8,Digital nomad living my best life 🌴,Fake
41155,415,445,2.68,884,38,0,6,Photographer and content creator 📸,Fake
39569,149,133,7.27,519,62,0,10,Aspiring artist | Drawing my dreams,Fake
42341,2256,429,2.62,659,82,0,8,Entrepreneur & lifestyle blogger,Real
37248,2669,377,5.770007093999434,605,23,1,1,Check out my website for more updates!,Fake
12305,1731,223,6.069277272989469,385,99,0,5,Follow for daily inspiration 🌟,Real
31016,625,126,3.77,868,88,0,5,Follow for daily inspiration 🌟,Real
14866,2511,323,6.144367146569942,793,41,0,4,Photographer and content creator 📸,Fake
2287,4323,263,10.0,0,75,0,5,Business inquiries? Contact below 👇,Fake
45186,1859,430,3.16,858,52,0,2,Aspiring artist | Drawing my dreams,Real
26112,193,92,4.45,573,91,0,7,Passionate traveler and food lover,Fake
37922,813,70,8.48,961,10,0,7,Follow for daily inspiration 🌟,Real
2676,3744,434,2.64,384,60,0,6,Love exploring new places 🌎,Fake
14147,1147,188,0.8136772072093343,645,87,1,4,Business inquiries? Contact below 👇,Real
7778,2905,243,7.65,535,93,0,2,Personal blog | Stay positive ✨,Real
48194,4142,473,0.383924693730493,5,22,1,7,Personal blog | Stay positive ✨,Real
25152,3861,149,7.971527592447352,547,26,1,6,Digital nomad living my best life 🌴,Real
13119,4214,267,7.491298491896318,249,40,0,10,Digital nomad living my best life 🌴,Real
33279,2981,171,7.24,889,47,0,8,Love exploring new places 🌎,Real
30271,2488,346,6.3,659,80,1,7,Entrepreneur & lifestyle blogger,Fake
15937,2561,71,6.22,851,22,0,3,Personal blog | Stay positive ✨,Real
30817,1852,131,3.8,71,46,0,4,Business inquiries? Contact below 👇,Fake
29485,2051,322,2.811463191401274,886,25,1,6,Aspiring artist | Drawing my dreams,Real
1626,2468,293,5.46,565,18,0,7,Entrepreneur & lifestyle blogger,Fake
29968,3310,329,2.7,638,60,0,9,Passionate traveler and food lover,Real
40243,1584,120,4.94,204,51,0,10,Foodie | Reviews and recipes,Fake
38252,4843,191,8.03,772,8,0,6,Follow for daily inspiration 🌟,Fake
10028,2127,83,3.41,161,15,0,7,Entrepreneur & lifestyle blogger,Real
8372,658,0,7.66,724,13,0,3,Foodie | Reviews and recipes,Real
35565,3687,45,3.74,290,67,0,10,Business inquiries? Contact below 👇,Real
49535,2539,180,6.78,624,94,0,11,Personal blog | Stay positive ✨,Fake
25801,2103,245,9.33,439,5,0,9,Follow for daily inspiration 🌟,Real
21587,1861,152,4.810567935435341,307,22,0,6,Nature lover | Saving the planet 🌍,Real
9688,3190,265,0.2,730,85,0,10,Entrepreneur & lifestyle blogger,Real
35056,1875,245,0.6686680614079599,507,52,0,9,Aspiring artist | Drawing my dreams,Fake
11042,3379,427,7.91,33,44,1,3,Check out my website for more updates!,Fake
31960,303,225,3.96,376,19,0,7,Personal blog | Stay positive ✨,Real
24031,3509,172,5.774207013641628,984,85,0,3,Check out my website for more updates!,Fake
42681,1026,194,0.05,687,98,0,4,Nature lover | Saving the planet 🌍,Real
12605,2314,398,9.16,117,4,0,4,Fitness enthusiast 💪 | Health advocate,Real
24347,3675,480,4.97,951,73,0,9,Photographer and content creator 📸,Fake
26397,1347,262,6.65,605,44,0,7,Aspiring artist | Drawing my dreams,Real
32140,4999,235,3.509057687748378,976,56,0,5,Fitness enthusiast 💪 | Health advocate,Fake
32645,27,465,7.43,477,71,1,10,Check out my website for more updates!,Real
10655,4878,249,8.273178143389952,831,60,0,6,Love exploring new places 🌎,Real
32731,3920,259,3.398059932407961,0,66,1,5,Entrepreneur & lifestyle blogger,Fake
17467,1363,393,0.25,623,67,0,4,Nature lover | Saving the planet 🌍,Fake
35374,1120,331,2.49,781,50,0,7,Check out my website for more updates!,Real
48798,2873,52,0.89,923,85,1,4,Love exploring new places 🌎,Fake
45067,4893,87,7.01,510,42,0,10,Business inquiries? Contact below 👇,Real
35114,608,118,6.41,906,98,0,3,Personal blog | Stay positive ✨,Real
11401,3418,462,4.55,151,84,0,5,Passionate traveler and food lover,Fake
34822,10,300,6.58401962424777,446,26,1,7,Follow for daily inspiration 🌟,Real
44711,629,57,1.32,744,33,0,11,Sharing moments from my journey,Fake
33910,4117,440,8.87,806,20,0,6,Check out my website for more updates!,Fake
33873,1317,0,7.583520379145433,999,0,1,6,Aspiring artist | Drawing my dreams,Fake
571,75,445,3.1,382,68,1,4,DM for collaborations or inquiries!,Real
23605,766,166,9.044752406694908,247,53,0,6,Fitness enthusiast 💪 | Health advocate,Fake
39661,2414,391,8.755787350446386,347,42,0,7,DM for collaborations or inquiries!,Fake
42268,2666,393,9.49,288,81,0,9,Sharing moments from my journey,Fake
48915,798,470,4.180828428029747,999,21,0,5,Aspiring artist | Drawing my dreams,Real
18209,1877,221,8.93,625,45,0,3,Digital nomad living my best life 🌴,Fake
7047,2833,320,6.871914202546293,386,29,0,9,Business inquiries? Contact below 👇,Fake
10613,2146,26,9.78,194,71,0,4,Personal blog | Stay positive ✨,Fake
19539,733,335,6.37172166083175,442,74,1,8,Follow for daily inspiration 🌟,Fake
46615,3303,214,8.489529481748002,104,99,0,9,Personal blog | Stay positive ✨,Fake
16487,2057,31,7.22,593,11,0,9,Digital nomad living my best life 🌴,Real
39622,3272,372,9.193175942842917,609,78,0,6,Nature lover | Saving the planet 🌍,Fake
19135,4831,284,2.259905628845269,283,17,1,3,Passionate traveler and food lover,Fake
9766,2578,387,9.71,446,23,0,7,Foodie | Reviews and recipes,Fake
10647,4333,478,4.17,4,67,0,11,Fitness enthusiast 💪 | Health advocate,Fake
10898,1957,87,5.35,289,1,0,11,Check out my website for more updates!,Fake
31338,1582,259,6.42,542,2,0,4,DM for collaborations or inquiries!,Fake
21051,2851,263,3.8678195455869,571,7,1,5,Nature lover | Saving the planet 🌍,Fake
44242,32,43,3.8,370,58,0,1,Photographer and content creator 📸,Real
22230,3763,351,3.15,653,73,0,11,Follow for daily inspiration 🌟,Real
23845,4744,244,4.597252086536725,531,63,1,11,Personal blog | Stay positive ✨,Real
46554,1811,170,3.29,482,9,0,10,Foodie | Reviews and recipes,Fake
6742,2649,470,7.28,913,12,1,1,Sharing moments from my journey,Fake
29849,483,71,4.11,674,42,0,10,Fitness enthusiast 💪 | Health advocate,Real
22233,1880,362,0.1481270053540342,322,47,0,3,Aspiring artist | Drawing my dreams,Real
33896,1520,13,8.01,967,76,0,8,Photographer and content creator 📸,Fake
6600,3980,160,9.92,401,33,1,6,Photographer and content creator 📸,Real
16690,111,229,1.53,43,18,0,3,Check out my website for more updates!,Real
39124,4793,216,1.26,815,97,0,10,Check out my website for more updates!,Fake
49620,764,217,0.0,463,68,1,2,Business inquiries? Contact below 👇,Fake
25605,2522,133,9.56,39,85,0,7,Entrepreneur & lifestyle blogger,Fake
17770,4715,82,4.17,740,27,0,3,Aspiring artist | Drawing my dreams,Real
36958,4999,237,3.5781038542400485,393,37,1,2,Foodie | Reviews and recipes,Fake
661,3404,427,8.85,510,64,0,3,Aspiring artist | Drawing my dreams,Fake
5011,3431,404,4.759821838518925,546,78,1,9,Sharing moments from my journey,Real
39533,4922,357,0.7,397,57,0,2,Nature lover | Saving the planet 🌍,Fake
37619,335,404,7.122033328264319,355,60,0,4,Fitness enthusiast 💪 | Health advocate,Fake
36624,1938,462,6.269490731082447,0,37,0,6,Business inquiries? Contact below 👇,Real
44843,3713,267,3.22,447,43,0,7,Love exploring new places 🌎,Fake
42240,1476,435,7.02,973,60,0,2,Fitness enthusiast 💪 | Health advocate,Real
37769,1680,44,3.79,115,27,0,5,Love exploring new places 🌎,Fake
23445,3974,300,1.318939280957606,180,0,0,6,Aspiring artist | Drawing my dreams,Real
28272,4105,499,5.229979843375114,92,48,0,2,Aspiring artist | Drawing my dreams,Fake
29752,1440,252,6.8561321819539724,69,0,0,10,Digital nomad living my best life 🌴,Real
27267,1636,128,5.23,558,31,0,1,Love exploring new places 🌎,Fake
43744,4252,177,2.59,443,46,1,4,Check out my website for more updates!,Real
32804,425,129,3.93,933,97,0,4,Aspiring artist | Drawing my dreams,Real
7518,4999,446,3.4918437253544417,90,55,1,6,Photographer and content creator 📸,Fake
1818,4450,481,6.56,553,42,0,11,Sharing moments from my journey,Fake
16853,677,186,1.42,219,38,0,7,Personal blog | Stay positive ✨,Fake
13158,1385,456,6.43,16,34,0,8,Nature lover | Saving the planet 🌍,Fake
21986,302,213,4.72537557108106,242,66,1,5,Photographer and content creator 📸,Real
5600,3551,295,6.18,713,54,0,10,Foodie | Reviews and recipes,Fake
33681,1063,229,4.687332042141314,441,27,1,2,Photographer and content creator 📸,Fake
30345,4999,150,0.9040721271309042,721,92,1,6,Passionate traveler and food lover,Real
44726,352,200,2.21,60,59,0,4,Check out my website for more updates!,Fake
38752,829,4,9.72,658,61,0,11,DM for collaborations or inquiries!,Real
36568,982,266,2.79,821,31,0,6,Digital nomad living my best life 🌴,Real
27487,2578,48,4.71,689,85,0,4,DM for collaborations or inquiries!,Real
8646,416,302,4.07,236,71,0,9,Digital nomad living my best life 🌴,Real
6804,4236,394,1.81,813,20,0,6,Entrepreneur & lifestyle blogger,Real
33107,4326,231,3.93,621,34,0,4,Digital nomad living my best life 🌴,Real
43969,1898,366,7.42,565,84,0,8,Business inquiries? Contact below 👇,Real
1031,3727,227,6.35,978,91,0,5,Passionate traveler and food lover,Fake
29570,2608,387,2.515673740835395,232,47,1,2,Check out my website for more updates!,Fake
38302,3050,236,3.81,794,80,0,10,Photographer and content creator 📸,Real
40222,2547,323,9.616020210712778,999,84,1,7,Sharing moments from my journey,Fake
45308,2714,118,4.57036150795796,396,72,1,9,Sharing moments from my journey,Real
38086,4961,198,1.3792812257574232,114,90,0,1,Aspiring artist | Drawing my dreams,Real
2607,1786,466,3.18,316,17,0,2,Nature lover | Saving the planet 🌍,Real
53,1973,316,7.181419560065764,185,83,0,5,Photographer and content creator 📸,Real
4592,2050,417,6.129877838566866,895,89,0,8,Personal blog | Stay positive ✨,Fake
13677,4699,263,0.38,987,77,0,1,Fitness enthusiast 💪 | Health advocate,Fake
49694,2569,465,7.74,384,15,0,10,Nature lover | Saving the planet 🌍,Fake
29071,2913,432,7.24575427808328,79,58,0,8,Photographer and content creator 📸,Fake
39526,1807,413,4.36,103,44,0,9,Sharing moments from my journey,Real
42794,4815,66,5.03,338,33,0,6,Entrepreneur & lifestyle blogger,Fake
15886,2722,371,9.55377205300231,648,41,1,6,Aspiring artist | Drawing my dreams,Fake
24270,2095,165,9.84,989,79,0,9,Aspiring artist | Drawing my dreams,Real
34571,4631,41,5.65,545,27,0,4,Fitness enthusiast 💪 | Health advocate,Real
34300,1605,0,8.0,497,83,0,6,Business inquiries? Contact below 👇,Fake
20852,3896,410,1.68,166,22,0,5,Entrepreneur & lifestyle blogger,Fake
12975,1194,248,9.23,311,65,0,2,Check out my website for more updates!,Real
42929,4115,220,8.57,188,95,0,4,Follow for daily inspiration 🌟,Fake
6805,3678,5,5.79,872,11,0,7,Photographer and content creator 📸,Real
31363,894,372,5.748497706361058,424,0,0,6,Business inquiries? Contact below 👇,Fake
30736,3433,175,9.27,375,28,0,5,Check out my website for more updates!,Fake
937,240,158,2.42,80,14,0,9,Photographer and content creator 📸,Real
14491,549,447,8.1,994,34,0,5,Sharing moments from my journey,Fake
8130,1023,241,2.27,857,86,0,7,Passionate traveler and food lover,Real
33194,2560,468,9.58,895,27,0,2,Follow for daily inspiration 🌟,Real
10638,450,380,5.925650287790802,292,95,1,6,Sharing moments from my journey,Real
16702,3880,103,3.2,207,59,1,9,DM for collaborations or inquiries!,Fake
26458,2443,159,9.71,272,62,0,10,DM for collaborations or inquiries!,Fake
40898,1080,0,0.4535465285856723,188,47,1,5,Business inquiries? Contact below 👇,Fake
44245,282,33,3.57,577,27,0,7,Fitness enthusiast 💪 | Health advocate,Fake
41616,4171,445,2.96,751,9,0,2,Check out my website for more updates!,Fake
8493,4157,184,4.56,236,59,0,5,Passionate traveler and food lover,Fake
16110,4467,251,3.71,307,91,0,3,DM for collaborations or inquiries!,Real
17013,3567,303,5.676281129758837,29,52,1,4,Fitness enthusiast 💪 | Health advocate,Fake
41384,3682,258,9.86,38,26,0,5,Digital nomad living my best life 🌴,Fake
6904,179,73,9.24,717,93,0,8,Sharing moments from my journey,Real
4049,1226,137,9.54,856,56,0,5,Fitness enthusiast 💪 | Health advocate,Fake
15373,4651,223,8.0,340,61,0,2,Digital nomad living my best life 🌴,Real
40570,3672,340,5.374206311318887,323,20,1,7,Personal blog | Stay positive ✨,Real
2792,2385,224,3.1711709537260555,843,22,0,11,Love exploring new places 🌎,Real
9726,1064,360,2.27,397,69,0,2,Business inquiries? Contact below 👇,Fake
31896,1669,36,4.962584368163847,618,39,1,5,Sharing moments from my journey,Real
42109,4501,267,8.72,582,60,0,2,Digital nomad living my best life 🌴,Real
41803,1490,285,9.95,623,70,0,3,Fitness enthusiast 💪 | Health advocate,Fake
27460,403,333,7.11,404,61,0,2,Photographer and content creator 📸,Fake
14982,1773,335,0.75,245,47,0,4,Follow for daily inspiration 🌟,Real
3740,4893,135,6.15,342,97,0,9,Sharing moments from my journey,Fake
26465,967,380,6.089528106601674,427,0,1,4,Foodie | Reviews and recipes,Real
15848,3796,273,6.043815846428326,588,26,0,4,Digital nomad living my best life 🌴,Real
42482,2614,211,3.864734308154975,302,51,0,9,Nature lover | Saving the planet 🌍,Fake
38098,102,61,2.75,118,55,0,1,Aspiring artist | Drawing my dreams,Fake
36637,509,352,5.24,473,69,0,7,Nature lover | Saving the planet 🌍,Real
38302,751,78,7.49,594,72,1,6,Fitness enthusiast 💪 | Health advocate,Real
23177,13,223,8.36,168,69,0,7,Fitness enthusiast 💪 | Health advocate,Fake
34237,4071,164,3.22,625,28,0,8,Follow for daily inspiration 🌟,Real
28087,4503,198,4.06,337,27,0,9,Check out my website for more updates!,Real
49998,10,65,1.8056380712895668,610,76,0,5,Business inquiries? Contact below 👇,Fake
30424,3811,0,10.0,386,15,0,5,Love exploring new places 🌎,Fake
2607,143,449,7.62,889,4,0,2,Digital nomad living my best life 🌴,Real
26197,2601,276,3.8792990795302695,112,78,0,6,Photographer and content creator 📸,Real
6035,4976,251,1.69,490,1,0,11,Passionate traveler and food lover,Fake
13041,2171,340,7.41,921,64,0,8,Follow for daily inspiration 🌟,Fake
25591,2321,395,8.33,369,32,1,7,Passionate traveler and food lover,Real
4746,3417,175,6.31,553,84,0,3,Love exploring new places 🌎,Real
26490,2617,188,3.2434991593085254,308,50,1,6,Fitness enthusiast 💪 | Health advocate,Fake
46704,4518,251,4.88,902,67,0,7,Digital nomad living my best life 🌴,Fake
9249,3989,43,7.91,693,75,0,9,Love exploring new places 🌎,Fake
1904,4335,101,0.47,376,36,0,5,Sharing moments from my journey,Real
20717,2954,278,1.670999871456973,843,98,1,10,Personal blog | Stay positive ✨,Real
32379,471,469,8.38,265,43,0,8,Nature lover | Saving the planet 🌍,Real
6701,3360,302,1.46,973,82,0,8,Passionate traveler and food lover,Fake
38071,1839,322,4.283827785219367,999,37,0,3,Nature lover | Saving the planet 🌍,Fake
47720,2891,433,4.85,437,80,0,5,Personal blog | Stay positive ✨,Real
45891,2206,100,9.91,916,24,0,3,Entrepreneur & lifestyle blogger,Real
17681,1202,55,2.86,116,94,0,5,Nature lover | Saving the planet 🌍,Fake
11218,1886,368,6.380271408665285,341,99,1,2,DM for collaborations or inquiries!,Real
32611,204,136,7.22,85,15,0,10,Follow for daily inspiration 🌟,Real
12874,2933,12,0.17,135,38,0,9,Entrepreneur & lifestyle blogger,Real
35591,3747,122,0.943832757148094,348,13,0,4,Sharing moments from my journey,Real
11533,4752,84,1.6,8,8,0,5,Business inquiries? Contact below 👇,Fake
990,4028,473,5.73,108,66,0,11,Business inquiries? Contact below 👇,Fake
31127,1444,385,4.45,859,15,0,6,Entrepreneur & lifestyle blogger,Fake
47007,2973,349,4.9,171,28,0,10,Digital nomad living my best life 🌴,Fake
23005,769,432,2.49,693,5,0,6,Nature lover | Saving the planet 🌍,Real
9364,2610,427,4.54,553,33,0,11,Follow for daily inspiration 🌟,Fake
5309,632,230,7.332320628434314,999,99,0,9,Personal blog | Stay positive ✨,Real
32424,3071,302,6.23,7,73,0,5,Passionate traveler and food lover,Real
48861,3957,119,5.12,132,22,0,3,Passionate traveler and food lover,Real
30821,2195,424,3.31,299,77,0,4,Aspiring artist | Drawing my dreams,Fake
37354,987,242,2.790826985459427,738,62,0,4,Business inquiries? Contact below 👇,Fake
7117,3928,34,6.54,404,9,0,7,Foodie | Reviews and recipes,Real
18509,1586,346,7.29,78,15,0,4,Business inquiries? Contact below 👇,Fake
11075,2425,217,7.83,479,23,1,2,Personal blog | Stay positive ✨,Fake
46010,1737,80,6.130664831776267,696,63,0,10,Personal blog | Stay positive ✨,Real
14133,4327,168,3.84,368,19,0,9,Aspiring artist | Drawing my dreams,Real
46396,2721,123,6.17,29,53,0,11,Photographer and content creator 📸,Fake
46863,4425,211,4.917378220045108,124,95,0,11,Entrepreneur & lifestyle blogger,Real
36863,1040,66,7.36,221,70,0,9,Follow for daily inspiration 🌟,Real
39968,1903,194,5.64,847,35,0,3,DM for collaborations or inquiries!,Real
42343,3368,13,7.68,798,79,0,11,Foodie | Reviews and recipes,Fake
49998,4396,95,7.58607421605595,303,44,0,9,Check out my website for more updates!,Fake
25421,2509,416,5.33,981,75,0,8,Passionate traveler and food lover,Fake
34393,3117,398,6.35,891,67,0,4,Nature lover | Saving the planet 🌍,Fake
32298,3277,196,3.01,16,48,1,6,Passionate traveler and food lover,Fake
44294,4035,137,2.46,158,6,0,9,Nature lover | Saving the planet 🌍,Real
13564,1564,371,2.8960127863027902,832,39,0,2,Entrepreneur & lifestyle blogger,Real
41185,2522,77,7.92,142,89,0,8,Passionate traveler and food lover,Fake
38521,3524,31,6.44,621,91,0,6,Digital nomad living my best life 🌴,Real
49042,2373,284,7.72,126,34,0,6,Entrepreneur & lifestyle blogger,Fake
24653,2409,472,8.49,565,10,0,4,Personal blog | Stay positive ✨,Real
39257,2853,287,3.398930771592135,719,0,1,6,Passionate traveler and food lover,Real
33423,2286,284,6.193813099174529,908,32,1,3,Foodie | Reviews and recipes,Real
33034,4908,212,2.79,958,37,0,3,Photographer and content creator 📸,Real
1950,2011,406,4.77,911,92,0,1,Love exploring new places 🌎,Real
40611,1563,350,4.43,841,9,0,10,Business inquiries? Contact below 👇,Fake
20172,2729,204,3.12,432,32,0,7,Love exploring new places 🌎,Real
39885,2802,499,3.013974544972391,658,41,0,11,Entrepreneur & lifestyle blogger,Fake
11126,523,145,8.25,591,29,0,9,Entrepreneur & lifestyle blogger,Fake
16999,2412,123,3.651647630576452,277,6,1,6,DM for collaborations or inquiries!,Fake
14621,3559,179,1.9,121,81,0,1,Fitness enthusiast 💪 | Health advocate,Fake
14404,4273,332,6.22,327,59,0,11,Nature lover | Saving the planet 🌍,Fake
24090,3576,481,9.13,906,20,0,4,Check out my website for more updates!,Fake
29128,2358,355,4.677312724880959,508,43,1,6,Passionate traveler and food lover,Fake
35735,1982,361,3.57,623,6,0,10,Check out my website for more updates!,Real
11510,4524,348,2.76,761,10,0,6,Passionate traveler and food lover,Real
45713,1511,196,7.81,89,6,0,8,Entrepreneur & lifestyle blogger,Fake
39849,4146,307,8.96,316,10,0,6,Nature lover | Saving the planet 🌍,Fake
13849,2021,151,5.398650751036127,158,83,1,5,Passionate traveler and food lover,Fake
25458,3334,126,3.93,761,70,0,6,Follow for daily inspiration 🌟,Fake
38525,1513,153,3.04,115,23,0,5,Personal blog | Stay positive ✨,Real
47430,2334,4,4.97,670,32,0,7,Foodie | Reviews and recipes,Real
33599,3504,432,4.23,694,42,0,9,Foodie | Reviews and recipes,Fake
31640,3416,86,4.37,849,86,1,7,Check out my website for more updates!,Fake
45441,354,268,1.72,576,9,0,6,Foodie | Reviews and recipes,Fake
41327,4439,429,5.45,632,84,0,3,Love exploring new places 🌎,Fake
44704,3336,391,0.59,704,35,1,11,Personal blog | Stay positive ✨,Fake
10541,3207,235,2.9551286633202305,473,75,1,5,Aspiring artist | Drawing my dreams,Fake
32148,3466,86,9.32,56,32,0,4,Aspiring artist | Drawing my dreams,Real
1200,2505,4,8.4,286,5,1,5,Check out my website for more updates!,Fake
14513,501,300,0.62,716,66,0,11,Sharing moments from my journey,Fake
33056,1365,336,5.80952448289286,78,29,0,8,Aspiring artist | Drawing my dreams,Fake
29310,343,217,1.5309967448934354,386,71,0,1,Photographer and content creator 📸,Real
9070,128,271,2.45,174,84,0,7,Business inquiries? Contact below 👇,Fake
42404,3979,247,2.08,702,3,0,10,Check out my website for more updates!,Fake
28871,2544,10,7.803357670556931,253,50,1,10,Passionate traveler and food lover,Fake
42700,4907,317,0.13,368,59,1,6,Aspiring artist | Drawing my dreams,Real
31947,1316,165,2.04,166,5,0,10,Love exploring new places 🌎,Real
44050,4426,161,5.16,732,2,0,4,Check out my website for more updates!,Real
22106,999,388,4.41,31,77,0,10,Personal blog | Stay positive ✨,Fake
32652,2558,496,0.01,649,68,0,4,Entrepreneur & lifestyle blogger,Real
22687,1289,236,9.75,761,52,0,5,Personal blog | Stay positive ✨,Real
34797,268,263,7.07,594,28,0,9,Check out my website for more updates!,Real
31079,3182,207,4.22,938,53,0,2,Entrepreneur & lifestyle blogger,Real
43133,892,427,7.82,607,18,1,7,Foodie | Reviews and recipes,Fake
31422,1862,380,7.56,847,32,0,6,Business inquiries? Contact below 👇,Real
40085,3307,143,1.218603928643764,757,53,1,9,Nature lover | Saving the planet 🌍,Fake
40844,4069,298,4.29,995,44,0,10,Sharing moments from my journey,Real
23719,86,491,5.95,682,29,0,6,Sharing moments from my journey,Real
17320,144,327,6.637535921776655,695,20,0,7,DM for collaborations or inquiries!,Fake
5598,4748,114,2.11,776,96,0,5,Business inquiries? Contact below 👇,Fake
36610,3352,226,1.4147499085689788,858,82,0,2,Love exploring new places 🌎,Real
37254,2216,183,4.555325066490024,802,35,1,4,Personal blog | Stay positive ✨,Fake
20079,3523,346,6.056972396333694,348,57,0,3,Aspiring artist | Drawing my dreams,Fake
21843,4999,220,8.72182548036789,551,98,1,9,DM for collaborations or inquiries!,Real
49662,1795,301,2.0730183215009474,407,62,1,7,DM for collaborations or inquiries!,Fake
27076,1863,264,5.83960108281926,631,0,0,3,Fitness enthusiast 💪 | Health advocate,Real
40698,10,166,2.731034975784694,379,37,0,7,Aspiring artist | Drawing my dreams,Real
31473,159,194,0.39,264,76,0,11,DM for collaborations or inquiries!,Fake
13709,49,235,2.76,611,7,1,9,Follow for daily inspiration 🌟,Fake
44333,936,85,6.54,558,2,0,11,Aspiring artist | Drawing my dreams,Fake
680,3974,409,9.22,701,10,0,7,Nature lover | Saving the planet 🌍,Fake
3780,365,54,5.1093997332424745,531,14,1,1,Foodie | Reviews and recipes,Real
35549,674,120,0.52,764,43,0,5,Entrepreneur & lifestyle blogger,Fake
38296,3005,346,4.97,695,85,0,9,Passionate traveler and food lover,Fake
44088,3213,316,3.1372506939773337,282,53,0,8,Digital nomad living my best life 🌴,Fake
27085,3461,219,1.95,978,79,0,1,Foodie | Reviews and recipes,Fake
27829,1199,179,3.4249826698377897,0,70,1,6,Photographer and content creator 📸,Real
45963,1762,425,2.53,562,6,0,10,Follow for daily inspiration 🌟,Fake
15813,956,422,3.81,641,17,0,9,Nature lover | Saving the planet 🌍,Fake
38912,4777,342,5.31,806,88,0,10,DM for collaborations or inquiries!,Fake
8864,4427,414,6.81,33,25,0,10,Love exploring new places 🌎,Fake
7985,3151,198,8.57,620,9,0,9,Follow for daily inspiration 🌟,Real
3260,1776,50,7.15,548,45,0,4,Check out my website for more updates!,Real
25939,4999,106,5.626445154780591,237,30,0,8,Check out my website for more updates!,Real
21113,1277,465,4.460752104485509,370,37,0,6,Sharing moments from my journey,Fake
11488,3874,366,9.23,49,25,0,2,Check out my website for more updates!,Real
23938,4783,29,7.6,608,73,0,9,Passionate traveler and food lover,Fake
2993,2844,164,9.36,164,42,0,2,Passionate traveler and food lover,Real
40170,438,131,0.82,319,44,0,6,Follow for daily inspiration 🌟,Fake
32216,4132,413,0.62,497,37,0,10,Photographer and content creator 📸,Real
23711,2765,235,1.208611290812489,0,71,1,7,DM for collaborations or inquiries!,Real
31877,2120,207,5.196103725945793,566,45,0,1,Digital nomad living my best life 🌴,Real
14721,1651,28,1.65,517,35,0,5,Aspiring artist | Drawing my dreams,Real
2452,2395,406,3.04,685,93,1,3,Entrepreneur & lifestyle blogger,Fake
16560,3166,157,6.491332158583279,0,20,0,11,Photographer and content creator 📸,Fake
19982,3097,286,6.287154835791347,232,40,1,2,Personal blog | Stay positive ✨,Real
28479,1563,283,4.068303798796145,261,25,0,8,Foodie | Reviews and recipes,Fake
12439,1788,479,5.392731241650839,599,39,1,8,Entrepreneur & lifestyle blogger,Fake
29015,3954,332,3.506663879107249,318,99,1,8,Personal blog | Stay positive ✨,Real
36710,1976,304,1.8888595599004,560,20,0,5,Sharing moments from my journey,Fake
42130,4974,39,7.02,135,80,0,10,Follow for daily inspiration 🌟,Fake
27733,2787,463,8.09,417,89,0,5,Passionate traveler and food lover,Real
26295,4561,87,6.67,40,65,0,1,Business inquiries? Contact below 👇,Real
38970,3057,440,6.788852617264797,585,0,0,11,DM for collaborations or inquiries!,Real
9262,4563,356,6.67,758,35,1,9,Personal blog | Stay positive ✨,Fake
26619,2614,212,5.47,110,2,0,8,Personal blog | Stay positive ✨,Real
49998,1394,6,6.835102473273551,470,31,1,4,Photographer and content creator 📸,Fake
13211,2039,450,7.02,208,34,0,11,Photographer and content creator 📸,Real
36263,4147,3,0.27,669,87,0,4,Photographer and content creator 📸,Fake
37342,1227,130,9.03,449,83,0,7,Digital nomad living my best life 🌴,Fake
42610,4340,195,1.98,505,65,0,5,Passionate traveler and food lover,Real
22155,3434,363,4.656318291577247,917,53,1,5,Business inquiries? Contact below 👇,Real
40521,3427,328,3.422518318477281,353,9,1,5,Passionate traveler and food lover,Real
47585,2398,198,2.691587281128208,855,99,1,9,Photographer and content creator 📸,Fake
25461,3803,0,6.436595989624294,485,41,1,7,Follow for daily inspiration 🌟,Real
26907,548,437,8.21,745,18,0,3,Passionate traveler and food lover,Real
31279,2395,166,5.87,965,12,0,6,Business inquiries? Contact below 👇,Fake
44909,3551,110,9.92,298,20,0,9,Nature lover | Saving the planet 🌍,Real
14610,3579,245,4.82,306,43,0,4,Love exploring new places 🌎,Fake
23943,1351,80,4.88,382,17,0,7,Check out my website for more updates!,Fake
4326,334,154,5.2,36,45,0,6,Foodie | Reviews and recipes,Real
34054,650,273,2.52,703,43,0,4,Photographer and content creator 📸,Fake
5296,4945,374,3.55,863,42,0,2,Follow for daily inspiration 🌟,Fake
33304,4213,282,8.34,503,20,0,3,Check out my website for more updates!,Fake
48011,3423,247,3.91,384,93,0,10,Nature lover | Saving the planet 🌍,Real
45722,4999,102,0.7110454340276346,42,56,0,6,DM for collaborations or inquiries!,Fake
7063,4740,156,8.12,938,60,0,1,DM for collaborations or inquiries!,Fake
31426,2597,242,2.514617372379299,50,24,0,5,Personal blog | Stay positive ✨,Real
10958,1431,499,1.87,83,33,0,3,Follow for daily inspiration 🌟,Real
20400,934,270,8.73,121,41,0,9,Photographer and content creator 📸,Fake
1885,4571,37,3.77,6,6,0,2,Foodie | Reviews and recipes,Real
1783,4887,169,10.0,806,38,1,5,Passionate traveler and food lover,Real
30429,141,195,8.68,68,47,0,8,Entrepreneur & lifestyle blogger,Fake
19646,1362,77,8.65403378892469,854,83,0,1,Digital nomad living my best life 🌴,Fake
19055,4766,313,7.73,910,63,0,2,Follow for daily inspiration 🌟,Fake
22790,958,258,8.01,537,62,0,10,Love exploring new places 🌎,Fake
38773,4091,136,1.54,895,93,0,3,Entrepreneur & lifestyle blogger,Fake
23579,353,147,3.35,416,7,0,3,Foodie | Reviews and recipes,Fake
1921,2088,286,3.566941820259469,0,20,0,6,Aspiring artist | Drawing my dreams,Fake
30805,3796,413,6.87,125,88,0,8,Photographer and content creator 📸,Fake
21540,112,487,0.4506831053653348,0,67,1,5,Love exploring new places 🌎,Fake
39024,618,361,4.9,542,94,0,8,Personal blog | Stay positive ✨,Real
49998,2080,96,1.061315406133251,859,27,1,1,Check out my website for more updates!,Fake
4310,2021,167,0.37,10,82,1,11,Foodie | Reviews and recipes,Real
42541,722,74,2.14,691,9,0,11,Digital nomad living my best life 🌴,Real
43958,470,37,6.34,930,75,0,11,Follow for daily inspiration 🌟,Fake
18479,2429,96,2.609699488761493,621,44,0,5,Foodie | Reviews and recipes,Fake
5256,1701,401,0.56,590,18,0,10,Entrepreneur & lifestyle blogger,Real
7053,2232,373,2.3400701731136464,439,94,1,7,Fitness enthusiast 💪 | Health advocate,Fake
34102,4143,81,6.71,751,32,0,2,Passionate traveler and food lover,Real
18787,1186,52,9.07,776,46,0,8,Foodie | Reviews and recipes,Real
40058,4351,251,2.87,494,76,0,4,Follow for daily inspiration 🌟,Fake
53,10,308,3.2708973124732257,274,79,0,7,Check out my website for more updates!,Fake
21778,4034,165,3.219832536308193,562,67,0,7,Passionate traveler and food lover,Fake
15117,4999,447,6.564148487092751,177,54,1,5,Entrepreneur & lifestyle blogger,Fake
22016,4218,385,6.02,386,98,0,6,Fitness enthusiast 💪 | Health advocate,Fake
45831,3139,443,5.2,628,39,0,4,Photographer and content creator 📸,Real
27565,4880,46,2.8,568,82,0,9,Business inquiries? Contact below 👇,Fake
27479,4999,238,8.212432723154313,999,57,0,4,Check out my website for more updates!,Real
37447,1368,457,1.93,906,82,0,8,Personal blog | Stay positive ✨,Fake
49533,4835,396,7.61,365,43,0,8,Nature lover | Saving the planet 🌍,Fake
36071,2826,90,2.75,448,40,1,4,Digital nomad living my best life 🌴,Real
23611,1489,438,5.707262336158069,233,25,1,3,Passionate traveler and food lover,Real
21239,2938,363,5.212673070511695,501,76,0,11,Foodie | Reviews and recipes,Fake
45578,2762,308,3.949553981720761,563,51,1,8,Aspiring artist | Drawing my dreams,Fake
18439,4999,72,5.773304456056296,427,46,1,11,Business inquiries? Contact below 👇,Real
20922,1099,49,4.08,480,17,0,8,Digital nomad living my best life 🌴,Real
23254,3644,499,10.0,347,53,0,9,Digital nomad living my best life 🌴,Real
15070,3701,308,3.58491384306,494,67,1,5,DM for collaborations or inquiries!,Fake
1629,257,380,9.58,501,72,0,10,Check out my website for more updates!,Fake
32195,4257,174,5.89,997,91,0,8,Check out my website for more updates!,Fake
20584,1738,114,9.27,653,34,0,7,Foodie | Reviews and recipes,Real
35403,875,188,9.02,546,49,0,7,Aspiring artist | Drawing my dreams,Real
11269,2655,44,8.28,189,7,1,10,Business inquiries? Contact below 👇,Fake
999,2946,290,3.05,690,72,0,11,Aspiring artist | Drawing my dreams,Real
6453,3702,17,2.6141192821744514,0,23,1,4,Passionate traveler and food lover,Fake
24335,348,410,5.25,939,20,0,7,Follow for daily inspiration 🌟,Fake
49258,1531,420,6.29,321,85,0,9,Nature lover | Saving the planet 🌍,Fake
3659,3881,290,2.05,178,57,1,6,Business inquiries? Contact below 👇,Fake
3184,1645,47,6.73,4,94,0,3,Foodie | Reviews and recipes,Fake
26111,1775,237,3.72,10,38,1,8,Passionate traveler and food lover,Fake
37686,2702,230,4.55,851,59,0,10,Personal blog | Stay positive ✨,Fake
21237,4999,317,5.551505937827632,0,88,0,7,Digital nomad living my best life 🌴,Fake
11801,1167,494,8.31,564,67,0,6,Fitness enthusiast 💪 | Health advocate,Fake
19585,2474,110,8.004317665698888,215,70,1,3,Love exploring new places 🌎,Fake
31461,3329,201,2.607847747551234,743,71,0,7,Nature lover | Saving the planet 🌍,Real
41764,4299,149,7.77,688,35,1,4,Love exploring new places 🌎,Real
16587,532,384,9.59,115,43,0,4,Love exploring new places 🌎,Fake
30039,2159,154,1.6944246880344855,999,73,1,6,Sharing moments from my journey,Real
15041,2519,140,5.452798808338744,660,10,0,6,Nature lover | Saving the planet 🌍,Real
49980,126,87,3.98,509,81,0,6,Love exploring new places 🌎,Real
27847,4529,275,0.0,159,94,1,8,Digital nomad living my best life 🌴,Fake
9936,3403,241,2.5,929,63,0,9,Nature lover | Saving the planet 🌍,Fake
30008,3849,362,1.23,474,97,0,1,Aspiring artist | Drawing my dreams,Fake
49435,704,19,2.0,514,99,1,4,Digital nomad living my best life 🌴,Real
10217,948,54,9.509196846961675,999,13,0,11,Aspiring artist | Drawing my dreams,Fake
30480,1242,367,1.85,658,60,0,9,Foodie | Reviews and recipes,Fake
30388,1263,397,3.07765773948173,398,59,0,5,Sharing moments from my journey,Real
27529,652,291,9.55,619,28,0,3,Photographer and content creator 📸,Fake
32885,3989,370,4.9,92,84,0,6,Love exploring new places 🌎,Real
48954,2077,380,6.41,483,77,0,9,Sharing moments from my journey,Fake
18889,4412,132,9.93,633,52,0,6,Digital nomad living my best life 🌴,Fake
2513,4721,91,8.06,983,12,0,9,Love exploring new places 🌎,Fake
33889,3197,292,0.23,271,22,0,1,Love exploring new places 🌎,Fake
35072,3462,237,1.67,497,29,0,4,Photographer and content creator 📸,Real
36160,4836,184,8.69,351,56,0,4,Personal blog | Stay positive ✨,Real
15580,1850,224,8.5,802,13,0,2,Entrepreneur & lifestyle blogger,Fake
15922,3363,412,4.7,242,72,0,8,Check out my website for more updates!,Fake
27640,2199,194,0.0,116,70,0,1,Aspiring artist | Drawing my dreams,Fake
41597,2087,238,8.03486047218767,780,40,1,4,Personal blog | Stay positive ✨,Real
31129,4126,0,9.20157274741576,889,53,1,11,Photographer and content creator 📸,Real
4479,1804,245,7.41,313,55,0,9,Personal blog | Stay positive ✨,Fake
6896,2435,297,7.63,586,43,0,9,Follow for daily inspiration 🌟,Real
6737,475,308,4.73,493,66,0,2,Photographer and content creator 📸,Fake
19505,2725,487,2.42,236,61,1,3,Check out my website for more updates!,Real
47802,3504,292,2.200626631604971,826,98,0,6,Foodie | Reviews and recipes,Fake
28836,4259,142,5.24285442536732,0,69,0,2,Business inquiries? Contact below 👇,Fake
39735,4273,129,4.92,231,72,0,9,Personal blog | Stay positive ✨,Fake
9744,3066,409,8.08,363,46,0,8,DM for collaborations or inquiries!,Real
45582,654,269,3.16,983,16,0,4,Passionate traveler and food lover,Real
25671,1780,99,2.07,691,10,1,7,Foodie | Reviews and recipes,Fake
18138,4150,278,6.08,435,52,0,4,Love exploring new places 🌎,Real
3897,548,317,6.482243307789017,683,29,1,9,Entrepreneur & lifestyle blogger,Real
1209,4108,284,7.74,592,60,0,4,Nature lover | Saving the planet 🌍,Fake
49998,10,406,5.524507966715111,568,55,0,11,Sharing moments from my journey,Real
18999,2281,317,4.25,821,99,0,3,Check out my website for more updates!,Fake
46311,2484,128,1.45,858,93,0,11,DM for collaborations or inquiries!,Fake
43075,1668,92,8.96,826,85,0,3,Entrepreneur & lifestyle blogger,Fake
15129,1828,99,4.764254342297712,864,30,0,7,Check out my website for more updates!,Fake
1024,57,310,6.584551365843049,0,43,0,10,Nature lover | Saving the planet 🌍,Real
48236,4728,425,4.3,461,96,0,4,Aspiring artist | Drawing my dreams,Real
4078,401,133,7.782122501076235,999,78,0,4,Entrepreneur & lifestyle blogger,Fake
46983,2038,296,2.41,1,72,0,1,Passionate traveler and food lover,Real
49373,4260,70,0.46,287,64,0,6,DM for collaborations or inquiries!,Real
48062,1067,374,6.69,43,32,0,2,Sharing moments from my journey,Real
26991,1038,23,3.55,176,65,0,6,Follow for daily inspiration 🌟,Fake
5581,1408,275,4.81,715,96,0,10,Follow for daily inspiration 🌟,Fake
27130,809,499,5.151638094247983,35,82,0,6,Love exploring new places 🌎,Fake
26623,2975,0,5.723880228084249,529,55,0,11,Sharing moments from my journey,Fake
41008,3917,286,10.0,528,80,0,3,Digital nomad living my best life 🌴,Fake
23168,222,145,9.58,945,15,0,8,Love exploring new places 🌎,Fake
5172,1858,310,3.3569773061584374,570,29,0,9,Follow for daily inspiration 🌟,Fake
24154,1645,204,3.89,612,56,1,3,Foodie | Reviews and recipes,Real
26829,1359,249,5.099899896749874,306,81,1,6,Follow for daily inspiration 🌟,Fake
28074,4063,304,0.37,20,13,0,8,Follow for daily inspiration 🌟,Fake
33956,2143,121,4.3200574632030095,563,38,0,7,Entrepreneur & lifestyle blogger,Real
28291,3492,184,6.0,322,98,0,10,Nature lover | Saving the planet 🌍,Real
35367,3474,328,9.23,275,0,0,3,Love exploring new places 🌎,Fake
42838,1471,32,1.43,101,53,0,3,Photographer and content creator 📸,Real
19403,4765,172,7.37,455,51,0,6,Nature lover | Saving the planet 🌍,Real
19885,3534,179,2.66,41,95,0,5,Passionate traveler and food lover,Real
39226,2023,204,6.84,542,57,1,7,DM for collaborations or inquiries!,Real
31916,659,208,9.46,961,11,0,1,DM for collaborations or inquiries!,Fake
38767,1477,288,8.34,921,18,0,7,Photographer and content creator 📸,Real
17741,1285,105,9.75,861,19,0,3,Nature lover | Saving the planet 🌍,Fake
31307,3466,228,0.0,0,44,1,8,DM for collaborations or inquiries!,Real
2022,2394,302,1.83,511,22,0,2,Entrepreneur & lifestyle blogger,Real
37426,4497,152,8.054898564917158,637,97,1,5,Nature lover | Saving the planet 🌍,Real
34614,2622,361,0.57,795,50,0,2,Love exploring new places 🌎,Fake
49998,430,281,1.894711587928379,670,85,0,1,Love exploring new places 🌎,Real
27875,3259,50,5.29,675,41,0,4,Digital nomad living my best life 🌴,Real
38364,4978,332,9.26,10,51,0,5,Nature lover | Saving the planet 🌍,Real
42886,1587,438,6.66,864,0,0,5,Check out my website for more updates!,Real
13731,2274,244,1.31,667,38,0,8,Entrepreneur & lifestyle blogger,Real
44657,1056,334,3.304385406707361,767,40,1,4,Passionate traveler and food lover,Fake
49292,1243,74,3.07,862,28,0,4,Nature lover | Saving the planet 🌍,Real
27228,3234,119,8.75,49,72,0,5,Digital nomad living my best life 🌴,Real
26117,3749,32,8.35,95,60,0,2,Business inquiries? Contact below 👇,Real
13470,2534,314,0.4,971,15,0,6,Business inquiries? Contact below 👇,Fake
40191,3218,19,0.34,815,98,0,8,Photographer and content creator 📸,Real
11573,388,99,1.29,464,59,0,8,Follow for daily inspiration 🌟,Fake
43790,4771,56,6.11,203,90,0,8,Follow for daily inspiration 🌟,Real
22460,3184,123,8.58,457,16,0,10,Photographer and content creator 📸,Fake
33329,3938,227,5.896149438963059,578,21,0,8,Personal blog | Stay positive ✨,Fake
19254,3793,291,4.408051631304932,532,82,1,3,Follow for daily inspiration 🌟,Fake
47681,4944,498,3.36,238,65,0,5,Digital nomad living my best life 🌴,Real
24999,2647,135,8.36077179355471,340,99,0,11,Entrepreneur & lifestyle blogger,Real
24548,3203,265,5.814573620645824,677,3,1,10,DM for collaborations or inquiries!,Fake
5217,3071,71,4.84,967,46,0,9,Aspiring artist | Drawing my dreams,Fake
19251,2982,25,2.94,437,98,0,5,Sharing moments from my journey,Fake
37579,4192,336,8.17,952,12,0,7,Nature lover | Saving the planet 🌍,Fake
24391,304,362,7.54,270,12,0,3,DM for collaborations or inquiries!,Real
37088,1654,304,3.1,902,46,0,7,Fitness enthusiast 💪 | Health advocate,Real
14160,1759,250,3.409336748836813,820,69,1,4,Entrepreneur & lifestyle blogger,Fake
16616,224,219,5.63,357,38,0,6,Photographer and content creator 📸,Fake
49137,1653,260,7.16,61,71,0,10,Foodie | Reviews and recipes,Fake
44135,4753,6,8.54,356,43,0,2,Foodie | Reviews and recipes,Fake
46039,1258,4,9.32,577,35,0,4,Photographer and content creator 📸,Fake
47450,4036,326,6.3,861,5,0,8,Love exploring new places 🌎,Fake
1402,1113,252,0.16,323,0,0,9,Personal blog | Stay positive ✨,Fake
28437,2782,434,1.81,970,57,0,3,DM for collaborations or inquiries!,Real
46161,1845,23,3.63,121,17,0,2,Passionate traveler and food lover,Fake
13902,1073,246,7.94,557,85,0,9,Follow for daily inspiration 🌟,Real
35979,1934,278,3.57,2,48,0,4,Personal blog | Stay positive ✨,Fake
34929,4999,362,4.114069707123803,800,85,1,8,Digital nomad living my best life 🌴,Fake
23383,2264,21,8.8,622,52,0,11,Aspiring artist | Drawing my dreams,Real
26676,1277,147,8.74,70,87,0,10,Personal blog | Stay positive ✨,Real
32013,3258,65,3.34,719,90,0,8,Check out my website for more updates!,Fake
10276,3205,120,4.639730805614745,117,60,0,1,Business inquiries? Contact below 👇,Real
44240,2575,46,6.951372407101395,603,68,0,4,DM for collaborations or inquiries!,Fake
17845,1113,235,0.0,251,64,0,1,Love exploring new places 🌎,Real
21994,2566,132,2.73,352,85,1,7,Photographer and content creator 📸,Fake
25923,48,63,3.38,638,23,0,8,Foodie | Reviews and recipes,Fake
5436,2549,351,1.19,265,17,0,7,Aspiring artist | Drawing my dreams,Real
49417,4110,68,5.201229885326481,514,71,1,5,Love exploring new places 🌎,Fake
1500,438,4,8.06,247,0,0,5,Photographer and content creator 📸,Real
28841,2029,376,7.55,535,64,1,1,DM for collaborations or inquiries!,Real
7288,323,175,6.1378349928439775,558,28,1,2,Love exploring new places 🌎,Fake
18380,3258,375,5.347462688355358,422,88,1,4,Nature lover | Saving the planet 🌍,Real
35142,2964,195,8.52732682676827,617,29,0,8,DM for collaborations or inquiries!,Fake
53,709,456,5.640772678220356,712,26,0,11,Business inquiries? Contact below 👇,Real
10034,2187,107,8.32,88,29,0,3,Digital nomad living my best life 🌴,Fake
47474,1758,390,4.62,546,2,0,6,Love exploring new places 🌎,Fake
16270,4515,168,4.349335978091047,466,3,0,3,Fitness enthusiast 💪 | Health advocate,Real
21272,3740,349,5.36,214,10,0,1,Foodie | Reviews and recipes,Fake
27610,1664,80,2.45,782,48,0,7,Follow for daily inspiration 🌟,Real
49474,1800,354,1.75,820,95,0,8,Sharing moments from my journey,Fake
49146,444,418,0.47,932,35,0,4,Personal blog | Stay positive ✨,Real
23761,853,429,7.33,664,62,0,1,Sharing moments from my journey,Fake
6095,623,234,5.41,265,93,0,6,Personal blog | Stay positive ✨,Fake
4193,2777,93,3.742523880348669,999,64,0,9,Fitness enthusiast 💪 | Health advocate,Real
14531,2711,136,5.37,811,76,0,9,Fitness enthusiast 💪 | Health advocate,Real
37279,3360,216,7.25926243917717,921,21,0,5,Foodie | Reviews and recipes,Fake
40310,501,177,9.30868115970716,505,24,1,6,Check out my website for more updates!,Fake
24721,4498,121,4.782955315251582,460,65,1,11,Love exploring new places 🌎,Real
16450,27,299,3.25,563,96,0,8,Digital nomad living my best life 🌴,Fake
27528,3970,335,8.61,196,40,0,7,Follow for daily inspiration 🌟,Real
4014,2828,104,7.63690354330645,817,80,1,3,Sharing moments from my journey,Real
43866,1804,151,1.32,564,42,0,2,Photographer and content creator 📸,Real
12588,3520,185,4.71,857,94,0,11,Passionate traveler and food lover,Real
5205,3190,0,7.767055180096577,358,25,0,11,Check out my website for more updates!,Fake
45773,3726,306,4.7,349,60,0,8,Aspiring artist | Drawing my dreams,Fake
32703,1901,20,2.629784963613964,906,39,1,5,Digital nomad living my best life 🌴,Fake
39983,703,270,4.83,536,34,1,9,Foodie | Reviews and recipes,Fake
28673,3750,106,7.45,828,54,1,7,Photographer and content creator 📸,Fake
46605,1236,293,7.04,25,20,1,6,Passionate traveler and food lover,Real
44602,2502,28,7.56,452,87,0,8,Personal blog | Stay positive ✨,Real
2109,3151,25,0.85,42,15,0,2,Check out my website for more updates!,Real
16690,2060,144,9.1,487,96,0,5,Personal blog | Stay positive ✨,Real
10290,4382,369,3.93,391,29,0,10,Photographer and content creator 📸,Real
26636,4766,286,4.24,108,24,0,7,DM for collaborations or inquiries!,Fake
22248,2659,336,4.623614253364744,250,32,1,10,Sharing moments from my journey,Real
31084,4563,429,7.14,664,79,0,2,Fitness enthusiast 💪 | Health advocate,Real
49998,2257,210,8.696234135280864,598,49,0,7,Check out my website for more updates!,Fake
34042,656,204,0.968647778433378,466,60,1,11,Aspiring artist | Drawing my dreams,Fake
33241,1692,0,1.527270500214077,728,0,1,1,Foodie | Reviews and recipes,Fake
27050,844,465,4.72,316,69,0,9,Foodie | Reviews and recipes,Real
30950,2713,217,2.3465446670502828,348,12,1,5,Nature lover | Saving the planet 🌍,Real
23259,2153,0,8.368017583054293,794,69,0,5,Aspiring artist | Drawing my dreams,Fake
48111,2892,305,3.96,375,83,0,7,Nature lover | Saving the planet 🌍,Real
6585,1048,4,3.95,772,78,0,3,Personal blog | Stay positive ✨,Real
16407,3198,462,4.630125166607258,930,32,1,9,Sharing moments from my journey,Real
43006,2724,407,2.18,176,92,0,2,Aspiring artist | Drawing my dreams,Fake
34902,2452,9,9.35,870,6,0,3,Check out my website for more updates!,Real
9234,2590,222,3.36,64,17,0,9,Fitness enthusiast 💪 | Health advocate,Fake
31678,10,335,2.5668972503182856,555,99,0,5,Passionate traveler and food lover,Fake
26010,86,77,3.56,554,90,0,5,DM for collaborations or inquiries!,Real
16185,4459,422,0.04,120,79,0,4,Follow for daily inspiration 🌟,Fake
10642,4280,404,1.94,403,33,0,2,Follow for daily inspiration 🌟,Fake
16361,2055,355,6.882522543020492,810,38,0,4,Love exploring new places 🌎,Fake
38070,4846,56,8.26,792,73,1,4,Passionate traveler and food lover,Real
25585,4035,127,6.403814857727069,766,32,0,1,Business inquiries? Contact below 👇,Real
20915,2390,465,7.709697119134061,579,37,1,9,Business inquiries? Contact below 👇,Fake
14053,3151,0,8.672375063782388,400,76,1,5,Love exploring new places 🌎,Real
44017,2816,224,5.912858373725461,573,99,1,6,Passionate traveler and food lover,Real
3736,3728,379,9.78,715,85,0,9,Passionate traveler and food lover,Real
13561,587,168,9.3566139287024,102,0,0,6,Fitness enthusiast 💪 | Health advocate,Real
12112,1372,460,9.29,748,36,0,11,Personal blog | Stay positive ✨,Fake
42963,2348,356,9.76,622,8,0,7,Fitness enthusiast 💪 | Health advocate,Real
28469,417,221,4.677291355931018,627,55,1,3,Digital nomad living my best life 🌴,Fake
3516,4516,244,8.63,810,78,0,8,Entrepreneur & lifestyle blogger,Fake
8160,4942,93,1.48,524,50,0,6,Photographer and content creator 📸,Real
1328,954,448,7.6,220,8,0,5,Foodie | Reviews and recipes,Fake
9379,4390,271,4.48,663,10,0,2,Follow for daily inspiration 🌟,Real
35497,885,419,5.61,612,52,0,2,Fitness enthusiast 💪 | Health advocate,Fake
28817,82,461,6.8,334,62,0,11,Entrepreneur & lifestyle blogger,Real
8685,2403,32,9.72,304,61,0,3,Love exploring new places 🌎,Fake
48176,1471,197,9.877350710643771,804,82,0,11,DM for collaborations or inquiries!,Fake
22971,72,182,1.56,62,68,1,3,Passionate traveler and food lover,Fake
35611,2545,242,9.85,250,54,0,8,Photographer and content creator 📸,Real
34905,2157,223,0.78,933,47,0,2,Sharing moments from my journey,Fake
46127,2917,80,4.37,593,60,0,4,Follow for daily inspiration 🌟,Real
39667,2142,75,7.533594188576135,0,72,0,11,Nature lover | Saving the planet 🌍,Real
18325,2880,488,9.54,430,63,0,7,Aspiring artist | Drawing my dreams,Real
21159,3876,345,6.38,950,24,0,3,DM for collaborations or inquiries!,Fake
30404,149,93,0.49,919,22,1,8,Digital nomad living my best life 🌴,Real
47478,4276,327,7.15,332,48,0,7,Nature lover | Saving the planet 🌍,Real
12154,946,418,4.663893894052358,400,99,1,6,Aspiring artist | Drawing my dreams,Real
19031,3561,195,4.345095596409607,425,89,0,4,Digital nomad living my best life 🌴,Fake
30216,275,388,3.15,834,31,0,8,Aspiring artist | Drawing my dreams,Fake
21858,2201,41,6.455368420879401,296,27,1,2,Follow for daily inspiration 🌟,Fake
26809,3076,79,8.91,318,75,0,5,Check out my website for more updates!,Real
29425,3805,201,3.73,668,97,0,6,Passionate traveler and food lover,Real
38753,4318,32,3.2,401,37,0,5,Fitness enthusiast 💪 | Health advocate,Real
22323,269,450,6.5,594,42,0,3,Personal blog | Stay positive ✨,Real
7554,2712,439,1.88,232,88,0,8,Sharing moments from my journey,Fake
25676,3613,462,1.65,933,64,1,3,Follow for daily inspiration 🌟,Real
16578,1330,204,4.5,853,15,0,2,Foodie | Reviews and recipes,Fake
49692,3192,364,8.21,451,60,0,2,Check out my website for more updates!,Real
31789,2281,74,3.14,773,75,0,3,Foodie | Reviews and recipes,Fake
8544,80,360,4.91,993,75,0,2,Aspiring artist | Drawing my dreams,Real
10126,562,267,1.35,912,96,0,9,Personal blog | Stay positive ✨,Real
29430,1364,452,7.38,370,13,0,10,Follow for daily inspiration 🌟,Fake
37338,4658,499,6.42,613,91,0,10,DM for collaborations or inquiries!,Fake
6110,4032,264,1.138396329448906,172,99,1,4,Fitness enthusiast 💪 | Health advocate,Fake
15810,4074,194,1.21,891,10,0,4,Photographer and content creator 📸,Real
13808,3967,432,3.79,434,90,0,7,Follow for daily inspiration 🌟,Fake
34181,1022,198,4.739965642883,298,36,0,1,Aspiring artist | Drawing my dreams,Fake
39343,2271,252,10.0,539,41,0,5,Sharing moments from my journey,Real
41344,3852,388,3.768268530035126,394,48,1,6,Passionate traveler and food lover,Real
21333,1873,117,3.3253431097509,287,45,1,7,Passionate traveler and food lover,Real
26858,1884,120,3.54,819,58,0,10,Entrepreneur & lifestyle blogger,Real
5553,1388,136,7.14,943,19,0,3,Personal blog | Stay positive ✨,Fake
2951,3867,344,2.53,645,48,0,7,Fitness enthusiast 💪 | Health advocate,Real
15710,1199,28,1.6179533695717936,653,0,1,6,Follow for daily inspiration 🌟,Fake
53,1275,237,4.178647822639284,802,80,0,1,Business inquiries? Contact below 👇,Real
34118,2014,214,4.673754177741128,0,43,0,9,Aspiring artist | Drawing my dreams,Fake
22530,3118,203,4.541319981273581,612,59,0,11,DM for collaborations or inquiries!,Fake
7041,4273,320,2.92,427,13,0,3,Fitness enthusiast 💪 | Health advocate,Fake
49453,2506,96,3.39,689,6,1,4,Personal blog | Stay positive ✨,Real
32299,3991,300,7.690771275313601,490,5,0,5,Fitness enthusiast 💪 | Health advocate,Fake
13093,2143,240,4.601231767989773,396,56,1,1,Check out my website for more updates!,Real
11799,674,236,6.8836611013210005,156,45,0,7,Nature lover | Saving the planet 🌍,Fake
53,3117,391,10.0,124,57,0,1,Follow for daily inspiration 🌟,Fake
28445,2837,497,0.16,109,77,0,3,Entrepreneur & lifestyle blogger,Fake
41931,1755,348,2.095017894173133,338,72,0,1,Entrepreneur & lifestyle blogger,Fake
38899,3751,264,6.53,97,56,0,6,Fitness enthusiast 💪 | Health advocate,Fake
10499,1363,57,6.62,102,95,0,10,Aspiring artist | Drawing my dreams,Real
20074,2593,433,6.785982223872649,684,46,1,7,Sharing moments from my journey,Fake
26173,2696,32,7.56,927,48,0,6,Photographer and content creator 📸,Fake
5268,2168,306,1.85,225,28,0,1,Foodie | Reviews and recipes,Real
28703,3211,145,9.377601981699634,0,45,0,7,Entrepreneur & lifestyle blogger,Fake
23431,3309,230,6.39,20,79,0,5,Aspiring artist | Drawing my dreams,Fake
5142,4776,95,5.89,846,75,1,2,Entrepreneur & lifestyle blogger,Fake
47441,3261,433,8.11,787,74,0,5,Nature lover | Saving the planet 🌍,Fake
18530,34,288,3.28,492,47,0,9,Entrepreneur & lifestyle blogger,Real
31043,3308,161,0.7493303484493516,563,59,1,5,Fitness enthusiast 💪 | Health advocate,Real
45793,391,3,5.39,23,24,0,11,Fitness enthusiast 💪 | Health advocate,Fake
35392,3635,236,3.415857176756023,439,99,1,6,Entrepreneur & lifestyle blogger,Real
22611,4578,55,1.89,304,29,0,4,Photographer and content creator 📸,Fake
7996,1096,325,5.88,769,18,0,4,Fitness enthusiast 💪 | Health advocate,Fake
27392,777,112,1.8,18,63,0,11,Digital nomad living my best life 🌴,Real
1771,10,233,3.5095894687458697,345,39,1,1,DM for collaborations or inquiries!,Fake
19790,10,124,5.250723423372174,231,84,0,1,Passionate traveler and food lover,Real
23621,4030,499,7.116044720180213,146,59,0,6,Photographer and content creator 📸,Fake
26275,3205,62,5.5,435,42,0,4,Foodie | Reviews and recipes,Fake
19260,4764,166,9.49,39,0,0,1,Love exploring new places 🌎,Fake
20857,1834,299,4.270770045154478,858,39,1,5,Aspiring artist | Drawing my dreams,Fake
28224,1526,83,9.6,933,22,0,11,Love exploring new places 🌎,Real
14182,2933,119,6.244770925047621,683,56,1,5,Aspiring artist | Drawing my dreams,Real
12299,3737,283,1.240542227316891,902,57,0,3,Fitness enthusiast 💪 | Health advocate,Fake
32673,1419,126,0.08,63,47,0,6,Passionate traveler and food lover,Fake
11580,723,108,1.6,667,26,0,6,Love exploring new places 🌎,Fake
47877,3221,101,1.15,400,38,0,5,Digital nomad living my best life 🌴,Fake
1770,4283,154,1.16,890,40,0,5,Business inquiries? Contact below 👇,Fake
26334,4254,237,0.56,386,32,0,7,DM for collaborations or inquiries!,Fake
21835,3264,22,0.0,374,79,1,11,Foodie | Reviews and recipes,Real
3706,4179,311,4.513666015203665,626,75,1,9,Passionate traveler and food lover,Real
39094,4422,27,4.33,817,20,0,9,Passionate traveler and food lover,Fake
33633,208,60,4.1,652,46,0,3,Foodie | Reviews and recipes,Fake
3392,1833,278,7.79,378,38,0,7,Entrepreneur & lifestyle blogger,Fake
31727,2776,287,5.179725894619762,914,33,1,1,DM for collaborations or inquiries!,Real
39541,2698,174,5.23,480,16,0,10,Foodie | Reviews and recipes,Fake
26303,38,266,8.280790576700381,36,0,1,5,Aspiring artist | Drawing my dreams,Real
10073,2594,416,2.57,275,87,0,5,Fitness enthusiast 💪 | Health advocate,Fake
19818,615,80,1.85,522,9,0,1,Fitness enthusiast 💪 | Health advocate,Fake
27246,1437,182,6.943530767463743,430,88,1,5,Foodie | Reviews and recipes,Fake
12087,3396,81,9.94,258,82,0,6,Photographer and content creator 📸,Fake
20242,3009,197,2.0,707,14,0,6,Check out my website for more updates!,Fake
21472,1952,453,6.1,987,83,0,5,Fitness enthusiast 💪 | Health advocate,Real
26359,705,319,4.463027648086363,204,99,1,7,Aspiring artist | Drawing my dreams,Real
44003,3768,43,3.9,630,95,0,2,Entrepreneur & lifestyle blogger,Real
1139,3008,481,5.97,513,1,0,9,Foodie | Reviews and recipes,Fake
15376,4359,114,6.06,241,23,0,4,DM for collaborations or inquiries!,Fake
46790,2811,360,5.49,642,26,0,9,Nature lover | Saving the planet 🌍,Fake
20807,2196,225,6.26,42,24,0,2,DM for collaborations or inquiries!,Real
34976,151,37,2.42,883,83,1,2,Sharing moments from my journey,Fake
33837,3963,137,7.81,18,28,0,10,Business inquiries? Contact below 👇,Real
8971,1385,164,0.25,533,66,0,4,Love exploring new places 🌎,Fake
43628,2637,94,8.34,670,30,0,11,Personal blog | Stay positive ✨,Fake
25001,3859,371,2.19,809,14,0,3,Personal blog | Stay positive ✨,Fake
16842,2978,401,2.369674415192188,113,55,0,3,DM for collaborations or inquiries!,Real
7938,4923,360,8.29,547,51,0,2,Aspiring artist | Drawing my dreams,Fake
3574,1305,167,5.76,439,12,1,7,Aspiring artist | Drawing my dreams,Fake
16220,1038,373,6.51,843,62,0,9,Fitness enthusiast 💪 | Health advocate,Real
26613,3587,178,6.95,813,83,0,9,Check out my website for more updates!,Real
18197,2563,256,3.64788898726503,310,33,1,6,Sharing moments from my journey,Fake
15849,3851,378,1.25,591,38,0,6,Entrepreneur & lifestyle blogger,Fake
25481,3889,409,0.47,481,29,0,4,Photographer and content creator 📸,Real
49481,4096,69,8.05,767,86,0,5,Personal blog | Stay positive ✨,Fake
4112,2834,52,0.85,265,66,0,5,Aspiring artist | Drawing my dreams,Real
49998,1302,225,6.674662093229816,964,35,1,5,Passionate traveler and food lover,Fake
8363,1253,209,0.77,781,33,0,7,Check out my website for more updates!,Fake
48264,1662,96,9.44,949,27,0,7,Fitness enthusiast 💪 | Health advocate,Fake
8582,1343,343,3.09,757,4,0,5,Follow for daily inspiration 🌟,Real
21848,4493,191,1.91,605,46,0,1,Digital nomad living my best life 🌴,Fake
40865,4051,213,1.15,736,82,0,3,Aspiring artist | Drawing my dreams,Real
23621,815,248,2.75,620,25,0,2,Passionate traveler and food lover,Fake
48596,3722,195,7.907156414351708,401,22,1,4,Photographer and content creator 📸,Fake
42247,2818,498,4.04,552,52,0,4,Follow for daily inspiration 🌟,Fake
11351,1001,0,7.025153246647141,699,68,0,8,Foodie | Reviews and recipes,Fake
48867,1852,158,2.62,81,30,0,1,Sharing moments from my journey,Real
38895,1602,458,6.24,917,17,0,7,Sharing moments from my journey,Fake
500,1494,9,7.71,41,9,0,9,Personal blog | Stay positive ✨,Fake
34696,3005,350,4.886217068089028,92,83,0,4,Love exploring new places 🌎,Fake
5439,1345,67,9.52,620,44,0,7,Business inquiries? Contact below 👇,Real
20254,3795,218,9.52,510,19,0,10,Digital nomad living my best life 🌴,Fake
24782,4337,17,5.35,114,18,0,2,Passionate traveler and food lover,Real
217,1734,411,5.59,478,67,0,5,Foodie | Reviews and recipes,Fake
53,1576,307,6.860701349421665,7,85,0,7,Follow for daily inspiration 🌟,Fake
47614,4653,473,2.44,943,43,0,10,Nature lover | Saving the planet 🌍,Fake
18207,1663,12,1.87,372,2,0,4,Foodie | Reviews and recipes,Real
22889,3593,242,4.48,566,95,0,6,Personal blog | Stay positive ✨,Real
28332,2210,174,0.13,165,63,0,10,Sharing moments from my journey,Real
3957,749,341,3.81,897,29,0,2,Business inquiries? Contact below 👇,Real
16870,762,59,7.55,151,13,0,8,Sharing moments from my journey,Fake
47224,1508,421,7.24,211,98,1,8,Aspiring artist | Drawing my dreams,Real
36411,587,361,7.35,649,42,0,3,Nature lover | Saving the planet 🌍,Fake
20765,3837,106,6.471923632623513,287,35,1,10,Sharing moments from my journey,Fake
23088,2152,351,9.58,783,80,0,7,Love exploring new places 🌎,Real
49998,194,366,5.917783086399523,545,16,0,7,Check out my website for more updates!,Real
7004,3374,151,1.59,332,33,0,8,Photographer and content creator 📸,Real
41555,4159,155,7.71,314,69,0,3,Fitness enthusiast 💪 | Health advocate,Real
9762,3108,446,4.79,64,14,0,2,Sharing moments from my journey,Real
34307,120,376,6.85,710,82,0,4,DM for collaborations or inquiries!,Fake
1573,1657,345,0.0,444,33,1,1,DM for collaborations or inquiries!,Real
42710,3036,222,5.32,177,68,0,8,Check out my website for more updates!,Fake
9324,1681,125,10.0,162,67,0,8,Personal blog | Stay positive ✨,Fake
24002,1154,281,6.5,470,83,0,4,Passionate traveler and food lover,Real
49998,1224,34,4.993408458250394,545,0,0,8,Foodie | Reviews and recipes,Real
15509,2302,323,2.17,452,66,0,8,Fitness enthusiast 💪 | Health advocate,Real
29306,526,293,2.54,396,11,0,5,Personal blog | Stay positive ✨,Fake
23481,4820,74,7.760921434945564,352,80,1,10,Aspiring artist | Drawing my dreams,Real
23269,1221,97,3.07,636,87,0,8,Entrepreneur & lifestyle blogger,Fake
53,2362,499,3.702031069616575,336,0,0,6,Follow for daily inspiration 🌟,Real
4928,4595,239,4.62,5,71,0,5,Nature lover | Saving the planet 🌍,Real
14420,1111,343,2.15,560,99,0,6,Digital nomad living my best life 🌴,Fake
30483,4999,373,10.0,48,31,0,9,Entrepreneur & lifestyle blogger,Real
13590,3481,499,8.43,196,43,0,6,Foodie | Reviews and recipes,Fake
30192,114,285,8.212003480124267,137,55,1,1,Personal blog | Stay positive ✨,Fake
48745,1411,254,6.14,154,91,0,3,Passionate traveler and food lover,Fake
6014,666,388,8.24,976,53,0,9,Sharing moments from my journey,Fake
36351,3617,419,3.93,922,53,0,11,Foodie | Reviews and recipes,Fake
20758,3913,410,3.084968815789628,61,54,1,10,Photographer and content creator 📸,Real
22632,2732,453,0.62,439,9,0,4,Digital nomad living my best life 🌴,Fake
22717,2733,499,0.0,546,49,0,9,Passionate traveler and food lover,Real
28033,1640,418,0.44,208,80,0,3,Digital nomad living my best life 🌴,Fake
25392,4999,307,3.2026956822730623,376,27,0,7,Business inquiries? Contact below 👇,Real
9994,676,301,4.13,133,3,0,3,Aspiring artist | Drawing my dreams,Fake
37831,3754,420,9.475598243634218,561,33,0,5,Photographer and content creator 📸,Fake
2955,2645,178,8.55,58,53,0,2,DM for collaborations or inquiries!,Fake
9985,1246,462,7.09,524,97,1,4,Personal blog | Stay positive ✨,Fake
42800,2696,49,1.77,719,98,0,7,Business inquiries? Contact below 👇,Fake
17287,804,52,0.78,291,30,0,2,Entrepreneur & lifestyle blogger,Fake
18511,3529,89,3.93,433,10,0,10,Business inquiries? Contact below 👇,Fake
3150,1871,417,1.93,258,83,1,3,Foodie | Reviews and recipes,Fake
41034,1391,57,2.3,631,42,0,7,Follow for daily inspiration 🌟,Real
45387,4279,2,1.38,861,21,0,5,DM for collaborations or inquiries!,Fake
1160,537,377,0.12,911,92,0,5,Foodie | Reviews and recipes,Real
34027,4188,191,5.249340031415951,192,50,0,8,Aspiring artist | Drawing my dreams,Real
9499,3121,364,2.47,667,28,0,6,Love exploring new places 🌎,Fake
48430,2899,202,2.34,671,87,0,6,Love exploring new places 🌎,Real
30732,618,255,3.78,120,72,0,7,Love exploring new places 🌎,Real
26550,1708,448,8.41,282,74,0,3,Photographer and content creator 📸,Real
13559,1587,358,6.4,479,45,0,4,Fitness enthusiast 💪 | Health advocate,Real
13675,270,160,9.58,806,36,0,11,Follow for daily inspiration 🌟,Fake
1599,723,495,9.34,635,52,0,6,Sharing moments from my journey,Real
29209,4763,463,6.958291751915107,823,38,0,11,Love exploring new places 🌎,Fake
16468,4183,459,6.31,896,72,0,8,Follow for daily inspiration 🌟,Real
44833,4811,128,9.41,705,50,0,8,Love exploring new places 🌎,Fake
29110,2635,330,5.9,759,47,0,9,Personal blog | Stay positive ✨,Real
602,4714,256,9.34,647,42,0,3,Entrepreneur & lifestyle blogger,Real
21263,3268,63,3.3,93,45,1,3,Fitness enthusiast 💪 | Health advocate,Fake
33822,4965,355,4.47,520,19,1,2,Follow for daily inspiration 🌟,Real
25421,2305,298,2.206824419959923,999,75,1,4,Follow for daily inspiration 🌟,Real
6380,2781,59,1.04,211,48,0,2,Fitness enthusiast 💪 | Health advocate,Fake
38202,3402,272,1.42,90,42,0,6,Entrepreneur & lifestyle blogger,Real
49055,1400,382,5.42,858,5,0,5,Fitness enthusiast 💪 | Health advocate,Real
28249,211,381,0.68,972,38,0,8,Love exploring new places 🌎,Real
36392,2074,350,3.9426672645799,950,27,1,11,Nature lover | Saving the planet 🌍,Fake
9139,1992,206,6.3804503758278255,735,64,0,7,Nature lover | Saving the planet 🌍,Fake
838,1297,229,3.64,391,80,0,9,Foodie | Reviews and recipes,Real
48908,3812,22,1.55,324,98,0,2,Love exploring new places 🌎,Real
3347,3760,113,4.78,438,60,0,6,Personal blog | Stay positive ✨,Fake
29239,1504,154,5.766194706527688,828,45,1,7,Follow for daily inspiration 🌟,Fake
23378,2087,264,3.760241610280331,414,72,1,5,Sharing moments from my journey,Fake
33293,949,290,6.307659912435335,192,67,1,3,Sharing moments from my journey,Real
47154,2366,496,6.95,144,20,0,7,Entrepreneur & lifestyle blogger,Fake
24852,2185,23,5.468836578184254,945,50,0,5,Follow for daily inspiration 🌟,Fake
53,1845,219,6.42694754704472,445,74,1,2,Sharing moments from my journey,Fake
9866,3293,407,2.735623172019954,525,0,0,11,Personal blog | Stay positive ✨,Real
43783,1938,439,8.21,188,44,0,8,Love exploring new places 🌎,Fake
25113,767,380,7.3,240,67,0,8,Entrepreneur & lifestyle blogger,Fake
33910,463,130,9.59,348,22,0,2,Digital nomad living my best life 🌴,Real
6200,4202,42,0.94,359,65,0,8,Nature lover | Saving the planet 🌍,Real
24690,2355,188,0.1318536948221647,884,4,0,6,Photographer and content creator 📸,Real
24709,3946,477,3.42,495,60,0,3,Aspiring artist | Drawing my dreams,Fake
13273,827,243,6.051721463067145,569,59,0,4,Check out my website for more updates!,Fake
18840,1687,459,4.58,499,65,0,5,Follow for daily inspiration 🌟,Fake
1760,4334,24,7.03,234,55,0,4,Love exploring new places 🌎,Real
9761,3346,167,7.571703720343787,288,86,0,5,Check out my website for more updates!,Fake
23585,3320,9,3.828191975073179,765,70,1,3,Photographer and content creator 📸,Real
33871,1289,201,5.895962226512552,999,45,0,4,Fitness enthusiast 💪 | Health advocate,Real
27850,523,308,7.8,240,91,0,9,Digital nomad living my best life 🌴,Fake
28814,2735,294,3.607904377620713,717,22,0,9,Digital nomad living my best life 🌴,Fake
48177,3058,203,7.23,438,56,0,4,Aspiring artist | Drawing my dreams,Real
6823,2946,126,4.376203727715188,758,51,0,8,Entrepreneur & lifestyle blogger,Real
17910,3296,45,4.777007634376531,214,76,1,3,Entrepreneur & lifestyle blogger,Fake
18462,2052,75,6.05,465,10,0,4,Entrepreneur & lifestyle blogger,Real
20606,1557,132,0.55,654,7,0,2,Follow for daily inspiration 🌟,Real
9436,164,112,1.74,380,0,0,4,Digital nomad living my best life 🌴,Fake
22976,2249,263,8.92,63,13,0,6,Entrepreneur & lifestyle blogger,Fake
11951,2992,158,6.86,743,81,0,2,Follow for daily inspiration 🌟,Real
2022,4999,499,6.414353148053654,604,24,0,5,DM for collaborations or inquiries!,Fake
18124,2289,301,9.15,833,16,0,5,Nature lover | Saving the planet 🌍,Real
47934,2255,211,7.862237005119622,769,17,0,4,Digital nomad living my best life 🌴,Fake
48463,2255,497,0.0,605,64,0,5,Personal blog | Stay positive ✨,Fake
47145,1211,216,7.028915042103328,685,18,0,7,Entrepreneur & lifestyle blogger,Fake
37479,3070,358,1.68,57,84,0,6,Sharing moments from my journey,Real
15636,3697,159,8.98,78,24,0,2,Nature lover | Saving the planet 🌍,Fake
37884,2663,106,0.0,999,44,0,7,Love exploring new places 🌎,Real
21458,1620,111,9.0667152588649,130,57,0,6,Sharing moments from my journey,Real
45298,1296,460,1.21,89,30,0,4,Business inquiries? Contact below 👇,Fake
27894,3300,210,2.96,70,34,1,2,Entrepreneur & lifestyle blogger,Real
33922,2647,302,8.420372164294102,807,62,0,8,Foodie | Reviews and recipes,Fake
21589,2450,321,5.684966543302071,703,50,0,5,Fitness enthusiast 💪 | Health advocate,Fake
7407,382,489,7.12,288,59,0,3,Personal blog | Stay positive ✨,Fake
44319,1193,136,3.43,66,77,0,8,Digital nomad living my best life 🌴,Fake
48399,1946,197,2.27,410,47,1,1,Follow for daily inspiration 🌟,Fake
30012,4999,444,8.092163453785984,430,47,0,8,DM for collaborations or inquiries!,Real
12691,4690,42,8.264844572708894,528,42,1,7,Sharing moments from my journey,Fake
28589,4368,4,2.86,21,38,0,8,Foodie | Reviews and recipes,Fake
3167,4043,254,2.69,757,62,0,2,Business inquiries? Contact below 👇,Fake
33413,1350,339,6.026514310569814,376,62,0,3,Business inquiries? Contact below 👇,Fake
17033,4360,199,6.714825565831776,762,52,0,7,Check out my website for more updates!,Real
9618,3455,199,2.13,253,93,0,4,Entrepreneur & lifestyle blogger,Fake
4753,3786,0,4.51165958148071,917,44,0,4,Personal blog | Stay positive ✨,Real
47468,4479,95,5.61,532,94,0,8,Digital nomad living my best life 🌴,Real
48326,1882,234,0.1,732,30,0,8,Fitness enthusiast 💪 | Health advocate,Real
42144,3929,102,5.61,781,24,0,7,Foodie | Reviews and recipes,Fake
224,3020,31,1.43,967,15,0,2,Foodie | Reviews and recipes,Fake
25742,1372,162,1.02,832,96,0,5,Foodie | Reviews and recipes,Fake
10086,3171,53,5.752039305863102,0,50,0,7,Entrepreneur & lifestyle blogger,Fake
22086,1332,213,9.411070460399037,999,68,0,10,Photographer and content creator 📸,Real
12335,2405,122,9.61,26,26,0,1,Love exploring new places 🌎,Real
13267,4628,427,4.2,240,67,0,4,Follow for daily inspiration 🌟,Real
43915,2742,160,0.13,438,73,0,10,Personal blog | Stay positive ✨,Fake
12660,4983,119,9.1,681,74,0,7,Entrepreneur & lifestyle blogger,Real
48182,4749,182,9.8,836,49,0,11,Sharing moments from my journey,Fake
3648,1304,353,6.75,500,25,0,8,Entrepreneur & lifestyle blogger,Real
39633,514,470,4.67,126,45,0,5,Love exploring new places 🌎,Real
47559,4751,246,9.2,739,35,0,8,Fitness enthusiast 💪 | Health advocate,Real
262,849,397,4.48,288,67,0,3,Nature lover | Saving the planet 🌍,Real
14305,45,427,7.33,548,68,0,4,DM for collaborations or inquiries!,Real
26600,486,101,0.64,98,11,0,2,Digital nomad living my best life 🌴,Fake
42075,3385,260,1.9903220992935735,315,71,0,9,Photographer and content creator 📸,Fake
25930,1517,199,8.160448689417422,590,86,0,1,Aspiring artist | Drawing my dreams,Fake
47876,4353,111,6.49,479,20,0,6,Sharing moments from my journey,Fake
34720,2234,202,4.25,601,49,0,6,Business inquiries? Contact below 👇,Fake
12968,230,192,6.15,263,37,0,4,Follow for daily inspiration 🌟,Real
48502,3410,84,3.29,151,30,0,7,Fitness enthusiast 💪 | Health advocate,Fake
24435,3314,363,8.99,854,83,0,3,Photographer and content creator 📸,Real
23829,4633,146,8.07,470,90,0,6,Business inquiries? Contact below 👇,Fake
42012,2673,248,5.65,359,94,1,7,Love exploring new places 🌎,Real
9353,2554,266,5.600997996273249,18,24,1,9,Check out my website for more updates!,Real
31330,4356,392,6.850963797747277,612,18,1,6,Fitness enthusiast 💪 | Health advocate,Real
3413,1402,30,0.0,186,60,1,7,Personal blog | Stay positive ✨,Real
38404,4715,39,1.29,14,94,0,4,Passionate traveler and food lover,Fake
22814,3696,287,4.71,397,27,0,6,Fitness enthusiast 💪 | Health advocate,Real
22844,43,223,7.207453661442974,402,32,1,9,Check out my website for more updates!,Fake
26497,4769,66,4.19,717,43,0,4,Entrepreneur & lifestyle blogger,Fake
45544,4028,232,5.5,294,98,1,10,Nature lover | Saving the planet 🌍,Fake
14018,2308,46,5.05,491,59,0,8,Aspiring artist | Drawing my dreams,Fake
49998,3890,325,6.011983415215628,411,31,0,1,Business inquiries? Contact below 👇,Fake
42994,1065,465,1.32,594,53,0,6,Personal blog | Stay positive ✨,Fake
14388,883,170,0.6149032533218861,374,82,0,7,Nature lover | Saving the planet 🌍,Fake
17257,637,176,4.0,919,55,0,3,Digital nomad living my best life 🌴,Fake
20606,3297,87,6.2,813,90,0,7,Digital nomad living my best life 🌴,Real
28798,2265,339,3.66,84,10,0,8,Nature lover | Saving the planet 🌍,Fake
42919,4741,314,7.6997667834652255,582,99,0,1,Photographer and content creator 📸,Real
35914,4945,474,6.04,218,16,0,5,Follow for daily inspiration 🌟,Real
29375,4999,42,8.315900683218977,183,61,1,4,Business inquiries? Contact below 👇,Fake
9934,2948,295,1.3,383,56,0,2,Follow for daily inspiration 🌟,Fake
24066,4611,230,1.63,514,48,0,8,Passionate traveler and food lover,Real
30253,723,157,4.833927614572636,841,3,0,3,DM for collaborations or inquiries!,Fake
17914,2054,93,7.48,307,76,0,3,Foodie | Reviews and recipes,Real
21848,3774,236,9.21779900422551,664,80,0,7,Love exploring new places 🌎,Real
21287,1289,498,5.57,82,99,0,11,Personal blog | Stay positive ✨,Real
49929,866,78,4.97,744,56,0,6,DM for collaborations or inquiries!,Real
7005,385,50,1.12,311,40,0,4,Fitness enthusiast 💪 | Health advocate,Fake
3864,1986,282,0.56,119,51,0,4,Follow for daily inspiration 🌟,Fake
8891,4691,229,2.32,615,96,1,1,Personal blog | Stay positive ✨,Real
32567,1539,163,3.825709732196741,311,90,1,6,Entrepreneur & lifestyle blogger,Real
26787,770,73,5.08,527,10,0,2,Follow for daily inspiration 🌟,Fake
26885,2404,173,5.081411712058342,637,21,1,5,Check out my website for more updates!,Fake
23194,3488,315,2.29,958,74,0,9,Digital nomad living my best life 🌴,Real
24394,992,116,2.62,902,3,0,3,Fitness enthusiast 💪 | Health advocate,Fake
47727,2364,25,9.41,284,88,0,3,Photographer and content creator 📸,Fake
46991,196,457,2.88,414,96,0,1,Follow for daily inspiration 🌟,Real
20258,579,135,9.68,19,2,0,4,Foodie | Reviews and recipes,Real
21340,1230,310,1.7893544547097733,940,99,1,4,Passionate traveler and food lover,Fake
21223,3929,332,1.79,710,37,0,11,Follow for daily inspiration 🌟,Real
53,3023,246,9.652691290046535,472,45,0,10,Check out my website for more updates!,Fake
32236,2654,439,5.17,20,44,1,9,Love exploring new places 🌎,Fake
33210,1174,285,1.83,919,34,0,11,Photographer and content creator 📸,Fake
43894,2761,111,0.95,496,79,0,9,DM for collaborations or inquiries!,Fake
22848,1110,86,7.59,10,38,0,6,Personal blog | Stay positive ✨,Fake
10400,2167,299,6.059497048763848,657,34,1,2,Follow for daily inspiration 🌟,Fake
8532,526,426,0.1,881,27,0,2,Passionate traveler and food lover,Fake
30427,1825,201,9.37,55,20,0,5,Passionate traveler and food lover,Fake
47665,1033,148,5.912540035939458,601,40,1,2,Check out my website for more updates!,Real
36888,3731,494,8.81,562,92,0,7,Entrepreneur & lifestyle blogger,Fake
8478,4748,440,8.777294391727827,999,50,1,3,Nature lover | Saving the planet 🌍,Real
19532,3409,231,6.573864136578088,609,99,0,11,Entrepreneur & lifestyle blogger,Real
44451,2048,143,1.21,23,15,0,5,Nature lover | Saving the planet 🌍,Fake
34021,3266,248,6.19,541,78,0,8,Love exploring new places 🌎,Fake
20086,3512,330,4.3840127615740965,159,59,1,6,Photographer and content creator 📸,Real
13950,666,383,0.0,447,87,0,7,Aspiring artist | Drawing my dreams,Real
37296,1100,77,1.4453434334774062,205,42,1,3,DM for collaborations or inquiries!,Fake
1841,3563,325,8.56,343,34,0,7,Love exploring new places 🌎,Real
20257,2897,137,2.336791771737304,825,24,0,8,Follow for daily inspiration 🌟,Fake
12837,3555,88,6.502144252436674,694,66,0,4,Follow for daily inspiration 🌟,Real
15423,2466,134,1.63,669,43,0,6,Love exploring new places 🌎,Real
22837,311,351,9.31,851,45,0,2,Business inquiries? Contact below 👇,Real
17582,2942,342,3.66,104,84,0,10,Photographer and content creator 📸,Fake
33578,4574,38,9.36,215,18,1,8,Follow for daily inspiration 🌟,Real
46587,260,307,9.24,358,3,0,8,Foodie | Reviews and recipes,Fake
16991,2892,11,9.91,531,56,0,8,DM for collaborations or inquiries!,Real
33812,1237,372,4.229347518379318,517,75,1,10,Photographer and content creator 📸,Fake
26051,1043,251,4.44,420,69,0,5,Aspiring artist | Drawing my dreams,Real
9935,2853,388,4.832040267114205,454,30,0,10,Aspiring artist | Drawing my dreams,Real
26569,476,5,6.57,933,96,0,10,Sharing moments from my journey,Real
43096,3359,121,0.03,187,37,0,4,Sharing moments from my journey,Fake
21230,4088,456,5.64,695,88,0,6,Business inquiries? Contact below 👇,Real
5113,1681,291,5.55,809,99,0,8,Photographer and content creator 📸,Real
17700,394,33,4.05,375,75,1,1,Sharing moments from my journey,Real
19954,2766,352,2.3664240053787227,603,27,0,1,DM for collaborations or inquiries!,Real
2795,4697,22,9.85,83,43,0,9,Sharing moments from my journey,Fake
43158,267,200,7.22,181,60,0,6,Entrepreneur & lifestyle blogger,Real
26811,2946,83,2.5,392,60,0,2,Business inquiries? Contact below 👇,Real
13286,364,166,1.3,695,77,0,2,Business inquiries? Contact below 👇,Real
22032,4129,89,3.4,802,59,0,8,Check out my website for more updates!,Real
32708,932,327,0.1,672,17,0,3,Love exploring new places 🌎,Real
17184,3481,288,5.690759255890157,398,40,1,11,Foodie | Reviews and recipes,Fake
42405,545,448,5.04,404,68,0,3,Follow for daily inspiration 🌟,Real
1470,4137,111,9.83,536,27,0,3,Foodie | Reviews and recipes,Fake
6238,1861,40,0.73,348,18,0,2,Foodie | Reviews and recipes,Fake
22535,3449,233,2.3485963959981526,999,49,0,11,Digital nomad living my best life 🌴,Real
8881,578,38,4.394581312408063,558,81,1,8,Love exploring new places 🌎,Real
24008,2227,460,3.6256046748790136,361,66,0,11,Digital nomad living my best life 🌴,Real
42489,4243,86,4.83,451,77,0,8,Personal blog | Stay positive ✨,Real
15242,2212,91,4.604581276112152,953,50,1,2,Nature lover | Saving the planet 🌍,Real
43630,358,117,6.9419249383897625,564,0,0,5,Entrepreneur & lifestyle blogger,Real
49998,1351,412,5.427471605924028,593,45,1,10,Check out my website for more updates!,Fake
19972,1427,206,8.51,759,65,0,3,Business inquiries? Contact below 👇,Real
38168,2733,54,3.4797500054757213,415,86,1,6,Photographer and content creator 📸,Real
3054,3502,290,9.052669429004986,0,69,0,4,Digital nomad living my best life 🌴,Real
31858,595,429,3.53,58,6,0,3,Nature lover | Saving the planet 🌍,Fake
28710,1128,27,7.0,305,28,0,2,Personal blog | Stay positive ✨,Real
19048,4072,91,8.949785215773923,396,41,0,11,Fitness enthusiast 💪 | Health advocate,Fake
2745,849,346,0.14,695,78,0,6,Passionate traveler and food lover,Real
16157,3080,309,4.179103270460454,999,45,1,4,Passionate traveler and food lover,Real
43697,3722,479,8.33,784,45,1,9,DM for collaborations or inquiries!,Real
22470,4266,343,7.9,474,13,0,7,DM for collaborations or inquiries!,Fake
21734,4768,103,5.7,384,18,0,4,Entrepreneur & lifestyle blogger,Fake
11646,1334,348,2.47,842,11,0,5,Digital nomad living my best life 🌴,Real
34951,2230,116,0.0,598,89,1,2,Aspiring artist | Drawing my dreams,Real
25245,642,319,4.1,90,51,0,8,Fitness enthusiast 💪 | Health advocate,Real
21462,303,470,2.44,994,58,0,3,Sharing moments from my journey,Real
7395,2170,231,4.56,572,69,0,4,Photographer and content creator 📸,Fake
49567,437,288,0.87,795,6,0,6,Digital nomad living my best life 🌴,Fake
25314,2590,18,5.454226560717316,601,40,1,9,Business inquiries? Contact below 👇,Fake
12182,3604,287,6.958913273276533,363,98,1,7,Passionate traveler and food lover,Real
43712,645,275,6.75,123,33,0,9,Digital nomad living my best life 🌴,Real
3480,4549,382,0.94,228,20,0,7,Fitness enthusiast 💪 | Health advocate,Fake
33157,2951,166,5.0,604,56,0,4,Digital nomad living my best life 🌴,Fake
10744,3807,393,7.01,94,58,0,7,Foodie | Reviews and recipes,Fake
38016,797,292,2.224500470592698,555,31,0,4,Entrepreneur & lifestyle blogger,Real
4742,2985,142,3.9362758117846752,0,89,0,4,Personal blog | Stay positive ✨,Fake
8436,3141,221,0.3,840,83,0,3,Nature lover | Saving the planet 🌍,Real
4178,1035,108,5.57,930,29,0,6,Nature lover | Saving the planet 🌍,Fake
49998,10,220,10.0,550,71,1,3,DM for collaborations or inquiries!,Real
4230,112,440,2.97,853,71,1,10,Aspiring artist | Drawing my dreams,Fake
27488,3252,369,6.38,270,95,0,7,Love exploring new places 🌎,Real
49998,4999,0,7.444353822284714,634,0,0,3,Nature lover | Saving the planet 🌍,Real
24108,4249,336,7.430722885825245,9,48,1,7,Fitness enthusiast 💪 | Health advocate,Fake
20416,2933,305,2.3444556126507834,347,0,0,4,Passionate traveler and food lover,Real
42064,928,295,4.664480048030757,869,55,0,8,Foodie | Reviews and recipes,Fake
49538,10,130,6.428902926740099,422,21,0,4,Business inquiries? Contact below 👇,Fake
33804,4029,267,2.7,340,73,0,9,Foodie | Reviews and recipes,Fake
5549,4403,241,3.4,559,32,0,5,Entrepreneur & lifestyle blogger,Fake
32662,97,496,7.16,127,34,0,7,Fitness enthusiast 💪 | Health advocate,Real
367,2662,242,1.35,598,62,0,6,Entrepreneur & lifestyle blogger,Real
8821,4953,134,6.01,899,14,1,4,Fitness enthusiast 💪 | Health advocate,Real
10996,1028,176,3.836240165073246,668,65,1,2,Entrepreneur & lifestyle blogger,Real
37328,1569,287,1.59,906,89,0,9,Nature lover | Saving the planet 🌍,Fake
4583,2759,92,3.14,405,14,0,5,Nature lover | Saving the planet 🌍,Fake
12053,1001,439,6.122289868173008,965,74,1,10,Fitness enthusiast 💪 | Health advocate,Fake
27514,4716,48,7.41,161,12,0,10,Photographer and content creator 📸,Real
13460,1380,123,4.01,392,7,0,4,DM for collaborations or inquiries!,Fake
5877,2287,295,8.46565441811462,322,46,1,2,Digital nomad living my best life 🌴,Real
28682,4107,197,6.102591038170901,304,53,1,7,Love exploring new places 🌎,Real
1236,2293,387,2.34,499,27,0,8,Digital nomad living my best life 🌴,Real
35803,3082,136,9.4,602,5,0,3,DM for collaborations or inquiries!,Real
15329,3199,33,1.79,548,56,1,6,Passionate traveler and food lover,Fake
15245,4939,60,5.17,546,52,0,6,Love exploring new places 🌎,Real
13765,2199,494,8.84,282,38,1,9,Check out my website for more updates!,Fake
30393,44,476,7.24,1,56,0,11,DM for collaborations or inquiries!,Fake
9593,1113,371,7.15,499,9,1,10,Passionate traveler and food lover,Fake
14833,3501,466,8.113597641772206,711,34,0,4,Fitness enthusiast 💪 | Health advocate,Real
973,2182,8,6.83,176,82,0,6,Fitness enthusiast 💪 | Health advocate,Fake
13523,4698,92,9.78,941,31,0,2,Follow for daily inspiration 🌟,Fake
47839,1802,219,7.7,633,14,0,10,Follow for daily inspiration 🌟,Fake
9035,3143,135,4.64,4,98,0,9,Love exploring new places 🌎,Fake
45370,779,257,9.39,629,32,0,5,Digital nomad living my best life 🌴,Fake
16270,1650,370,9.92,4,25,0,7,Love exploring new places 🌎,Fake
41920,1757,375,1.379537657098752,162,64,0,11,Follow for daily inspiration 🌟,Real
38604,3255,237,8.22,392,12,0,9,DM for collaborations or inquiries!,Fake
6383,2394,162,0.52,335,13,0,4,Business inquiries? Contact below 👇,Fake
18643,2380,419,6.831875038150545,643,62,0,4,Business inquiries? Contact below 👇,Real
2925,996,289,8.7,147,70,0,5,Business inquiries? Contact below 👇,Real
30001,3031,0,8.947396501036838,88,53,1,6,Nature lover | Saving the planet 🌍,Fake
3409,1601,355,8.52,448,26,0,9,Follow for daily inspiration 🌟,Real
33330,4231,438,0.97,107,91,0,9,Business inquiries? Contact below 👇,Real
20773,4656,499,5.184434948000794,522,65,0,7,Passionate traveler and food lover,Fake
20710,3771,51,1.91,790,20,0,4,Passionate traveler and food lover,Fake
8523,2757,203,3.42,360,34,0,10,Fitness enthusiast 💪 | Health advocate,Fake
43510,1771,434,7.527389634391863,957,7,0,2,Photographer and content creator 📸,Fake
11325,651,302,3.16,737,99,0,9,DM for collaborations or inquiries!,Real
3803,3839,159,9.58,1,1,0,10,Follow for daily inspiration 🌟,Fake
11246,2287,481,2.45,551,15,0,9,Business inquiries? Contact below 👇,Fake
36465,3531,92,1.71,417,25,0,5,Follow for daily inspiration 🌟,Fake
53,4999,112,8.573507210966302,313,70,1,7,Nature lover | Saving the planet 🌍,Fake
26531,1734,86,8.69,858,74,0,7,Digital nomad living my best life 🌴,Fake
13473,4999,152,6.971096626533671,582,76,1,4,Entrepreneur & lifestyle blogger,Fake
48661,254,174,4.17,877,1,0,3,Fitness enthusiast 💪 | Health advocate,Fake
48813,558,387,0.22,897,73,0,9,Entrepreneur & lifestyle blogger,Real
3223,3795,178,0.0,774,66,1,11,Nature lover | Saving the planet 🌍,Fake
25825,4999,19,5.384606292788401,129,89,0,11,Passionate traveler and food lover,Real
9867,1367,270,3.5268311900645912,324,82,1,11,Check out my website for more updates!,Fake
11812,1593,44,3.84564354594581,577,68,0,1,Business inquiries? Contact below 👇,Real
42541,714,149,9.3,93,86,1,9,DM for collaborations or inquiries!,Real
28517,3550,166,3.51,733,48,0,3,Personal blog | Stay positive ✨,Fake
33088,4797,282,3.51,937,69,0,4,Nature lover | Saving the planet 🌍,Real
34254,4045,168,9.8,994,66,0,10,Fitness enthusiast 💪 | Health advocate,Real
9633,2970,165,1.67,574,61,0,10,Check out my website for more updates!,Real
10455,2229,22,8.46,504,26,0,9,Fitness enthusiast 💪 | Health advocate,Real
39134,2445,436,2.184752239051971,892,47,1,5,Photographer and content creator 📸,Real
13327,3467,241,3.5044156449207904,924,38,1,11,Aspiring artist | Drawing my dreams,Fake
36329,589,318,3.2369460799258487,999,28,0,7,Personal blog | Stay positive ✨,Fake
42205,2005,406,7.283830840662635,758,45,0,10,Personal blog | Stay positive ✨,Fake
19206,687,488,6.51,85,78,0,5,Nature lover | Saving the planet 🌍,Fake
29105,1641,2,6.85,12,38,0,9,Entrepreneur & lifestyle blogger,Fake
53,4595,0,7.969568804353215,462,78,0,9,Photographer and content creator 📸,Real
42449,4168,327,8.1,440,51,0,8,Photographer and content creator 📸,Real
44311,3019,436,0.71,855,48,0,6,Love exploring new places 🌎,Fake
23538,2994,147,5.99,615,32,0,5,DM for collaborations or inquiries!,Fake
33587,4619,473,2.940329755230521,0,87,0,1,Personal blog | Stay positive ✨,Real
17901,4687,67,4.58,641,44,0,7,Foodie | Reviews and recipes,Real
53,2588,202,3.674713993766262,217,37,1,3,Aspiring artist | Drawing my dreams,Fake
11578,2451,170,1.45,643,13,1,3,Personal blog | Stay positive ✨,Real
24827,3653,370,7.54,473,53,0,7,DM for collaborations or inquiries!,Real
46663,1030,199,9.14,651,31,1,4,Sharing moments from my journey,Fake
43315,2065,157,3.61,48,58,0,9,Passionate traveler and food lover,Real
34516,3009,427,9.368638651002987,274,97,0,5,Follow for daily inspiration 🌟,Real
14796,2258,217,4.692499906806155,608,15,0,1,Aspiring artist | Drawing my dreams,Fake
48465,728,236,8.78,164,50,0,2,Sharing moments from my journey,Fake
45562,3033,124,5.63,936,89,0,4,Passionate traveler and food lover,Real
16752,1540,155,1.6732311612338997,729,29,0,1,Follow for daily inspiration 🌟,Real
49998,2139,363,4.069341754100648,332,69,0,8,Sharing moments from my journey,Fake
32406,2392,352,5.728397310960949,503,70,0,7,Business inquiries? Contact below 👇,Fake
14752,4408,78,6.17,547,56,0,2,DM for collaborations or inquiries!,Fake
26458,4999,45,3.8987680366674793,954,35,0,2,Nature lover | Saving the planet 🌍,Fake
31184,10,0,2.249628033675889,567,35,1,5,Check out my website for more updates!,Fake
23350,4409,130,3.51,331,68,1,2,Photographer and content creator 📸,Real
41430,2520,149,4.549561628148357,703,90,1,5,Fitness enthusiast 💪 | Health advocate,Real
15653,1368,151,0.64,313,4,0,8,Fitness enthusiast 💪 | Health advocate,Fake
34409,3450,364,0.0,202,44,1,5,Sharing moments from my journey,Real
27921,4484,335,5.83,406,15,0,2,Foodie | Reviews and recipes,Fake
31594,4801,327,3.84,184,59,0,5,Sharing moments from my journey,Fake
32592,4612,76,7.95,373,86,0,10,Fitness enthusiast 💪 | Health advocate,Real
48493,3342,466,7.01,415,16,0,4,Photographer and content creator 📸,Real
15118,75,291,6.45,465,21,0,7,Personal blog | Stay positive ✨,Real
41016,2262,350,2.44,700,10,0,6,Photographer and content creator 📸,Real
40518,3297,200,3.15,955,99,0,11,Business inquiries? Contact below 👇,Real
34841,1724,34,5.42,337,19,1,2,Business inquiries? Contact below 👇,Fake
14346,1861,477,9.93,865,48,0,8,Love exploring new places 🌎,Fake
21602,4493,109,4.0,317,29,0,1,Nature lover | Saving the planet 🌍,Real
11387,4782,86,0.21,257,18,0,8,DM for collaborations or inquiries!,Fake
39157,2875,45,0.95,3,56,0,3,Entrepreneur & lifestyle blogger,Fake
40112,532,20,6.8,693,96,0,11,Fitness enthusiast 💪 | Health advocate,Fake
12898,10,199,4.2711054984646735,0,41,1,8,Nature lover | Saving the planet 🌍,Fake
48888,2450,402,2.22,134,9,0,6,DM for collaborations or inquiries!,Real
26277,4189,349,0.59,331,30,0,6,Entrepreneur & lifestyle blogger,Fake
26566,841,25,2.3167094833916155,598,22,0,4,Check out my website for more updates!,Fake
34043,10,183,4.657514900085231,943,29,0,2,Personal blog | Stay positive ✨,Real
27292,2484,0,3.95999535150631,595,99,1,6,Business inquiries? Contact below 👇,Fake
27834,967,130,5.63,587,56,0,11,Love exploring new places 🌎,Real
35846,2965,252,5.93,102,11,1,10,Aspiring artist | Drawing my dreams,Real
37946,551,310,0.96,948,52,1,11,Love exploring new places 🌎,Fake
35277,3321,205,7.498007356513047,712,49,0,8,Business inquiries? Contact below 👇,Fake
5463,75,19,7.96,322,15,0,9,Aspiring artist | Drawing my dreams,Fake
31136,2161,202,3.738416983623992,170,60,1,3,Digital nomad living my best life 🌴,Real
47390,2019,71,8.706147752583494,621,49,1,7,Personal blog | Stay positive ✨,Fake
21491,1882,135,7.89,9,34,0,9,Aspiring artist | Drawing my dreams,Fake
30269,3737,412,7.33406974260696,587,40,1,8,Fitness enthusiast 💪 | Health advocate,Fake
19778,2415,283,4.589050871801419,999,67,0,11,Nature lover | Saving the planet 🌍,Fake
32888,96,460,2.518543321422691,479,41,1,11,Photographer and content creator 📸,Real
48341,3913,89,8.61,664,36,0,4,Sharing moments from my journey,Fake
26108,4492,163,9.54,453,16,1,9,Nature lover | Saving the planet 🌍,Fake
30802,1308,193,2.1334049057779905,377,44,1,6,Personal blog | Stay positive ✨,Real
48306,3350,15,5.45,397,65,0,9,Love exploring new places 🌎,Fake
24342,778,280,8.23,188,51,0,7,DM for collaborations or inquiries!,Fake
18892,566,369,9.36,757,65,0,10,Foodie | Reviews and recipes,Real
41961,2434,18,7.75,421,97,0,10,Check out my website for more updates!,Real
15243,4715,476,6.55,667,3,0,8,Entrepreneur & lifestyle blogger,Real
3223,4453,153,7.16,514,28,0,4,Aspiring artist | Drawing my dreams,Real
6643,995,492,6.56,509,5,0,9,Love exploring new places 🌎,Real
43725,1126,304,10.0,521,84,0,7,Photographer and content creator 📸,Fake
13087,650,38,1.48,296,75,0,8,Aspiring artist | Drawing my dreams,Real
17775,4999,359,1.329469489900534,342,62,1,10,Aspiring artist | Drawing my dreams,Fake
23958,2683,417,3.51,700,46,0,8,Business inquiries? Contact below 👇,Real
48312,4330,467,3.39,252,76,0,6,Personal blog | Stay positive ✨,Real
30505,4038,362,4.635720994532356,282,28,1,9,Nature lover | Saving the planet 🌍,Fake
26047,4706,118,2.26,594,7,0,6,Photographer and content creator 📸,Real
28133,1502,373,1.4423305923313363,733,65,1,8,Follow for daily inspiration 🌟,Real
11702,3328,331,3.82,483,35,0,4,Follow for daily inspiration 🌟,Real
21288,2060,471,0.0,460,53,1,7,Nature lover | Saving the planet 🌍,Real
14010,3853,257,6.08,349,56,0,2,Nature lover | Saving the planet 🌍,Fake
16072,4894,260,3.897568045066564,278,56,0,4,Personal blog | Stay positive ✨,Fake
17584,1646,344,5.33,777,13,0,5,Entrepreneur & lifestyle blogger,Fake
10681,4274,481,7.24,618,99,0,8,Follow for daily inspiration 🌟,Fake
28534,1625,132,4.094189386626741,6,85,1,7,Aspiring artist | Drawing my dreams,Fake
49388,2589,147,2.12,784,99,0,8,Follow for daily inspiration 🌟,Real
5134,290,221,1.93,104,24,0,8,Aspiring artist | Drawing my dreams,Fake
43438,1939,19,5.22,903,6,0,9,Check out my website for more updates!,Real
36740,1593,214,3.0533550730442034,72,99,1,3,Personal blog | Stay positive ✨,Fake
23073,342,186,0.0,487,25,0,1,Entrepreneur & lifestyle blogger,Fake
15022,1246,291,10.0,434,39,0,7,Follow for daily inspiration 🌟,Real
29537,3239,276,7.0,829,97,0,9,Sharing moments from my journey,Real
20775,2470,0,10.0,646,41,1,7,Passionate traveler and food lover,Fake
19483,1012,321,5.16,472,3,1,10,Digital nomad living my best life 🌴,Real
347,4012,141,4.931836257816783,548,70,1,7,Digital nomad living my best life 🌴,Real
53,3086,416,6.3224945267574935,531,54,0,10,Fitness enthusiast 💪 | Health advocate,Fake
5549,1707,397,7.49,504,73,0,4,Fitness enthusiast 💪 | Health advocate,Real
11774,2826,402,5.78,813,36,0,3,Aspiring artist | Drawing my dreams,Real
37983,4324,473,0.29,659,75,0,6,Sharing moments from my journey,Fake
5349,4015,172,0.02,849,43,0,7,Foodie | Reviews and recipes,Fake
30471,3282,183,10.0,303,78,1,3,Photographer and content creator 📸,Real
9716,1523,67,6.94,663,37,0,2,Digital nomad living my best life 🌴,Real
6500,2088,217,3.158688443649435,123,99,1,4,Passionate traveler and food lover,Real
7574,2220,245,0.63,404,30,0,4,Passionate traveler and food lover,Fake
3998,3985,362,2.58,495,14,0,7,DM for collaborations or inquiries!,Fake
40933,1830,377,3.04524248683618,656,99,0,7,Foodie | Reviews and recipes,Real
48323,3025,372,6.84,415,55,0,9,Personal blog | Stay positive ✨,Real
40617,1585,230,1.6627939053598966,354,15,1,7,Passionate traveler and food lover,Fake
14821,4185,234,8.5,544,70,0,4,Check out my website for more updates!,Fake
17063,2671,57,4.166409847794179,761,21,0,7,Entrepreneur & lifestyle blogger,Real
23096,1862,124,7.628425254347958,706,50,1,2,Entrepreneur & lifestyle blogger,Real
26503,741,53,6.39883322879756,596,83,1,6,Nature lover | Saving the planet 🌍,Real
15024,1237,236,7.63,112,61,0,10,Photographer and content creator 📸,Real
8607,4933,281,4.23,748,57,0,2,Foodie | Reviews and recipes,Real
42951,2617,231,9.09,229,28,0,6,Sharing moments from my journey,Fake
26815,1344,305,7.04,953,12,0,6,Check out my website for more updates!,Fake
33567,4999,338,3.628035390717119,657,57,0,5,Foodie | Reviews and recipes,Fake
41885,3374,45,5.13,2,70,0,11,Aspiring artist | Drawing my dreams,Fake
10916,2270,159,3.761397084768448,190,77,1,9,Passionate traveler and food lover,Fake
14186,3843,285,0.27,483,48,0,2,Follow for daily inspiration 🌟,Real
1625,10,226,10.0,302,0,1,5,Foodie | Reviews and recipes,Real
16493,4314,284,7.4,526,81,0,10,Photographer and content creator 📸,Fake
14648,4809,193,7.085454316581597,539,51,0,6,Fitness enthusiast 💪 | Health advocate,Fake
23723,2378,115,3.221176228110197,622,58,0,5,Aspiring artist | Drawing my dreams,Real
19546,4694,139,1.7,697,0,1,3,Check out my website for more updates!,Fake
11203,3003,436,8.07,135,4,0,4,Personal blog | Stay positive ✨,Fake
48945,4548,214,3.2,497,64,1,8,Nature lover | Saving the planet 🌍,Real
29217,4853,51,8.08,251,58,0,5,Personal blog | Stay positive ✨,Fake
28775,2005,167,1.7985849359705526,684,57,0,7,Check out my website for more updates!,Real
9849,2172,111,8.07,576,22,0,11,Love exploring new places 🌎,Fake
47954,1361,265,4.009537699768863,117,37,0,2,Business inquiries? Contact below 👇,Fake
42291,1571,332,0.23,480,80,0,6,Check out my website for more updates!,Fake
15222,457,384,6.2182724642350165,222,96,1,2,Personal blog | Stay positive ✨,Real
29949,1042,464,7.69,906,15,0,3,Sharing moments from my journey,Real
41224,590,172,0.98,312,40,0,9,DM for collaborations or inquiries!,Real
25111,3657,204,6.69155546112825,642,99,1,9,Business inquiries? Contact below 👇,Fake
2602,966,242,1.63,219,59,0,6,Digital nomad living my best life 🌴,Fake
36931,4302,21,3.52,209,17,0,10,Nature lover | Saving the planet 🌍,Real
18349,4290,335,7.82,660,40,0,3,Personal blog | Stay positive ✨,Fake
17511,10,157,0.0,359,37,1,1,Passionate traveler and food lover,Fake
13784,4807,477,6.11,552,2,0,3,Fitness enthusiast 💪 | Health advocate,Real
34658,500,363,0.73,728,22,0,6,Sharing moments from my journey,Real
38644,1696,268,4.115342271440383,227,0,1,8,Nature lover | Saving the planet 🌍,Real
46761,2830,61,10.0,632,24,0,6,Passionate traveler and food lover,Fake
503,1481,499,3.344373685270635,177,42,1,7,Photographer and content creator 📸,Fake
13524,2927,439,8.99,957,46,1,5,Photographer and content creator 📸,Fake
40972,3647,135,8.187567722334439,747,72,1,5,Sharing moments from my journey,Fake
41660,2446,476,2.22,307,62,0,6,Foodie | Reviews and recipes,Real
41346,2930,481,7.47,215,2,0,2,Personal blog | Stay positive ✨,Fake
11789,1856,457,9.62,410,45,0,9,Fitness enthusiast 💪 | Health advocate,Fake
4629,1852,170,5.3,680,71,0,10,Entrepreneur & lifestyle blogger,Real
37484,2564,499,4.591011046602865,0,70,0,6,Passionate traveler and food lover,Real
40471,3254,251,3.0717273447689832,223,39,1,11,Nature lover | Saving the planet 🌍,Real
10651,1710,405,2.63,334,24,0,5,Nature lover | Saving the planet 🌍,Fake
37822,1835,198,5.46,91,52,0,11,Follow for daily inspiration 🌟,Fake
9738,3188,264,2.89,656,4,1,11,Nature lover | Saving the planet 🌍,Real
29899,4684,73,4.0,401,1,1,10,Business inquiries? Contact below 👇,Real
29900,1638,15,6.57,430,2,1,6,Fitness enthusiast 💪 | Health advocate,Fake
34798,878,383,4.03,895,22,0,10,Love exploring new places 🌎,Real
41263,2367,213,4.609531582500868,422,52,0,4,Follow for daily inspiration 🌟,Real
40547,746,388,0.69,302,17,0,7,Nature lover | Saving the planet 🌍,Fake
3498,2810,29,5.81,734,28,0,9,Fitness enthusiast 💪 | Health advocate,Real
36360,1780,198,5.95,45,17,0,5,Passionate traveler and food lover,Fake
46130,4460,55,1.01,179,91,0,4,Fitness enthusiast 💪 | Health advocate,Real
11503,3230,177,1.97,112,43,0,7,Personal blog | Stay positive ✨,Real
32286,4999,165,4.72586567171329,334,31,0,9,Passionate traveler and food lover,Real
22074,775,141,6.93,156,0,0,8,Personal blog | Stay positive ✨,Fake
8764,3114,287,2.6460670283264016,780,82,0,6,Follow for daily inspiration 🌟,Real
47877,3761,353,1.29,243,97,1,2,Check out my website for more updates!,Fake
35065,3509,483,4.05,183,91,0,3,Photographer and content creator 📸,Fake
31377,3164,55,3.48,484,15,0,1,Fitness enthusiast 💪 | Health advocate,Real
12238,683,416,4.7,749,0,0,9,Check out my website for more updates!,Real
45617,3039,98,6.56,713,98,0,5,Sharing moments from my journey,Fake
15766,4328,266,3.07631412656522,735,0,0,8,Check out my website for more updates!,Real
34528,1422,436,7.09,555,76,0,2,Fitness enthusiast 💪 | Health advocate,Real
23089,3077,241,7.21,530,52,0,11,Love exploring new places 🌎,Fake
34684,2388,389,0.32,67,28,0,8,Digital nomad living my best life 🌴,Fake
47567,4225,228,4.87,989,74,0,10,Personal blog | Stay positive ✨,Fake
18384,958,133,5.5,406,68,0,7,Personal blog | Stay positive ✨,Real
7102,951,275,1.576957484933366,91,99,0,8,Business inquiries? Contact below 👇,Fake
46204,3931,381,4.29,360,90,0,10,Business inquiries? Contact below 👇,Real
23107,2493,134,0.4,394,34,0,5,Passionate traveler and food lover,Fake
42265,2875,379,6.09,83,17,0,8,Foodie | Reviews and recipes,Fake
30575,4071,23,10.0,334,99,0,5,Sharing moments from my journey,Fake
24841,2708,411,7.905894039798606,0,63,1,6,Digital nomad living my best life 🌴,Real
18722,1896,80,2.28,257,4,0,2,Follow for daily inspiration 🌟,Fake
9362,2910,459,5.58,116,8,0,6,Entrepreneur & lifestyle blogger,Real
5325,223,449,1.4907689115115028,664,34,1,8,Love exploring new places 🌎,Real
11853,2380,269,0.29,887,97,1,10,Fitness enthusiast 💪 | Health advocate,Real
46736,2687,99,3.299557971687848,999,42,0,7,Fitness enthusiast 💪 | Health advocate,Fake
43774,2559,249,2.49,669,66,0,6,Foodie | Reviews and recipes,Fake
31812,284,405,7.52,247,64,0,5,Check out my website for more updates!,Real
44268,1539,493,1.63,602,44,0,3,Follow for daily inspiration 🌟,Real
53,1813,15,1.813255986672572,621,94,1,6,Foodie | Reviews and recipes,Real
43102,449,483,4.52,689,71,0,9,Digital nomad living my best life 🌴,Fake
31049,3515,37,0.64,704,90,0,8,Personal blog | Stay positive ✨,Real
21970,161,257,1.83,924,79,0,6,Entrepreneur & lifestyle blogger,Real
9993,3876,452,1.74,116,24,0,3,Follow for daily inspiration 🌟,Fake
22326,2666,321,5.747293044182982,817,56,1,4,Entrepreneur & lifestyle blogger,Real
32306,1646,379,3.979090027702415,946,33,0,1,Foodie | Reviews and recipes,Real
859,1684,450,6.89,914,24,0,8,Entrepreneur & lifestyle blogger,Real
40116,2492,382,3.7416594987350216,721,35,1,2,Passionate traveler and food lover,Fake
30466,3398,437,6.300502804093106,159,30,1,7,Check out my website for more updates!,Fake
4946,534,365,3.3,493,40,0,10,Business inquiries? Contact below 👇,Fake
21035,4999,224,8.013275205514848,177,59,1,7,Personal blog | Stay positive ✨,Fake
25082,1541,117,0.35,540,13,0,2,Entrepreneur & lifestyle blogger,Real
53,2944,109,5.918935810940512,703,2,0,7,Passionate traveler and food lover,Real
31040,1869,36,3.59,451,91,0,5,Fitness enthusiast 💪 | Health advocate,Real
34118,1273,209,4.24,488,8,0,3,Foodie | Reviews and recipes,Real
3095,851,301,8.27,827,71,0,9,Foodie | Reviews and recipes,Real
6544,4628,274,8.84,719,77,0,4,Photographer and content creator 📸,Real
10200,2884,0,4.12699977940312,649,63,1,5,Digital nomad living my best life 🌴,Fake
39387,3019,200,4.360573550632553,305,33,0,11,Fitness enthusiast 💪 | Health advocate,Fake
10375,3613,21,5.22,366,47,0,10,Entrepreneur & lifestyle blogger,Fake
34726,4971,421,6.48,447,44,0,5,DM for collaborations or inquiries!,Real
43578,461,320,3.62,439,92,0,5,Entrepreneur & lifestyle blogger,Fake
45925,3863,311,9.08,11,27,0,2,Nature lover | Saving the planet 🌍,Real
31061,2545,136,3.42,269,75,0,9,Entrepreneur & lifestyle blogger,Fake
35066,2521,214,0.51,498,53,0,11,Love exploring new places 🌎,Fake
12740,152,153,5.72,785,92,0,9,Business inquiries? Contact below 👇,Real
38624,3815,318,7.53,796,82,0,9,Check out my website for more updates!,Real
16313,10,256,4.595632381498337,456,67,0,4,Love exploring new places 🌎,Fake
11056,1462,272,0.24,390,58,0,6,Personal blog | Stay positive ✨,Fake
28030,493,328,0.0,171,82,1,2,Aspiring artist | Drawing my dreams,Real
53,2922,250,3.4537596412970077,65,16,0,5,Photographer and content creator 📸,Real
22811,3396,221,1.890425454915447,204,47,1,5,Passionate traveler and food lover,Fake
35614,3828,158,8.28,395,10,0,6,Nature lover | Saving the planet 🌍,Real
28200,3090,229,9.52,213,78,0,5,Photographer and content creator 📸,Fake
22321,953,244,8.0,747,32,0,10,Digital nomad living my best life 🌴,Fake
30387,1627,343,7.37,736,48,0,10,DM for collaborations or inquiries!,Real
14555,81,357,0.89,305,34,0,11,Nature lover | Saving the planet 🌍,Real
33086,2145,332,8.28,964,77,0,6,Fitness enthusiast 💪 | Health advocate,Real
46647,3780,378,1.2,518,78,0,5,Love exploring new places 🌎,Real
45161,1484,407,7.749014813688653,54,85,0,5,Sharing moments from my journey,Fake
38156,1636,291,4.32,437,1,0,11,Follow for daily inspiration 🌟,Real
18795,2943,382,7.040766447799809,999,37,0,6,Entrepreneur & lifestyle blogger,Real
27327,4194,481,4.76,817,71,0,7,Digital nomad living my best life 🌴,Fake
35052,2958,264,8.254383370468998,331,41,1,3,Passionate traveler and food lover,Real
9120,3245,390,7.65,678,77,0,4,DM for collaborations or inquiries!,Fake
33125,1484,476,2.49,42,19,0,2,Follow for daily inspiration 🌟,Fake
33527,997,325,2.22,923,22,0,7,DM for collaborations or inquiries!,Real
47930,2935,499,1.173054534428502,217,99,0,5,Love exploring new places 🌎,Real
21229,4195,426,7.64,580,13,0,3,Nature lover | Saving the planet 🌍,Real
24858,2080,357,0.53,641,25,0,7,Passionate traveler and food lover,Real
23833,2721,129,3.22,762,7,0,4,Love exploring new places 🌎,Real
33204,10,437,4.260298079722534,173,82,0,5,Nature lover | Saving the planet 🌍,Real
35288,3271,154,5.89,645,75,0,2,Check out my website for more updates!,Fake
30780,2811,499,6.196986622120193,645,0,0,5,Fitness enthusiast 💪 | Health advocate,Fake
49998,393,0,4.607924903416304,282,70,0,4,Digital nomad living my best life 🌴,Real
31164,987,79,5.01216081607132,228,61,1,8,Nature lover | Saving the planet 🌍,Fake
28506,3476,52,0.0,150,73,1,8,Nature lover | Saving the planet 🌍,Fake
2431,4064,206,1.83,519,94,0,11,Aspiring artist | Drawing my dreams,Real
30492,1964,0,5.038802920742322,0,45,1,8,Fitness enthusiast 💪 | Health advocate,Fake
24251,4999,32,5.88163277877394,868,21,1,1,Sharing moments from my journey,Real
29592,3877,477,1.74,924,22,0,9,Personal blog | Stay positive ✨,Fake
13113,4007,33,4.46,228,48,0,1,Business inquiries? Contact below 👇,Real
32811,3717,340,3.82059002063042,611,52,1,7,Foodie | Reviews and recipes,Fake
1886,4907,87,4.94,516,21,0,8,Personal blog | Stay positive ✨,Fake
27640,3201,320,5.58,396,93,0,11,Entrepreneur & lifestyle blogger,Fake
34453,1206,156,3.78,972,18,0,1,Photographer and content creator 📸,Fake
48004,2743,28,1.52,409,90,0,2,DM for collaborations or inquiries!,Fake
918,4518,411,6.81,87,76,1,9,Personal blog | Stay positive ✨,Fake
27019,1569,261,2.26,773,63,0,9,Photographer and content creator 📸,Real
10386,24,287,3.05,620,7,0,5,Photographer and content creator 📸,Fake
42181,3354,452,4.27,934,79,0,11,Foodie | Reviews and recipes,Fake
30686,2978,43,7.058103941491213,286,67,0,4,Photographer and content creator 📸,Real
36657,2839,356,1.829179428160484,706,49,0,7,Foodie | Reviews and recipes,Real
26758,1459,467,3.67,887,10,0,9,Sharing moments from my journey,Fake
8463,783,418,6.19,933,0,0,3,Personal blog | Stay positive ✨,Fake
15676,4181,412,0.0,710,18,1,9,Business inquiries? Contact below 👇,Real
8897,1594,282,4.373950853179076,999,38,1,8,Personal blog | Stay positive ✨,Fake
20226,2021,415,8.37,624,42,0,4,Personal blog | Stay positive ✨,Fake
17366,4163,469,6.17,455,13,0,9,Foodie | Reviews and recipes,Real
5764,1415,89,4.01,530,64,0,3,Aspiring artist | Drawing my dreams,Fake
28971,213,230,1.42,707,91,0,11,Love exploring new places 🌎,Fake
46221,1773,260,9.14,438,23,0,7,Business inquiries? Contact below 👇,Fake
45389,1013,321,4.86,950,99,0,4,Sharing moments from my journey,Real
6905,1916,82,2.06,971,67,0,6,Photographer and content creator 📸,Real
7158,4676,368,9.78,703,51,1,3,Business inquiries? Contact below 👇,Fake
29466,216,428,4.41,435,68,0,11,Check out my website for more updates!,Fake
49998,557,209,6.610711883955653,706,64,1,11,Nature lover | Saving the planet 🌍,Real
27654,2088,109,5.19379848345159,208,70,0,5,Nature lover | Saving the planet 🌍,Real
20769,1591,144,3.0076588107746884,768,73,1,6,Photographer and content creator 📸,Real
48218,4638,314,3.47,306,30,0,3,Personal blog | Stay positive ✨,Real
33727,2774,458,3.962468336291916,999,46,1,9,Passionate traveler and food lover,Fake
1796,529,30,1.5,992,53,0,5,DM for collaborations or inquiries!,Real
35338,298,160,5.86,106,98,1,4,Personal blog | Stay positive ✨,Real
48400,2716,5,1.23,550,52,0,3,Photographer and content creator 📸,Real
53,1036,426,6.340888316794494,880,39,1,5,Love exploring new places 🌎,Fake
29211,3555,131,7.43,909,14,0,7,Nature lover | Saving the planet 🌍,Fake
11428,2671,409,4.38,567,96,0,5,Business inquiries? Contact below 👇,Real
29730,2701,391,8.35,854,44,0,3,Follow for daily inspiration 🌟,Real
26262,3626,0,2.670713795962394,516,43,0,11,Entrepreneur & lifestyle blogger,Fake
34473,4408,470,5.33,287,47,0,7,Entrepreneur & lifestyle blogger,Real
29075,1774,29,8.29,306,41,0,2,Sharing moments from my journey,Fake
2380,50,173,6.88,824,67,1,6,Love exploring new places 🌎,Real
21984,4825,85,1.56,388,16,0,11,Follow for daily inspiration 🌟,Real
20373,2837,105,2.674033858669268,418,69,0,5,Love exploring new places 🌎,Fake
33428,94,200,5.34,179,56,0,3,Fitness enthusiast 💪 | Health advocate,Real
12393,3232,36,0.17,99,47,0,2,Check out my website for more updates!,Fake
19191,3605,125,1.37,747,96,0,2,Aspiring artist | Drawing my dreams,Fake
20943,704,329,9.72,430,69,0,8,Photographer and content creator 📸,Real
48493,1951,462,1.09,547,58,0,9,Foodie | Reviews and recipes,Fake
15130,3104,68,2.1758493659527725,695,41,1,7,Foodie | Reviews and recipes,Real
48169,1653,300,6.41572060384362,310,0,1,3,DM for collaborations or inquiries!,Fake
888,3377,192,4.0,60,94,0,9,Digital nomad living my best life 🌴,Fake
27541,801,123,9.13,506,14,0,8,Love exploring new places 🌎,Real
41204,250,355,0.57,957,50,0,10,Passionate traveler and food lover,Real
6103,487,278,7.37,219,19,0,9,Follow for daily inspiration 🌟,Real
18290,496,52,8.55,652,58,0,3,Passionate traveler and food lover,Fake
14215,10,321,5.385829927991567,579,42,1,2,Entrepreneur & lifestyle blogger,Real
27321,3014,80,3.11,320,0,1,7,Digital nomad living my best life 🌴,Real
13987,995,62,2.5,350,98,0,3,Passionate traveler and food lover,Fake
29967,648,191,9.84,789,18,0,11,Fitness enthusiast 💪 | Health advocate,Fake
42330,4557,472,1.58,368,90,0,3,Personal blog | Stay positive ✨,Fake
26377,551,239,3.51,52,86,0,11,Aspiring artist | Drawing my dreams,Fake
29139,2598,321,3.3455389346238986,333,31,1,8,Passionate traveler and food lover,Real
8630,2573,410,8.07,49,14,0,3,Digital nomad living my best life 🌴,Real
11967,2310,239,8.81,216,87,0,5,Aspiring artist | Drawing my dreams,Real
20995,858,266,8.22,224,79,0,8,Photographer and content creator 📸,Real
25432,181,204,6.0984220386889065,297,95,1,3,Fitness enthusiast 💪 | Health advocate,Fake
7455,2549,266,8.37,881,21,0,8,DM for collaborations or inquiries!,Fake
20662,1767,155,6.64,600,86,0,9,Digital nomad living my best life 🌴,Real
8362,2019,350,9.7,493,91,0,2,Nature lover | Saving the planet 🌍,Real
36078,890,228,7.11,270,23,0,6,Aspiring artist | Drawing my dreams,Fake
46864,2798,145,2.26,708,98,0,7,Sharing moments from my journey,Real
24433,1689,100,5.95,605,30,1,2,Fitness enthusiast 💪 | Health advocate,Real
28991,4999,457,4.271134534522489,297,58,0,1,DM for collaborations or inquiries!,Real
40001,3204,475,0.58,417,1,0,10,Check out my website for more updates!,Real
12664,2519,300,6.18,982,33,0,2,Sharing moments from my journey,Real
21256,2495,322,3.65,915,48,1,4,Aspiring artist | Drawing my dreams,Fake
46220,4898,23,3.58,440,67,0,7,Love exploring new places 🌎,Real
47884,1314,240,9.712218339299564,614,48,1,7,Foodie | Reviews and recipes,Real
31236,2712,83,10.0,514,36,1,8,Photographer and content creator 📸,Fake
10282,57,412,8.08,628,87,0,9,Check out my website for more updates!,Fake
26183,762,371,2.25,78,21,0,4,Aspiring artist | Drawing my dreams,Fake
21249,4714,179,1.01,615,57,0,3,Love exploring new places 🌎,Real
13302,192,353,7.945891948206802,707,39,1,5,Fitness enthusiast 💪 | Health advocate,Real
22860,555,485,5.93,115,57,0,6,Nature lover | Saving the planet 🌍,Fake
25121,3350,336,4.36,930,69,0,8,DM for collaborations or inquiries!,Real
11976,2347,233,0.0,421,99,0,2,Photographer and content creator 📸,Real
24222,815,37,1.79,454,94,0,8,Entrepreneur & lifestyle blogger,Fake
12351,2123,35,7.302089409740145,295,83,0,7,Entrepreneur & lifestyle blogger,Fake
19872,4875,133,1.0,907,81,0,10,DM for collaborations or inquiries!,Fake
35840,3579,469,4.76,680,13,0,3,DM for collaborations or inquiries!,Real
30470,264,172,3.43,533,44,0,7,Entrepreneur & lifestyle blogger,Fake
20606,4403,97,5.788849161139047,497,4,0,7,Passionate traveler and food lover,Fake
8533,237,146,7.98,673,16,0,2,Sharing moments from my journey,Fake
25805,2130,32,5.03,276,53,0,3,Sharing moments from my journey,Fake
41421,2098,320,0.01,786,42,0,10,Passionate traveler and food lover,Fake
35209,10,176,0.8984409194629412,905,26,1,7,Nature lover | Saving the planet 🌍,Fake
3937,4238,369,7.053666338770814,542,39,0,7,Photographer and content creator 📸,Real
40660,2209,433,8.18622092275796,691,76,1,7,Photographer and content creator 📸,Fake
9992,564,33,4.61,221,78,0,10,DM for collaborations or inquiries!,Fake
21947,4999,236,5.4682184575012815,504,54,1,7,Personal blog | Stay positive ✨,Real
17663,4375,457,8.0,764,83,1,6,Fitness enthusiast 💪 | Health advocate,Real
17174,4700,338,1.47,934,50,0,3,Nature lover | Saving the planet 🌍,Fake
19954,4000,347,5.665113395224504,748,85,0,9,Entrepreneur & lifestyle blogger,Fake
49998,1054,205,9.6929171027151,684,61,0,8,Aspiring artist | Drawing my dreams,Real
14672,1640,466,1.49,276,0,0,7,Personal blog | Stay positive ✨,Fake
31463,2320,84,4.09,266,83,0,1,Photographer and content creator 📸,Fake
32344,4473,116,1.21,2,0,0,7,Entrepreneur & lifestyle blogger,Real
33603,3163,133,4.428091496626212,609,68,0,3,Entrepreneur & lifestyle blogger,Fake
19773,1442,295,9.28,157,58,0,11,Personal blog | Stay positive ✨,Real
49812,3938,181,0.76,680,69,0,3,Entrepreneur & lifestyle blogger,Real
11090,2243,183,6.26,249,11,0,10,Check out my website for more updates!,Real
4381,4300,74,0.49,404,89,0,11,Photographer and content creator 📸,Fake
46391,3215,76,2.57,962,29,0,7,Love exploring new places 🌎,Real
29503,3428,405,2.3,292,59,0,5,Photographer and content creator 📸,Fake
45294,2170,3,7.97,45,58,0,4,DM for collaborations or inquiries!,Fake
36182,4999,399,7.470040911616856,115,29,1,8,DM for collaborations or inquiries!,Fake
22629,2404,266,6.64,912,83,0,11,Foodie | Reviews and recipes,Real
9756,703,238,5.600550668489612,717,0,1,3,Passionate traveler and food lover,Fake
14852,2538,393,0.68,918,65,0,3,Check out my website for more updates!,Real
46612,1877,248,3.83,852,78,0,4,Follow for daily inspiration 🌟,Real
34328,2292,148,4.49,627,39,0,3,Foodie | Reviews and recipes,Fake
9552,4053,330,3.56,526,83,0,8,Entrepreneur & lifestyle blogger,Real
16378,2517,224,9.91,410,21,0,7,Nature lover | Saving the planet 🌍,Fake
38381,1675,294,6.96,757,67,1,7,Personal blog | Stay positive ✨,Fake
22477,1381,284,9.98,339,12,1,3,DM for collaborations or inquiries!,Real
31936,2003,77,5.39,661,64,0,11,Business inquiries? Contact below 👇,Real
42872,3531,189,3.7546784236616864,485,87,0,8,Foodie | Reviews and recipes,Real
31680,4105,209,4.735113602342621,406,95,1,10,Aspiring artist | Drawing my dreams,Real
6414,4759,93,3.892382520925593,498,43,0,5,Foodie | Reviews and recipes,Fake
38503,3032,457,7.45,296,78,0,4,DM for collaborations or inquiries!,Fake
20154,1309,115,2.92,284,6,0,1,Photographer and content creator 📸,Fake
30671,375,208,1.11,970,12,0,9,Love exploring new places 🌎,Real
25810,1921,236,5.47,425,15,0,8,Photographer and content creator 📸,Real
14894,428,255,0.26,923,4,0,7,Personal blog | Stay positive ✨,Fake
13554,2586,99,6.76,82,20,0,4,Fitness enthusiast 💪 | Health advocate,Real
27982,2318,27,10.0,620,53,1,7,Love exploring new places 🌎,Real
14789,2498,352,1.72,365,30,0,10,Check out my website for more updates!,Fake
17855,1462,4,7.25,82,43,1,10,Photographer and content creator 📸,Fake
24890,686,217,2.81,149,49,0,11,Love exploring new places 🌎,Real
32261,2740,108,9.13,45,30,0,10,Business inquiries? Contact below 👇,Fake
30622,3950,179,9.14,902,98,0,11,Fitness enthusiast 💪 | Health advocate,Real
36596,3382,317,8.850504146874353,245,28,1,7,Foodie | Reviews and recipes,Fake
40033,2160,28,7.38,902,2,0,3,Business inquiries? Contact below 👇,Real
6666,192,342,0.73,14,45,1,9,Sharing moments from my journey,Real
14248,4396,410,0.89,158,98,0,11,Business inquiries? Contact below 👇,Fake
45396,1926,413,5.88,71,35,0,1,Digital nomad living my best life 🌴,Real
23418,772,168,3.04,956,60,0,7,Follow for daily inspiration 🌟,Fake
506,569,419,3.95,506,23,0,3,Fitness enthusiast 💪 | Health advocate,Fake
6134,1992,43,1.16,986,92,1,5,Photographer and content creator 📸,Fake
53,959,265,5.201010799602681,880,59,0,4,Personal blog | Stay positive ✨,Real
46315,3711,474,6.03,155,27,0,9,DM for collaborations or inquiries!,Fake
38171,1657,72,7.33,865,78,1,8,Entrepreneur & lifestyle blogger,Real
14715,4610,329,7.51,672,8,0,9,Photographer and content creator 📸,Real
21022,1452,211,1.45,863,85,0,8,Follow for daily inspiration 🌟,Fake
43929,2005,152,5.517155515077154,932,68,1,8,Fitness enthusiast 💪 | Health advocate,Real
45217,634,477,6.87,16,31,0,7,Fitness enthusiast 💪 | Health advocate,Fake
9913,3039,13,4.04,887,54,0,2,Love exploring new places 🌎,Real
42384,1444,480,6.744678383041666,0,69,1,4,Aspiring artist | Drawing my dreams,Fake
28671,1581,42,2.66,110,96,0,1,Personal blog | Stay positive ✨,Real
8713,1127,220,4.15,222,54,0,5,Follow for daily inspiration 🌟,Real
53,3739,198,7.085969369973341,943,67,1,3,Nature lover | Saving the planet 🌍,Real
319,3012,325,1.88,386,73,0,6,Aspiring artist | Drawing my dreams,Fake
37377,1441,327,4.93,397,86,0,5,Nature lover | Saving the planet 🌍,Fake
39506,1764,360,2.18,233,4,0,9,Love exploring new places 🌎,Real
26405,1539,493,3.3663653009496644,498,63,0,3,Check out my website for more updates!,Real
4407,4526,265,3.91,822,25,0,9,Passionate traveler and food lover,Real
3418,70,121,7.26,448,38,1,5,DM for collaborations or inquiries!,Fake
13885,183,96,0.24,56,86,0,5,Follow for daily inspiration 🌟,Real
23499,3749,112,0.04,732,70,0,2,Sharing moments from my journey,Fake
16008,2641,288,2.269493622767368,479,86,0,1,DM for collaborations or inquiries!,Fake
53,3760,308,7.067466995848999,501,34,0,8,DM for collaborations or inquiries!,Fake
93,4591,208,3.17,930,87,1,8,Photographer and content creator 📸,Real
33770,2695,278,5.96,145,65,0,11,Digital nomad living my best life 🌴,Real
22820,1093,216,1.8362940700199184,972,87,0,5,Entrepreneur & lifestyle blogger,Fake
6318,1394,214,1.15,921,88,0,5,Check out my website for more updates!,Fake
9830,2730,33,4.6,926,65,0,9,Nature lover | Saving the planet 🌍,Fake
36178,2741,124,3.931552432299391,887,11,0,5,Passionate traveler and food lover,Fake
8061,2613,143,2.9390788680020807,817,70,1,3,Passionate traveler and food lover,Fake
46092,588,442,9.73,708,15,0,6,Personal blog | Stay positive ✨,Fake
2904,2419,351,7.61,719,32,0,8,Aspiring artist | Drawing my dreams,Real
13810,3330,0,6.22,321,11,0,6,Passionate traveler and food lover,Real
32444,3124,215,6.08,972,72,1,7,Nature lover | Saving the planet 🌍,Real
7054,3375,283,7.83,225,30,0,3,Aspiring artist | Drawing my dreams,Real
31677,3877,54,3.72,432,73,0,6,Passionate traveler and food lover,Real
39599,2241,110,2.26,109,35,0,10,Check out my website for more updates!,Real
29892,3474,346,3.51,18,55,0,8,Follow for daily inspiration 🌟,Real
21906,3930,26,6.87,418,95,0,2,Check out my website for more updates!,Fake
33490,2715,456,5.69,810,51,0,2,Passionate traveler and food lover,Fake
26617,1990,435,5.028198658497438,480,50,1,5,Digital nomad living my best life 🌴,Fake
30978,1987,128,0.18,903,51,0,2,Fitness enthusiast 💪 | Health advocate,Fake
9302,3799,475,4.5423631212084485,765,13,0,8,Personal blog | Stay positive ✨,Fake
48706,4873,316,0.45,180,88,0,2,Aspiring artist | Drawing my dreams,Fake
21261,35,224,2.92,780,10,0,8,Aspiring artist | Drawing my dreams,Fake
27029,3575,311,7.94,352,44,0,2,Aspiring artist | Drawing my dreams,Fake
45310,3176,234,6.4,689,81,0,10,Nature lover | Saving the planet 🌍,Real
28497,573,98,8.95,212,18,0,8,Photographer and content creator 📸,Real
44699,3954,154,0.83,30,70,0,8,Passionate traveler and food lover,Real
5651,635,242,6.85,396,55,0,6,Fitness enthusiast 💪 | Health advocate,Fake
28775,4999,349,6.904388366254054,6,61,0,10,Love exploring new places 🌎,Real
28470,1733,424,2.66,593,33,0,6,Passionate traveler and food lover,Fake
15125,2749,206,8.656637136207383,844,57,1,5,Check out my website for more updates!,Real
9068,3038,41,8.23,930,42,0,3,Follow for daily inspiration 🌟,Fake
35512,985,364,3.1316484740667105,670,0,0,11,Check out my website for more updates!,Real
29636,4067,362,6.891838508530608,500,99,1,6,Aspiring artist | Drawing my dreams,Real
49998,2394,235,4.109338789397023,708,98,1,5,Photographer and content creator 📸,Fake
42334,372,245,2.7,894,49,0,10,Passionate traveler and food lover,Real
3386,2311,457,2.8035863773216505,928,38,0,3,Sharing moments from my journey,Real
44129,2056,0,3.0381249804018133,311,40,1,1,Sharing moments from my journey,Fake
34558,1891,255,2.61,897,8,0,7,Passionate traveler and food lover,Real
4184,3319,460,9.57,133,79,0,5,Passionate traveler and food lover,Real
29451,294,89,5.96,12,86,0,8,Foodie | Reviews and recipes,Real
29337,1024,375,4.4,296,64,1,7,Photographer and content creator 📸,Fake
5791,2417,46,4.6,365,95,0,7,DM for collaborations or inquiries!,Fake
30394,2811,258,5.33,782,68,0,9,Photographer and content creator 📸,Real
48014,3877,378,7.376606160895776,602,0,1,3,Check out my website for more updates!,Real
10009,2603,167,2.49,879,93,0,6,Sharing moments from my journey,Fake
34510,460,107,9.79,201,19,0,3,Photographer and content creator 📸,Fake
4574,741,38,4.57,196,72,0,5,Check out my website for more updates!,Real
16744,3247,155,4.446975861826712,371,60,0,8,Entrepreneur & lifestyle blogger,Fake
43773,3583,214,4.95,288,85,0,11,Follow for daily inspiration 🌟,Real
18391,2480,12,0.89,142,12,0,4,Nature lover | Saving the planet 🌍,Fake
17283,2914,427,6.836870489300881,525,72,1,4,Love exploring new places 🌎,Real
35901,1445,53,7.46,10,6,0,8,Love exploring new places 🌎,Real
30256,4292,261,3.229619373209267,298,56,1,3,Passionate traveler and food lover,Fake
19320,1507,470,5.235972896643882,849,23,1,7,Check out my website for more updates!,Fake
10484,1884,301,1.84,184,84,0,11,DM for collaborations or inquiries!,Fake
41243,2478,321,9.67,577,62,0,5,Fitness enthusiast 💪 | Health advocate,Fake
19464,2706,444,6.01500882164035,642,89,1,8,Fitness enthusiast 💪 | Health advocate,Real
42481,2184,82,3.7,612,66,1,2,Digital nomad living my best life 🌴,Fake
48685,4952,410,5.28,241,36,0,7,Business inquiries? Contact below 👇,Real
12782,2340,338,1.0,665,10,0,2,Foodie | Reviews and recipes,Fake
17941,2581,162,4.984611576600962,648,43,1,6,Check out my website for more updates!,Fake
15492,1485,390,6.13,4,38,1,2,Fitness enthusiast 💪 | Health advocate,Real
37368,800,279,2.74,225,78,0,7,Digital nomad living my best life 🌴,Real
31323,4719,99,4.241762468688082,604,0,0,11,Business inquiries? Contact below 👇,Real
15745,986,424,5.39,254,63,1,7,Entrepreneur & lifestyle blogger,Fake
32724,1495,5,8.72,969,78,1,11,Personal blog | Stay positive ✨,Real
45185,4856,410,6.989417948566856,943,81,1,5,Digital nomad living my best life 🌴,Fake
38504,547,448,0.07,126,28,0,5,Follow for daily inspiration 🌟,Fake
22931,4219,462,5.066679766091494,417,51,1,7,Fitness enthusiast 💪 | Health advocate,Real
22176,1979,294,2.69,641,41,0,3,Follow for daily inspiration 🌟,Fake
37741,1735,492,1.81,13,33,0,9,Passionate traveler and food lover,Fake
19537,1822,26,8.14,759,94,0,2,Foodie | Reviews and recipes,Real
25129,2145,325,3.403121502319708,508,86,1,6,Foodie | Reviews and recipes,Real
11715,2301,250,7.920254525579758,227,43,0,8,Passionate traveler and food lover,Real
53,3612,141,3.488022191083108,887,73,0,9,Fitness enthusiast 💪 | Health advocate,Fake
26698,1090,199,5.2,227,15,0,4,Photographer and content creator 📸,Fake
24463,2169,298,0.82,63,85,1,7,Love exploring new places 🌎,Real
35301,1390,485,6.38,358,40,1,4,Love exploring new places 🌎,Real
34224,4793,71,7.273640475356836,843,72,1,5,Sharing moments from my journey,Fake
4854,1058,442,7.88,321,14,0,8,Foodie | Reviews and recipes,Fake
14246,3144,285,2.252167000755668,112,0,1,10,Sharing moments from my journey,Fake
29647,627,492,7.26,167,17,0,10,Entrepreneur & lifestyle blogger,Fake
509,3099,334,4.62,581,62,0,11,Sharing moments from my journey,Real
36192,2197,199,0.97,462,39,0,8,Foodie | Reviews and recipes,Fake
27780,2530,187,0.62,582,13,0,3,Love exploring new places 🌎,Fake
49846,4222,269,6.938974865462971,349,69,1,10,Entrepreneur & lifestyle blogger,Real
32588,1627,93,3.41,453,91,0,10,DM for collaborations or inquiries!,Real
37052,4370,320,9.88,762,66,1,7,Check out my website for more updates!,Real
23653,2062,104,6.06,58,2,0,7,Check out my website for more updates!,Fake
39853,3012,358,8.87,182,75,0,5,Aspiring artist | Drawing my dreams,Fake
41774,1436,61,9.65,930,81,0,11,Business inquiries? Contact below 👇,Real
136,1679,59,8.41,251,8,1,1,Fitness enthusiast 💪 | Health advocate,Real
24470,2783,439,9.55,855,59,0,9,Photographer and content creator 📸,Real
12421,4260,368,0.91,354,72,0,7,Business inquiries? Contact below 👇,Real
13532,412,169,0.2,133,64,0,3,Love exploring new places 🌎,Real
29186,3211,62,5.347069850572367,457,30,1,5,Nature lover | Saving the planet 🌍,Fake
14561,1819,308,5.787944177811652,713,27,0,9,Check out my website for more updates!,Real
44739,1815,293,1.409481704787093,707,13,1,6,DM for collaborations or inquiries!,Fake
33649,2522,278,5.639527284150423,238,25,0,11,Foodie | Reviews and recipes,Real
29207,2248,239,9.899980520559945,543,82,0,4,Love exploring new places 🌎,Fake
37818,25,278,0.53,936,69,0,8,Personal blog | Stay positive ✨,Fake
37214,4585,449,7.09,764,11,0,4,Fitness enthusiast 💪 | Health advocate,Fake
36101,3237,103,8.08,895,96,0,3,Check out my website for more updates!,Fake
33532,2914,386,5.983384824804034,457,70,0,6,Aspiring artist | Drawing my dreams,Real
13657,4932,98,7.17,155,16,0,9,Photographer and content creator 📸,Real
2494,3792,236,0.2,666,59,0,4,Check out my website for more updates!,Fake
25003,2734,498,9.76,91,61,0,2,Love exploring new places 🌎,Real
7425,3248,114,9.91,996,16,0,8,Check out my website for more updates!,Fake
27363,1630,170,3.796475591211816,368,58,0,5,Digital nomad living my best life 🌴,Real
10406,4559,359,7.88,421,21,0,3,Passionate traveler and food lover,Fake
49524,1009,229,1.3362902065830418,423,64,0,5,Passionate traveler and food lover,Real
41584,1262,179,0.75,392,46,0,7,Follow for daily inspiration 🌟,Real
13323,3517,313,5.53,957,97,1,2,Love exploring new places 🌎,Fake
23631,10,294,9.944442285822294,745,48,0,10,Check out my website for more updates!,Real
3336,3365,215,4.995071982822198,420,88,0,11,Love exploring new places 🌎,Fake
18693,4181,169,1.06,809,22,0,8,Personal blog | Stay positive ✨,Real
47598,3939,255,9.54,112,27,1,5,Entrepreneur & lifestyle blogger,Fake
2487,412,107,0.48,406,33,0,3,Fitness enthusiast 💪 | Health advocate,Real
34343,3394,177,9.67,407,54,0,5,Passionate traveler and food lover,Real
14459,4039,112,9.3,677,11,0,7,Personal blog | Stay positive ✨,Fake
5222,1404,343,3.9,190,3,0,4,Personal blog | Stay positive ✨,Fake
19186,3507,19,2.88,426,59,0,6,Foodie | Reviews and recipes,Real
27638,1056,200,1.65,390,54,0,11,Passionate traveler and food lover,Fake
32379,2568,422,5.477564772471222,486,32,1,4,Follow for daily inspiration 🌟,Real
26166,323,426,6.24,451,3,1,4,Photographer and content creator 📸,Fake
53,2521,320,2.5163051803454155,248,14,0,3,Fitness enthusiast 💪 | Health advocate,Fake
28017,698,27,7.64,502,87,1,2,Aspiring artist | Drawing my dreams,Real
12880,240,259,8.82,111,45,0,8,DM for collaborations or inquiries!,Real
13329,3303,304,2.094029529297554,851,61,1,6,Aspiring artist | Drawing my dreams,Real
31742,4930,74,3.93,860,37,0,4,Foodie | Reviews and recipes,Real
31954,1748,341,5.247060615910737,766,65,1,9,Business inquiries? Contact below 👇,Real
31035,84,105,0.6,723,47,0,7,Passionate traveler and food lover,Real
34068,4385,374,0.91,480,47,0,11,Entrepreneur & lifestyle blogger,Real
8873,2254,156,5.23,529,74,0,8,Personal blog | Stay positive ✨,Real
33969,2396,299,2.0,75,74,0,8,Sharing moments from my journey,Real
3246,3528,22,5.53,471,56,0,10,Business inquiries? Contact below 👇,Fake
49809,3879,410,3.28,265,9,0,3,Check out my website for more updates!,Fake
46374,4310,344,10.0,454,69,0,7,DM for collaborations or inquiries!,Fake
2370,842,130,3.03,320,48,0,5,Business inquiries? Contact below 👇,Fake
25412,3982,208,1.87,908,67,0,10,Photographer and content creator 📸,Fake
12155,3968,403,5.79,55,90,0,4,DM for collaborations or inquiries!,Fake
53,3144,344,10.0,901,63,0,8,Passionate traveler and food lover,Fake
9843,2705,36,4.9,176,67,1,8,Passionate traveler and food lover,Real
23439,2357,176,1.99,758,48,0,8,Sharing moments from my journey,Real
16469,3765,167,6.21,500,43,0,4,Nature lover | Saving the planet 🌍,Fake
10152,149,269,2.507287601637402,393,20,0,9,Business inquiries? Contact below 👇,Real
27982,3490,182,9.38,738,82,0,6,Passionate traveler and food lover,Real
11721,4690,493,2.0203274110485627,0,55,0,7,Digital nomad living my best life 🌴,Real
32476,2196,87,7.99,408,53,1,4,Photographer and content creator 📸,Fake
31869,986,239,5.63,202,66,0,10,Entrepreneur & lifestyle blogger,Fake
49998,1320,166,5.437457602330958,846,82,1,6,Follow for daily inspiration 🌟,Real
13941,4003,379,5.2,903,63,0,10,Aspiring artist | Drawing my dreams,Real
26492,4852,275,2.05,604,74,0,8,Photographer and content creator 📸,Real
7579,4104,261,0.51,905,80,1,10,DM for collaborations or inquiries!,Fake
43644,2556,499,5.430221172902899,385,53,0,6,Love exploring new places 🌎,Fake
36469,2058,33,8.41,242,85,0,7,Love exploring new places 🌎,Real
24792,428,30,1.26,308,6,0,11,Follow for daily inspiration 🌟,Fake
23685,2051,77,9.07,638,54,0,6,Foodie | Reviews and recipes,Fake
34665,2154,94,4.55,33,69,0,8,Foodie | Reviews and recipes,Fake
13103,984,182,0.0,252,40,1,4,Fitness enthusiast 💪 | Health advocate,Real
24245,4999,195,5.62459682810306,462,99,1,5,Photographer and content creator 📸,Real
45285,3399,94,7.204215635119895,691,54,0,6,Follow for daily inspiration 🌟,Fake
32969,1741,276,5.7,210,85,0,7,Fitness enthusiast 💪 | Health advocate,Fake
662,3312,364,8.01,705,56,0,4,Foodie | Reviews and recipes,Fake
26833,4765,414,6.5,152,24,0,8,Sharing moments from my journey,Fake
26119,4891,494,0.88,694,45,0,10,Nature lover | Saving the planet 🌍,Real
28018,799,233,6.5,553,68,0,11,Foodie | Reviews and recipes,Real
19005,3101,289,3.54,54,35,0,4,Fitness enthusiast 💪 | Health advocate,Real
3567,4246,47,3.95,958,92,0,3,Love exploring new places 🌎,Real
31456,1969,284,5.176307942765355,560,17,1,9,Follow for daily inspiration 🌟,Real
44969,2497,380,5.39,405,49,1,3,Entrepreneur & lifestyle blogger,Real
19481,1916,383,8.867510030632724,884,57,0,5,Digital nomad living my best life 🌴,Fake
26239,1829,314,0.2807196712774171,0,41,1,3,Foodie | Reviews and recipes,Real
42704,2076,171,1.5,871,17,1,5,Entrepreneur & lifestyle blogger,Real
29890,3300,211,5.781902858797527,815,0,0,4,Personal blog | Stay positive ✨,Fake
40961,1489,75,3.38,114,57,0,10,Check out my website for more updates!,Real
38849,2865,270,5.29,800,17,0,9,Business inquiries? Contact below 👇,Real
7698,3987,141,6.28,135,20,1,3,DM for collaborations or inquiries!,Fake
24778,2717,195,9.94,325,86,0,4,Sharing moments from my journey,Fake
700,4686,430,9.14,824,8,0,6,Fitness enthusiast 💪 | Health advocate,Real
35444,1588,317,3.65,692,0,0,8,Fitness enthusiast 💪 | Health advocate,Real
41366,3741,369,2.634619035560207,472,23,0,2,Fitness enthusiast 💪 | Health advocate,Fake
24518,679,249,8.6,300,2,1,2,Fitness enthusiast 💪 | Health advocate,Real
882,4670,37,9.71,740,80,0,6,Photographer and content creator 📸,Fake
13378,3065,253,9.0,805,22,0,6,Entrepreneur & lifestyle blogger,Fake
28925,2249,280,8.533538943947756,0,53,1,4,Passionate traveler and food lover,Real
22893,4919,212,8.83,818,72,0,10,Passionate traveler and food lover,Fake
8445,3183,17,9.52,621,88,0,2,Foodie | Reviews and recipes,Real
20564,3827,216,3.23,907,31,0,6,Business inquiries? Contact below 👇,Real
44876,2815,244,4.53,835,50,0,7,Check out my website for more updates!,Real
6352,3441,217,6.88,394,98,0,5,Business inquiries? Contact below 👇,Real
11432,1661,318,2.85,773,38,0,10,Business inquiries? Contact below 👇,Fake
15083,1232,223,8.810839177556321,112,71,0,3,Entrepreneur & lifestyle blogger,Fake
14874,2322,389,0.61,543,42,1,4,Follow for daily inspiration 🌟,Fake
21441,3156,263,7.39561312398968,227,50,1,6,Passionate traveler and food lover,Fake
13002,3847,387,1.3,510,65,0,4,Fitness enthusiast 💪 | Health advocate,Real
26713,3058,474,5.787853914899447,737,2,0,8,DM for collaborations or inquiries!,Real
419,1536,319,1.86,485,41,0,6,Digital nomad living my best life 🌴,Real
31161,3224,2,2.046079687693068,608,52,1,5,Personal blog | Stay positive ✨,Fake
7088,1706,57,3.28,865,74,0,11,Check out my website for more updates!,Real
16157,261,186,6.23,926,97,0,8,Nature lover | Saving the planet 🌍,Real
49046,217,389,1.91,488,42,0,2,DM for collaborations or inquiries!,Real
11987,4999,274,0.0,643,62,0,3,Entrepreneur & lifestyle blogger,Real
7448,4963,449,7.95,172,64,0,5,Passionate traveler and food lover,Real
26646,1611,106,2.62,559,32,0,9,Business inquiries? Contact below 👇,Fake
4491,616,338,3.84,380,93,0,4,Passionate traveler and food lover,Fake
53,2886,371,9.451300813929247,586,52,0,5,Personal blog | Stay positive ✨,Fake
28837,1912,198,5.84,30,37,0,3,DM for collaborations or inquiries!,Real
41072,3315,455,10.0,86,74,1,11,Follow for daily inspiration 🌟,Fake
27855,4029,96,9.59,371,55,0,7,Photographer and content creator 📸,Real
7257,4392,28,0.51,16,43,0,2,Aspiring artist | Drawing my dreams,Fake
11075,3481,450,3.31,36,94,0,9,DM for collaborations or inquiries!,Fake
21832,2355,114,0.2422990853309441,250,55,1,7,Personal blog | Stay positive ✨,Fake
53,4245,390,7.233433100360073,300,55,0,4,Check out my website for more updates!,Real
35137,2440,4,6.83,9,44,0,8,Business inquiries? Contact below 👇,Real
10450,208,248,8.92,268,50,0,4,Digital nomad living my best life 🌴,Real
12088,1772,227,7.854258599781417,344,50,0,3,Photographer and content creator 📸,Fake
11278,4846,4,9.48,250,10,0,5,Aspiring artist | Drawing my dreams,Fake
31255,1844,206,6.34,26,50,0,3,Foodie | Reviews and recipes,Real
7726,1434,158,7.37,191,20,0,2,Business inquiries? Contact below 👇,Real
49998,2183,392,8.223481384615686,416,31,1,7,Love exploring new places 🌎,Fake
35601,2225,164,2.45,730,8,1,8,Aspiring artist | Drawing my dreams,Fake
22323,3063,132,3.31,443,6,0,7,Fitness enthusiast 💪 | Health advocate,Real
9724,594,340,2.24,688,44,0,7,Aspiring artist | Drawing my dreams,Real
3174,3835,215,5.65,488,51,1,7,Follow for daily inspiration 🌟,Real
28750,855,14,9.64,279,7,0,6,Business inquiries? Contact below 👇,Real
14240,1957,346,4.59,654,9,0,10,Love exploring new places 🌎,Fake
10399,3147,197,1.77,609,94,0,6,Sharing moments from my journey,Real
9383,1115,263,3.5606892958266734,743,13,0,5,DM for collaborations or inquiries!,Real
19530,345,476,9.0,486,45,0,8,Check out my website for more updates!,Real
14857,2694,421,6.54691080656281,467,39,0,1,Check out my website for more updates!,Fake
38588,711,154,3.199577044116088,431,31,1,6,Follow for daily inspiration 🌟,Fake
21647,937,42,6.84,527,66,1,11,Sharing moments from my journey,Fake
2188,3551,156,1.9,178,97,0,6,Follow for daily inspiration 🌟,Fake
26576,1141,151,8.91,177,20,1,9,Passionate traveler and food lover,Fake
1460,1832,17,0.84,815,22,0,3,DM for collaborations or inquiries!,Fake
32029,2665,315,0.3,270,52,0,6,Check out my website for more updates!,Fake
2827,4231,129,7.42,478,70,0,9,Business inquiries? Contact below 👇,Fake
8638,661,327,3.9,631,76,0,5,Check out my website for more updates!,Real
42247,602,51,8.06,991,39,0,4,Digital nomad living my best life 🌴,Fake
3509,189,172,5.61,583,67,1,6,Foodie | Reviews and recipes,Fake
23399,2947,105,5.5,770,63,0,7,Photographer and content creator 📸,Fake
30177,3660,387,4.33,550,48,0,6,Entrepreneur & lifestyle blogger,Fake
26456,662,237,3.465565679186575,314,64,1,8,Photographer and content creator 📸,Real
16332,3334,115,7.227946291635283,441,60,0,7,DM for collaborations or inquiries!,Fake
41300,3508,340,7.16,69,10,0,6,Love exploring new places 🌎,Real
31110,4999,230,3.846972623943085,710,71,0,2,Digital nomad living my best life 🌴,Real
41519,4746,227,1.24,132,62,0,5,Passionate traveler and food lover,Real
22285,709,100,3.13,677,25,0,2,Aspiring artist | Drawing my dreams,Fake
22840,4036,419,0.17,786,39,0,8,Aspiring artist | Drawing my dreams,Real
33580,217,139,4.91,203,92,0,1,Business inquiries? Contact below 👇,Fake
32680,300,13,7.18,148,86,0,2,Personal blog | Stay positive ✨,Real
31419,12,317,0.0,89,79,0,11,Fitness enthusiast 💪 | Health advocate,Fake
17684,187,1,6.285899668961541,729,37,1,10,Photographer and content creator 📸,Real
23140,2380,478,2.95,202,72,0,2,DM for collaborations or inquiries!,Fake
8306,876,492,2.8,506,32,0,6,Nature lover | Saving the planet 🌍,Real
47037,105,447,9.7,366,63,0,4,Business inquiries? Contact below 👇,Real
5030,2254,398,1.0,74,44,0,4,Check out my website for more updates!,Fake
3636,566,94,3.33,553,75,0,7,DM for collaborations or inquiries!,Real
27211,2533,131,2.523276351994966,428,54,1,5,Check out my website for more updates!,Fake
45441,352,336,3.8,856,4,0,7,Sharing moments from my journey,Fake
26228,4702,122,8.872327051300218,532,80,1,5,Aspiring artist | Drawing my dreams,Real
49976,2055,245,6.34,156,45,0,8,Follow for daily inspiration 🌟,Fake
29304,555,297,7.970856447329127,480,49,0,4,Aspiring artist | Drawing my dreams,Fake
10314,4838,86,0.33,500,40,0,10,Business inquiries? Contact below 👇,Real
930,2449,108,5.19,906,22,0,6,Fitness enthusiast 💪 | Health advocate,Real
36212,2127,96,7.83,837,64,0,10,Foodie | Reviews and recipes,Real
20171,3318,174,4.03,109,17,0,2,DM for collaborations or inquiries!,Real
32729,772,181,7.92,594,41,0,6,Love exploring new places 🌎,Fake
41424,1903,112,2.32,840,21,0,11,DM for collaborations or inquiries!,Real
45529,3598,267,0.35,357,0,0,4,Nature lover | Saving the planet 🌍,Fake
9402,4110,20,8.11,883,33,0,5,Passionate traveler and food lover,Fake
6517,4443,219,2.49,53,88,0,3,Follow for daily inspiration 🌟,Fake
12740,3579,151,0.05,492,25,1,10,Check out my website for more updates!,Fake
12321,1721,219,4.225826956265038,856,5,1,7,Entrepreneur & lifestyle blogger,Fake
1700,2222,37,1.09,434,23,0,4,Follow for daily inspiration 🌟,Fake
38868,2028,121,5.23,160,9,0,11,Aspiring artist | Drawing my dreams,Fake
1321,3110,95,1.02,961,16,1,4,Digital nomad living my best life 🌴,Real
32040,1448,330,0.11,354,31,0,1,Sharing moments from my journey,Real
42750,3973,369,2.42,878,70,0,3,Foodie | Reviews and recipes,Fake
28840,2477,295,9.89,543,53,0,10,Business inquiries? Contact below 👇,Real
11234,4062,337,4.33,341,15,0,11,Check out my website for more updates!,Real
2947,170,89,0.95,478,53,0,3,Business inquiries? Contact below 👇,Fake
5958,4248,266,4.03,920,49,0,4,Personal blog | Stay positive ✨,Real
48294,3892,63,0.14,866,45,0,2,Sharing moments from my journey,Real
29836,1091,108,0.6,288,1,0,3,Sharing moments from my journey,Real
4104,1156,189,7.35,968,17,0,7,Business inquiries? Contact below 👇,Real
19161,3637,258,7.37,275,66,0,3,Fitness enthusiast 💪 | Health advocate,Real
43990,4958,86,6.35,528,73,1,9,DM for collaborations or inquiries!,Real
12218,937,277,6.72,971,62,0,9,Photographer and content creator 📸,Fake
8400,4354,151,3.92,434,31,0,9,Business inquiries? Contact below 👇,Fake
24915,1055,4,2.74,67,71,0,5,Passionate traveler and food lover,Real
45625,4373,375,1.53,509,12,0,4,Digital nomad living my best life 🌴,Real
16432,2058,267,0.62,896,34,0,2,Personal blog | Stay positive ✨,Fake
35616,4740,139,7.59,495,4,0,2,Photographer and content creator 📸,Fake
29284,1628,296,8.309082527505371,584,34,1,8,Business inquiries? Contact below 👇,Fake
2099,4222,390,0.2184719268840478,106,13,0,2,DM for collaborations or inquiries!,Fake
24167,2237,305,4.897768336197311,381,80,0,7,Passionate traveler and food lover,Fake
6450,3776,308,4.52,567,68,0,9,Passionate traveler and food lover,Real
49998,2782,187,3.529229685254699,301,59,1,8,Passionate traveler and food lover,Real
24775,2549,499,0.9432029170230924,470,61,0,3,Photographer and content creator 📸,Real
33403,4104,101,0.98,87,94,0,4,Entrepreneur & lifestyle blogger,Real
4447,40,359,1.91,172,41,0,4,Entrepreneur & lifestyle blogger,Real
30501,4278,73,4.104167170648432,999,3,1,5,Digital nomad living my best life 🌴,Fake
38778,3172,471,6.86,453,64,0,10,Aspiring artist | Drawing my dreams,Real
15065,4182,457,1.33,664,43,0,11,Photographer and content creator 📸,Fake
15292,2063,113,7.71,41,55,0,11,Digital nomad living my best life 🌴,Fake
22075,2863,1,1.23,960,24,0,10,Entrepreneur & lifestyle blogger,Real
49998,4955,118,3.445674331503553,370,0,0,6,Follow for daily inspiration 🌟,Real
39624,73,449,4.68,249,99,0,9,Personal blog | Stay positive ✨,Fake
38532,201,94,7.43,3,62,1,2,Digital nomad living my best life 🌴,Fake
32737,3567,156,3.78690765532945,651,0,0,7,Follow for daily inspiration 🌟,Real
3178,3349,0,8.801719655805819,529,43,0,7,Passionate traveler and food lover,Fake
25106,2454,294,3.77,779,16,1,5,Photographer and content creator 📸,Fake
7414,1029,388,0.58,211,3,0,4,Nature lover | Saving the planet 🌍,Real
4052,264,64,4.9,749,40,0,3,Check out my website for more updates!,Real
31071,2605,260,1.8440065367700629,352,88,0,4,Sharing moments from my journey,Real
19955,1690,11,2.61,53,79,0,1,Aspiring artist | Drawing my dreams,Real
5290,274,378,1.76,212,29,0,8,Fitness enthusiast 💪 | Health advocate,Real
24924,3279,346,7.58,433,36,0,6,Sharing moments from my journey,Fake
15945,2595,183,5.024536320870184,65,24,0,7,Fitness enthusiast 💪 | Health advocate,Fake
2978,3678,429,7.65,867,58,0,4,Sharing moments from my journey,Real
39106,4216,228,8.36,63,74,0,7,Personal blog | Stay positive ✨,Fake
40502,1960,320,2.05,678,97,0,7,Personal blog | Stay positive ✨,Fake
28807,3710,485,2.76,498,13,0,1,Nature lover | Saving the planet 🌍,Fake
4975,1751,284,5.241432044493666,835,70,1,6,Photographer and content creator 📸,Fake
10086,2897,334,6.32,852,37,0,11,Sharing moments from my journey,Real
28633,1299,52,5.23,881,49,0,9,Fitness enthusiast 💪 | Health advocate,Fake
13605,3305,340,6.16,625,98,0,4,Follow for daily inspiration 🌟,Fake
26066,1028,499,1.3947939714977724,590,53,1,1,Check out my website for more updates!,Fake
9049,10,336,4.365759168856233,389,47,0,6,Personal blog | Stay positive ✨,Real
20886,4210,489,1.59,372,99,0,5,Photographer and content creator 📸,Fake
34845,4740,228,3.71,838,43,0,4,Fitness enthusiast 💪 | Health advocate,Real
5089,4762,225,2.64,732,71,0,11,DM for collaborations or inquiries!,Real
7033,4716,201,4.85,274,29,0,9,Aspiring artist | Drawing my dreams,Real
29182,804,385,9.87,198,38,0,9,Check out my website for more updates!,Real
9374,3968,59,7.83,601,91,1,1,Love exploring new places 🌎,Fake
28592,1515,389,3.7003345473112814,685,10,0,7,Follow for daily inspiration 🌟,Fake
32604,906,239,0.7627525605552634,439,99,1,2,Fitness enthusiast 💪 | Health advocate,Real
36511,2269,76,9.54,219,53,0,4,Fitness enthusiast 💪 | Health advocate,Real
4188,2877,267,4.27,863,12,0,4,Entrepreneur & lifestyle blogger,Real
46223,4747,325,0.16,400,45,0,7,Sharing moments from my journey,Fake
20092,4418,278,2.34,733,7,1,8,Follow for daily inspiration 🌟,Fake
41835,4718,448,9.18,965,25,0,3,Photographer and content creator 📸,Fake
37739,4635,20,5.65,980,21,1,2,Follow for daily inspiration 🌟,Fake
20270,10,187,0.0,548,68,0,7,Check out my website for more updates!,Fake
44019,4844,330,3.64,830,88,0,6,Foodie | Reviews and recipes,Fake
17964,621,10,3.9,586,83,0,5,DM for collaborations or inquiries!,Fake
30129,3537,51,2.5411342297038506,999,59,1,9,Personal blog | Stay positive ✨,Real
10354,3367,36,9.84,73,12,0,8,Personal blog | Stay positive ✨,Real
14618,2169,112,8.1,570,23,0,2,Personal blog | Stay positive ✨,Real
3642,2402,240,6.83,142,19,1,9,Nature lover | Saving the planet 🌍,Real
21561,2753,361,5.02,573,94,0,10,Sharing moments from my journey,Real
37156,2860,439,9.49,766,83,0,11,Personal blog | Stay positive ✨,Fake
27844,4506,428,4.48,890,22,0,5,Business inquiries? Contact below 👇,Fake
13091,3890,150,9.52,220,60,0,7,Follow for daily inspiration 🌟,Fake
32852,768,183,1.5135337047728088,234,27,1,10,DM for collaborations or inquiries!,Real
30136,4253,344,3.64154938082077,573,50,1,7,Nature lover | Saving the planet 🌍,Fake
39818,3447,334,3.65,337,78,0,5,Aspiring artist | Drawing my dreams,Real
40246,1011,0,4.956075517794063,406,37,1,8,Passionate traveler and food lover,Fake
31157,2063,284,1.41,146,24,0,6,Follow for daily inspiration 🌟,Real
942,2135,318,8.58,194,66,0,2,Passionate traveler and food lover,Fake
19025,1108,171,2.85,326,41,0,2,Digital nomad living my best life 🌴,Fake
29469,4303,457,5.213430513860027,303,60,1,6,Sharing moments from my journey,Real
40473,4640,209,1.542664638604426,232,8,1,11,Photographer and content creator 📸,Fake
13634,870,123,3.5867269124956795,337,99,0,9,Passionate traveler and food lover,Real
15335,2830,72,5.67,29,40,0,5,Follow for daily inspiration 🌟,Fake
32550,3064,17,8.89,235,96,0,2,Photographer and content creator 📸,Fake
4850,683,276,4.49,609,78,0,3,Entrepreneur & lifestyle blogger,Real
49670,2790,265,0.6950202652437953,999,72,0,8,Entrepreneur & lifestyle blogger,Fake
5313,4511,414,5.98,603,12,0,5,Check out my website for more updates!,Real
42506,4289,145,6.64,335,0,1,5,Photographer and content creator 📸,Fake
27217,1730,192,2.116529459827759,505,79,0,4,Passionate traveler and food lover,Fake
15580,349,142,8.9,993,92,0,6,Aspiring artist | Drawing my dreams,Real
12740,1344,294,5.19,27,13,0,2,Follow for daily inspiration 🌟,Real
22803,4269,443,1.03,426,5,0,10,Personal blog | Stay positive ✨,Fake
40340,2315,440,1.5,707,13,0,2,Entrepreneur & lifestyle blogger,Fake
22699,2639,297,2.6339821925728293,736,89,0,5,Follow for daily inspiration 🌟,Fake
39993,3906,466,7.03,110,47,0,7,Aspiring artist | Drawing my dreams,Real
3356,10,374,7.216610140683301,446,31,1,4,Business inquiries? Contact below 👇,Real
37544,3110,480,9.35,880,75,0,11,Foodie | Reviews and recipes,Fake
10086,1056,201,6.67,633,70,0,10,Follow for daily inspiration 🌟,Fake
43917,1822,399,7.22848623129746,0,45,0,3,Fitness enthusiast 💪 | Health advocate,Fake
12773,2819,0,3.233681192078103,999,66,1,4,Entrepreneur & lifestyle blogger,Real
16850,867,17,2.23,692,0,1,10,Check out my website for more updates!,Fake
17954,854,495,9.95,961,91,0,5,Love exploring new places 🌎,Fake
11866,495,20,3.13,77,6,0,2,Check out my website for more updates!,Real
2583,1641,381,7.09,740,30,0,5,Business inquiries? Contact below 👇,Fake
8761,3586,50,7.58,811,93,0,11,Love exploring new places 🌎,Real
22495,1976,273,8.06,565,8,0,9,Fitness enthusiast 💪 | Health advocate,Fake
6307,1712,174,3.47,95,66,0,2,Foodie | Reviews and recipes,Fake
36211,3421,363,1.13,756,89,0,8,Digital nomad living my best life 🌴,Fake
3709,4735,465,2.55,85,17,0,11,Follow for daily inspiration 🌟,Real
11380,263,107,2.81,135,81,1,7,Fitness enthusiast 💪 | Health advocate,Real
13802,1991,471,1.34,29,21,0,3,Business inquiries? Contact below 👇,Fake
53,2784,299,1.0193757636069771,392,35,1,8,Sharing moments from my journey,Fake
48584,1809,179,2.55,631,96,0,9,Aspiring artist | Drawing my dreams,Real
23237,2227,205,2.020410155781708,169,75,0,5,Business inquiries? Contact below 👇,Real
8759,2362,299,10.0,678,75,0,3,Business inquiries? Contact below 👇,Real
13986,2856,349,0.26,884,33,0,5,Foodie | Reviews and recipes,Real
15408,4034,359,6.05,805,8,0,6,DM for collaborations or inquiries!,Real
7680,113,90,7.18,301,31,0,3,Fitness enthusiast 💪 | Health advocate,Fake
11988,891,54,4.67,97,4,0,5,DM for collaborations or inquiries!,Fake
14964,2987,61,0.0,425,59,1,5,Check out my website for more updates!,Fake
6565,4203,359,6.27,565,30,0,11,Digital nomad living my best life 🌴,Fake
16979,1890,105,4.860955282194739,338,40,0,4,Business inquiries? Contact below 👇,Fake
18538,2303,483,9.914251874133026,515,51,1,7,Nature lover | Saving the planet 🌍,Fake
15581,1582,142,1.5870898799452422,579,20,1,5,Personal blog | Stay positive ✨,Real
47718,3059,138,0.83,267,33,0,9,Fitness enthusiast 💪 | Health advocate,Real
18584,556,304,4.08,802,37,0,7,Aspiring artist | Drawing my dreams,Fake
46770,4019,249,3.11,700,96,0,10,DM for collaborations or inquiries!,Fake
40052,593,401,3.035228094400721,558,92,1,11,Digital nomad living my best life 🌴,Real
4096,1415,126,4.54,700,42,1,10,Foodie | Reviews and recipes,Fake
20193,3781,499,0.0,609,56,1,8,Sharing moments from my journey,Fake
38784,610,480,4.55,887,73,0,3,DM for collaborations or inquiries!,Fake
30971,698,189,0.56,367,62,0,6,Passionate traveler and food lover,Fake
36572,1405,285,5.57,86,7,0,9,Sharing moments from my journey,Real
18344,37,192,7.79,269,44,0,9,Photographer and content creator 📸,Real
20123,1057,84,0.0,67,55,0,10,Love exploring new places 🌎,Fake
45213,2054,211,8.033688668327926,434,58,0,5,Business inquiries? Contact below 👇,Fake
16749,2856,202,8.48,805,89,0,10,DM for collaborations or inquiries!,Fake
2466,3246,100,1.21,621,98,0,10,DM for collaborations or inquiries!,Fake
11846,84,217,7.91,773,19,0,2,Foodie | Reviews and recipes,Fake
6562,2981,286,2.4,424,65,0,6,DM for collaborations or inquiries!,Real
26455,3554,368,7.714560414635926,983,99,1,3,Passionate traveler and food lover,Real
41275,884,410,7.67,856,98,0,5,Entrepreneur & lifestyle blogger,Real
3106,4501,20,8.86,39,72,0,10,Passionate traveler and food lover,Fake
37269,2949,415,1.99,84,71,0,5,Foodie | Reviews and recipes,Real
46774,2964,409,1.24,596,41,0,10,Personal blog | Stay positive ✨,Fake
38107,4526,227,6.43,328,20,0,9,Fitness enthusiast 💪 | Health advocate,Fake
21782,3722,92,8.09,686,68,0,3,Digital nomad living my best life 🌴,Fake
387,4740,333,5.15,179,24,0,9,Check out my website for more updates!,Fake
35689,2971,304,3.138479239028237,418,57,1,9,Fitness enthusiast 💪 | Health advocate,Real
21882,1986,0,7.392114352824845,973,53,1,3,Check out my website for more updates!,Real
36390,2683,485,7.72,511,49,0,9,Nature lover | Saving the planet 🌍,Fake
30087,3797,0,6.078964749357077,0,34,1,6,Nature lover | Saving the planet 🌍,Real
3355,1838,182,4.8,300,92,0,5,Business inquiries? Contact below 👇,Fake
17056,2518,0,2.873174110736425,220,81,1,4,Personal blog | Stay positive ✨,Real
12192,4999,245,6.717643004908324,455,62,1,2,Digital nomad living my best life 🌴,Real
33928,1850,322,3.8512490604888336,0,65,1,9,Love exploring new places 🌎,Fake
1846,2380,14,6.01,732,13,0,11,Aspiring artist | Drawing my dreams,Real
26685,1468,297,2.46,949,21,0,6,Foodie | Reviews and recipes,Real
30420,2140,175,1.84,528,58,0,5,Fitness enthusiast 💪 | Health advocate,Fake
49521,3967,279,8.26,809,61,0,6,Personal blog | Stay positive ✨,Real
27682,4673,291,2.33,32,27,0,5,Passionate traveler and food lover,Fake
7818,3561,62,0.33,800,50,0,6,Sharing moments from my journey,Fake
15330,2881,482,2.61,195,46,0,9,Sharing moments from my journey,Fake
46616,1277,183,0.0,379,46,1,5,Check out my website for more updates!,Real
15710,4673,295,9.82,204,28,0,8,Personal blog | Stay positive ✨,Fake
53,2887,302,4.5431221227696446,538,64,1,6,Nature lover | Saving the planet 🌍,Real
49998,3836,443,0.3216463201277033,92,64,0,4,Check out my website for more updates!,Real
47998,3862,385,4.34,982,60,0,7,Follow for daily inspiration 🌟,Fake
41417,2261,252,0.63,668,99,0,4,Nature lover | Saving the planet 🌍,Real
45706,714,76,4.851782090911656,916,42,0,5,Fitness enthusiast 💪 | Health advocate,Fake
49414,4303,393,9.77,463,47,0,9,Business inquiries? Contact below 👇,Fake
11232,245,85,5.57,845,29,0,6,Passionate traveler and food lover,Fake
2106,478,128,7.42,199,77,0,6,Passionate traveler and food lover,Real
31196,4451,250,8.82,307,35,0,6,Aspiring artist | Drawing my dreams,Real
12096,814,404,5.024627324534615,654,89,0,8,Photographer and content creator 📸,Fake
33162,4400,243,6.61,185,57,0,11,Sharing moments from my journey,Fake
34550,3047,0,3.4377203078694456,413,94,0,7,DM for collaborations or inquiries!,Fake
35590,2151,25,8.4,348,21,0,7,Sharing moments from my journey,Real
41115,2610,133,7.0815903871139545,399,99,0,9,DM for collaborations or inquiries!,Real
7910,143,244,8.24,485,71,0,11,Passionate traveler and food lover,Real
12684,2027,323,4.987861534301984,616,87,0,11,Love exploring new places 🌎,Real
44689,276,190,8.51,535,80,0,2,Nature lover | Saving the planet 🌍,Real
38143,2586,111,1.28,31,62,0,3,Personal blog | Stay positive ✨,Fake
22703,3293,343,0.465960756467533,941,35,1,8,DM for collaborations or inquiries!,Real
19458,972,196,9.356240354513307,660,7,1,3,Nature lover | Saving the planet 🌍,Fake
31366,3171,350,6.221081260947329,276,89,0,3,Personal blog | Stay positive ✨,Fake
33298,2577,262,5.411290076942817,739,59,1,5,Photographer and content creator 📸,Real
2274,2879,120,3.925993564590773,602,38,0,11,Follow for daily inspiration 🌟,Fake
23157,113,143,6.078713053204398,463,13,1,11,Nature lover | Saving the planet 🌍,Fake
12825,3468,141,3.614166487956959,99,56,0,7,Entrepreneur & lifestyle blogger,Fake
2059,1003,418,8.28,198,70,0,7,Foodie | Reviews and recipes,Fake
32082,10,0,5.615557731957819,253,0,0,7,Passionate traveler and food lover,Real
9171,2178,302,8.25,855,26,0,11,Sharing moments from my journey,Fake
32077,1270,69,8.57,215,25,0,2,Aspiring artist | Drawing my dreams,Fake
21256,3177,341,0.308956821893763,227,57,0,6,Sharing moments from my journey,Real
7895,4992,145,6.66,57,89,0,7,Love exploring new places 🌎,Fake
47845,2086,27,9.99,206,2,0,4,Passionate traveler and food lover,Fake
38108,1336,287,3.77,336,42,0,8,Business inquiries? Contact below 👇,Fake
30445,2851,109,0.11,208,10,0,4,Photographer and content creator 📸,Fake
35711,143,379,7.37,402,65,1,4,Aspiring artist | Drawing my dreams,Fake
49912,2418,344,7.709219506106568,943,49,0,5,Check out my website for more updates!,Real
1669,3009,283,0.77,784,7,0,8,Digital nomad living my best life 🌴,Fake
998,3434,290,8.8,363,38,0,4,Sharing moments from my journey,Real
36251,1465,133,2.59752032764603,889,52,1,3,Personal blog | Stay positive ✨,Fake
28728,825,12,6.91,586,29,0,5,Fitness enthusiast 💪 | Health advocate,Fake
41946,2563,68,8.46,486,13,0,1,Check out my website for more updates!,Real
43701,1833,60,4.55,865,66,0,2,Passionate traveler and food lover,Real
29732,338,31,8.42,792,50,0,8,Follow for daily inspiration 🌟,Real
28261,3906,16,5.06,483,27,1,8,Foodie | Reviews and recipes,Fake
31600,263,339,0.0,732,63,0,7,Love exploring new places 🌎,Real
16685,1656,371,5.66,202,4,0,9,Business inquiries? Contact below 👇,Real
19725,1840,401,2.21,440,12,0,1,Photographer and content creator 📸,Real
33883,321,331,5.01,166,30,0,2,Business inquiries? Contact below 👇,Real
14639,2753,430,7.146536880851956,424,62,1,4,Love exploring new places 🌎,Real
16160,1803,123,4.08,258,66,0,6,Follow for daily inspiration 🌟,Fake
2668,3466,322,2.02,301,55,1,10,Follow for daily inspiration 🌟,Fake
26316,1708,273,3.7298492185136185,345,22,1,10,Photographer and content creator 📸,Real
15684,14,5,5.54,111,40,0,6,Fitness enthusiast 💪 | Health advocate,Fake
17050,2481,0,9.386868660364184,652,91,0,5,DM for collaborations or inquiries!,Fake
2774,391,465,2.29,604,67,0,2,Nature lover | Saving the planet 🌍,Real
12241,3812,374,6.94,133,21,0,7,Love exploring new places 🌎,Real
8309,3616,320,7.88,729,54,0,4,Aspiring artist | Drawing my dreams,Real
813,3728,13,2.8475976215850998,591,33,0,6,Fitness enthusiast 💪 | Health advocate,Real
11482,2761,62,8.12,635,37,0,9,Business inquiries? Contact below 👇,Fake
30251,4525,163,0.84,336,91,0,7,Passionate traveler and food lover,Real
30108,1499,481,1.27,357,58,0,9,Sharing moments from my journey,Real
31548,2182,249,4.202487317383395,480,32,1,6,DM for collaborations or inquiries!,Real
13511,99,250,3.79,192,43,0,3,Digital nomad living my best life 🌴,Real
19489,2195,197,9.21249516950109,298,81,0,5,Entrepreneur & lifestyle blogger,Fake
46028,4524,3,5.37,510,16,0,1,Personal blog | Stay positive ✨,Real
8355,3097,376,6.93306799933722,502,78,1,7,Entrepreneur & lifestyle blogger,Real
49998,1472,209,3.2062458184213014,211,39,1,10,Personal blog | Stay positive ✨,Real
30475,470,483,7.09,240,1,0,9,Passionate traveler and food lover,Real
29888,801,393,3.151057534252963,999,76,0,10,Personal blog | Stay positive ✨,Real
19577,2221,66,7.35,379,1,0,11,Entrepreneur & lifestyle blogger,Real
30680,4356,450,2.0555300129994976,854,77,0,10,Digital nomad living my best life 🌴,Fake
4219,1606,9,5.23,927,49,0,6,Love exploring new places 🌎,Fake
20845,1931,37,0.6,39,80,0,2,Fitness enthusiast 💪 | Health advocate,Fake
45123,814,116,5.13,955,9,0,2,Love exploring new places 🌎,Fake
37971,1656,463,2.78,278,97,0,10,Business inquiries? Contact below 👇,Real
25463,3410,78,1.73,805,98,0,10,Fitness enthusiast 💪 | Health advocate,Real
11479,4146,78,8.26,859,9,0,10,Photographer and content creator 📸,Real
46632,2902,32,4.335186814216747,999,54,1,6,Follow for daily inspiration 🌟,Real
23129,284,16,0.47,322,56,0,3,Nature lover | Saving the planet 🌍,Real
39840,2450,176,4.66,196,97,0,4,Passionate traveler and food lover,Real
41860,1070,303,5.28,892,67,0,3,Love exploring new places 🌎,Real
39042,3492,319,6.594160106767816,500,49,1,3,Love exploring new places 🌎,Fake
6875,1104,325,4.523946708740288,339,81,0,1,Personal blog | Stay positive ✨,Fake
37822,2774,84,8.8,704,7,0,6,Aspiring artist | Drawing my dreams,Real
34368,4682,257,4.52,607,28,0,7,Check out my website for more updates!,Fake
42680,4284,161,6.9,222,92,0,9,Love exploring new places 🌎,Real
9861,3358,175,8.35,479,26,0,11,Business inquiries? Contact below 👇,Fake
10652,2892,341,5.48,995,70,0,10,Nature lover | Saving the planet 🌍,Real
29705,2196,446,6.31,614,96,0,9,DM for collaborations or inquiries!,Fake
21905,4626,188,6.86,848,55,1,6,Business inquiries? Contact below 👇,Fake
24993,3260,371,1.71,547,73,0,4,Check out my website for more updates!,Real
17184,3002,369,7.91,935,65,0,7,Fitness enthusiast 💪 | Health advocate,Fake
21548,3741,468,10.0,753,76,1,6,Sharing moments from my journey,Real
22141,1145,326,7.28,412,16,1,2,DM for collaborations or inquiries!,Fake
37709,197,51,8.59,518,8,0,9,Photographer and content creator 📸,Fake
3710,1678,15,6.32,307,88,0,8,Sharing moments from my journey,Real
24414,4637,456,5.64,346,95,0,2,Business inquiries? Contact below 👇,Fake
41344,1773,424,3.91,95,37,0,6,Digital nomad living my best life 🌴,Fake
8914,1976,43,7.17,893,88,0,6,DM for collaborations or inquiries!,Fake
22594,3350,388,4.63,5,76,0,3,Personal blog | Stay positive ✨,Fake
42274,2080,331,5.05,476,35,0,3,Business inquiries? Contact below 👇,Real
24159,4779,398,4.04,175,33,0,5,Entrepreneur & lifestyle blogger,Fake
7647,1865,412,7.87,433,37,0,5,Sharing moments from my journey,Real
14934,2674,175,4.86,348,64,0,1,Fitness enthusiast 💪 | Health advocate,Real
40511,2818,242,6.5,179,91,0,10,Fitness enthusiast 💪 | Health advocate,Real
41498,2783,326,2.8,76,99,0,8,Business inquiries? Contact below 👇,Real
46624,3011,126,8.35,782,80,0,2,Follow for daily inspiration 🌟,Fake
23307,2108,343,6.17,679,12,0,5,Nature lover | Saving the planet 🌍,Fake
1898,667,386,1.0,748,78,0,10,Sharing moments from my journey,Fake
41522,1567,157,9.780912656041902,949,89,1,7,Foodie | Reviews and recipes,Fake
23604,1467,480,1.7,652,19,0,6,Digital nomad living my best life 🌴,Real
45972,475,430,3.42,630,78,0,7,Digital nomad living my best life 🌴,Fake
53,3260,446,6.233889676814082,564,72,0,4,Aspiring artist | Drawing my dreams,Fake
26749,1351,230,8.3,448,8,0,9,Check out my website for more updates!,Real
48222,2714,122,6.94,210,12,1,7,Entrepreneur & lifestyle blogger,Fake
41316,2895,242,7.732459850785907,418,75,1,4,Entrepreneur & lifestyle blogger,Real
28702,4198,379,8.862699934567356,281,89,0,11,Aspiring artist | Drawing my dreams,Real
37462,2534,259,5.57,304,74,1,3,Passionate traveler and food lover,Real
3920,2360,105,4.1,431,63,0,10,Follow for daily inspiration 🌟,Real
33864,827,393,5.78,489,66,0,5,Passionate traveler and food lover,Fake
14540,336,99,1.86,453,74,0,10,Foodie | Reviews and recipes,Fake
216,4953,373,8.48,663,44,0,4,Nature lover | Saving the planet 🌍,Fake
32756,3203,326,6.650744398040731,232,50,1,4,Love exploring new places 🌎,Real
27769,1270,433,1.73,246,25,0,11,Personal blog | Stay positive ✨,Fake
26974,4406,151,0.02,7,64,0,8,Love exploring new places 🌎,Fake
37630,3522,333,0.24,362,1,0,3,Passionate traveler and food lover,Fake
46648,3493,464,4.23,259,73,0,7,Photographer and content creator 📸,Real
33103,3779,23,4.36,910,59,0,10,DM for collaborations or inquiries!,Fake
6210,3851,62,6.1,615,98,0,10,Sharing moments from my journey,Real
34858,82,144,6.96,753,61,0,2,Digital nomad living my best life 🌴,Real
26710,4942,375,5.583529024684971,999,45,1,5,Aspiring artist | Drawing my dreams,Real
28778,4999,159,6.461716147393959,753,24,1,1,Business inquiries? Contact below 👇,Real
35073,3294,288,1.042288470598276,499,46,0,7,Passionate traveler and food lover,Fake
40917,3313,453,5.32,740,68,0,4,Sharing moments from my journey,Real
32671,4148,2,1.7,473,46,0,1,Fitness enthusiast 💪 | Health advocate,Real
8848,3881,121,1.72,535,64,0,6,Nature lover | Saving the planet 🌍,Real
23019,4955,324,5.68,190,56,0,4,Photographer and content creator 📸,Fake
43986,4478,190,6.71,713,19,0,6,Business inquiries? Contact below 👇,Real
10245,891,395,7.26,220,59,0,11,Love exploring new places 🌎,Fake
18032,4957,436,9.54,930,42,0,9,Foodie | Reviews and recipes,Fake
45394,1922,253,6.84,162,3,0,5,Nature lover | Saving the planet 🌍,Fake
53,10,215,8.73411629551612,414,41,0,5,Digital nomad living my best life 🌴,Fake
34217,1730,210,5.4606152292322525,572,0,0,4,Personal blog | Stay positive ✨,Fake
47001,465,26,0.77,272,80,0,3,Nature lover | Saving the planet 🌍,Fake
22405,3004,323,5.7,972,78,0,3,Sharing moments from my journey,Real
46827,3235,95,2.66,306,80,0,4,Follow for daily inspiration 🌟,Fake
8892,3322,196,10.0,701,21,0,11,Follow for daily inspiration 🌟,Fake
11826,419,274,4.098120316118592,999,22,1,7,Love exploring new places 🌎,Real
49998,793,294,4.606864635744117,285,32,1,5,Love exploring new places 🌎,Real
27410,4854,61,6.7,72,32,0,6,Passionate traveler and food lover,Real
39145,4208,215,7.0,402,8,0,4,Personal blog | Stay positive ✨,Fake
48301,1940,200,3.57,891,93,0,7,Passionate traveler and food lover,Real
27338,2600,347,4.18,980,49,0,8,Business inquiries? Contact below 👇,Real
589,381,240,4.73,954,51,0,7,DM for collaborations or inquiries!,Fake
46302,4966,301,1.91,179,24,0,4,Photographer and content creator 📸,Real
31267,765,64,5.727038022698948,522,99,1,4,Sharing moments from my journey,Real
17536,1808,147,3.37,186,53,0,4,Sharing moments from my journey,Fake
16305,277,338,5.6,797,27,0,4,Follow for daily inspiration 🌟,Fake
5997,3100,153,0.0,369,39,0,10,Photographer and content creator 📸,Fake
35231,79,198,2.53301409088949,396,87,1,1,Nature lover | Saving the planet 🌍,Real
39085,300,231,5.92,560,73,0,3,Digital nomad living my best life 🌴,Real
25667,3662,434,9.550948571276512,786,43,1,5,Entrepreneur & lifestyle blogger,Fake
48518,1227,7,0.91,955,89,0,8,Foodie | Reviews and recipes,Fake
7704,1620,77,6.750728962006078,590,55,0,5,Photographer and content creator 📸,Fake
1121,3965,0,7.796311369037728,388,47,1,11,Check out my website for more updates!,Real
12568,4470,498,1.49,266,12,0,8,Check out my website for more updates!,Real
1911,1494,420,4.84,589,13,0,2,Personal blog | Stay positive ✨,Fake
26882,1393,56,9.87,587,34,0,10,Nature lover | Saving the planet 🌍,Real
13360,76,243,1.87,634,30,0,6,Sharing moments from my journey,Real
8548,4405,208,2.14,689,10,0,10,Digital nomad living my best life 🌴,Real
13607,4076,411,8.000439760654068,275,75,0,8,Business inquiries? Contact below 👇,Fake
2722,4577,59,6.73,31,51,0,5,Personal blog | Stay positive ✨,Real
49425,1124,228,8.21,99,1,0,10,Photographer and content creator 📸,Real
6932,2682,6,0.48,299,59,0,7,Sharing moments from my journey,Real
12378,3917,254,3.41,607,37,0,7,Foodie | Reviews and recipes,Fake
11515,2910,165,5.67,472,65,0,6,Check out my website for more updates!,Fake
45233,3579,307,2.31,152,76,1,3,Aspiring artist | Drawing my dreams,Fake
25226,4516,434,6.5,93,10,0,2,Sharing moments from my journey,Fake
13228,491,288,3.83,901,93,0,11,Foodie | Reviews and recipes,Fake
32641,1960,440,9.547462039610906,920,12,1,6,Photographer and content creator 📸,Real
12967,4569,0,5.79,38,59,0,2,DM for collaborations or inquiries!,Fake
21529,1774,148,7.66,367,25,0,2,DM for collaborations or inquiries!,Fake
17342,2757,357,2.755421544924768,442,6,0,5,Nature lover | Saving the planet 🌍,Real
26476,119,235,5.94,31,51,0,8,Check out my website for more updates!,Real
30404,2387,101,0.78,353,70,0,2,Personal blog | Stay positive ✨,Real
9458,2007,36,1.98,65,48,0,2,Aspiring artist | Drawing my dreams,Real
7785,873,205,3.857818718068706,550,76,0,1,Personal blog | Stay positive ✨,Fake
32527,3570,374,5.5,188,16,0,10,Entrepreneur & lifestyle blogger,Fake
23623,3373,447,0.62,12,57,0,3,Check out my website for more updates!,Real
48586,2360,154,6.905240652243906,220,36,0,4,Personal blog | Stay positive ✨,Fake
47669,948,87,2.0,513,53,1,2,DM for collaborations or inquiries!,Real
37227,3087,350,6.43,365,24,0,3,Personal blog | Stay positive ✨,Real
32220,2485,238,7.018273362557834,698,36,1,9,Check out my website for more updates!,Real
28281,4999,343,8.758495071052062,42,97,0,5,Follow for daily inspiration 🌟,Fake
19228,4999,157,2.3196271841492626,829,25,1,3,Aspiring artist | Drawing my dreams,Real
32897,587,209,10.0,360,41,1,3,Fitness enthusiast 💪 | Health advocate,Real
17430,737,77,3.78214268364655,409,12,0,4,DM for collaborations or inquiries!,Fake
10128,4466,351,2.31,97,70,0,6,Personal blog | Stay positive ✨,Real
34336,2533,63,5.96,172,35,1,1,Personal blog | Stay positive ✨,Real
4305,4485,438,4.86,293,64,0,4,DM for collaborations or inquiries!,Fake
18905,300,103,3.73,184,96,0,5,Entrepreneur & lifestyle blogger,Fake
33710,4487,183,3.789182891544239,610,68,0,3,Sharing moments from my journey,Fake
24483,1269,289,3.228501283113132,606,50,0,9,Nature lover | Saving the planet 🌍,Fake
27113,143,0,6.251780638936505,251,36,1,7,Fitness enthusiast 💪 | Health advocate,Real
3646,1729,182,2.2382591151173834,0,60,1,6,Entrepreneur & lifestyle blogger,Fake
7392,4193,1,8.25,931,66,0,3,Foodie | Reviews and recipes,Fake
43089,283,155,6.15,396,75,0,8,Check out my website for more updates!,Fake
34893,1433,185,0.54,193,11,1,6,Fitness enthusiast 💪 | Health advocate,Real
9308,2462,494,1.52,367,10,0,6,Sharing moments from my journey,Real
22895,1756,202,5.733886549028865,375,43,0,11,Photographer and content creator 📸,Fake
21383,2530,293,2.36,386,57,0,2,Aspiring artist | Drawing my dreams,Real
10106,1945,231,8.95,917,86,0,4,Nature lover | Saving the planet 🌍,Fake
30964,262,237,7.216820984420382,201,59,1,6,Photographer and content creator 📸,Real
42679,4440,188,5.39,162,55,0,10,Digital nomad living my best life 🌴,Fake
10233,1989,227,5.57,993,66,1,10,Aspiring artist | Drawing my dreams,Fake
7493,3667,139,4.82,431,30,0,2,DM for collaborations or inquiries!,Real
36312,3181,382,6.19,180,55,0,2,Aspiring artist | Drawing my dreams,Real
30335,1772,238,5.720239420235967,0,65,1,7,Follow for daily inspiration 🌟,Real
10143,3750,256,2.25,114,65,0,5,Personal blog | Stay positive ✨,Fake
15247,1725,489,7.05,730,18,0,3,Love exploring new places 🌎,Real
32235,1252,486,4.698831936965532,981,49,0,5,DM for collaborations or inquiries!,Fake
9261,3838,184,4.975996277818068,502,57,1,8,Check out my website for more updates!,Real
9966,4674,475,8.07,363,36,0,9,Digital nomad living my best life 🌴,Fake
34803,1589,23,0.56,881,17,0,3,Follow for daily inspiration 🌟,Real
24336,2755,0,5.4290920357344445,73,37,1,4,Nature lover | Saving the planet 🌍,Fake
1070,1219,224,7.436661092025586,365,52,0,10,Business inquiries? Contact below 👇,Fake
40280,4391,468,6.04,710,65,0,6,DM for collaborations or inquiries!,Fake
24648,1066,287,4.14651729994461,400,65,0,5,Nature lover | Saving the planet 🌍,Real
19375,4456,285,7.94,932,18,0,5,Personal blog | Stay positive ✨,Fake
8536,293,304,2.6,510,52,0,2,Love exploring new places 🌎,Real
24531,4826,123,7.766858342240347,446,40,1,5,Personal blog | Stay positive ✨,Real
16459,3062,63,8.6,111,59,0,7,Aspiring artist | Drawing my dreams,Real
9024,3558,9,3.63,17,67,0,10,Photographer and content creator 📸,Fake
48865,4937,343,5.91,46,5,0,5,Foodie | Reviews and recipes,Fake
48901,4276,375,6.55,901,18,0,2,Nature lover | Saving the planet 🌍,Real
14060,2666,260,3.1562662952511213,640,48,0,5,Personal blog | Stay positive ✨,Real
5975,3029,212,9.69,366,38,0,3,Check out my website for more updates!,Fake
45454,1513,383,1.65,933,47,0,9,Check out my website for more updates!,Fake
22160,3014,160,3.889275090223303,328,22,1,4,Photographer and content creator 📸,Fake
23643,2770,223,2.74,319,95,0,6,Passionate traveler and food lover,Real
32186,2661,29,6.19,690,74,0,7,Business inquiries? Contact below 👇,Real
19070,3482,499,10.0,135,0,0,6,Aspiring artist | Drawing my dreams,Real
28264,783,334,0.04,174,81,0,8,Sharing moments from my journey,Real
32153,383,74,1.7695541823890464,433,0,0,7,Personal blog | Stay positive ✨,Real
4487,4013,409,2.62,36,91,0,3,Aspiring artist | Drawing my dreams,Real
31409,3846,350,2.82,183,52,0,10,Digital nomad living my best life 🌴,Real
31493,10,218,3.925751787779263,496,73,1,10,Nature lover | Saving the planet 🌍,Real
4150,11,412,7.12,312,73,0,11,Love exploring new places 🌎,Real
46722,4878,166,1.32,391,24,1,10,Love exploring new places 🌎,Fake
11566,2018,224,2.63,453,10,0,7,Sharing moments from my journey,Fake
25057,2097,306,2.81,644,29,0,7,Personal blog | Stay positive ✨,Fake
35588,436,165,3.83,722,97,0,7,Fitness enthusiast 💪 | Health advocate,Fake
1376,2615,386,3.93,894,90,0,4,Check out my website for more updates!,Real
19395,749,242,2.58,999,55,0,6,Follow for daily inspiration 🌟,Real
4866,3674,269,10.0,106,12,0,8,Nature lover | Saving the planet 🌍,Real
22112,193,170,5.96,558,45,0,2,Check out my website for more updates!,Real
29209,602,338,2.35,246,97,0,2,Business inquiries? Contact below 👇,Fake
49998,1609,186,6.334744969828073,9,51,1,2,Nature lover | Saving the planet 🌍,Real
14051,1415,232,6.203077020155275,999,43,0,6,Sharing moments from my journey,Fake
53,1495,231,6.036024666020756,801,41,1,7,Check out my website for more updates!,Fake
5374,605,313,0.8,958,4,0,11,Aspiring artist | Drawing my dreams,Real
53,4325,499,2.118018105996036,791,85,0,8,Digital nomad living my best life 🌴,Fake
36970,4955,297,5.44,933,78,0,9,DM for collaborations or inquiries!,Fake
4093,1055,296,5.58,673,9,0,8,Aspiring artist | Drawing my dreams,Real
5084,2794,319,6.27,112,89,0,9,Foodie | Reviews and recipes,Real
33774,2277,257,3.110491019012388,358,37,1,7,Check out my website for more updates!,Fake
47580,1421,265,7.48,316,70,0,7,Fitness enthusiast 💪 | Health advocate,Fake
7920,4999,237,10.0,412,56,0,6,Nature lover | Saving the planet 🌍,Real
16137,948,206,0.99,699,36,0,3,Entrepreneur & lifestyle blogger,Fake
21299,4128,172,9.57,13,53,0,2,Entrepreneur & lifestyle blogger,Fake
22452,3193,334,5.249680839720528,333,56,0,5,Follow for daily inspiration 🌟,Fake
24079,3183,126,5.583763013921232,279,94,0,7,Fitness enthusiast 💪 | Health advocate,Real
43604,4759,175,6.84,709,63,0,3,Entrepreneur & lifestyle blogger,Fake
20385,2925,322,8.56083129364907,999,42,1,6,Fitness enthusiast 💪 | Health advocate,Fake
34268,1921,308,3.84,352,52,0,8,Love exploring new places 🌎,Fake
43425,1650,200,5.326829193666745,689,74,1,11,Check out my website for more updates!,Real
45181,4116,300,3.8424770480894512,828,38,1,8,Nature lover | Saving the planet 🌍,Real
38762,4743,266,6.88,606,66,0,2,Check out my website for more updates!,Fake
17655,3145,366,0.82,927,18,0,4,Follow for daily inspiration 🌟,Fake
16490,2675,358,7.959285964105291,290,21,1,4,Follow for daily inspiration 🌟,Fake
8356,2267,264,3.5935849948806435,615,40,1,4,Digital nomad living my best life 🌴,Real
8509,10,167,1.8249137169196576,717,53,1,5,Aspiring artist | Drawing my dreams,Fake
6556,3965,309,6.271541621756268,152,85,0,11,Digital nomad living my best life 🌴,Fake
27075,4224,175,3.397111600169559,300,34,1,10,Personal blog | Stay positive ✨,Real
4684,1758,359,7.51,414,93,0,2,Follow for daily inspiration 🌟,Real
26533,4865,86,8.448020656178468,969,0,1,7,Follow for daily inspiration 🌟,Real
1208,843,155,1.93,953,33,0,9,Foodie | Reviews and recipes,Fake
9406,223,368,7.25,272,98,0,10,Business inquiries? Contact below 👇,Real
27749,3477,12,6.587432453271664,632,0,1,2,Aspiring artist | Drawing my dreams,Fake
22958,3523,252,7.831007316418051,339,21,1,11,Passionate traveler and food lover,Real
20601,211,213,4.32,618,20,0,6,Photographer and content creator 📸,Fake
14195,2758,128,7.718621618938272,575,78,1,6,Sharing moments from my journey,Fake
37092,2753,425,8.84,644,95,0,3,Love exploring new places 🌎,Real
22077,845,247,4.24,617,71,0,9,Nature lover | Saving the planet 🌍,Fake
7602,1852,493,7.96,622,4,0,9,Entrepreneur & lifestyle blogger,Fake
28239,4792,65,8.04844780936347,374,40,1,4,Foodie | Reviews and recipes,Fake
2452,1696,44,4.79,64,61,0,8,Digital nomad living my best life 🌴,Real
12079,776,205,8.6,82,66,0,5,Love exploring new places 🌎,Real
33903,4543,283,0.61,701,25,0,11,Love exploring new places 🌎,Fake
19827,19,388,0.2,468,99,0,11,Follow for daily inspiration 🌟,Fake
24705,2458,499,3.1575729295479524,534,69,1,8,Sharing moments from my journey,Fake
22200,2750,336,4.82,451,4,0,2,Sharing moments from my journey,Real
33289,2634,324,9.83,458,2,0,9,Digital nomad living my best life 🌴,Fake
16636,1033,300,1.28,966,66,0,10,Entrepreneur & lifestyle blogger,Fake
21509,10,423,5.372742993687139,658,50,1,4,Personal blog | Stay positive ✨,Fake
13704,2796,139,2.8014726064329327,507,98,1,6,Check out my website for more updates!,Fake
28450,3322,354,2.966733458313117,291,0,0,11,Passionate traveler and food lover,Real
22562,1633,461,3.21,782,49,0,9,Foodie | Reviews and recipes,Real
42162,976,409,3.4407412960866184,999,60,1,8,Digital nomad living my best life 🌴,Real
35714,4253,299,2.08,85,75,0,4,Personal blog | Stay positive ✨,Real
30581,1939,242,3.34547455031959,111,97,1,5,Personal blog | Stay positive ✨,Fake
20480,3382,250,7.19048109699026,307,49,0,4,Aspiring artist | Drawing my dreams,Fake
18770,1236,38,8.26,861,96,0,9,Love exploring new places 🌎,Fake
20296,3357,488,3.32,378,14,0,6,Check out my website for more updates!,Real
22810,1503,132,10.0,491,25,0,9,Love exploring new places 🌎,Real
20660,782,382,3.58,392,8,0,4,Check out my website for more updates!,Real
18617,4598,261,9.4,868,61,0,8,Entrepreneur & lifestyle blogger,Real
42713,4002,425,0.02,599,51,0,9,Business inquiries? Contact below 👇,Fake
7362,511,83,5.26,16,72,0,8,Aspiring artist | Drawing my dreams,Fake
49998,4999,0,10.0,631,27,0,6,Digital nomad living my best life 🌴,Fake
34654,873,305,3.1318863676651745,252,49,0,6,Sharing moments from my journey,Fake
26389,3543,332,10.0,446,24,0,8,DM for collaborations or inquiries!,Fake
22254,4999,316,4.450238517622924,999,9,0,2,Follow for daily inspiration 🌟,Fake
27337,810,22,1.24,76,29,0,7,Sharing moments from my journey,Fake
49816,3550,132,5.6,22,27,0,9,Love exploring new places 🌎,Fake
53,968,139,5.454704328420824,999,24,1,10,Love exploring new places 🌎,Fake
38364,2043,348,0.0,187,69,1,11,Photographer and content creator 📸,Fake
44214,592,137,3.37,55,7,1,6,Follow for daily inspiration 🌟,Real
41182,665,90,7.3,793,95,0,6,Check out my website for more updates!,Fake
49364,266,293,8.24,49,18,0,11,Sharing moments from my journey,Fake
43135,124,12,5.36,901,57,0,6,Nature lover | Saving the planet 🌍,Fake
31176,3154,205,9.060467307190104,687,44,0,8,Business inquiries? Contact below 👇,Real
11090,3894,89,5.02,373,61,0,7,Entrepreneur & lifestyle blogger,Real
40104,1406,324,2.964800769020856,653,6,0,4,Foodie | Reviews and recipes,Fake
23710,4923,249,8.45903257916621,120,16,0,6,Business inquiries? Contact below 👇,Real
26271,1332,221,6.32295332929787,999,58,1,2,Follow for daily inspiration 🌟,Real
14234,1727,475,5.54,295,89,1,6,Personal blog | Stay positive ✨,Fake
29504,4260,294,2.93,314,40,0,4,Aspiring artist | Drawing my dreams,Fake
38014,1532,472,8.84,457,5,1,2,Follow for daily inspiration 🌟,Fake
42870,4622,288,3.57,801,46,0,1,Entrepreneur & lifestyle blogger,Fake
38114,2094,207,2.249817079879541,916,0,1,11,Nature lover | Saving the planet 🌍,Fake
37956,4445,197,6.66,643,91,1,2,Sharing moments from my journey,Real
24617,4435,21,10.0,330,20,0,7,Business inquiries? Contact below 👇,Fake
26827,3287,186,0.29,308,25,0,6,Nature lover | Saving the planet 🌍,Fake
46553,125,38,4.17,998,80,0,2,Digital nomad living my best life 🌴,Real
15963,2028,240,4.17,617,4,0,9,Follow for daily inspiration 🌟,Real
23928,4868,359,9.34,187,78,0,11,Aspiring artist | Drawing my dreams,Real
20939,3911,173,4.01,692,92,0,11,Follow for daily inspiration 🌟,Fake
46199,2766,85,3.03,439,75,0,10,Photographer and content creator 📸,Fake
18691,4809,114,7.23,824,76,0,10,Love exploring new places 🌎,Real
44623,2482,363,8.15,224,66,0,11,Personal blog | Stay positive ✨,Real
18277,1079,156,6.54,263,50,0,3,Fitness enthusiast 💪 | Health advocate,Real
46393,3760,163,6.09,983,26,1,10,Personal blog | Stay positive ✨,Real
48632,3827,19,1.52,314,31,0,4,DM for collaborations or inquiries!,Real
38746,4304,434,4.7,392,12,0,7,Sharing moments from my journey,Fake
16749,3785,238,5.40406565147286,612,13,1,4,Check out my website for more updates!,Fake
32654,4385,366,6.02,115,61,0,3,Passionate traveler and food lover,Real
36389,725,460,7.25,633,79,0,2,Digital nomad living my best life 🌴,Fake
19799,795,161,3.42,412,6,0,9,Fitness enthusiast 💪 | Health advocate,Real
11145,602,384,2.0619131185704807,525,5,0,8,DM for collaborations or inquiries!,Real
29389,4925,466,0.99,734,41,0,10,Check out my website for more updates!,Real
46007,1799,159,1.54,390,65,0,2,Fitness enthusiast 💪 | Health advocate,Real
13739,404,438,2.585682068126314,67,99,1,9,Digital nomad living my best life 🌴,Real
14224,2512,329,6.372725403115521,999,98,1,3,Aspiring artist | Drawing my dreams,Fake
5195,1835,468,6.6665226154926005,395,63,0,5,Entrepreneur & lifestyle blogger,Real
22119,414,145,9.49,931,80,0,5,Aspiring artist | Drawing my dreams,Fake
23830,3720,23,0.52,435,61,0,10,Foodie | Reviews and recipes,Real
3471,221,443,2.93,249,80,0,2,Personal blog | Stay positive ✨,Real
4551,301,206,8.67,86,63,0,5,Foodie | Reviews and recipes,Real
19262,1132,168,4.79082949327347,389,92,1,9,Follow for daily inspiration 🌟,Real
2991,2939,307,7.949662652842523,301,57,0,11,Business inquiries? Contact below 👇,Real
27216,2193,449,2.43,772,18,0,6,Photographer and content creator 📸,Fake
15970,2134,392,9.54,637,88,0,11,Digital nomad living my best life 🌴,Real
17887,4185,188,2.243492087327618,928,67,1,5,Entrepreneur & lifestyle blogger,Real
9052,1081,53,8.37,613,7,0,5,Digital nomad living my best life 🌴,Fake
14748,137,414,9.26,531,69,0,5,Fitness enthusiast 💪 | Health advocate,Fake
9077,2343,119,8.052697116555944,0,14,0,6,Photographer and content creator 📸,Real
12398,4687,439,8.17,532,91,0,8,Sharing moments from my journey,Fake
49617,4353,391,8.28,835,90,0,2,Personal blog | Stay positive ✨,Real
49120,2222,373,1.2,547,45,0,10,Digital nomad living my best life 🌴,Fake
14620,4839,24,9.29,898,15,0,8,Fitness enthusiast 💪 | Health advocate,Real
40499,1599,350,3.39,132,29,0,9,Entrepreneur & lifestyle blogger,Real
49144,3412,428,6.57,440,44,0,3,Sharing moments from my journey,Real
6092,1925,30,2.63,432,19,0,11,Business inquiries? Contact below 👇,Real
46047,4621,118,7.498512981584898,494,99,0,9,Aspiring artist | Drawing my dreams,Fake
14449,2193,81,9.45,574,10,0,10,Follow for daily inspiration 🌟,Real
13408,750,271,8.6,344,98,0,6,Aspiring artist | Drawing my dreams,Fake
47084,1283,442,5.475559471295084,572,70,1,8,Passionate traveler and food lover,Fake
53,3589,283,4.708050210172484,970,44,1,5,Digital nomad living my best life 🌴,Fake
15118,2904,436,7.21,161,79,0,6,Passionate traveler and food lover,Real
27582,3779,230,5.5649873815392095,189,41,0,8,Love exploring new places 🌎,Real
49184,2895,380,4.89,555,4,0,8,Passionate traveler and food lover,Fake
49998,545,218,7.423357003844885,486,40,0,9,Check out my website for more updates!,Real
10705,379,349,3.66,963,19,0,2,Check out my website for more updates!,Real
26823,2085,104,0.03,535,73,0,1,Love exploring new places 🌎,Fake
42780,3107,60,5.68,596,76,0,8,Photographer and content creator 📸,Fake
29296,4696,332,3.1406877387435443,0,85,1,10,Follow for daily inspiration 🌟,Fake
22259,1931,160,4.72,375,5,1,9,DM for collaborations or inquiries!,Real
40942,1116,300,8.355075285995376,123,30,0,11,Entrepreneur & lifestyle blogger,Real
24356,2629,39,0.9185091698340456,747,75,1,7,Digital nomad living my best life 🌴,Fake
15263,3150,420,3.45,654,64,0,2,Nature lover | Saving the planet 🌍,Fake
7298,1298,404,1.26,805,3,0,7,Follow for daily inspiration 🌟,Fake
49998,4104,358,9.813476254565613,206,36,0,6,Aspiring artist | Drawing my dreams,Real
14391,1608,387,0.34,951,81,0,5,Check out my website for more updates!,Real
46601,1285,214,6.059350703868644,808,24,0,7,Follow for daily inspiration 🌟,Real
24244,2684,185,4.813744912191596,135,26,0,6,Sharing moments from my journey,Real
4858,82,426,0.33,370,40,0,11,Passionate traveler and food lover,Real
43290,3296,332,6.894580686484179,567,39,1,5,Foodie | Reviews and recipes,Fake
45037,1554,490,3.52,303,85,0,10,Passionate traveler and food lover,Real
30920,2041,275,3.2,344,49,0,3,Foodie | Reviews and recipes,Real
35975,1239,359,8.57,25,12,0,10,Personal blog | Stay positive ✨,Fake
44884,491,95,9.66,696,77,0,5,Passionate traveler and food lover,Fake
32885,10,499,7.403325901855847,532,65,0,4,Love exploring new places 🌎,Fake
28370,3693,306,5.413820998025512,727,66,1,6,Follow for daily inspiration 🌟,Real
4009,2791,171,6.25,525,23,0,4,Check out my website for more updates!,Real
29876,3143,16,7.83,22,17,0,9,Personal blog | Stay positive ✨,Real
49998,1387,201,1.146535605425322,891,53,0,1,Foodie | Reviews and recipes,Fake
10038,4624,283,9.45,506,53,0,3,Digital nomad living my best life 🌴,Real
44509,2317,368,5.15,625,17,0,8,Nature lover | Saving the planet 🌍,Real
33563,1835,140,1.15,522,76,0,3,DM for collaborations or inquiries!,Fake
5330,2235,121,0.55,838,29,0,8,Follow for daily inspiration 🌟,Fake
30807,3441,0,8.71,162,27,0,9,Passionate traveler and food lover,Fake
19435,1714,220,3.783172262049475,977,9,0,4,Business inquiries? Contact below 👇,Real
3013,206,480,2.27,943,55,0,7,Personal blog | Stay positive ✨,Real
2569,3037,460,0.45,338,82,1,10,Follow for daily inspiration 🌟,Real
48492,4132,152,3.09,421,80,1,5,Love exploring new places 🌎,Real
8792,4992,444,0.78,130,87,0,11,Passionate traveler and food lover,Fake
22702,2903,286,7.650240617116339,688,57,1,7,Digital nomad living my best life 🌴,Real
41675,1300,329,1.75,91,20,0,8,Nature lover | Saving the planet 🌍,Real
19156,3415,437,7.04,761,94,0,4,Check out my website for more updates!,Fake
23448,315,221,2.99,88,70,0,2,Aspiring artist | Drawing my dreams,Fake
21182,2814,28,3.65,297,36,0,8,Digital nomad living my best life 🌴,Fake
26900,4673,379,6.740554369560205,16,99,0,9,Personal blog | Stay positive ✨,Real
36723,228,140,3.42,599,42,0,8,Digital nomad living my best life 🌴,Fake
8470,766,146,5.2,178,49,0,2,Sharing moments from my journey,Fake
35281,4212,244,6.23,426,28,0,6,Photographer and content creator 📸,Fake
23331,1347,362,5.1,111,72,0,3,Photographer and content creator 📸,Fake
26560,4139,41,8.98,730,90,0,2,Love exploring new places 🌎,Real
25507,2893,147,8.496137148338875,728,40,0,7,Foodie | Reviews and recipes,Fake
6191,3937,53,9.93,245,57,0,11,Photographer and content creator 📸,Real
17324,2394,0,5.904779036456677,705,49,0,7,Fitness enthusiast 💪 | Health advocate,Fake
11059,3002,317,1.76,764,8,0,4,Follow for daily inspiration 🌟,Real
23181,269,284,0.15,336,82,0,9,Entrepreneur & lifestyle blogger,Real
38980,4744,395,5.56,46,66,0,2,Personal blog | Stay positive ✨,Real
29489,2048,332,2.509808704406898,737,13,0,4,Sharing moments from my journey,Real
5525,2829,484,4.77,579,21,0,10,Business inquiries? Contact below 👇,Fake
43806,4475,148,9.68,798,19,0,11,Sharing moments from my journey,Real
28906,1270,404,4.1,615,63,0,6,Aspiring artist | Drawing my dreams,Fake
35805,4239,46,0.25,661,64,0,2,Foodie | Reviews and recipes,Fake
8662,1087,482,0.14,856,13,0,2,Personal blog | Stay positive ✨,Real
39128,4404,192,7.09,290,83,0,9,Photographer and content creator 📸,Real
32400,3188,291,6.41,258,42,0,8,DM for collaborations or inquiries!,Fake
22425,4999,85,4.839010221523111,287,24,1,4,Sharing moments from my journey,Real
29487,1137,313,1.97,266,22,0,8,DM for collaborations or inquiries!,Real
1630,1300,241,6.8,385,16,0,2,Follow for daily inspiration 🌟,Real
32856,3460,124,5.6971754383541455,582,87,1,7,Check out my website for more updates!,Fake
29017,2351,274,9.297771601818308,925,67,1,8,Personal blog | Stay positive ✨,Fake
19482,1897,466,8.65,466,28,1,2,Follow for daily inspiration 🌟,Fake
27468,860,141,7.64,450,73,0,5,Passionate traveler and food lover,Real
39649,2796,123,9.906526025220224,128,0,0,10,Fitness enthusiast 💪 | Health advocate,Real
21520,1866,293,0.272478008236213,751,99,1,1,Sharing moments from my journey,Fake
37616,1097,346,7.29,160,9,0,3,DM for collaborations or inquiries!,Fake
15297,3547,441,2.6,677,93,0,7,Digital nomad living my best life 🌴,Real
1791,4324,123,6.47,739,95,0,7,Love exploring new places 🌎,Fake
39782,1044,125,9.77,477,21,1,2,Passionate traveler and food lover,Real
9911,4109,296,4.11,672,55,0,7,Passionate traveler and food lover,Real
41339,356,271,0.61,858,46,1,8,Fitness enthusiast 💪 | Health advocate,Fake
49584,2292,294,5.62,293,79,0,4,Fitness enthusiast 💪 | Health advocate,Fake
8763,318,238,8.05174681117899,962,38,0,8,Follow for daily inspiration 🌟,Real
21259,2030,14,9.06,11,41,0,8,Aspiring artist | Drawing my dreams,Fake
37307,2999,294,5.16,580,53,0,5,Entrepreneur & lifestyle blogger,Real
38757,3631,351,5.578005332560754,424,26,1,10,Entrepreneur & lifestyle blogger,Real
12594,1557,326,0.74,822,46,1,2,DM for collaborations or inquiries!,Real
23256,1221,155,9.118101330736792,546,18,0,9,Personal blog | Stay positive ✨,Real
16308,4999,412,0.0,650,62,1,6,Aspiring artist | Drawing my dreams,Fake
30397,4328,448,7.06,457,65,0,4,DM for collaborations or inquiries!,Real
30235,2474,3,5.96,622,88,0,10,Check out my website for more updates!,Real
25559,1914,0,2.391935198064815,915,26,1,6,Entrepreneur & lifestyle blogger,Fake
35183,4174,333,0.41,145,95,0,4,DM for collaborations or inquiries!,Real
25667,910,320,6.98,875,94,0,9,Foodie | Reviews and recipes,Real
40951,3946,40,7.71,533,36,0,3,Digital nomad living my best life 🌴,Fake
44459,10,499,7.7638681032119425,549,82,1,4,Business inquiries? Contact below 👇,Real
44388,793,103,5.31,211,71,0,9,Check out my website for more updates!,Fake
4664,2293,96,3.7334191466150055,875,45,1,6,Check out my website for more updates!,Fake
2729,1731,87,4.99,389,44,0,10,DM for collaborations or inquiries!,Fake
29240,4042,397,6.61,937,32,0,10,Photographer and content creator 📸,Fake
8554,2968,239,7.88,391,2,0,2,Photographer and content creator 📸,Fake
48322,3641,342,8.17,199,55,0,10,DM for collaborations or inquiries!,Real
49998,3017,357,5.97958657094274,252,82,0,4,Photographer and content creator 📸,Real
24614,2961,199,5.23,566,40,0,5,Passionate traveler and food lover,Real
48079,197,373,0.96,54,52,0,5,Check out my website for more updates!,Fake
17789,2261,68,8.71,203,99,0,3,Sharing moments from my journey,Fake
21647,4368,413,8.24,767,0,1,5,Aspiring artist | Drawing my dreams,Fake
43218,3761,175,8.11,868,63,0,8,Fitness enthusiast 💪 | Health advocate,Fake
29510,1655,380,7.091632843681211,746,62,0,9,Entrepreneur & lifestyle blogger,Fake
9521,4193,173,9.91,489,44,0,7,DM for collaborations or inquiries!,Real
28092,4973,40,7.227309431947804,477,70,1,6,Aspiring artist | Drawing my dreams,Real
19701,4616,45,7.93,120,30,0,8,Photographer and content creator 📸,Fake
38741,617,172,8.94,923,95,0,5,Entrepreneur & lifestyle blogger,Fake
36577,249,31,1.21,898,83,0,6,Business inquiries? Contact below 👇,Real
40988,1249,200,3.68,261,94,0,5,Business inquiries? Contact below 👇,Fake
24852,4999,379,3.362888565126254,506,23,0,9,Fitness enthusiast 💪 | Health advocate,Real
27612,2467,24,4.3,366,77,0,2,Foodie | Reviews and recipes,Fake
7334,2204,291,9.07,243,48,1,3,Personal blog | Stay positive ✨,Fake
28667,3130,293,1.01,666,49,0,2,Passionate traveler and food lover,Real
14575,568,226,0.0,203,52,1,6,Aspiring artist | Drawing my dreams,Fake
47344,4999,174,8.174240198165766,972,76,1,7,Passionate traveler and food lover,Fake
11896,1985,475,1.2617849913604409,950,50,1,3,DM for collaborations or inquiries!,Fake
23123,4819,41,0.44,164,5,0,11,Follow for daily inspiration 🌟,Fake
17245,3875,284,8.71,884,33,0,3,Check out my website for more updates!,Fake
33853,3041,277,4.093032170759291,902,12,0,10,Aspiring artist | Drawing my dreams,Fake
19903,2844,448,0.0,400,56,1,4,Personal blog | Stay positive ✨,Real
49626,4214,124,4.39,185,16,0,3,Nature lover | Saving the planet 🌍,Fake
24646,4539,417,1.6336652896733348,610,73,1,4,Entrepreneur & lifestyle blogger,Fake
5255,3314,190,7.92,981,18,0,7,Digital nomad living my best life 🌴,Fake
15676,3205,260,7.903386751483157,713,6,1,4,Personal blog | Stay positive ✨,Real
49287,1870,366,9.73,460,13,0,6,Follow for daily inspiration 🌟,Real
16012,4682,309,4.76,331,39,0,4,Aspiring artist | Drawing my dreams,Fake
23220,1778,172,7.04,909,13,0,3,Business inquiries? Contact below 👇,Real
44919,1420,362,9.24,498,76,0,9,Love exploring new places 🌎,Fake
25929,3054,186,3.126276945326068,606,62,1,7,Nature lover | Saving the planet 🌍,Real
41013,394,430,10.0,481,35,1,11,Personal blog | Stay positive ✨,Fake
36504,1612,480,8.89,637,22,0,3,Passionate traveler and food lover,Fake
30584,3347,436,2.95,823,62,0,2,Fitness enthusiast 💪 | Health advocate,Real
20375,3286,261,7.09,226,43,1,7,Digital nomad living my best life 🌴,Real
31289,1828,351,7.64,322,92,0,4,Photographer and content creator 📸,Fake
39426,4360,341,3.98472134904204,499,36,1,5,Photographer and content creator 📸,Fake
40742,4055,443,5.793032213004679,371,32,0,5,Fitness enthusiast 💪 | Health advocate,Fake
43157,4187,288,7.520138201680836,663,83,0,11,Love exploring new places 🌎,Fake
8499,4499,330,3.9342411611126495,407,41,1,5,Sharing moments from my journey,Fake
20868,1426,353,9.14434212472408,458,64,1,6,Foodie | Reviews and recipes,Real
4218,2250,478,5.335949097551308,795,4,0,7,DM for collaborations or inquiries!,Fake
7141,4759,408,2.49,348,81,0,3,Sharing moments from my journey,Fake
6447,3828,112,8.96,559,64,1,3,Entrepreneur & lifestyle blogger,Fake
20675,10,395,5.5646844905563615,599,57,0,7,DM for collaborations or inquiries!,Fake
23312,10,241,9.01442611770772,62,29,0,8,Personal blog | Stay positive ✨,Fake
11901,4359,372,6.25,252,14,1,2,Entrepreneur & lifestyle blogger,Real
38300,1727,468,8.145187390313943,642,31,1,6,Personal blog | Stay positive ✨,Fake
19636,3040,424,8.76,36,71,0,7,Passionate traveler and food lover,Fake
41633,432,151,4.65,855,14,0,3,Personal blog | Stay positive ✨,Real
23638,1678,325,1.18,947,94,0,6,Aspiring artist | Drawing my dreams,Fake
37740,1758,207,7.055034945738189,311,64,1,5,Sharing moments from my journey,Fake
39122,3145,460,9.7,313,59,0,6,Foodie | Reviews and recipes,Real
23832,2424,138,7.471101655027391,494,52,1,7,Nature lover | Saving the planet 🌍,Real
32013,2323,241,0.0,574,39,0,11,Sharing moments from my journey,Fake
44407,4596,147,8.37,887,27,0,3,Check out my website for more updates!,Real
43811,904,429,1.05,426,10,0,2,Photographer and content creator 📸,Fake
31005,4325,478,0.04,639,90,0,6,Business inquiries? Contact below 👇,Real
17021,4451,97,5.95,98,38,0,8,Fitness enthusiast 💪 | Health advocate,Real
31611,1353,21,2.49,489,1,0,8,Digital nomad living my best life 🌴,Fake
9898,4823,239,9.03,735,24,1,4,Aspiring artist | Drawing my dreams,Real
32478,1374,394,3.8669545888004975,265,26,0,5,DM for collaborations or inquiries!,Fake
49998,4479,325,5.189326474403757,714,57,1,7,Passionate traveler and food lover,Real
37223,4573,456,4.562534250720564,565,50,1,8,Sharing moments from my journey,Fake
28660,3495,167,5.88,567,23,0,9,Follow for daily inspiration 🌟,Fake
13348,1551,324,3.937648106079536,482,11,0,11,Digital nomad living my best life 🌴,Real
15053,1804,325,9.19,337,34,0,3,Nature lover | Saving the planet 🌍,Fake
9436,369,173,6.44,349,77,0,9,Personal blog | Stay positive ✨,Real
39363,4669,237,5.071785180952173,489,90,1,8,Entrepreneur & lifestyle blogger,Real
21793,4572,215,8.11,847,41,0,11,Sharing moments from my journey,Fake
49998,2578,353,8.382714348298562,358,71,1,3,Photographer and content creator 📸,Fake
2293,2836,68,9.63,247,59,0,2,Foodie | Reviews and recipes,Real
8823,607,426,3.0386495437249263,569,41,0,9,Check out my website for more updates!,Fake
28104,4992,277,3.73,643,37,0,4,Aspiring artist | Drawing my dreams,Real
46040,3301,47,3.811665785118726,746,40,0,8,Fitness enthusiast 💪 | Health advocate,Real
21158,2834,257,7.41,723,28,0,2,Sharing moments from my journey,Fake
30645,4975,180,1.1220268203736512,42,63,1,4,Fitness enthusiast 💪 | Health advocate,Fake
53,2045,276,0.0,238,99,0,8,Business inquiries? Contact below 👇,Real
22429,3485,122,3.54,825,49,0,8,DM for collaborations or inquiries!,Real
49863,3450,413,8.67,473,78,0,8,Love exploring new places 🌎,Fake
41015,770,249,4.65,76,94,0,6,Check out my website for more updates!,Real
3642,2132,467,0.68,591,33,0,7,Sharing moments from my journey,Fake
6727,3566,152,9.27614472740662,744,75,0,3,Personal blog | Stay positive ✨,Fake
27173,1085,280,0.6,48,95,0,11,Digital nomad living my best life 🌴,Fake
2044,3092,66,3.022707468128827,505,35,0,7,Follow for daily inspiration 🌟,Fake
6440,4655,18,4.02,682,33,0,8,Follow for daily inspiration 🌟,Real
44479,990,0,2.761505779916634,497,65,0,7,Business inquiries? Contact below 👇,Fake
4844,20,116,6.629151688256746,300,18,1,5,Personal blog | Stay positive ✨,Real
20464,4879,199,4.11,20,2,0,5,Nature lover | Saving the planet 🌍,Fake
34796,3323,448,7.22,58,76,0,7,Entrepreneur & lifestyle blogger,Fake
1778,3713,478,9.34,547,66,0,1,Digital nomad living my best life 🌴,Real
45656,2714,277,3.03,557,97,0,8,Photographer and content creator 📸,Real
32943,869,267,3.59,332,59,0,10,Entrepreneur & lifestyle blogger,Fake
16895,3583,70,8.47,678,43,0,4,Follow for daily inspiration 🌟,Real
26946,4642,314,0.77,261,28,0,10,Digital nomad living my best life 🌴,Real
24326,732,167,8.08,664,38,0,1,Foodie | Reviews and recipes,Real
47466,2181,21,9.25,664,8,0,7,Nature lover | Saving the planet 🌍,Fake
16692,2128,457,7.46,374,4,0,4,Foodie | Reviews and recipes,Fake
27147,1814,421,3.76,979,8,0,7,Love exploring new places 🌎,Real
38199,4835,310,7.96,306,35,0,9,Nature lover | Saving the planet 🌍,Real
31767,3001,199,9.692095381223892,0,43,1,11,Sharing moments from my journey,Fake
49998,1893,124,3.582830011761389,419,2,1,7,Entrepreneur & lifestyle blogger,Real
19208,3918,30,5.47,60,38,0,7,Love exploring new places 🌎,Fake
32949,1881,345,8.13,348,73,0,8,Entrepreneur & lifestyle blogger,Fake
16552,3517,265,2.1863820743292077,0,42,0,10,Sharing moments from my journey,Fake
45732,2128,245,6.617647531260472,345,44,0,7,Foodie | Reviews and recipes,Real
42341,3645,186,5.78,708,17,0,2,DM for collaborations or inquiries!,Real
22601,4692,131,9.94,801,27,0,9,Passionate traveler and food lover,Real
21766,3299,199,5.116886371734165,470,66,0,5,Digital nomad living my best life 🌴,Fake
26737,1261,106,7.14,132,73,0,9,Love exploring new places 🌎,Real
26584,828,205,3.35,363,55,0,10,DM for collaborations or inquiries!,Fake
5310,1755,450,9.3,704,25,0,2,Entrepreneur & lifestyle blogger,Real
12504,3690,236,4.765597302591728,394,27,0,6,Photographer and content creator 📸,Real
26604,3468,108,4.690823466388347,475,79,1,9,Sharing moments from my journey,Real
11839,3051,59,4.52,617,10,1,8,Nature lover | Saving the planet 🌍,Fake
33769,3109,209,8.842516459960347,998,42,1,7,Foodie | Reviews and recipes,Real
29053,1940,161,2.3497310751491574,543,54,0,3,Nature lover | Saving the planet 🌍,Real
27968,2890,427,5.31,322,86,1,3,Business inquiries? Contact below 👇,Fake
896,974,205,2.2,713,78,0,2,Foodie | Reviews and recipes,Fake
49690,1558,499,6.304672884446386,322,21,0,7,Nature lover | Saving the planet 🌍,Fake
13856,3468,361,2.3337337571907204,348,78,1,2,Digital nomad living my best life 🌴,Real
39817,1013,341,6.86,900,90,0,5,Follow for daily inspiration 🌟,Real
31874,2641,116,9.27,249,89,0,6,Passionate traveler and food lover,Real
32425,334,333,9.247427409922388,585,15,1,5,Business inquiries? Contact below 👇,Fake
8782,488,414,0.49,269,21,0,10,Entrepreneur & lifestyle blogger,Fake
10569,1045,28,7.56,38,21,0,3,Aspiring artist | Drawing my dreams,Real
45621,795,4,3.71,844,32,1,5,Digital nomad living my best life 🌴,Fake
1255,2069,289,6.873155484374043,347,77,0,1,Business inquiries? Contact below 👇,Real
28336,964,85,1.59,119,24,0,2,DM for collaborations or inquiries!,Real
53,2297,388,5.208223031665336,745,80,1,7,Foodie | Reviews and recipes,Real
34207,2510,393,5.38781090561411,623,66,1,11,Fitness enthusiast 💪 | Health advocate,Real
17427,1124,241,3.76,974,67,0,11,Love exploring new places 🌎,Fake
45212,3450,326,9.12,692,72,0,2,Nature lover | Saving the planet 🌍,Real
53,2640,241,0.0,552,44,0,2,Photographer and content creator 📸,Real
33112,2747,480,1.23,126,12,0,2,Digital nomad living my best life 🌴,Real
8394,1649,243,0.96,400,51,0,4,Aspiring artist | Drawing my dreams,Fake
37382,1167,473,8.59,701,54,0,6,Photographer and content creator 📸,Fake
34947,2395,97,9.5,802,38,0,10,Passionate traveler and food lover,Real
28882,10,177,0.4882275398509019,571,78,0,4,Digital nomad living my best life 🌴,Real
27799,2104,234,0.98,39,60,0,5,Digital nomad living my best life 🌴,Real
21630,2023,64,4.682080696464119,103,70,0,5,Aspiring artist | Drawing my dreams,Fake
13306,183,149,2.67,478,10,0,7,Digital nomad living my best life 🌴,Fake
40015,1945,293,7.17,923,60,0,4,Aspiring artist | Drawing my dreams,Fake
7322,2881,83,1.49,499,84,1,11,Photographer and content creator 📸,Real
46787,3728,467,2.28,86,84,0,2,Check out my website for more updates!,Fake
49548,219,117,0.0,999,56,0,7,Fitness enthusiast 💪 | Health advocate,Fake
10500,3268,144,6.241564216653648,498,0,1,8,DM for collaborations or inquiries!,Fake
7322,10,122,9.005636544648798,283,7,1,10,Check out my website for more updates!,Fake
35755,2056,225,5.55,688,93,0,11,Digital nomad living my best life 🌴,Real
8175,1764,431,5.29,277,66,0,9,Photographer and content creator 📸,Real
10158,1486,65,0.18,90,27,0,8,Personal blog | Stay positive ✨,Real
35933,679,64,7.48,827,67,0,2,Passionate traveler and food lover,Fake
23859,3474,95,5.736732954409874,538,60,1,5,Follow for daily inspiration 🌟,Real
11740,1475,425,7.97,973,37,0,6,Sharing moments from my journey,Fake
17511,536,29,4.53,337,21,0,2,Aspiring artist | Drawing my dreams,Fake
23668,3336,181,8.8,756,75,0,3,Foodie | Reviews and recipes,Real
20155,2096,236,4.28,150,38,0,5,Personal blog | Stay positive ✨,Real
28980,3309,115,7.12,418,35,0,7,Passionate traveler and food lover,Fake
5379,10,267,10.0,441,32,1,3,Passionate traveler and food lover,Real
13365,4011,126,9.23,594,65,0,7,Personal blog | Stay positive ✨,Fake
33590,3724,165,3.65,881,87,0,2,Sharing moments from my journey,Real
24451,3658,395,2.4262749895080487,510,26,0,6,Digital nomad living my best life 🌴,Real
18357,91,333,5.9241248119433205,999,16,1,5,Love exploring new places 🌎,Fake
47096,1508,354,8.14,111,73,0,5,Nature lover | Saving the planet 🌍,Fake
23134,4026,271,3.85,400,59,0,5,Sharing moments from my journey,Fake
21571,3561,0,5.900009061272313,259,17,1,11,Foodie | Reviews and recipes,Fake
45569,4739,190,2.14,752,17,0,11,Sharing moments from my journey,Fake
30733,3403,192,9.89,811,68,0,11,Fitness enthusiast 💪 | Health advocate,Fake
37470,2811,263,4.115232683131195,514,54,0,4,Personal blog | Stay positive ✨,Real
13424,3185,268,2.5531560355204523,91,50,1,4,Love exploring new places 🌎,Fake
18040,2578,457,0.47,224,88,0,4,Fitness enthusiast 💪 | Health advocate,Real
3215,4361,45,6.41,764,12,0,5,Check out my website for more updates!,Real
35453,596,441,7.556190507965597,340,2,1,1,DM for collaborations or inquiries!,Real
10429,560,418,1.53,88,64,0,5,Digital nomad living my best life 🌴,Real
17033,2123,73,5.31,550,26,0,6,Follow for daily inspiration 🌟,Real
19702,750,453,0.41,378,3,0,5,Fitness enthusiast 💪 | Health advocate,Fake
13331,4999,432,8.174171770129037,178,68,0,9,Follow for daily inspiration 🌟,Real
20914,3506,149,3.35,401,60,0,6,DM for collaborations or inquiries!,Fake
21533,2615,169,0.74,812,75,0,9,Sharing moments from my journey,Real
46725,1844,446,2.0,621,5,0,5,Entrepreneur & lifestyle blogger,Fake
13701,2221,430,3.29,919,75,0,3,Nature lover | Saving the planet 🌍,Fake
18622,4308,441,1.76,145,29,0,9,Personal blog | Stay positive ✨,Fake
34728,4516,482,2.22,810,71,0,7,DM for collaborations or inquiries!,Real
24081,3398,57,1.3494026869419522,109,55,1,4,Follow for daily inspiration 🌟,Real
23081,1086,213,5.735830350222783,375,84,0,10,Business inquiries? Contact below 👇,Real
37191,4831,249,5.1,613,6,0,4,Entrepreneur & lifestyle blogger,Fake
26315,4073,308,2.41,534,30,0,4,Fitness enthusiast 💪 | Health advocate,Fake
44950,3961,252,5.95,965,71,0,4,DM for collaborations or inquiries!,Fake
27166,1963,220,8.98,918,68,0,8,Foodie | Reviews and recipes,Real
9274,681,138,2.810651938299773,442,82,1,6,Photographer and content creator 📸,Real
41856,1530,128,8.79,227,41,0,10,Digital nomad living my best life 🌴,Fake
7957,1488,314,9.92,269,90,0,3,Photographer and content creator 📸,Fake
13660,1542,456,4.319317343083697,98,45,0,11,Personal blog | Stay positive ✨,Real
28730,4223,251,1.9728082369130495,309,66,0,9,Check out my website for more updates!,Real
38187,1915,35,3.2,723,19,0,5,Follow for daily inspiration 🌟,Fake
29478,798,83,2.18,790,80,0,10,Photographer and content creator 📸,Real
45327,4768,373,6.09,188,91,0,7,Digital nomad living my best life 🌴,Fake
22031,2676,499,3.903916976293608,999,38,1,5,Love exploring new places 🌎,Fake
15032,2175,223,2.15,435,95,0,2,Love exploring new places 🌎,Fake
38876,4869,276,3.41,247,20,0,5,Nature lover | Saving the planet 🌍,Real
24266,1586,434,0.46,372,39,0,2,Passionate traveler and food lover,Fake
37743,1896,17,0.93,3,59,0,11,Check out my website for more updates!,Real
15266,2341,222,7.461890550524622,386,71,1,5,DM for collaborations or inquiries!,Fake
33147,1257,137,3.643640842754812,545,56,0,10,Entrepreneur & lifestyle blogger,Fake
41563,1531,269,4.104140146063709,999,74,0,3,Fitness enthusiast 💪 | Health advocate,Fake
32204,4020,190,3.67,660,75,0,6,Follow for daily inspiration 🌟,Real
19311,4932,356,9.26,373,81,0,9,Check out my website for more updates!,Fake
40183,743,418,5.820442066594953,899,95,1,7,Aspiring artist | Drawing my dreams,Real
26969,1558,200,2.036250368244556,93,34,1,11,Nature lover | Saving the planet 🌍,Real
17554,3086,409,2.0,853,22,0,8,DM for collaborations or inquiries!,Real
5422,2799,97,8.54,590,10,0,9,Fitness enthusiast 💪 | Health advocate,Real
27810,3419,83,4.820871050193592,587,25,1,7,Love exploring new places 🌎,Real
34983,1830,415,3.91,520,19,0,7,Fitness enthusiast 💪 | Health advocate,Real
40490,1235,278,6.51,920,20,0,9,Follow for daily inspiration 🌟,Real
11486,2908,34,1.0915425937841787,0,98,0,6,Fitness enthusiast 💪 | Health advocate,Real
53,1587,214,2.417662298472886,370,69,0,6,Check out my website for more updates!,Real
9079,545,449,3.655925583804597,730,0,0,7,Business inquiries? Contact below 👇,Fake
42491,3687,206,1.4032957811332878,508,42,0,7,Check out my website for more updates!,Fake
32384,4271,339,0.76,612,61,0,11,Check out my website for more updates!,Fake
15337,3365,67,6.677009306087031,489,68,0,10,Photographer and content creator 📸,Fake
33076,295,498,7.1,655,14,0,8,Passionate traveler and food lover,Real
7604,4576,396,3.27,927,39,0,7,DM for collaborations or inquiries!,Real
31161,1187,187,2.81,772,40,0,10,Personal blog | Stay positive ✨,Real
3802,2274,470,8.43,854,52,0,4,Passionate traveler and food lover,Fake
38746,3912,482,7.44,897,77,0,7,Foodie | Reviews and recipes,Fake
10761,3206,194,2.01,45,38,1,7,Follow for daily inspiration 🌟,Fake
30589,3026,207,6.292105834830831,127,70,0,1,Love exploring new places 🌎,Real
326,4448,145,6.839948735622175,498,34,0,9,Entrepreneur & lifestyle blogger,Fake
41660,4713,231,7.18,739,53,1,7,Nature lover | Saving the planet 🌍,Real
49015,1424,0,4.05,259,27,0,1,Aspiring artist | Drawing my dreams,Fake
14378,3247,158,3.536705720211404,714,49,0,6,Follow for daily inspiration 🌟,Real
5691,1437,398,9.71,222,91,0,8,Sharing moments from my journey,Fake
38271,2240,194,3.6473924385753063,126,92,1,5,Follow for daily inspiration 🌟,Fake
10786,4102,389,7.761145851965464,999,20,1,11,Follow for daily inspiration 🌟,Real
36333,1022,169,6.9,292,74,0,5,Photographer and content creator 📸,Real
5948,4021,217,8.35,443,60,1,9,Personal blog | Stay positive ✨,Real
25565,3277,140,9.86,438,84,1,10,Passionate traveler and food lover,Fake
25323,305,235,6.25,770,54,0,10,Nature lover | Saving the planet 🌍,Fake
49385,832,225,0.04,688,34,0,2,Aspiring artist | Drawing my dreams,Fake
49998,3754,328,0.0386019899071214,553,47,1,1,Sharing moments from my journey,Fake
11850,1230,352,2.42,313,71,0,4,Photographer and content creator 📸,Real
25755,306,205,5.9,948,75,0,8,Aspiring artist | Drawing my dreams,Fake
13993,1942,18,3.4182518567061138,800,38,0,5,Fitness enthusiast 💪 | Health advocate,Fake
38653,2779,358,7.813754341161945,260,88,0,8,Follow for daily inspiration 🌟,Fake
46071,1355,85,8.616125791478764,490,0,1,7,Follow for daily inspiration 🌟,Fake
46943,2536,55,2.537883200016162,471,77,0,2,Sharing moments from my journey,Real
17474,3672,241,8.3,955,82,0,8,DM for collaborations or inquiries!,Real
39695,864,31,7.05,859,82,0,9,Sharing moments from my journey,Real
38829,584,94,2.6784865241102365,394,76,0,4,Personal blog | Stay positive ✨,Fake
29618,3739,128,5.201674006254391,523,76,1,6,Fitness enthusiast 💪 | Health advocate,Real
12470,2092,147,7.81,868,40,0,9,Fitness enthusiast 💪 | Health advocate,Real
16522,2174,410,0.0,0,24,0,11,Follow for daily inspiration 🌟,Real
13920,2423,140,6.276263283280908,744,30,0,6,Love exploring new places 🌎,Real
34994,873,56,7.67,739,41,0,5,Nature lover | Saving the planet 🌍,Real
42430,2364,86,0.67,647,57,0,2,Entrepreneur & lifestyle blogger,Real
43201,1115,387,9.2,237,85,0,2,Foodie | Reviews and recipes,Real
40587,2260,193,4.217758233764627,999,48,1,6,Personal blog | Stay positive ✨,Fake
15543,3079,499,3.914166593134742,337,35,1,2,Sharing moments from my journey,Real
33658,2966,499,3.668817754084417,999,53,0,8,Nature lover | Saving the planet 🌍,Real
13807,176,137,7.94,667,30,0,9,Aspiring artist | Drawing my dreams,Real
22667,3137,282,2.15,762,59,0,4,Fitness enthusiast 💪 | Health advocate,Fake
23997,1686,424,2.96,617,31,0,4,Fitness enthusiast 💪 | Health advocate,Real
5622,636,303,0.67,447,17,0,10,Love exploring new places 🌎,Fake
13226,3191,282,5.43,916,92,1,10,Fitness enthusiast 💪 | Health advocate,Real
40517,3240,151,5.23,618,4,0,8,Business inquiries? Contact below 👇,Fake
42954,4538,12,8.5,606,86,0,4,Personal blog | Stay positive ✨,Real
8544,4352,390,3.96,520,24,0,6,Aspiring artist | Drawing my dreams,Real
5491,3937,155,3.11,381,56,0,5,Follow for daily inspiration 🌟,Fake
29011,4395,335,0.36,86,23,1,6,Aspiring artist | Drawing my dreams,Real
22085,4685,186,1.19,426,93,0,6,Entrepreneur & lifestyle blogger,Real
28614,995,310,8.06728672586723,354,59,0,5,Fitness enthusiast 💪 | Health advocate,Real
13776,2296,304,10.0,471,58,0,5,Business inquiries? Contact below 👇,Real
53,2481,84,5.213418736579051,572,28,0,6,Aspiring artist | Drawing my dreams,Fake
29309,4935,39,4.83,389,66,0,11,Photographer and content creator 📸,Real
44353,2008,0,8.970940119896007,999,91,1,4,Fitness enthusiast 💪 | Health advocate,Fake
32684,3994,431,5.962142402214859,582,37,0,1,Photographer and content creator 📸,Fake
35328,785,381,5.38,922,71,0,9,Digital nomad living my best life 🌴,Fake
14394,1438,471,1.75,953,89,0,2,Love exploring new places 🌎,Fake
34548,2130,229,2.98,801,96,0,8,Nature lover | Saving the planet 🌍,Fake
35877,3110,7,1.31,757,58,0,4,Sharing moments from my journey,Fake
24988,933,404,3.98,582,13,0,2,Entrepreneur & lifestyle blogger,Fake
25786,151,0,6.92,472,16,0,2,Passionate traveler and food lover,Real
46976,4607,297,0.83,999,0,0,5,Sharing moments from my journey,Fake
27361,3923,342,6.33,528,52,0,8,Fitness enthusiast 💪 | Health advocate,Real
27886,1240,418,2.184689610009752,278,54,0,10,Entrepreneur & lifestyle blogger,Fake
8334,1597,134,3.3782643591353883,0,24,1,6,Aspiring artist | Drawing my dreams,Real
35431,10,36,2.659213369563145,907,30,0,3,Foodie | Reviews and recipes,Real
13592,224,73,0.54,248,44,0,4,DM for collaborations or inquiries!,Fake
27253,4446,347,8.29,961,89,0,9,Foodie | Reviews and recipes,Fake
42366,4341,173,8.44,896,27,0,7,Digital nomad living my best life 🌴,Fake
25152,1097,245,2.140945812499173,432,55,0,7,DM for collaborations or inquiries!,Real
10798,2796,87,3.309068675852428,588,45,1,4,Personal blog | Stay positive ✨,Fake
7593,2780,354,0.87,714,71,0,2,Aspiring artist | Drawing my dreams,Real
37614,10,499,4.312744975574177,0,52,0,4,Digital nomad living my best life 🌴,Fake
5212,2931,22,8.6,473,98,0,4,Foodie | Reviews and recipes,Fake
21048,3542,159,4.12,997,57,0,7,Business inquiries? Contact below 👇,Fake
47106,3587,458,2.64,576,62,0,7,Nature lover | Saving the planet 🌍,Real
18152,4114,78,5.73,28,49,0,9,Love exploring new places 🌎,Real
41460,1098,242,2.78,456,62,0,7,Business inquiries? Contact below 👇,Real
13464,2803,411,3.82,84,53,0,11,Check out my website for more updates!,Real
28611,4106,235,1.6,260,31,0,10,Love exploring new places 🌎,Real
1307,3732,289,9.44,508,21,0,8,Personal blog | Stay positive ✨,Fake
32585,3999,494,0.35,607,37,0,9,Entrepreneur & lifestyle blogger,Fake
22098,593,132,8.15,591,57,0,5,Love exploring new places 🌎,Real
7599,4077,332,4.58,844,14,0,6,Business inquiries? Contact below 👇,Real
3060,2632,423,2.57,549,79,0,2,Fitness enthusiast 💪 | Health advocate,Fake
21797,3943,395,2.52,63,51,0,5,Business inquiries? Contact below 👇,Real
39320,3081,249,6.5966472733950585,787,26,0,4,Business inquiries? Contact below 👇,Fake
53,2370,296,1.290818467027055,149,54,1,9,Passionate traveler and food lover,Real
25318,3165,135,7.546248028751627,733,24,0,2,Nature lover | Saving the planet 🌍,Fake
5018,1204,343,5.48,773,30,0,3,Fitness enthusiast 💪 | Health advocate,Fake
21787,2119,294,4.246301317979752,264,36,1,8,Digital nomad living my best life 🌴,Real
22401,2726,399,6.030078553277994,214,46,1,9,Sharing moments from my journey,Fake
13534,858,7,7.95,885,80,0,10,Photographer and content creator 📸,Real
1322,1674,147,8.9,479,10,0,9,Nature lover | Saving the planet 🌍,Real
26612,2588,245,5.95,527,69,0,2,Photographer and content creator 📸,Real
41713,837,44,5.45,913,37,0,9,Aspiring artist | Drawing my dreams,Real
49777,4238,153,5.92,871,94,0,2,Digital nomad living my best life 🌴,Fake
14330,3698,41,4.143260870390904,478,23,0,8,Personal blog | Stay positive ✨,Real
48679,2156,69,4.52,589,21,0,2,Sharing moments from my journey,Real
39817,2649,12,4.69,336,38,0,6,Foodie | Reviews and recipes,Fake
3657,426,124,10.0,623,6,1,4,Foodie | Reviews and recipes,Fake
32547,2305,77,7.77,305,47,0,8,Passionate traveler and food lover,Real
29290,10,356,6.690464702797824,803,0,0,4,Entrepreneur & lifestyle blogger,Real
22390,1788,40,3.832270992252032,623,49,0,10,Personal blog | Stay positive ✨,Real
21015,618,0,9.507733207035718,489,51,0,4,Sharing moments from my journey,Fake
39642,4721,469,3.31,259,86,0,3,Passionate traveler and food lover,Real
49998,2721,131,1.226418055791537,201,28,0,5,Passionate traveler and food lover,Real
29829,2715,336,4.619612867292172,727,0,0,2,Follow for daily inspiration 🌟,Fake
18991,10,282,6.798327052316363,454,70,1,9,Love exploring new places 🌎,Fake
33410,2942,173,6.107556051482646,328,78,1,7,Entrepreneur & lifestyle blogger,Fake
12855,2347,48,0.0,711,92,1,7,Check out my website for more updates!,Fake
30402,2817,12,2.46,567,8,0,8,Personal blog | Stay positive ✨,Fake
19000,3943,38,7.01,170,71,0,9,Business inquiries? Contact below 👇,Fake
48662,4134,86,4.34435696477034,203,6,1,4,DM for collaborations or inquiries!,Real
31846,3803,173,5.39,241,84,0,7,Love exploring new places 🌎,Real
1705,645,0,2.4638713810452924,157,64,0,7,Nature lover | Saving the planet 🌍,Fake
45409,4365,486,0.36,0,44,0,7,Nature lover | Saving the planet 🌍,Fake
23472,1087,404,8.099405741533108,560,6,1,4,Fitness enthusiast 💪 | Health advocate,Fake
14027,4766,420,9.43,680,58,0,6,Entrepreneur & lifestyle blogger,Fake
30620,671,322,3.56,500,4,0,7,Fitness enthusiast 💪 | Health advocate,Fake
38774,1902,121,3.68,352,55,0,8,Love exploring new places 🌎,Real
26980,1492,282,7.15,801,94,0,6,Passionate traveler and food lover,Real
17479,2361,276,8.830939054423155,715,95,1,8,Entrepreneur & lifestyle blogger,Real
39210,1960,37,7.18,115,19,0,6,Sharing moments from my journey,Real
40686,3848,443,6.45,615,58,1,4,Entrepreneur & lifestyle blogger,Real
24501,1447,224,1.95,561,28,0,4,Nature lover | Saving the planet 🌍,Real
1815,2197,499,8.112568911476167,401,97,1,5,Fitness enthusiast 💪 | Health advocate,Fake
49705,4999,178,6.266643674694281,804,51,0,5,Follow for daily inspiration 🌟,Real
28398,1704,206,3.821310006405634,704,99,1,6,Aspiring artist | Drawing my dreams,Fake
40374,3612,181,0.25,147,52,0,1,Passionate traveler and food lover,Real
6489,2799,279,3.42,12,93,0,3,Foodie | Reviews and recipes,Real
40779,3859,298,4.043766257832398,242,31,0,5,Photographer and content creator 📸,Real
38378,3697,499,6.65,540,36,0,11,Check out my website for more updates!,Fake
30018,1339,170,7.13,484,90,0,11,Follow for daily inspiration 🌟,Real
26299,1731,0,4.521224275017586,530,81,0,2,Digital nomad living my best life 🌴,Fake
12957,419,462,5.54,452,97,1,7,Foodie | Reviews and recipes,Fake
38475,2652,81,4.23,838,74,0,1,Nature lover | Saving the planet 🌍,Fake
39833,2895,417,7.733281723538635,646,30,1,6,Entrepreneur & lifestyle blogger,Fake
23164,4088,258,5.035748111521665,0,89,1,7,Personal blog | Stay positive ✨,Fake
6386,1494,130,9.23,443,86,1,7,Follow for daily inspiration 🌟,Real
36093,2674,320,2.2694402316150843,694,89,1,5,Love exploring new places 🌎,Fake
29072,3252,236,8.123987471756383,344,48,1,11,Business inquiries? Contact below 👇,Real
3079,2154,20,1.76,407,65,0,6,Photographer and content creator 📸,Fake
41656,835,433,2.13,893,52,0,2,Photographer and content creator 📸,Real
15248,3413,402,6.386603389039522,346,3,0,2,Foodie | Reviews and recipes,Real
34760,200,318,8.03,764,12,0,4,Photographer and content creator 📸,Fake
22311,2850,17,4.43,316,31,0,8,Aspiring artist | Drawing my dreams,Real
46581,2132,251,0.297745642312738,999,67,1,8,DM for collaborations or inquiries!,Real
1863,4999,170,6.140922943654708,769,52,0,6,Business inquiries? Contact below 👇,Fake
24263,3176,272,7.65,971,81,0,11,Digital nomad living my best life 🌴,Real
2762,3516,330,7.45,132,86,0,9,Photographer and content creator 📸,Fake
22208,4813,486,3.23,36,68,0,5,DM for collaborations or inquiries!,Real
16191,4848,331,2.44,895,13,0,8,Digital nomad living my best life 🌴,Real
26027,3348,379,5.175028434799176,268,40,1,2,Business inquiries? Contact below 👇,Fake
3409,3747,474,5.21,160,31,0,5,Personal blog | Stay positive ✨,Real
20776,978,38,3.57,15,67,0,3,Sharing moments from my journey,Fake
43445,4655,211,10.0,751,64,1,5,Aspiring artist | Drawing my dreams,Fake
28589,237,241,2.23,497,0,0,9,Fitness enthusiast 💪 | Health advocate,Fake
40793,3123,350,2.87,541,67,0,8,Digital nomad living my best life 🌴,Real
39541,2027,293,5.84,554,19,0,1,Fitness enthusiast 💪 | Health advocate,Fake
40062,3650,239,5.32,127,97,0,8,Follow for daily inspiration 🌟,Fake
39163,3006,406,0.62,143,16,0,7,Business inquiries? Contact below 👇,Fake
49998,3140,164,4.0922723044199545,312,0,1,4,DM for collaborations or inquiries!,Fake
17628,2572,467,2.697927700688638,617,15,1,6,Passionate traveler and food lover,Fake
13139,2699,167,4.17,386,64,0,8,Sharing moments from my journey,Fake
17929,4338,318,4.26,280,57,0,3,Love exploring new places 🌎,Real
9186,2887,101,2.04,421,20,0,10,Photographer and content creator 📸,Fake
48659,1897,375,0.06,489,15,1,5,Sharing moments from my journey,Real
20484,793,436,3.08,84,84,0,10,Aspiring artist | Drawing my dreams,Real
38927,1137,302,5.329423545998135,667,57,1,5,Fitness enthusiast 💪 | Health advocate,Real
29157,620,313,8.657807907217062,593,80,0,5,Sharing moments from my journey,Fake
53,2641,1,0.0,248,22,0,11,Foodie | Reviews and recipes,Fake
7675,56,451,1.65,519,55,0,3,Entrepreneur & lifestyle blogger,Real
1422,4449,196,2.65,972,56,0,5,Fitness enthusiast 💪 | Health advocate,Fake
34339,3394,87,0.3000804321910806,944,0,0,5,Love exploring new places 🌎,Fake
15707,2663,321,4.73,938,24,0,5,Business inquiries? Contact below 👇,Real
18021,1213,326,8.61,986,28,0,9,Nature lover | Saving the planet 🌍,Fake
47531,3209,115,3.69,140,24,0,2,Check out my website for more updates!,Real
24263,2844,442,2.0814594727682247,839,0,0,5,Passionate traveler and food lover,Fake
39402,1893,363,2.297327062515974,335,49,0,10,Entrepreneur & lifestyle blogger,Fake
43080,2538,435,3.89,907,36,0,11,DM for collaborations or inquiries!,Real
27975,3036,166,1.94,293,26,0,7,Check out my website for more updates!,Real
38156,887,436,8.76,346,55,0,9,Passionate traveler and food lover,Fake
29832,4787,12,5.41,813,56,1,6,Entrepreneur & lifestyle blogger,Fake
47580,3380,358,5.389388138511211,470,81,0,1,Love exploring new places 🌎,Fake
37901,860,20,1.21,775,83,0,5,Passionate traveler and food lover,Fake
29829,4622,139,9.55,635,86,1,3,Digital nomad living my best life 🌴,Real
6394,2277,29,4.81,637,6,0,5,Follow for daily inspiration 🌟,Real
34024,1376,179,5.48,881,75,0,7,Digital nomad living my best life 🌴,Fake
18948,4037,455,3.64,810,77,0,1,Photographer and content creator 📸,Fake
28459,2086,144,4.816575422492571,555,54,0,2,Nature lover | Saving the planet 🌍,Real
20320,1802,187,1.463235747534743,679,49,0,4,Entrepreneur & lifestyle blogger,Fake
27621,1166,106,8.31,460,59,0,4,Personal blog | Stay positive ✨,Fake
37475,1537,120,3.3688489754975546,340,95,1,8,Fitness enthusiast 💪 | Health advocate,Real
43286,4876,41,5.02,616,65,0,7,Digital nomad living my best life 🌴,Fake
33668,4999,301,0.2445346162078703,653,48,1,11,Love exploring new places 🌎,Real
47156,2303,275,6.404582086873125,826,69,1,8,Follow for daily inspiration 🌟,Real
11209,10,112,0.8878808326351182,634,37,1,8,Fitness enthusiast 💪 | Health advocate,Fake
47286,4635,154,0.45,592,39,0,9,Follow for daily inspiration 🌟,Fake
3804,2679,281,4.05,200,9,0,8,Nature lover | Saving the planet 🌍,Fake
40352,2101,446,7.59,48,59,1,3,Business inquiries? Contact below 👇,Fake
32246,4329,132,7.96,16,75,0,1,Love exploring new places 🌎,Fake
22953,2785,289,5.883309617873326,114,58,0,4,Fitness enthusiast 💪 | Health advocate,Fake
1103,1223,67,8.53,910,64,0,2,Foodie | Reviews and recipes,Real
44757,1562,163,1.41,720,19,0,9,DM for collaborations or inquiries!,Fake
36012,4057,358,0.97,684,15,0,3,Digital nomad living my best life 🌴,Real
21707,2812,69,9.73,776,12,0,6,Nature lover | Saving the planet 🌍,Real
39806,4454,43,5.5,62,44,0,11,DM for collaborations or inquiries!,Fake
53,2732,0,0.0796479086129666,193,53,1,2,Passionate traveler and food lover,Fake
53,3482,370,10.0,538,89,0,7,Love exploring new places 🌎,Real
23046,758,0,7.536064588390177,559,58,0,10,Follow for daily inspiration 🌟,Fake
17164,2752,172,3.1292478345993047,505,79,0,4,Fitness enthusiast 💪 | Health advocate,Real
28479,3778,192,9.67,928,6,0,4,Foodie | Reviews and recipes,Real
26013,2380,180,0.722691163179852,580,44,0,6,Sharing moments from my journey,Real
20409,1886,0,7.171882309062601,264,99,1,5,Follow for daily inspiration 🌟,Fake
7489,1447,169,8.61,637,10,0,5,Sharing moments from my journey,Real
43819,4206,128,0.88,150,54,0,7,Sharing moments from my journey,Real
34187,2792,2,6.85,286,79,1,4,Fitness enthusiast 💪 | Health advocate,Real
44998,3376,283,5.320803638794671,216,55,1,10,DM for collaborations or inquiries!,Real
44165,815,2,1.87,852,85,0,10,Love exploring new places 🌎,Fake
3521,1467,41,3.7,458,10,1,5,Sharing moments from my journey,Fake
47012,1246,236,2.48,385,3,1,3,Photographer and content creator 📸,Real
8352,1980,8,5.16,647,27,0,7,Business inquiries? Contact below 👇,Real
38081,3252,265,7.79,293,93,0,9,Fitness enthusiast 💪 | Health advocate,Real
35457,4412,349,4.42,3,43,0,5,Fitness enthusiast 💪 | Health advocate,Fake
14944,162,35,2.55,727,7,0,8,Follow for daily inspiration 🌟,Real
10333,375,482,7.7,370,26,0,7,Entrepreneur & lifestyle blogger,Real
25952,1756,153,0.3898766728667882,885,0,1,8,Passionate traveler and food lover,Real
41252,2933,252,7.28,592,77,0,8,Personal blog | Stay positive ✨,Fake
42206,1367,473,6.571694257660683,339,41,0,10,Foodie | Reviews and recipes,Fake
33323,1371,62,3.07,471,61,0,6,Love exploring new places 🌎,Real
7436,2217,458,6.9,880,19,0,7,Foodie | Reviews and recipes,Fake
40046,3068,189,10.0,860,40,0,8,Love exploring new places 🌎,Fake
42178,1175,264,7.49,464,20,0,11,Digital nomad living my best life 🌴,Real
9514,4379,98,9.07,408,64,0,10,Passionate traveler and food lover,Real
27027,1070,125,6.89,179,18,0,6,Digital nomad living my best life 🌴,Fake
33769,4944,334,3.49,636,16,0,2,Nature lover | Saving the planet 🌍,Real
14964,2535,234,6.35288114204337,419,17,1,9,Nature lover | Saving the planet 🌍,Fake
26741,1752,321,6.366002017210224,483,45,0,9,Follow for daily inspiration 🌟,Fake
39928,4444,231,8.28,429,98,0,10,Digital nomad living my best life 🌴,Fake
21811,2201,255,10.0,447,65,0,9,Follow for daily inspiration 🌟,Fake
31876,3446,31,2.19,652,67,0,3,Love exploring new places 🌎,Fake
3855,1924,244,6.08,486,13,1,9,Passionate traveler and food lover,Real
11276,1574,139,9.76,843,6,0,3,Foodie | Reviews and recipes,Real
22409,3438,150,8.514027870462748,899,34,1,7,Passionate traveler and food lover,Fake
38355,1318,151,3.54,278,5,0,3,Personal blog | Stay positive ✨,Real
29112,1683,391,1.39,475,8,0,6,Nature lover | Saving the planet 🌍,Real
14536,4909,494,2.1,439,49,0,4,Nature lover | Saving the planet 🌍,Real
21050,559,184,7.94,688,52,1,11,Entrepreneur & lifestyle blogger,Real
17431,3426,173,5.51,806,89,0,8,Digital nomad living my best life 🌴,Fake
26108,1003,91,3.95,263,54,0,11,Photographer and content creator 📸,Fake
36592,3740,41,0.0,206,55,0,7,Passionate traveler and food lover,Fake
20931,2980,267,4.96,639,20,0,7,Foodie | Reviews and recipes,Fake
41233,3776,271,9.51,940,75,0,9,Love exploring new places 🌎,Fake
30516,2520,260,3.1,859,31,0,9,Love exploring new places 🌎,Real
35944,2601,247,7.37,873,0,0,2,Foodie | Reviews and recipes,Fake
1826,2211,68,0.97,757,37,1,4,Foodie | Reviews and recipes,Fake
41593,107,217,3.2,676,58,0,6,Foodie | Reviews and recipes,Real
26717,3578,499,1.5687683249881237,806,31,0,6,Foodie | Reviews and recipes,Real
37860,4383,454,4.64,20,22,0,5,Passionate traveler and food lover,Fake
31645,582,208,3.3687146633199765,476,58,1,11,Entrepreneur & lifestyle blogger,Real
29890,429,295,9.46,234,71,0,3,Follow for daily inspiration 🌟,Real
31347,3453,171,1.53,986,83,0,3,Aspiring artist | Drawing my dreams,Real
28529,1922,264,3.87,893,24,0,10,Fitness enthusiast 💪 | Health advocate,Fake
10504,4465,190,5.97,983,29,0,3,Business inquiries? Contact below 👇,Fake
7364,4859,303,7.86,70,95,1,4,Foodie | Reviews and recipes,Fake
35740,3493,365,6.345704058593071,591,93,1,4,Sharing moments from my journey,Fake
21591,4118,186,0.7593185430591589,157,95,1,11,Check out my website for more updates!,Fake
8647,1673,93,0.64,512,96,0,6,Check out my website for more updates!,Real
16460,2122,81,0.0013620176371613,0,23,0,5,Fitness enthusiast 💪 | Health advocate,Real
26268,3775,27,9.76,282,68,0,4,Love exploring new places 🌎,Real
42237,2341,249,4.79,561,35,0,6,Fitness enthusiast 💪 | Health advocate,Fake
2158,1279,336,1.87,22,87,0,5,Nature lover | Saving the planet 🌍,Real
25520,2003,494,2.2924171479404056,802,65,0,4,Personal blog | Stay positive ✨,Real
6860,1791,499,1.2992784984412906,401,0,1,4,Fitness enthusiast 💪 | Health advocate,Real
29202,2803,112,4.3771559440404655,518,65,0,8,Business inquiries? Contact below 👇,Fake
11201,4284,492,2.57,599,31,0,7,Nature lover | Saving the planet 🌍,Fake
49929,3635,404,7.52,36,1,0,9,Nature lover | Saving the planet 🌍,Fake
22129,10,304,1.827716328690332,316,61,0,4,Sharing moments from my journey,Fake
7568,387,375,6.51389038125479,733,99,1,6,Entrepreneur & lifestyle blogger,Fake
41635,1607,484,5.88,169,13,0,3,Entrepreneur & lifestyle blogger,Real
21214,2854,403,2.71,840,42,0,9,Digital nomad living my best life 🌴,Real
16213,129,92,7.74,251,12,1,3,DM for collaborations or inquiries!,Real
18643,3526,488,4.87,970,65,0,6,Passionate traveler and food lover,Fake
35733,3729,91,7.78,876,16,1,10,Personal blog | Stay positive ✨,Fake
26850,1610,499,6.3335496345889,0,44,1,11,Follow for daily inspiration 🌟,Real
32320,565,297,7.67,747,10,0,11,Love exploring new places 🌎,Real
33224,509,494,6.58,384,66,0,11,Digital nomad living my best life 🌴,Real
3745,4448,457,4.69,651,95,0,6,Sharing moments from my journey,Real
25211,3548,450,9.95,563,8,0,2,Photographer and content creator 📸,Fake
11617,113,250,6.86,127,83,0,9,Photographer and content creator 📸,Fake
28468,4238,199,5.34,966,69,0,5,Entrepreneur & lifestyle blogger,Real
21925,2965,298,2.68,699,3,0,7,Passionate traveler and food lover,Fake
1407,3467,92,8.62,275,96,0,2,Fitness enthusiast 💪 | Health advocate,Real
49998,2741,60,8.153819118209853,814,41,0,6,Aspiring artist | Drawing my dreams,Real
13393,1261,56,5.63,225,88,0,3,Aspiring artist | Drawing my dreams,Fake
9388,3248,490,0.18,72,92,1,11,Entrepreneur & lifestyle blogger,Fake
41558,3477,409,8.438828583878866,247,68,0,1,Sharing moments from my journey,Real
6654,2437,346,5.57,912,74,1,11,Check out my website for more updates!,Real
26077,4734,49,6.06,888,62,0,5,Follow for daily inspiration 🌟,Fake
43931,4407,385,9.45,947,16,0,10,Business inquiries? Contact below 👇,Fake
35625,2299,306,4.701270434694304,264,18,0,3,Passionate traveler and food lover,Real
24694,691,352,9.29,738,57,0,5,Entrepreneur & lifestyle blogger,Real
176,2029,371,4.74,746,90,0,11,Foodie | Reviews and recipes,Real
8066,1156,335,7.31,629,58,0,6,Aspiring artist | Drawing my dreams,Fake
23006,2945,69,1.53,710,85,0,7,Follow for daily inspiration 🌟,Real
49590,491,392,5.63,434,39,1,6,Digital nomad living my best life 🌴,Fake
45826,3079,387,5.84,60,57,0,7,Digital nomad living my best life 🌴,Real
21443,3585,346,0.18,150,82,1,9,Check out my website for more updates!,Fake
41400,114,349,9.21,839,39,1,7,Aspiring artist | Drawing my dreams,Fake
49356,896,386,1.9,512,11,0,4,Entrepreneur & lifestyle blogger,Real
12552,4007,120,1.22,224,23,0,2,Follow for daily inspiration 🌟,Real
22256,167,132,0.78,314,8,0,2,DM for collaborations or inquiries!,Real
40959,3739,68,8.75,357,90,0,5,Aspiring artist | Drawing my dreams,Real
17703,1094,177,1.2064344023489473,801,25,1,4,Nature lover | Saving the planet 🌍,Real
28845,1881,377,0.0,503,70,0,8,Personal blog | Stay positive ✨,Fake
5166,4921,198,8.83,889,96,1,11,Entrepreneur & lifestyle blogger,Real
8325,455,65,0.09,152,19,0,10,Check out my website for more updates!,Fake
34849,2441,381,5.54,992,80,0,3,Fitness enthusiast 💪 | Health advocate,Real
21563,2513,356,3.06,383,85,0,8,Fitness enthusiast 💪 | Health advocate,Fake
43400,741,209,1.65,510,80,1,4,Entrepreneur & lifestyle blogger,Real
9495,2576,90,7.6,890,76,0,5,Photographer and content creator 📸,Real
37853,2431,231,6.663509900531141,56,54,0,5,Fitness enthusiast 💪 | Health advocate,Fake
16504,1814,489,0.1,570,80,0,2,Love exploring new places 🌎,Real
9324,4521,46,3.65,759,30,0,10,Sharing moments from my journey,Real
30744,4029,388,8.04,323,23,0,2,Entrepreneur & lifestyle blogger,Fake
53,2756,270,6.481983019222624,359,23,1,8,Passionate traveler and food lover,Fake
38310,4310,94,8.16,268,41,0,7,Fitness enthusiast 💪 | Health advocate,Real
42422,3361,72,6.38,628,49,0,9,Love exploring new places 🌎,Fake
11497,1458,336,9.2,49,50,0,10,Digital nomad living my best life 🌴,Fake
8925,3522,397,3.605904101602896,446,77,1,6,Aspiring artist | Drawing my dreams,Real
11853,1988,450,3.101124660933598,704,55,0,8,Love exploring new places 🌎,Real
31997,2160,90,4.415004054508035,147,84,1,8,Personal blog | Stay positive ✨,Real
32648,705,236,6.89994553812904,569,43,0,4,DM for collaborations or inquiries!,Real
37539,553,91,5.75,65,75,0,11,Check out my website for more updates!,Real
9289,276,428,6.9,739,62,1,11,Nature lover | Saving the planet 🌍,Real
13098,608,299,6.2,32,15,0,5,Follow for daily inspiration 🌟,Fake
7790,1378,150,6.85,973,21,0,11,Follow for daily inspiration 🌟,Fake
32313,1600,3,1.89,158,60,0,11,Follow for daily inspiration 🌟,Real
11490,1824,317,8.72,904,97,0,6,Passionate traveler and food lover,Real
49998,1478,0,3.37501032134786,999,23,1,2,Digital nomad living my best life 🌴,Fake
21149,1752,132,5.983707279859251,999,41,1,6,Nature lover | Saving the planet 🌍,Fake
23243,3381,299,4.6495546450218175,777,95,0,6,Nature lover | Saving the planet 🌍,Fake
41277,2164,277,6.82,487,9,0,3,Photographer and content creator 📸,Real
1472,1189,300,8.22,930,59,0,6,Love exploring new places 🌎,Fake
38933,3859,275,10.0,21,80,0,10,Passionate traveler and food lover,Fake
20642,3541,96,7.52,336,74,0,8,Personal blog | Stay positive ✨,Fake
43243,1264,15,5.488208669811113,678,9,0,10,Follow for daily inspiration 🌟,Real
5558,2877,296,3.58,719,86,0,5,Photographer and content creator 📸,Fake
7882,526,272,8.42,390,55,0,2,Personal blog | Stay positive ✨,Real
26289,1329,254,3.76,601,94,0,2,Fitness enthusiast 💪 | Health advocate,Real
8624,185,277,6.063998423674243,534,74,1,10,Foodie | Reviews and recipes,Real
11694,653,94,3.4579911139739514,0,38,1,1,Business inquiries? Contact below 👇,Real
14557,3488,0,2.106016054031836,644,47,1,3,Follow for daily inspiration 🌟,Real
35566,1827,363,7.472371454179541,448,8,0,4,Photographer and content creator 📸,Fake
1981,4269,349,9.76,770,5,1,5,DM for collaborations or inquiries!,Fake
16192,1700,410,4.183550309244637,371,20,0,10,Aspiring artist | Drawing my dreams,Fake
16306,2695,241,3.065657883081216,999,43,1,9,Photographer and content creator 📸,Fake
13500,4299,451,2.05,718,64,0,6,Passionate traveler and food lover,Real
48186,3873,5,5.45,622,70,0,3,Digital nomad living my best life 🌴,Fake
20558,3113,192,6.04,179,82,0,11,Passionate traveler and food lover,Real
12996,3413,346,2.59,996,0,0,10,Love exploring new places 🌎,Fake
49473,1407,394,0.84,774,74,0,9,Personal blog | Stay positive ✨,Real
24578,2127,374,5.48136061751003,741,15,0,6,Photographer and content creator 📸,Real
11044,4451,20,5.9,681,98,0,4,DM for collaborations or inquiries!,Real
17088,1227,38,1.78,744,40,0,10,Photographer and content creator 📸,Real
6533,2444,46,2.57,951,56,0,4,Entrepreneur & lifestyle blogger,Fake
17827,3041,318,3.9516619468252823,478,51,1,7,Aspiring artist | Drawing my dreams,Fake
8244,1259,374,5.12,243,89,0,5,Nature lover | Saving the planet 🌍,Fake
17226,323,309,1.6759008023608688,803,47,0,6,Follow for daily inspiration 🌟,Real
45196,3165,20,7.672203481344158,525,74,0,7,Foodie | Reviews and recipes,Real
9576,3037,470,0.97,11,93,0,9,Foodie | Reviews and recipes,Real
27774,3733,145,2.82,827,74,0,7,Business inquiries? Contact below 👇,Real
11619,510,115,9.38,122,64,0,3,Digital nomad living my best life 🌴,Fake
17940,1534,399,5.87,622,14,0,8,Business inquiries? Contact below 👇,Fake
10304,3334,88,5.96,679,28,0,2,Personal blog | Stay positive ✨,Real
1812,1468,470,5.74,225,81,0,5,Aspiring artist | Drawing my dreams,Fake
4545,3021,476,7.17,607,32,0,4,Fitness enthusiast 💪 | Health advocate,Fake
2100,1266,27,6.83,176,3,0,8,DM for collaborations or inquiries!,Fake
9828,644,357,8.62,359,30,0,11,Nature lover | Saving the planet 🌍,Real
49577,1287,143,0.57,653,80,0,10,Passionate traveler and food lover,Fake
22875,3147,41,0.49,496,3,0,10,Foodie | Reviews and recipes,Real
32650,1208,483,5.22,69,26,0,2,Personal blog | Stay positive ✨,Real
41769,4980,389,7.01,734,51,0,11,Fitness enthusiast 💪 | Health advocate,Fake
19468,1964,297,8.23632300540997,277,68,1,7,Fitness enthusiast 💪 | Health advocate,Real
17744,10,0,7.529912952357137,452,99,0,2,DM for collaborations or inquiries!,Fake
47970,1229,373,4.12,675,12,0,7,Digital nomad living my best life 🌴,Fake
27577,3039,318,6.64,740,82,0,7,Passionate traveler and food lover,Fake
35801,4204,237,7.53,338,92,1,10,Photographer and content creator 📸,Real
36369,2969,310,5.35599005817396,788,50,0,1,Photographer and content creator 📸,Fake
35362,4174,286,6.02,160,3,0,9,Aspiring artist | Drawing my dreams,Fake
15597,4999,216,5.592798199561781,5,63,0,4,Nature lover | Saving the planet 🌍,Fake
33970,4999,0,7.708950898960455,163,67,0,2,Foodie | Reviews and recipes,Real
29783,4246,235,1.23,171,52,0,5,Business inquiries? Contact below 👇,Real
19496,4132,499,3.769147652565901,727,50,1,11,Fitness enthusiast 💪 | Health advocate,Fake
37193,4153,207,6.26,110,76,0,6,Love exploring new places 🌎,Real
38496,1002,298,0.17,276,19,1,5,Digital nomad living my best life 🌴,Fake
9595,2969,189,7.217056779123112,999,41,0,5,Nature lover | Saving the planet 🌍,Fake
13632,929,311,1.2978143002681557,765,80,1,6,Digital nomad living my best life 🌴,Real
24490,2542,416,0.0,763,79,0,8,Entrepreneur & lifestyle blogger,Fake
43908,4783,455,9.77,534,19,1,8,DM for collaborations or inquiries!,Real
19427,1635,353,1.77,145,14,1,11,Personal blog | Stay positive ✨,Fake
12830,4420,212,4.89,208,61,0,8,Business inquiries? Contact below 👇,Real
42283,2200,464,3.99,490,14,0,4,Entrepreneur & lifestyle blogger,Real
25050,2798,48,9.74,636,58,0,4,Entrepreneur & lifestyle blogger,Real
49248,606,159,5.5,769,23,0,7,Business inquiries? Contact below 👇,Real
28467,4730,254,2.86,115,53,0,3,Foodie | Reviews and recipes,Real
3070,386,383,4.34,426,82,0,9,Photographer and content creator 📸,Fake
16582,2796,318,7.51,346,42,0,5,Nature lover | Saving the planet 🌍,Fake
8752,956,412,0.48,310,37,0,3,DM for collaborations or inquiries!,Fake
40195,4284,177,9.61,215,37,0,7,Follow for daily inspiration 🌟,Real
22597,315,191,6.763536434929401,260,30,1,7,Passionate traveler and food lover,Real
6339,1720,402,8.13,208,69,0,8,DM for collaborations or inquiries!,Real
49139,2645,321,5.64,92,75,0,6,Business inquiries? Contact below 👇,Real
6573,4421,462,8.29,956,9,0,8,Sharing moments from my journey,Real
9910,1806,250,8.11,742,31,0,3,Foodie | Reviews and recipes,Fake
16009,4197,374,2.46,18,59,0,4,Foodie | Reviews and recipes,Fake
12900,2382,133,5.135222775054841,172,70,1,6,Aspiring artist | Drawing my dreams,Real
47147,1935,469,10.0,591,36,1,6,Check out my website for more updates!,Fake
25348,2219,109,2.063328117164658,669,76,0,6,Photographer and content creator 📸,Fake
24947,70,182,1.13,471,14,0,5,Personal blog | Stay positive ✨,Real
8996,912,388,9.5,887,92,0,11,Nature lover | Saving the planet 🌍,Fake
6947,1327,157,9.87,533,8,0,10,Love exploring new places 🌎,Fake
37283,3055,402,4.377012245325464,664,56,1,2,Digital nomad living my best life 🌴,Fake
27993,4374,449,9.29,66,69,0,5,Aspiring artist | Drawing my dreams,Real
28178,3150,213,3.199287560839936,678,4,0,6,Entrepreneur & lifestyle blogger,Real
28703,3739,234,5.11,720,24,0,2,Love exploring new places 🌎,Real
46733,3838,12,0.51,744,73,0,2,DM for collaborations or inquiries!,Fake
6761,2997,112,0.98,767,20,0,4,Fitness enthusiast 💪 | Health advocate,Fake
34243,4558,155,1.3725852443979472,569,34,1,7,Entrepreneur & lifestyle blogger,Fake
43241,3589,399,4.360125302912289,208,42,0,6,Personal blog | Stay positive ✨,Fake
45443,1896,247,6.62,661,41,0,3,Follow for daily inspiration 🌟,Fake
25834,3698,319,4.223733648703011,458,42,1,6,Entrepreneur & lifestyle blogger,Real
1536,10,132,6.988531423926036,0,30,1,8,Passionate traveler and food lover,Real
8096,120,11,2.48,391,80,0,6,Aspiring artist | Drawing my dreams,Fake
20023,3326,111,8.46,277,91,0,9,Love exploring new places 🌎,Fake
26684,2689,49,8.70152898750274,715,24,1,1,Nature lover | Saving the planet 🌍,Fake
11271,1358,120,7.55,782,48,0,7,Aspiring artist | Drawing my dreams,Real
175,4572,367,3.31,706,37,0,6,Fitness enthusiast 💪 | Health advocate,Fake
2300,1884,0,3.5765603424099126,321,87,1,10,Check out my website for more updates!,Fake
4262,2337,371,5.821044084055109,999,37,1,5,Love exploring new places 🌎,Real
4171,4232,122,1.66,422,41,0,4,Check out my website for more updates!,Fake
34168,4002,6,0.1,575,37,0,2,Entrepreneur & lifestyle blogger,Real
30709,4511,226,8.05,526,75,0,2,Check out my website for more updates!,Real
19010,1757,71,4.22,521,88,0,11,Personal blog | Stay positive ✨,Real
244,2236,236,2.01,237,1,0,7,Foodie | Reviews and recipes,Real
12455,1400,186,9.46,54,37,0,6,Check out my website for more updates!,Real
12892,3679,231,9.9,609,18,1,2,Sharing moments from my journey,Fake
53,2716,340,8.925703422652258,540,48,0,5,Sharing moments from my journey,Real
27852,2279,83,3.230621838363298,362,85,1,8,Passionate traveler and food lover,Fake
5838,2766,252,3.11,122,30,0,2,Sharing moments from my journey,Real
4404,3625,161,3.79,102,78,0,5,Aspiring artist | Drawing my dreams,Fake
43067,293,118,5.71,198,18,0,4,Aspiring artist | Drawing my dreams,Real
38750,2107,272,4.428731019000529,624,66,0,11,DM for collaborations or inquiries!,Real
13784,1285,380,3.92,914,17,0,9,Passionate traveler and food lover,Fake
15992,724,238,4.7,457,52,0,9,Aspiring artist | Drawing my dreams,Real
49333,3842,140,9.52,546,48,0,10,Foodie | Reviews and recipes,Fake
28503,2195,268,3.202769225175378,275,64,1,10,Follow for daily inspiration 🌟,Real
26428,2124,119,6.289306770374616,294,31,1,7,Fitness enthusiast 💪 | Health advocate,Real
45790,3201,158,6.35,836,62,0,5,Digital nomad living my best life 🌴,Real
29517,3936,135,4.205527458920943,278,60,0,7,Fitness enthusiast 💪 | Health advocate,Fake
22479,4922,176,7.79333132936958,16,59,0,3,Business inquiries? Contact below 👇,Real
14955,1485,151,2.04,224,67,0,10,Foodie | Reviews and recipes,Fake
48076,2237,89,0.65,648,70,0,4,Business inquiries? Contact below 👇,Real
11184,3056,146,8.05,768,90,0,6,Aspiring artist | Drawing my dreams,Fake
31214,3365,9,7.48,47,92,0,6,Love exploring new places 🌎,Real
44167,4645,293,0.3,169,45,0,4,Check out my website for more updates!,Fake
5951,2550,123,4.42,233,1,0,4,Personal blog | Stay positive ✨,Fake
6436,3131,375,4.79,276,5,0,6,Passionate traveler and food lover,Fake
19478,1068,301,8.54951696510209,557,30,1,1,Business inquiries? Contact below 👇,Fake
38386,3657,344,9.43,815,94,0,9,Business inquiries? Contact below 👇,Real
39250,3231,32,3.05,75,65,1,7,Personal blog | Stay positive ✨,Real
20881,821,303,10.0,658,57,1,9,Personal blog | Stay positive ✨,Real
41327,2930,362,0.08,734,0,0,2,Love exploring new places 🌎,Real
23056,4771,321,4.09,712,68,0,7,Entrepreneur & lifestyle blogger,Fake
47286,22,287,7.15,609,49,0,7,Fitness enthusiast 💪 | Health advocate,Real
295,271,185,6.96,13,73,1,8,Love exploring new places 🌎,Fake
19422,4822,153,0.02,176,98,0,6,Sharing moments from my journey,Real
22038,2261,268,0.72,567,52,0,9,Check out my website for more updates!,Real
20004,3157,274,9.31075250811783,384,33,0,10,Passionate traveler and food lover,Fake
24656,2752,297,7.096461014467597,815,30,1,9,DM for collaborations or inquiries!,Real
27453,3630,62,3.698243688269676,345,38,0,7,Check out my website for more updates!,Fake
48048,932,300,3.57,449,90,0,5,Digital nomad living my best life 🌴,Fake
28596,1327,454,7.1,628,19,1,2,Foodie | Reviews and recipes,Real
36995,4493,41,1.79,949,10,0,4,Aspiring artist | Drawing my dreams,Fake
13865,3888,139,8.46909814978838,77,88,0,9,Nature lover | Saving the planet 🌍,Fake
22896,2517,33,3.92,256,79,0,5,Entrepreneur & lifestyle blogger,Fake
24349,886,294,5.35,999,74,0,10,Love exploring new places 🌎,Fake
49998,2251,463,7.072912395346851,692,97,0,3,Nature lover | Saving the planet 🌍,Real
22197,2835,307,6.53,90,46,1,5,Nature lover | Saving the planet 🌍,Fake
6838,3339,34,9.87,613,52,0,9,Aspiring artist | Drawing my dreams,Real
17116,1311,420,7.17,521,62,0,9,DM for collaborations or inquiries!,Real
37523,4929,395,1.75,351,33,0,6,Love exploring new places 🌎,Fake
13338,2846,306,4.984514403180159,0,63,1,6,Love exploring new places 🌎,Real
34033,3001,374,4.5,306,95,0,4,Sharing moments from my journey,Real
26706,4482,0,0.6560129573144842,892,31,1,1,Love exploring new places 🌎,Real
29181,3820,281,9.09,444,17,0,11,Nature lover | Saving the planet 🌍,Fake
13498,3631,443,3.15,450,86,0,6,Photographer and content creator 📸,Fake
8538,185,141,8.74,67,10,0,7,Follow for daily inspiration 🌟,Fake
23403,1223,273,5.38225405509543,463,67,1,1,DM for collaborations or inquiries!,Fake
17818,4769,209,2.753300408968286,570,58,0,5,Personal blog | Stay positive ✨,Fake
8468,1406,56,9.94,80,72,0,7,Digital nomad living my best life 🌴,Real
12610,1160,340,6.75,952,60,1,10,Photographer and content creator 📸,Real
25559,2159,399,0.65,706,26,0,2,Entrepreneur & lifestyle blogger,Fake
35424,2770,0,10.0,835,0,0,7,Photographer and content creator 📸,Real
34197,4706,117,2.25,466,22,0,9,Sharing moments from my journey,Fake
23937,173,387,3.33,43,93,0,5,Fitness enthusiast 💪 | Health advocate,Real
31283,1593,427,2.69,949,80,0,3,Fitness enthusiast 💪 | Health advocate,Fake
20074,680,349,6.7,483,14,0,3,Sharing moments from my journey,Fake
44874,3519,197,3.13,886,87,0,10,Photographer and content creator 📸,Fake
35474,1780,390,8.01,428,68,0,7,Sharing moments from my journey,Fake
14821,4453,9,2.47,839,71,0,9,DM for collaborations or inquiries!,Fake
14440,10,178,2.8005752936740773,544,6,1,11,Personal blog | Stay positive ✨,Real
24640,4932,215,5.67,372,25,0,9,Nature lover | Saving the planet 🌍,Real
48128,4817,74,0.58,628,48,1,4,Passionate traveler and food lover,Real
30863,2936,305,1.36,341,55,0,6,Aspiring artist | Drawing my dreams,Real
15005,122,410,8.14764960841836,673,36,1,4,Love exploring new places 🌎,Real
48026,2176,48,4.2261345848276575,909,58,0,8,Aspiring artist | Drawing my dreams,Fake
20243,738,268,6.74,390,72,1,9,Foodie | Reviews and recipes,Real
34757,2280,67,4.533448366480475,847,0,0,4,DM for collaborations or inquiries!,Fake
29544,2263,80,7.402021396758652,435,99,0,6,Aspiring artist | Drawing my dreams,Fake
40236,1102,290,1.64,70,79,0,7,Business inquiries? Contact below 👇,Fake
18337,1933,160,9.261174142368652,510,0,1,6,Aspiring artist | Drawing my dreams,Real
26322,2217,428,3.589956448503142,652,73,0,7,Foodie | Reviews and recipes,Real
2445,2991,499,5.917558761369712,191,15,1,5,Sharing moments from my journey,Real
17506,2633,408,7.98,266,6,0,2,Follow for daily inspiration 🌟,Fake
30396,3979,316,3.15,806,54,0,10,Follow for daily inspiration 🌟,Real
23812,260,269,6.072291170168776,599,70,0,2,Aspiring artist | Drawing my dreams,Fake
34921,1080,54,2.2503436313692444,264,41,0,10,Digital nomad living my best life 🌴,Real
12436,2522,51,3.353819440691666,479,0,0,3,Business inquiries? Contact below 👇,Real
34342,4127,443,3.93,175,17,1,8,Passionate traveler and food lover,Fake
21180,286,126,7.67,378,70,0,7,Passionate traveler and food lover,Fake
6446,1004,128,0.99,251,19,0,7,Entrepreneur & lifestyle blogger,Real
12105,2425,296,8.34,823,46,1,9,Check out my website for more updates!,Real
11590,1372,270,3.1797764314998904,197,50,1,4,Follow for daily inspiration 🌟,Real
34974,4911,72,8.38,183,89,0,9,Love exploring new places 🌎,Real
45736,3305,457,2.42,574,15,0,10,Sharing moments from my journey,Real
4063,612,179,7.122290330122011,884,7,0,5,DM for collaborations or inquiries!,Fake
39359,4933,271,4.22,368,49,0,8,DM for collaborations or inquiries!,Real
12685,10,498,3.052898638753053,312,33,0,4,Sharing moments from my journey,Fake
40211,1371,57,10.0,137,29,0,8,Foodie | Reviews and recipes,Fake
33152,4743,268,0.67,493,44,0,9,Nature lover | Saving the planet 🌍,Real
16081,912,423,2.17,122,69,0,6,Business inquiries? Contact below 👇,Fake
46031,1508,438,0.18,941,58,0,4,Photographer and content creator 📸,Real
27990,4823,173,6.722549026111307,354,82,0,5,Business inquiries? Contact below 👇,Fake
28454,2558,365,4.214689524422733,522,70,1,4,Nature lover | Saving the planet 🌍,Fake
24514,1910,318,6.99,515,95,1,4,Nature lover | Saving the planet 🌍,Real
46134,3904,224,1.02,510,77,0,2,Fitness enthusiast 💪 | Health advocate,Fake
21747,3534,372,1.5560961645828213,0,12,1,1,Fitness enthusiast 💪 | Health advocate,Real
27448,1496,238,2.39,399,46,0,10,Love exploring new places 🌎,Fake
36925,3368,197,6.93,42,0,0,7,Sharing moments from my journey,Real
18956,2008,167,4.75918073954077,477,28,1,11,Follow for daily inspiration 🌟,Fake
8231,4707,391,4.6940857402489975,281,45,1,5,Follow for daily inspiration 🌟,Real
18054,1740,366,5.530805762018888,635,2,1,6,Fitness enthusiast 💪 | Health advocate,Fake
39504,434,27,3.51,321,41,0,4,Aspiring artist | Drawing my dreams,Fake
24860,66,25,5.417781616164882,14,57,0,3,DM for collaborations or inquiries!,Real
23620,917,322,8.09,552,2,0,5,DM for collaborations or inquiries!,Fake
23539,1401,464,4.48,633,71,0,11,Aspiring artist | Drawing my dreams,Fake
31961,2157,303,6.56,604,66,0,3,Sharing moments from my journey,Fake
10567,942,205,5.0,733,14,0,7,Entrepreneur & lifestyle blogger,Fake
33162,3583,83,0.68,966,99,0,10,Photographer and content creator 📸,Real
26674,458,217,3.46,691,38,0,7,Check out my website for more updates!,Fake
49180,3939,228,7.74,301,50,0,3,DM for collaborations or inquiries!,Real
35111,1837,319,1.73,610,46,0,8,Check out my website for more updates!,Real
17015,2473,403,5.934678685870692,971,90,1,10,Digital nomad living my best life 🌴,Real
5595,4835,41,0.72,792,97,0,3,DM for collaborations or inquiries!,Fake
28603,2344,26,5.025373656802985,144,0,1,7,Follow for daily inspiration 🌟,Real
43909,1014,190,7.9,781,78,0,2,Love exploring new places 🌎,Fake
10814,1801,0,5.612441983123051,174,46,0,8,Follow for daily inspiration 🌟,Real
30840,1224,419,1.352512857461886,313,46,0,8,Aspiring artist | Drawing my dreams,Real
21143,3317,137,5.637695624833992,36,33,1,8,Nature lover | Saving the planet 🌍,Real
36761,3339,494,0.06,282,22,0,5,Follow for daily inspiration 🌟,Fake
33240,659,9,8.33,298,0,0,2,Entrepreneur & lifestyle blogger,Real
27080,1931,436,0.2,663,22,0,7,Aspiring artist | Drawing my dreams,Real
10023,36,300,9.52,68,78,0,8,Entrepreneur & lifestyle blogger,Real
15001,554,369,3.91,888,87,0,3,DM for collaborations or inquiries!,Fake
21717,2389,276,3.718602566813913,862,95,0,6,Personal blog | Stay positive ✨,Fake
35240,1806,132,3.02,197,0,0,6,Digital nomad living my best life 🌴,Real
39345,4616,313,1.94,291,28,1,6,Foodie | Reviews and recipes,Fake
6557,616,226,2.523914371132055,953,26,0,5,Personal blog | Stay positive ✨,Fake
3255,3929,280,0.51,214,22,0,7,Business inquiries? Contact below 👇,Fake
39132,2036,33,4.24,331,75,0,11,Business inquiries? Contact below 👇,Fake
29227,2215,113,8.09,931,18,0,11,Photographer and content creator 📸,Fake
21428,3263,196,5.974129768109016,637,75,0,11,Photographer and content creator 📸,Real
44164,2432,409,4.42,796,27,0,5,Foodie | Reviews and recipes,Real
44084,514,143,0.7,943,82,0,10,Sharing moments from my journey,Real
22895,578,0,7.163910399955222,279,99,1,5,Business inquiries? Contact below 👇,Real
12576,4221,201,0.8618220155925664,364,65,0,5,Check out my website for more updates!,Real
15898,3183,455,5.679366689815211,385,71,1,1,Check out my website for more updates!,Fake
26343,1987,263,5.1627272344816175,271,45,0,1,Sharing moments from my journey,Real
28733,2661,39,6.45,564,25,0,3,Follow for daily inspiration 🌟,Fake
25873,2392,66,6.12585641848683,822,32,1,5,Sharing moments from my journey,Fake
4913,883,362,2.2,156,91,1,5,Business inquiries? Contact below 👇,Real
23615,1917,62,6.741857764785218,389,64,0,7,Business inquiries? Contact below 👇,Real
46058,1054,264,7.925238308833867,61,14,0,7,Fitness enthusiast 💪 | Health advocate,Fake
7360,2315,186,5.77,509,33,0,8,Digital nomad living my best life 🌴,Fake
24467,3604,345,8.942995853271,625,67,0,2,DM for collaborations or inquiries!,Real
5451,765,38,7.42,227,43,0,6,Entrepreneur & lifestyle blogger,Fake
46916,3602,377,3.8564668784944622,514,29,0,3,Nature lover | Saving the planet 🌍,Real
11673,3266,314,5.434336933358887,554,85,1,4,Entrepreneur & lifestyle blogger,Fake
25238,1259,145,4.091076411672264,537,53,1,6,Follow for daily inspiration 🌟,Fake
36360,3605,313,7.594094929786694,999,10,1,7,DM for collaborations or inquiries!,Real
32813,299,454,5.96,815,2,0,1,Passionate traveler and food lover,Real
11754,1447,324,2.7946133704517906,165,34,0,11,Aspiring artist | Drawing my dreams,Fake
42272,1809,280,0.2,122,72,0,2,Photographer and content creator 📸,Fake
21666,2378,299,0.97,827,45,1,3,Fitness enthusiast 💪 | Health advocate,Real
14911,3349,314,7.099826794679934,718,74,1,6,Aspiring artist | Drawing my dreams,Fake
44804,3168,12,8.36,853,6,0,4,Check out my website for more updates!,Real
25398,3890,412,9.85,444,26,0,11,Nature lover | Saving the planet 🌍,Fake
37881,4179,44,7.6365872900149085,652,68,0,4,Business inquiries? Contact below 👇,Fake
17909,108,265,3.169641877282728,547,26,1,11,Fitness enthusiast 💪 | Health advocate,Fake
10175,665,84,6.48,181,99,0,6,Nature lover | Saving the planet 🌍,Fake
25925,4378,154,9.68,25,44,0,10,DM for collaborations or inquiries!,Real
42147,1622,433,8.42,200,28,0,3,Digital nomad living my best life 🌴,Fake
46234,2726,368,6.24,278,51,0,2,Passionate traveler and food lover,Real
22200,2334,37,2.9625939373794066,542,85,1,11,Business inquiries? Contact below 👇,Fake
31120,3303,118,1.9269240484979409,737,99,1,2,Check out my website for more updates!,Real
23677,520,266,2.2840013213951167,95,72,0,11,Follow for daily inspiration 🌟,Fake
3060,2945,379,9.5,55,52,0,9,Personal blog | Stay positive ✨,Real
22179,878,198,6.79,145,35,0,10,Business inquiries? Contact below 👇,Fake
34451,2760,334,2.960003800125966,209,30,0,2,Fitness enthusiast 💪 | Health advocate,Fake
45073,3651,368,7.460688749880849,564,73,0,5,Aspiring artist | Drawing my dreams,Real
2196,3271,222,3.69,274,17,0,4,DM for collaborations or inquiries!,Fake
8885,4215,380,4.369486344227969,203,12,1,11,Sharing moments from my journey,Real
41544,1507,444,3.79,171,14,0,6,Nature lover | Saving the planet 🌍,Fake
99,3142,407,9.75,628,57,0,7,Entrepreneur & lifestyle blogger,Real
30702,3267,317,9.47,732,51,0,7,Fitness enthusiast 💪 | Health advocate,Fake
21369,1853,383,3.771494415521804,603,28,1,9,Aspiring artist | Drawing my dreams,Fake
32495,1173,0,5.936246306637456,999,65,1,3,Fitness enthusiast 💪 | Health advocate,Fake
22672,4798,17,0.67,168,99,0,10,Business inquiries? Contact below 👇,Real
28880,859,29,6.67,645,98,0,1,Follow for daily inspiration 🌟,Fake
38724,506,316,2.44,725,80,0,7,Business inquiries? Contact below 👇,Fake
24193,47,76,2.057714262356785,590,89,0,7,Foodie | Reviews and recipes,Real
47204,1049,395,8.68,359,75,0,6,Digital nomad living my best life 🌴,Fake
42845,324,477,1.87,216,46,0,2,Love exploring new places 🌎,Fake
12914,2456,396,7.908927861915583,461,42,1,1,Digital nomad living my best life 🌴,Real
27486,3489,159,1.5448372334648337,353,0,0,10,Follow for daily inspiration 🌟,Real
42827,3603,428,6.17,929,53,0,3,Passionate traveler and food lover,Real
35067,2549,347,9.08,897,25,0,6,Check out my website for more updates!,Fake
17177,4502,363,10.0,452,52,1,3,Aspiring artist | Drawing my dreams,Fake
32179,4772,258,0.02,441,1,0,2,Digital nomad living my best life 🌴,Real
35901,163,108,4.49,335,56,0,2,Entrepreneur & lifestyle blogger,Fake
37783,4597,225,9.76,591,19,0,5,Foodie | Reviews and recipes,Real
36478,1651,408,0.76,740,27,0,7,Digital nomad living my best life 🌴,Real
12293,2542,389,0.59,574,43,1,9,Entrepreneur & lifestyle blogger,Fake
28299,604,67,8.42,477,9,0,10,Passionate traveler and food lover,Real
21505,1688,251,8.062595908381706,384,32,0,6,Sharing moments from my journey,Fake
39755,2641,144,6.4332670674135,904,41,0,3,Entrepreneur & lifestyle blogger,Real
27373,3058,121,1.91,778,65,0,2,Check out my website for more updates!,Fake
20844,1739,283,4.98,570,65,1,4,Sharing moments from my journey,Real
14443,2130,268,4.126850286796007,204,41,1,7,Check out my website for more updates!,Fake
5185,2511,353,0.6,962,65,0,8,Aspiring artist | Drawing my dreams,Real
32454,4740,337,8.97,720,97,1,7,Aspiring artist | Drawing my dreams,Fake
39064,2861,345,10.0,722,74,0,5,Aspiring artist | Drawing my dreams,Real
30111,2263,387,9.72,83,3,0,3,Follow for daily inspiration 🌟,Real
53,3183,239,4.728008925458346,463,30,0,9,Passionate traveler and food lover,Real
22587,10,20,3.2871593748810684,577,34,0,3,Photographer and content creator 📸,Fake
19052,177,426,6.658437820460597,820,69,0,4,DM for collaborations or inquiries!,Fake
31534,3795,6,3.95,366,79,0,9,Digital nomad living my best life 🌴,Real
49998,4999,420,1.8898347149952184,87,97,0,7,DM for collaborations or inquiries!,Real
28944,3786,29,7.53,290,25,0,10,DM for collaborations or inquiries!,Real
42490,1879,332,8.64,42,45,1,6,Follow for daily inspiration 🌟,Fake
23569,1090,122,4.79,94,5,0,4,Foodie | Reviews and recipes,Fake
19547,3964,91,3.874071788875838,296,54,0,8,Nature lover | Saving the planet 🌍,Fake
22872,4862,467,0.6,805,51,0,11,Follow for daily inspiration 🌟,Fake
49143,4514,483,2.54,702,57,0,2,Entrepreneur & lifestyle blogger,Fake
10320,578,235,5.08,634,55,0,2,Follow for daily inspiration 🌟,Fake
30377,3929,311,2.75,3,3,0,8,Foodie | Reviews and recipes,Fake
3585,1803,201,8.78,676,51,0,9,Nature lover | Saving the planet 🌍,Fake
49998,2781,216,1.333067980289825,700,66,1,6,Follow for daily inspiration 🌟,Fake
39288,1383,480,9.55,433,19,0,4,Sharing moments from my journey,Real
6115,474,219,6.4,803,19,0,3,Nature lover | Saving the planet 🌍,Fake
53,4451,374,1.6568909948202672,639,99,1,9,Fitness enthusiast 💪 | Health advocate,Fake
37285,4126,315,2.9,170,88,0,3,Sharing moments from my journey,Fake
41294,3998,245,6.98,89,56,0,7,Check out my website for more updates!,Real
19606,2024,207,8.572546625770183,0,18,1,9,Aspiring artist | Drawing my dreams,Real
30845,4815,317,2.74,884,56,0,10,DM for collaborations or inquiries!,Fake
19094,4881,416,3.55,651,77,0,8,Passionate traveler and food lover,Real
44551,131,104,4.08,581,95,0,10,Love exploring new places 🌎,Real
38391,1702,237,5.94,422,13,1,7,Passionate traveler and food lover,Fake
49998,2739,361,0.7389924285102447,622,19,1,9,Digital nomad living my best life 🌴,Real
42107,3110,4,6.82,879,38,0,10,Follow for daily inspiration 🌟,Fake
30898,3002,336,8.54,280,54,0,7,Entrepreneur & lifestyle blogger,Real
42181,4163,394,8.84,412,84,0,10,Fitness enthusiast 💪 | Health advocate,Real
1331,2624,221,8.64210454418658,21,74,0,1,Sharing moments from my journey,Fake
1424,250,244,7.52,770,23,0,7,Photographer and content creator 📸,Real
37311,4203,363,9.89,273,37,0,6,Sharing moments from my journey,Real
18818,4912,310,0.26,284,4,0,7,Foodie | Reviews and recipes,Fake
43175,1800,116,0.77,970,83,0,8,DM for collaborations or inquiries!,Fake
35257,2590,243,1.45,274,32,0,10,Personal blog | Stay positive ✨,Real
14683,3888,173,5.508627848023307,441,22,1,6,Business inquiries? Contact below 👇,Fake
8241,159,244,0.15,645,83,0,4,Check out my website for more updates!,Fake
17599,3421,440,5.215175988467371,53,25,1,11,Love exploring new places 🌎,Real
16498,2586,164,7.31,73,49,0,3,DM for collaborations or inquiries!,Fake
32292,1428,312,2.85,916,53,0,5,Sharing moments from my journey,Fake
7002,1665,284,2.13,675,97,0,7,Check out my website for more updates!,Real
40743,2525,219,5.09,233,1,0,9,Nature lover | Saving the planet 🌍,Real
49998,1162,185,6.131260710945933,140,86,1,8,Personal blog | Stay positive ✨,Real
24972,1900,390,9.18,46,63,0,8,Love exploring new places 🌎,Real
41269,3715,65,2.77,927,50,0,6,DM for collaborations or inquiries!,Real
39855,3559,373,4.09,272,10,0,10,Photographer and content creator 📸,Real
30915,1328,34,5.460315713195024,456,32,1,7,Follow for daily inspiration 🌟,Fake
17511,3975,277,3.062598509851301,248,14,1,7,Follow for daily inspiration 🌟,Fake
35460,1826,44,3.49,179,54,0,10,Nature lover | Saving the planet 🌍,Real
37693,2078,124,6.960226678023064,309,99,1,6,Photographer and content creator 📸,Real
19639,10,216,7.224256592596863,157,12,0,10,Nature lover | Saving the planet 🌍,Real
37307,2271,177,3.072652699353424,174,34,0,7,Nature lover | Saving the planet 🌍,Fake
29047,3867,286,8.231410804389338,0,43,1,6,Photographer and content creator 📸,Fake
23316,3003,168,5.24,277,37,0,6,Passionate traveler and food lover,Real
12966,500,436,3.56,15,17,0,8,Personal blog | Stay positive ✨,Fake
27847,4302,185,0.15,939,53,0,3,Passionate traveler and food lover,Fake
8217,4748,55,0.09,830,42,0,4,Nature lover | Saving the planet 🌍,Real
12996,899,164,6.55,170,27,0,7,Business inquiries? Contact below 👇,Real
21766,916,143,7.533670129988884,227,16,0,5,Foodie | Reviews and recipes,Real
45694,3099,87,7.92,683,78,0,9,Digital nomad living my best life 🌴,Fake
15544,3642,300,2.3,536,7,0,4,Follow for daily inspiration 🌟,Real
20967,3764,335,4.508323972924177,402,3,0,10,Nature lover | Saving the planet 🌍,Real
16837,1693,495,2.54,761,89,0,6,Personal blog | Stay positive ✨,Real
2719,292,266,5.18,421,32,0,3,Entrepreneur & lifestyle blogger,Fake
32473,4359,0,9.966108319106937,96,72,0,7,Follow for daily inspiration 🌟,Real
29292,4621,489,6.581707678015727,552,28,0,6,Nature lover | Saving the planet 🌍,Real
34237,460,272,8.08,659,64,0,7,Business inquiries? Contact below 👇,Fake
41436,2408,493,1.06,363,50,0,5,Photographer and content creator 📸,Fake
26739,3373,140,9.357815485561227,467,51,0,4,Aspiring artist | Drawing my dreams,Fake
40674,2885,351,10.0,683,58,0,7,Aspiring artist | Drawing my dreams,Fake
13938,3675,441,9.24,678,4,0,8,Business inquiries? Contact below 👇,Real
31061,1481,270,1.05,48,73,0,7,Nature lover | Saving the planet 🌍,Fake
1608,2296,311,7.65,518,24,0,1,Follow for daily inspiration 🌟,Real
6879,1728,250,6.413420346056894,158,79,0,5,Nature lover | Saving the planet 🌍,Fake
48480,67,32,3.99,201,95,0,4,Entrepreneur & lifestyle blogger,Fake
4629,778,28,6.12,744,20,0,9,Personal blog | Stay positive ✨,Real
43171,406,242,3.5258526557000667,999,56,0,11,Entrepreneur & lifestyle blogger,Fake
49998,3637,0,6.334425317177933,375,56,1,3,Entrepreneur & lifestyle blogger,Fake
33201,3370,349,1.47,442,7,0,3,Love exploring new places 🌎,Fake
37401,3813,499,1.6551659233160652,466,33,1,8,Photographer and content creator 📸,Fake
13329,1109,86,7.3,719,87,0,5,Nature lover | Saving the planet 🌍,Real
44326,2340,289,1.39,729,25,1,10,Check out my website for more updates!,Fake
25618,1072,499,2.964687502914149,849,43,0,9,Business inquiries? Contact below 👇,Real
26405,3550,372,4.11,938,32,0,8,Entrepreneur & lifestyle blogger,Real
42654,2126,173,2.614710257285718,752,22,0,11,Nature lover | Saving the planet 🌍,Real
4153,2220,51,8.79,363,74,0,10,Passionate traveler and food lover,Real
7730,2423,438,4.146499945955124,945,99,0,3,Entrepreneur & lifestyle blogger,Fake
27567,610,489,2.43,519,59,0,7,Love exploring new places 🌎,Real
39617,4439,105,4.33,765,53,0,6,Follow for daily inspiration 🌟,Real
3016,842,31,6.29,845,86,0,1,Follow for daily inspiration 🌟,Real
4526,791,67,1.23,173,76,0,5,Entrepreneur & lifestyle blogger,Fake
24118,505,33,2.9,128,83,0,3,Business inquiries? Contact below 👇,Fake
38375,4509,23,4.77,678,14,0,5,Aspiring artist | Drawing my dreams,Fake
1572,4414,361,5.83,554,95,1,7,Entrepreneur & lifestyle blogger,Fake
18281,2249,119,8.855276075501939,289,95,0,4,Sharing moments from my journey,Real
17499,106,160,4.26,52,53,0,3,Nature lover | Saving the planet 🌍,Fake
9272,3131,160,7.83,132,12,0,7,Follow for daily inspiration 🌟,Real
36638,1024,430,9.98,658,26,0,2,Business inquiries? Contact below 👇,Real
41059,3149,321,3.86,508,6,0,4,Sharing moments from my journey,Real
41617,2372,413,9.93,232,62,0,3,Follow for daily inspiration 🌟,Fake
21105,3157,469,10.0,817,63,0,9,Fitness enthusiast 💪 | Health advocate,Fake
26588,452,427,2.93,159,93,0,2,Personal blog | Stay positive ✨,Real
53,3431,111,8.99624900178204,509,69,1,3,Passionate traveler and food lover,Real
15245,1469,73,5.3,104,74,0,1,Business inquiries? Contact below 👇,Fake
11439,16,460,3.74,787,33,0,4,Photographer and content creator 📸,Real
28594,368,459,8.57,72,78,0,3,Foodie | Reviews and recipes,Fake
49813,1851,183,0.15,170,32,0,7,DM for collaborations or inquiries!,Real
7193,2904,0,5.460991227184172,389,66,1,9,Business inquiries? Contact below 👇,Real
18783,2135,348,6.74,186,18,0,6,Personal blog | Stay positive ✨,Fake
18486,1093,88,9.68,631,57,0,9,Follow for daily inspiration 🌟,Fake
23829,4999,281,4.629463198277051,320,59,1,6,Business inquiries? Contact below 👇,Real
45576,3788,209,7.57,682,35,0,2,Business inquiries? Contact below 👇,Fake
42530,893,9,4.77,710,60,0,9,Photographer and content creator 📸,Real
47004,3444,493,9.83,528,40,0,7,Aspiring artist | Drawing my dreams,Real
34109,2952,276,4.1,4,79,0,5,Sharing moments from my journey,Fake
39204,1538,454,0.75,955,45,0,11,Sharing moments from my journey,Fake
28496,10,142,4.065503846089441,379,54,1,10,DM for collaborations or inquiries!,Fake
6916,138,450,9.2,363,77,0,6,Sharing moments from my journey,Fake
22045,4700,422,7.85,478,31,0,7,Passionate traveler and food lover,Fake
2353,3167,316,7.44,694,5,0,9,Aspiring artist | Drawing my dreams,Real
22882,2336,440,9.82,763,24,0,9,Entrepreneur & lifestyle blogger,Real
30480,1747,74,5.582922270809803,692,40,0,2,DM for collaborations or inquiries!,Fake
34362,327,20,1.7,943,4,0,11,Photographer and content creator 📸,Fake
49998,1486,183,9.93850724313662,449,64,1,8,Aspiring artist | Drawing my dreams,Fake
28663,809,268,4.2833606018921655,272,73,1,4,Passionate traveler and food lover,Real
49998,4999,287,9.328220864824925,488,55,1,4,Aspiring artist | Drawing my dreams,Real
34345,125,323,7.51,816,67,0,8,Digital nomad living my best life 🌴,Fake
35039,2049,499,5.560608921180916,680,51,0,8,Passionate traveler and food lover,Fake
3804,876,490,7.86,401,12,0,10,Foodie | Reviews and recipes,Real
30335,3005,358,5.29,410,66,0,5,Aspiring artist | Drawing my dreams,Fake
19195,2959,489,8.07,114,45,0,8,Business inquiries? Contact below 👇,Real
26097,3157,244,8.49,432,82,0,3,Sharing moments from my journey,Fake
36464,4258,0,7.791221801705459,601,5,1,9,Passionate traveler and food lover,Real
42316,3039,282,4.387787444127186,329,65,1,4,Sharing moments from my journey,Fake
20489,777,489,7.995417107213122,530,69,1,9,Love exploring new places 🌎,Fake
21356,4563,300,2.65,463,40,0,5,Sharing moments from my journey,Fake
31561,452,112,5.0505739380840255,515,49,0,3,Fitness enthusiast 💪 | Health advocate,Real
12259,1893,364,8.44,662,21,0,5,Sharing moments from my journey,Real
1083,397,404,4.9,102,29,0,10,Passionate traveler and food lover,Real
41031,10,161,2.770359968793118,651,83,0,9,Digital nomad living my best life 🌴,Real
19639,2892,46,6.82,865,63,0,6,Business inquiries? Contact below 👇,Real
37245,4059,362,2.1307067546654603,676,0,0,9,Entrepreneur & lifestyle blogger,Real
41377,4483,412,5.75,995,90,0,4,Sharing moments from my journey,Fake
1311,1818,451,9.68999765157275,320,49,1,5,Aspiring artist | Drawing my dreams,Fake
30283,2316,24,5.83,873,9,0,3,Business inquiries? Contact below 👇,Fake
20258,3036,0,6.099793747982046,481,99,0,7,Fitness enthusiast 💪 | Health advocate,Real
22204,4403,487,1.81,420,79,0,3,Digital nomad living my best life 🌴,Real
16124,2942,253,5.89,745,70,0,6,Business inquiries? Contact below 👇,Fake
44814,2942,481,4.27,139,34,0,2,Entrepreneur & lifestyle blogger,Fake
32405,3779,394,0.71,595,35,0,6,Digital nomad living my best life 🌴,Real
7136,2193,256,6.63,886,8,0,7,Passionate traveler and food lover,Fake
32010,4252,342,7.438102989686282,999,90,0,2,Entrepreneur & lifestyle blogger,Real
53,1612,335,9.374466352475022,493,57,1,10,Passionate traveler and food lover,Real
26487,3320,4,5.6,295,36,0,8,Business inquiries? Contact below 👇,Real
41512,3176,461,1.5,414,96,1,11,Photographer and content creator 📸,Real
11505,1602,95,10.0,616,31,0,8,Entrepreneur & lifestyle blogger,Real
22452,2585,179,9.54,820,93,0,7,Passionate traveler and food lover,Fake
27603,3992,32,9.244296015801147,732,83,0,5,Sharing moments from my journey,Real
30482,3762,153,3.276482975939249,496,47,1,5,Love exploring new places 🌎,Real
35896,4698,497,9.53,661,55,1,4,DM for collaborations or inquiries!,Real
20904,4481,161,2.32,952,96,0,8,Foodie | Reviews and recipes,Fake
38532,2803,104,2.04,388,81,0,11,Passionate traveler and food lover,Fake
26292,10,0,5.928766225325686,224,25,0,5,Entrepreneur & lifestyle blogger,Real
26419,4971,27,0.92,90,49,1,4,Love exploring new places 🌎,Fake
32622,178,405,0.87,459,15,0,4,Love exploring new places 🌎,Real
29422,3086,345,7.884562839315921,577,74,1,8,Entrepreneur & lifestyle blogger,Real
24096,2314,36,1.93,792,99,0,11,Check out my website for more updates!,Fake
45251,3408,295,9.01,586,24,0,3,Foodie | Reviews and recipes,Fake
47577,881,417,2.6,120,14,0,5,Fitness enthusiast 💪 | Health advocate,Fake
30953,4324,171,4.63,518,70,1,6,Check out my website for more updates!,Fake
31018,4027,497,6.61,72,38,0,4,Entrepreneur & lifestyle blogger,Fake
17564,2680,432,1.94,458,2,0,10,Fitness enthusiast 💪 | Health advocate,Real
18756,4008,1,10.0,248,44,1,10,Aspiring artist | Drawing my dreams,Real
24598,45,183,0.0,691,69,0,4,Nature lover | Saving the planet 🌍,Real
20001,687,350,4.93,236,26,0,9,Foodie | Reviews and recipes,Fake
47887,4777,184,9.74,569,45,1,8,Fitness enthusiast 💪 | Health advocate,Fake
42534,4717,333,9.85,830,83,0,6,Personal blog | Stay positive ✨,Fake
42793,1322,499,1.57,945,40,0,2,Foodie | Reviews and recipes,Fake
6685,3356,120,1.59,347,83,0,1,Follow for daily inspiration 🌟,Real
24122,1085,324,3.93,703,90,0,4,DM for collaborations or inquiries!,Fake
40660,985,301,8.441145359377948,272,20,1,5,Business inquiries? Contact below 👇,Fake
38717,4181,391,1.28,566,73,1,10,Fitness enthusiast 💪 | Health advocate,Real
38916,2659,201,2.09,913,18,1,4,Sharing moments from my journey,Real
18610,1362,179,8.95,40,2,0,8,Foodie | Reviews and recipes,Real
14901,2887,342,1.77,64,64,0,9,DM for collaborations or inquiries!,Fake
32684,3635,286,4.23,889,52,1,3,Foodie | Reviews and recipes,Real
29007,2857,499,2.879095287194933,215,15,1,5,Sharing moments from my journey,Fake
44994,3077,374,1.53,487,38,0,7,Business inquiries? Contact below 👇,Real
49717,2639,4,1.48,706,10,0,8,Nature lover | Saving the planet 🌍,Fake
8215,304,407,5.04,595,66,0,2,Business inquiries? Contact below 👇,Fake
30522,10,334,9.164591808933658,993,67,1,7,DM for collaborations or inquiries!,Real
23966,256,354,0.51,228,9,0,7,Entrepreneur & lifestyle blogger,Real
37222,3427,312,3.694227728355948,481,16,1,7,DM for collaborations or inquiries!,Real
8245,3170,209,3.01,182,42,1,4,Photographer and content creator 📸,Real
46778,1239,362,6.12,141,53,0,4,Nature lover | Saving the planet 🌍,Real
7882,4771,292,8.070933554213502,580,29,0,11,Business inquiries? Contact below 👇,Real
17111,575,325,0.94,22,68,0,5,Nature lover | Saving the planet 🌍,Fake
10391,469,312,2.02,578,83,0,2,Sharing moments from my journey,Fake
38772,4616,329,4.35,319,21,0,8,Digital nomad living my best life 🌴,Fake
31936,10,499,4.773676436454109,945,10,0,11,Aspiring artist | Drawing my dreams,Fake
43625,3500,147,5.29,141,19,0,9,DM for collaborations or inquiries!,Real
36969,1941,377,5.448501567308815,653,68,1,2,Business inquiries? Contact below 👇,Fake
42728,3440,179,0.53,883,42,0,8,Business inquiries? Contact below 👇,Fake
34679,1777,488,0.93,969,0,0,4,DM for collaborations or inquiries!,Fake
6911,2272,361,9.35,948,71,0,10,Foodie | Reviews and recipes,Real
34398,3144,6,3.69,962,45,0,9,Business inquiries? Contact below 👇,Real
21883,2391,111,6.51,69,71,0,3,DM for collaborations or inquiries!,Real
44636,4083,459,8.12,160,76,0,5,Aspiring artist | Drawing my dreams,Real
6420,3425,380,7.33,101,12,0,6,Sharing moments from my journey,Fake
31681,1310,452,6.94,853,28,0,4,Nature lover | Saving the planet 🌍,Fake
31922,3499,488,4.010336322770312,74,40,1,4,Business inquiries? Contact below 👇,Fake
972,340,404,8.36,498,3,0,6,Check out my website for more updates!,Fake
34679,571,411,6.245129310223506,892,73,0,5,Sharing moments from my journey,Real
23740,2257,174,1.7220754580961055,428,62,1,5,DM for collaborations or inquiries!,Real
6665,541,195,8.75,932,16,0,7,Nature lover | Saving the planet 🌍,Fake
29045,2148,215,3.69,127,2,1,9,Digital nomad living my best life 🌴,Real
23965,2587,316,8.0968192142954,180,95,1,9,Entrepreneur & lifestyle blogger,Real
45129,4026,52,5.752478830432305,0,77,0,11,Digital nomad living my best life 🌴,Real
20490,1609,81,4.95,76,7,0,2,Love exploring new places 🌎,Real
2287,4660,204,9.0,991,1,0,9,DM for collaborations or inquiries!,Real
23028,3962,186,8.5,97,18,0,3,Aspiring artist | Drawing my dreams,Real
27252,3767,139,7.78,464,25,0,4,Passionate traveler and food lover,Real
41428,3312,294,4.74,349,7,0,6,Passionate traveler and food lover,Real
24296,1396,115,2.88,996,31,1,11,Personal blog | Stay positive ✨,Real
17427,2920,368,0.61,160,80,0,7,Foodie | Reviews and recipes,Fake
31203,1021,499,4.609349585620332,639,78,0,7,Entrepreneur & lifestyle blogger,Fake
26951,4898,253,9.01457779490405,178,44,0,5,Fitness enthusiast 💪 | Health advocate,Real
7918,2944,434,3.77,25,18,0,3,Love exploring new places 🌎,Real
9420,36,70,1.38,414,20,0,8,Foodie | Reviews and recipes,Fake
48194,3254,233,3.02,889,89,1,6,Nature lover | Saving the planet 🌍,Fake
23188,1495,176,6.325999154582154,601,49,0,10,Follow for daily inspiration 🌟,Real
41299,3752,195,5.002922387816144,715,31,0,3,Personal blog | Stay positive ✨,Real
16575,1418,159,7.0,443,23,0,2,Photographer and content creator 📸,Fake
30415,3692,342,2.4,887,15,0,7,Sharing moments from my journey,Fake
34444,4885,67,6.24,86,72,0,10,Entrepreneur & lifestyle blogger,Real
16098,3514,406,2.3107545735343598,553,0,0,1,DM for collaborations or inquiries!,Real
45400,1260,0,0.0,841,79,0,8,Aspiring artist | Drawing my dreams,Fake
16731,3852,402,5.671133056602984,0,30,0,1,Digital nomad living my best life 🌴,Real
2938,4343,90,0.52,751,26,0,2,Foodie | Reviews and recipes,Real
30110,4393,181,0.25,586,93,0,10,Passionate traveler and food lover,Fake
24283,844,45,3.78,325,64,0,9,Aspiring artist | Drawing my dreams,Fake
42922,4011,3,2.69,133,63,0,6,Photographer and content creator 📸,Fake
11381,3018,111,5.79,521,83,1,6,Business inquiries? Contact below 👇,Real
34557,3836,429,9.99,613,63,0,5,Photographer and content creator 📸,Fake
45786,273,488,2.53,845,81,0,8,Digital nomad living my best life 🌴,Real
47634,3887,476,6.904120678153538,555,37,1,3,Business inquiries? Contact below 👇,Real
30085,1016,364,6.79,310,9,0,4,Entrepreneur & lifestyle blogger,Fake
45817,285,94,8.96,810,51,0,9,DM for collaborations or inquiries!,Real
17151,1345,33,1.82,308,18,0,3,Fitness enthusiast 💪 | Health advocate,Fake
39163,1004,204,8.18,309,11,0,3,Follow for daily inspiration 🌟,Fake
46830,2110,164,2.72,659,15,0,11,Aspiring artist | Drawing my dreams,Fake
5747,2986,268,4.57,357,53,0,6,Check out my website for more updates!,Real
23628,699,464,7.86,774,72,0,4,Love exploring new places 🌎,Real
20926,2032,481,5.5,244,54,0,7,Passionate traveler and food lover,Real
36869,2053,368,2.39,362,19,0,6,Personal blog | Stay positive ✨,Fake
9441,1955,120,2.59,501,32,0,10,Love exploring new places 🌎,Fake
27757,2697,236,1.3966782772358357,148,0,1,7,Check out my website for more updates!,Fake
33520,1805,369,0.0,314,35,1,9,Check out my website for more updates!,Fake
6328,1362,131,0.99,593,13,0,8,Nature lover | Saving the planet 🌍,Fake
53,982,310,3.494775494595234,560,44,1,11,DM for collaborations or inquiries!,Real
6038,3746,453,5.86,355,30,0,10,Foodie | Reviews and recipes,Real
34773,296,105,3.09,667,24,0,3,Love exploring new places 🌎,Fake
45348,3083,265,3.106664229587265,270,0,0,6,Sharing moments from my journey,Real
35790,675,474,7.02,271,52,0,10,DM for collaborations or inquiries!,Fake
27958,636,390,1.7067660688700743,496,68,1,6,Fitness enthusiast 💪 | Health advocate,Fake
8877,4167,318,3.86,513,22,0,10,Fitness enthusiast 💪 | Health advocate,Real
14960,4596,234,3.881286730787292,481,99,1,5,Fitness enthusiast 💪 | Health advocate,Fake
20753,4999,268,4.56343422174668,341,96,0,9,Digital nomad living my best life 🌴,Fake
32384,1159,277,4.76,298,28,0,10,Digital nomad living my best life 🌴,Fake
44100,1078,85,0.4141952841188656,225,31,1,10,Business inquiries? Contact below 👇,Real
43544,29,303,3.92,544,98,0,7,Passionate traveler and food lover,Fake
13437,1816,200,2.95,758,24,1,2,Nature lover | Saving the planet 🌍,Real
28267,793,170,5.78,747,77,0,4,Aspiring artist | Drawing my dreams,Fake
44975,3624,111,7.667075711200335,525,86,1,9,Entrepreneur & lifestyle blogger,Fake
5681,780,156,6.183926898135238,661,13,1,11,Digital nomad living my best life 🌴,Fake
27238,2455,95,8.959703417563201,855,81,0,2,Business inquiries? Contact below 👇,Fake
8061,1231,168,0.21,832,44,0,3,Love exploring new places 🌎,Fake
28080,305,270,2.255201813486882,830,99,1,11,DM for collaborations or inquiries!,Fake
25329,1647,445,4.64,232,96,0,8,Photographer and content creator 📸,Fake
43847,1221,87,1.65,491,10,0,10,Digital nomad living my best life 🌴,Fake
16914,1848,170,2.7924798073498867,46,32,0,5,Aspiring artist | Drawing my dreams,Fake
31615,472,384,4.17,150,62,0,5,Personal blog | Stay positive ✨,Fake
7847,2585,88,1.78,338,7,0,8,Fitness enthusiast 💪 | Health advocate,Fake
22954,4286,33,2.417529621502839,863,21,1,7,Love exploring new places 🌎,Fake
18444,4001,264,8.1,983,24,0,10,Photographer and content creator 📸,Fake
13672,2948,68,4.21,303,18,0,3,Personal blog | Stay positive ✨,Real
21036,2032,293,2.53,1,13,0,2,Personal blog | Stay positive ✨,Real
7817,4975,330,7.31,434,9,0,6,Aspiring artist | Drawing my dreams,Real
22486,2889,56,7.08,673,94,0,3,Sharing moments from my journey,Real
34333,2792,195,8.21,517,55,0,6,Sharing moments from my journey,Fake
39667,905,7,5.89,69,70,0,1,Digital nomad living my best life 🌴,Real
28743,4539,309,9.147938439958097,581,65,0,2,DM for collaborations or inquiries!,Real
8577,3757,400,6.689480597828812,113,70,0,2,Foodie | Reviews and recipes,Real
28203,2981,106,1.1568508411236589,659,39,0,7,Fitness enthusiast 💪 | Health advocate,Real
21651,2024,119,5.596515634154131,514,2,1,10,Photographer and content creator 📸,Real
6792,1619,157,8.62,108,78,0,4,Entrepreneur & lifestyle blogger,Fake
12579,4505,465,0.28,99,86,0,2,Nature lover | Saving the planet 🌍,Fake
16698,3805,92,0.09,75,31,0,10,Love exploring new places 🌎,Fake
30144,1398,24,4.22,184,49,0,4,Foodie | Reviews and recipes,Fake
47318,740,232,1.861775020167212,469,21,0,8,Nature lover | Saving the planet 🌍,Real
30930,2750,398,10.0,423,23,0,5,Fitness enthusiast 💪 | Health advocate,Fake
48697,4999,217,4.228219546385686,319,61,1,1,Nature lover | Saving the planet 🌍,Real
11443,2525,225,5.19,75,15,1,6,Digital nomad living my best life 🌴,Fake
171,45,428,7.39,611,15,0,2,Personal blog | Stay positive ✨,Fake
27467,782,232,5.86,342,76,0,11,Check out my website for more updates!,Real
45780,2111,418,1.4840334184269448,636,63,1,6,Nature lover | Saving the planet 🌍,Fake
44177,3619,452,8.59,179,11,0,1,Check out my website for more updates!,Real
24494,3920,270,0.92,189,37,0,7,Check out my website for more updates!,Real
25586,3386,499,5.651474448204687,132,43,1,1,Nature lover | Saving the planet 🌍,Real
34924,2409,360,8.9,641,68,0,3,Personal blog | Stay positive ✨,Real
18089,4388,175,5.69,40,49,0,1,Foodie | Reviews and recipes,Real
47761,1525,111,9.609221301811717,788,44,0,10,Nature lover | Saving the planet 🌍,Fake
39382,316,357,8.352895435998693,419,50,0,5,Follow for daily inspiration 🌟,Real
14778,1230,376,9.15,704,56,0,3,Aspiring artist | Drawing my dreams,Real
29744,3655,405,0.9987180757230254,188,16,1,6,Follow for daily inspiration 🌟,Fake
27568,3232,334,3.812745645808769,850,53,1,4,Aspiring artist | Drawing my dreams,Real
11801,3130,236,6.680983181725184,491,1,1,1,Love exploring new places 🌎,Fake
22251,2735,113,0.16,742,72,0,10,Entrepreneur & lifestyle blogger,Real
35131,4109,325,6.748356665896268,32,50,1,10,Passionate traveler and food lover,Real
24890,4537,420,5.09,236,44,0,7,Foodie | Reviews and recipes,Real
39263,3026,457,5.98,514,66,0,8,Nature lover | Saving the planet 🌍,Real
44745,2257,464,5.557945505279737,930,85,0,5,Personal blog | Stay positive ✨,Fake
34701,4787,297,7.612806631580572,639,17,0,3,Fitness enthusiast 💪 | Health advocate,Real
17382,2195,244,7.788648902136671,683,32,0,3,Check out my website for more updates!,Fake
22189,3032,69,1.5408380076563954,595,13,1,2,Love exploring new places 🌎,Fake
20937,2703,451,2.33,772,4,0,2,Love exploring new places 🌎,Fake
40112,2185,171,1.23,585,70,1,6,Passionate traveler and food lover,Fake
13736,1371,204,5.7246507218567615,863,2,1,8,Fitness enthusiast 💪 | Health advocate,Real
4039,2828,440,1.73,803,90,0,4,Entrepreneur & lifestyle blogger,Real
5070,1448,294,2.6,770,4,0,10,Fitness enthusiast 💪 | Health advocate,Real
45877,1913,439,7.17,218,24,0,4,Photographer and content creator 📸,Fake
19152,3501,265,4.37,105,53,0,10,Personal blog | Stay positive ✨,Fake
39557,1360,483,7.908924946825561,999,44,0,5,Photographer and content creator 📸,Real
45335,344,89,4.34,626,32,0,9,Fitness enthusiast 💪 | Health advocate,Fake
3848,2992,416,5.132451942863454,383,33,1,3,Check out my website for more updates!,Fake
289,1683,131,5.92,517,52,0,3,Nature lover | Saving the planet 🌍,Real
26145,1166,249,6.86,923,94,0,10,Digital nomad living my best life 🌴,Real
43251,2517,63,5.57,396,6,0,8,Digital nomad living my best life 🌴,Fake
38598,1969,406,9.1,471,25,0,2,Love exploring new places 🌎,Fake
24469,3544,157,3.688815689697878,495,11,1,7,Passionate traveler and food lover,Fake
44640,2464,359,1.61,39,46,0,3,Sharing moments from my journey,Real
17450,1891,118,3.978635113644724,739,57,1,7,DM for collaborations or inquiries!,Real
522,1001,460,1.56,563,12,0,6,Passionate traveler and food lover,Real
19603,3913,227,3.913703973655506,162,31,0,8,Foodie | Reviews and recipes,Fake
43827,3597,155,7.5,249,6,0,3,Fitness enthusiast 💪 | Health advocate,Real
4100,3252,179,7.7,152,82,0,8,Love exploring new places 🌎,Fake
1002,2183,426,9.208782113816802,877,72,0,4,Personal blog | Stay positive ✨,Fake
19389,3489,2,9.63,590,54,0,5,Love exploring new places 🌎,Real
32377,2485,172,5.9200210577486505,167,34,0,3,Love exploring new places 🌎,Real
11946,731,305,2.49,255,14,0,10,Nature lover | Saving the planet 🌍,Real
29600,4124,164,0.17,581,32,0,7,Passionate traveler and food lover,Fake
16276,818,251,4.3,72,46,0,3,Sharing moments from my journey,Real
29473,4912,251,5.431464445688545,708,99,1,6,DM for collaborations or inquiries!,Fake
25078,88,279,3.97,158,0,0,9,DM for collaborations or inquiries!,Fake
18075,431,441,9.13,853,51,1,2,Photographer and content creator 📸,Fake
48736,2640,243,2.06,938,55,1,7,Love exploring new places 🌎,Real
16113,338,99,9.95,417,33,0,2,Check out my website for more updates!,Real
48723,2203,360,0.42,321,36,0,3,Love exploring new places 🌎,Real
25486,1155,70,5.59,121,58,0,1,DM for collaborations or inquiries!,Fake
25153,2351,258,0.54,431,23,0,7,Personal blog | Stay positive ✨,Fake
29931,722,161,4.7182008675195615,686,63,1,9,Follow for daily inspiration 🌟,Real
40034,2109,210,6.47,338,13,1,2,Foodie | Reviews and recipes,Fake
27360,4116,114,0.0,782,28,0,6,Fitness enthusiast 💪 | Health advocate,Real
30272,2682,408,5.886465601011244,999,63,1,11,Business inquiries? Contact below 👇,Real
40991,2378,157,8.661879669693063,147,71,0,10,Photographer and content creator 📸,Fake
2791,4122,325,9.06,818,8,0,5,Sharing moments from my journey,Real
3275,588,8,2.0687767349252546,496,99,1,6,Passionate traveler and food lover,Fake
24641,1901,198,5.43,220,24,0,6,Aspiring artist | Drawing my dreams,Fake
3473,1609,375,8.53,611,40,1,9,Photographer and content creator 📸,Fake
5111,2933,385,3.67,592,81,0,8,Business inquiries? Contact below 👇,Fake
5422,2736,252,4.02,131,71,0,3,Fitness enthusiast 💪 | Health advocate,Fake
21748,1318,456,5.222849973390141,679,67,1,8,Entrepreneur & lifestyle blogger,Real
37026,4775,312,1.9403884484989653,184,24,0,11,Digital nomad living my best life 🌴,Real
16919,3573,0,4.75309175506017,660,65,0,8,Entrepreneur & lifestyle blogger,Real
48589,4659,428,8.38,480,97,0,1,Sharing moments from my journey,Real
13267,3659,406,0.36,768,82,0,6,Follow for daily inspiration 🌟,Fake
31720,4084,71,9.84,800,55,0,8,Entrepreneur & lifestyle blogger,Real
645,3942,352,8.36,364,45,0,9,Personal blog | Stay positive ✨,Fake
46408,4297,246,6.489332796448818,334,28,1,4,Business inquiries? Contact below 👇,Fake
30365,3012,59,6.12,139,47,0,2,Entrepreneur & lifestyle blogger,Real
49998,404,286,5.651149883640359,668,29,1,7,Sharing moments from my journey,Fake
28562,2576,422,0.04,261,3,0,2,Entrepreneur & lifestyle blogger,Fake
39201,2693,89,8.36,607,35,0,6,Passionate traveler and food lover,Fake
21707,2773,105,4.12,17,30,0,5,Nature lover | Saving the planet 🌍,Fake
12490,4247,257,3.797107422124808,457,75,1,4,Personal blog | Stay positive ✨,Fake
11600,4775,248,0.42,748,85,1,10,DM for collaborations or inquiries!,Fake
30872,4145,69,7.75,16,55,0,1,Nature lover | Saving the planet 🌍,Fake
48145,2455,388,0.0,366,0,1,9,Follow for daily inspiration 🌟,Fake
25730,586,0,5.734391741687884,0,14,0,3,Love exploring new places 🌎,Real
38833,1028,394,3.23,854,83,0,5,DM for collaborations or inquiries!,Fake
23994,199,217,6.18,277,55,0,6,Photographer and content creator 📸,Fake
28481,2655,395,7.17,274,38,0,7,Foodie | Reviews and recipes,Real
8960,3550,206,0.14,747,58,0,8,Photographer and content creator 📸,Fake
17349,3468,184,7.94,901,71,0,1,Fitness enthusiast 💪 | Health advocate,Fake
14145,2564,137,5.383146464283234,92,33,1,5,Passionate traveler and food lover,Real
25847,2538,211,8.42,833,35,0,10,Follow for daily inspiration 🌟,Real
15643,2424,90,6.029984085515814,939,59,0,3,Fitness enthusiast 💪 | Health advocate,Fake
41865,1707,14,1.27,73,93,0,1,Entrepreneur & lifestyle blogger,Fake
36232,2496,383,8.88,401,62,0,5,Photographer and content creator 📸,Fake
35063,3077,104,6.14,340,12,0,3,Photographer and content creator 📸,Real
22425,3269,192,9.78,292,31,0,6,Check out my website for more updates!,Fake
30544,3767,417,9.16,798,6,0,8,Passionate traveler and food lover,Real
47257,483,409,5.63,869,16,0,10,Check out my website for more updates!,Fake
17792,1759,341,0.7,810,67,0,9,DM for collaborations or inquiries!,Fake
44377,438,372,9.06,319,24,0,10,Check out my website for more updates!,Fake
31608,525,308,5.789239867607722,398,70,0,7,Nature lover | Saving the planet 🌍,Real
40026,2054,120,3.0360188597069917,976,80,1,7,Business inquiries? Contact below 👇,Fake
31700,1803,0,7.395877025898458,725,35,0,6,Fitness enthusiast 💪 | Health advocate,Real
19372,4999,463,8.16390431643259,138,39,1,11,Foodie | Reviews and recipes,Fake
2536,4530,233,0.01,276,76,0,4,Photographer and content creator 📸,Fake
39583,3337,379,2.74,298,32,0,9,Photographer and content creator 📸,Fake
42444,2557,233,5.99,239,77,0,4,Sharing moments from my journey,Fake
2339,1720,53,6.35,33,15,0,4,Check out my website for more updates!,Fake
25909,3724,344,4.71995663680548,279,14,1,1,Passionate traveler and food lover,Fake
22818,1861,274,0.320212177819231,0,95,0,11,Foodie | Reviews and recipes,Real
44086,3123,378,7.97,708,60,0,4,Digital nomad living my best life 🌴,Fake
41414,2356,297,0.59,681,30,0,10,Personal blog | Stay positive ✨,Fake
7155,4773,341,9.27,50,27,1,8,Passionate traveler and food lover,Fake
9098,2211,249,7.663059588132329,355,34,0,9,Passionate traveler and food lover,Fake
38319,4999,437,5.596375699227149,69,90,1,6,Entrepreneur & lifestyle blogger,Fake
30094,429,23,5.454092603521695,624,22,0,4,Business inquiries? Contact below 👇,Fake
19278,2327,467,9.35,795,6,1,8,Fitness enthusiast 💪 | Health advocate,Real
40785,1076,486,1.96,825,98,0,8,Fitness enthusiast 💪 | Health advocate,Real
48105,2126,206,5.42,965,81,0,7,Passionate traveler and food lover,Fake
45951,995,14,2.55,712,72,0,6,Entrepreneur & lifestyle blogger,Fake
17852,3538,103,8.37,295,5,0,4,Entrepreneur & lifestyle blogger,Fake
16081,138,228,6.28,260,47,0,6,Aspiring artist | Drawing my dreams,Fake
48086,408,452,7.99,57,44,0,9,Check out my website for more updates!,Fake
9092,2180,419,3.0663066738924347,840,32,0,3,Fitness enthusiast 💪 | Health advocate,Fake
8405,921,243,9.88,18,80,0,8,Photographer and content creator 📸,Fake
48919,587,85,6.45,500,42,0,4,Business inquiries? Contact below 👇,Real
32891,2600,331,0.0,737,20,0,5,Aspiring artist | Drawing my dreams,Real
30885,4999,405,5.570605970078278,500,99,1,5,Digital nomad living my best life 🌴,Fake
17116,142,434,9.01,926,99,0,11,Business inquiries? Contact below 👇,Real
24422,1752,418,0.986202052696024,0,28,0,10,Entrepreneur & lifestyle blogger,Real
29799,1542,435,0.33,863,26,0,10,Photographer and content creator 📸,Real
29535,10,467,2.865002549394514,670,64,1,11,Fitness enthusiast 💪 | Health advocate,Real
18404,2860,117,3.24,826,41,0,9,DM for collaborations or inquiries!,Fake
38011,3517,338,1.06,875,32,0,4,Check out my website for more updates!,Real
33416,3575,382,2.13,890,92,0,5,Sharing moments from my journey,Real
11880,3018,288,9.56,789,23,0,10,Sharing moments from my journey,Real
16059,2941,416,8.19,949,57,0,10,Fitness enthusiast 💪 | Health advocate,Real
31372,1978,340,5.539806396499651,542,19,0,11,Photographer and content creator 📸,Real
21458,4392,356,3.67,319,77,0,11,Fitness enthusiast 💪 | Health advocate,Real
7412,342,334,4.32,985,41,1,3,Foodie | Reviews and recipes,Fake
27754,1571,336,1.3710173818810296,0,69,0,8,Check out my website for more updates!,Real
4527,2671,485,5.59,952,85,0,8,Love exploring new places 🌎,Fake
13053,2071,243,5.471081113873404,252,60,0,7,Follow for daily inspiration 🌟,Fake
45867,2424,339,7.95275870518985,524,6,1,6,Fitness enthusiast 💪 | Health advocate,Fake
27638,761,412,9.318216576380207,353,8,0,5,Fitness enthusiast 💪 | Health advocate,Fake
44311,4351,76,1.94,688,87,0,6,Business inquiries? Contact below 👇,Real
25533,1570,363,4.71365631172016,579,33,1,2,Digital nomad living my best life 🌴,Fake
49267,2899,304,7.43,2,13,0,7,Foodie | Reviews and recipes,Fake
40875,1872,249,5.12249112429808,906,86,1,1,Check out my website for more updates!,Real
26686,4719,412,3.18,826,11,0,2,Love exploring new places 🌎,Fake
44874,3780,49,4.44,108,85,0,4,Digital nomad living my best life 🌴,Real
13248,249,352,3.91256381131519,551,61,0,11,Fitness enthusiast 💪 | Health advocate,Real
18863,2767,427,8.438757169484575,660,19,0,8,Entrepreneur & lifestyle blogger,Real
42346,2809,50,1.99,889,84,1,3,Love exploring new places 🌎,Real
1478,3340,452,2.122920850052836,531,32,0,5,Check out my website for more updates!,Fake
8561,2300,463,9.43,373,11,0,3,Entrepreneur & lifestyle blogger,Fake
29072,305,199,4.07,141,1,0,5,Check out my website for more updates!,Fake
46900,1828,186,1.71,155,29,0,4,Photographer and content creator 📸,Fake
12792,681,365,2.116250219989212,604,87,0,10,Sharing moments from my journey,Fake
20045,3227,258,6.470004285111743,233,37,1,8,Business inquiries? Contact below 👇,Real
12702,1023,13,8.13,321,25,0,8,DM for collaborations or inquiries!,Real
13697,1713,94,1.73,811,20,0,6,Check out my website for more updates!,Fake
18599,713,499,7.396377079059956,581,73,0,8,Entrepreneur & lifestyle blogger,Fake
4734,1711,217,5.4939574332078855,0,47,0,9,Love exploring new places 🌎,Real
5217,4393,119,9.27,59,10,0,10,Nature lover | Saving the planet 🌍,Fake
49599,1875,486,1.67,444,51,0,7,Photographer and content creator 📸,Real
27125,4729,259,2.58,606,17,0,10,Fitness enthusiast 💪 | Health advocate,Real
37467,1345,373,9.17001044477739,484,71,0,8,Entrepreneur & lifestyle blogger,Real
42636,1978,309,7.78,617,44,0,10,Nature lover | Saving the planet 🌍,Fake
15585,10,237,1.170760629960132,373,69,0,9,Nature lover | Saving the planet 🌍,Fake
12407,171,154,7.81,177,11,0,10,Fitness enthusiast 💪 | Health advocate,Real
46006,639,434,10.0,688,76,1,9,Aspiring artist | Drawing my dreams,Fake
39924,2103,224,10.0,415,27,1,3,DM for collaborations or inquiries!,Fake
16205,3958,471,3.37,396,64,0,7,Love exploring new places 🌎,Fake
29535,356,236,9.98,281,47,0,5,Photographer and content creator 📸,Fake
24215,2776,264,7.36,199,70,1,3,Nature lover | Saving the planet 🌍,Fake
12399,4458,323,2.29,481,54,0,5,Foodie | Reviews and recipes,Fake
3446,3471,218,6.334125026454072,604,75,1,6,Fitness enthusiast 💪 | Health advocate,Real
38279,4347,258,9.40146486058579,683,66,0,7,Entrepreneur & lifestyle blogger,Fake
32697,1532,204,3.05,460,74,0,3,Follow for daily inspiration 🌟,Fake
24673,1615,43,3.73,118,25,0,4,Fitness enthusiast 💪 | Health advocate,Fake
47025,1553,140,9.09,307,70,0,10,DM for collaborations or inquiries!,Fake
23908,4904,192,9.25,671,6,0,5,Aspiring artist | Drawing my dreams,Fake
15906,3646,160,7.46,510,87,0,9,Nature lover | Saving the planet 🌍,Fake
39342,2371,89,6.712604558320763,234,31,1,9,Business inquiries? Contact below 👇,Real
19868,3950,201,4.18,199,61,0,6,Love exploring new places 🌎,Real
2117,4171,395,1.33,197,31,0,1,Aspiring artist | Drawing my dreams,Real
32559,4997,432,1.1744368680772994,561,37,1,2,Photographer and content creator 📸,Fake
10947,3533,344,5.71,762,73,0,10,Passionate traveler and food lover,Fake
4110,2207,442,2.85,705,36,1,8,Love exploring new places 🌎,Real
20149,10,499,6.09142748969866,629,73,0,10,Personal blog | Stay positive ✨,Fake
19201,4999,433,6.024935230201944,304,50,1,8,Digital nomad living my best life 🌴,Fake
21056,3347,286,4.538075559827431,360,7,1,8,DM for collaborations or inquiries!,Real
6385,2527,342,5.09,195,17,0,6,Personal blog | Stay positive ✨,Real
37268,2959,97,5.1445203891912215,555,54,1,4,Nature lover | Saving the planet 🌍,Fake
31561,4010,165,2.2368879608461705,570,19,0,7,Business inquiries? Contact below 👇,Fake
12957,336,159,9.35,725,22,0,6,DM for collaborations or inquiries!,Real
36351,1374,332,6.41,914,62,0,10,Entrepreneur & lifestyle blogger,Real
37615,3547,271,6.65,211,62,0,6,Fitness enthusiast 💪 | Health advocate,Real
24749,2379,435,0.74,461,41,0,5,Foodie | Reviews and recipes,Fake
20374,1355,452,6.557234327204684,637,36,1,4,Entrepreneur & lifestyle blogger,Fake
32326,979,314,7.54,141,55,1,11,Photographer and content creator 📸,Real
11682,4815,61,2.57,830,61,0,4,Digital nomad living my best life 🌴,Fake
42471,1259,117,7.89,211,23,0,5,Passionate traveler and food lover,Real
31768,3800,123,0.09,477,95,1,4,Entrepreneur & lifestyle blogger,Fake
22169,4160,183,3.2,494,20,0,4,Nature lover | Saving the planet 🌍,Real
47342,1230,141,4.42,643,62,0,9,DM for collaborations or inquiries!,Real
7330,2154,233,10.0,50,53,1,5,Photographer and content creator 📸,Fake
23540,3270,135,6.565743681148179,335,68,1,9,Love exploring new places 🌎,Fake
45228,4076,235,0.7,153,93,0,8,Check out my website for more updates!,Fake
41463,3110,73,4.1,336,46,1,3,Photographer and content creator 📸,Real
5111,280,170,5.57,404,31,0,5,Check out my website for more updates!,Fake
24736,4491,375,2.3,757,20,0,11,Aspiring artist | Drawing my dreams,Fake
22272,3350,298,6.607285892380334,127,44,1,4,Passionate traveler and food lover,Real
25952,1640,454,9.61,454,20,0,5,Follow for daily inspiration 🌟,Fake
46985,3915,186,2.5,632,6,0,9,Photographer and content creator 📸,Fake
19705,4902,364,7.17,686,59,0,3,Entrepreneur & lifestyle blogger,Fake
15336,2915,278,6.200993993186463,315,55,1,2,Aspiring artist | Drawing my dreams,Fake
357,2246,270,1.21,947,34,0,8,DM for collaborations or inquiries!,Fake
3150,763,360,9.33,517,87,0,6,Nature lover | Saving the planet 🌍,Fake
49188,4096,382,5.36,134,89,0,4,Personal blog | Stay positive ✨,Fake
47064,2256,375,4.48,486,12,0,3,Check out my website for more updates!,Real
47609,4354,98,8.29,875,72,0,10,Sharing moments from my journey,Real
7261,1561,410,3.83,581,35,0,8,Love exploring new places 🌎,Fake
23860,3157,115,0.82,92,20,0,5,Follow for daily inspiration 🌟,Fake
33544,1186,153,3.270708205259595,161,40,0,7,Entrepreneur & lifestyle blogger,Real
39265,3382,464,0.0,404,9,1,5,Personal blog | Stay positive ✨,Fake
9576,4679,98,5.22,204,51,0,2,Business inquiries? Contact below 👇,Fake
21224,2619,460,5.5,111,6,0,6,Passionate traveler and food lover,Fake
36273,4048,281,4.75,632,83,0,4,Love exploring new places 🌎,Fake
31303,697,449,7.78,896,78,0,5,Foodie | Reviews and recipes,Real
19647,1041,161,3.77,814,8,0,11,Passionate traveler and food lover,Fake
6324,849,420,7.52,760,19,0,2,Foodie | Reviews and recipes,Fake
36602,2774,0,7.96619091300189,511,34,0,6,Check out my website for more updates!,Fake
34295,4964,90,5.99303898657566,248,0,0,10,Personal blog | Stay positive ✨,Fake
48130,2204,136,1.06,501,19,0,2,Passionate traveler and food lover,Real
31210,1246,205,4.62,630,78,0,1,Sharing moments from my journey,Real
24430,4999,444,0.9417625689727664,51,32,0,6,Follow for daily inspiration 🌟,Fake
7365,4354,423,3.38,583,72,0,9,Fitness enthusiast 💪 | Health advocate,Fake
4121,4642,499,7.24541179779337,525,67,0,7,Check out my website for more updates!,Fake
22702,11,317,6.11,792,38,0,9,Check out my website for more updates!,Fake
32141,2536,216,6.21707981004636,749,76,0,8,Entrepreneur & lifestyle blogger,Fake
18081,4253,499,5.522629085091247,476,22,1,7,Personal blog | Stay positive ✨,Fake
2851,3502,313,4.064318734943197,235,51,0,4,Photographer and content creator 📸,Real
1357,1782,201,9.43,22,55,0,8,Check out my website for more updates!,Real
707,3463,90,5.51,978,55,0,7,Check out my website for more updates!,Real
41939,3161,318,2.24,880,25,0,2,Nature lover | Saving the planet 🌍,Fake
15141,929,479,8.1,586,91,0,8,Aspiring artist | Drawing my dreams,Fake
25767,3666,131,0.95,83,30,0,4,Digital nomad living my best life 🌴,Real
35370,2807,182,2.0822273674503218,650,32,0,3,Aspiring artist | Drawing my dreams,Fake
41457,1497,241,1.67,180,0,0,10,Digital nomad living my best life 🌴,Fake
14026,2131,240,4.537666923989781,726,83,0,3,Aspiring artist | Drawing my dreams,Fake
22261,1693,482,3.9,220,14,0,3,Personal blog | Stay positive ✨,Fake
15128,4541,476,7.18,991,47,0,6,Follow for daily inspiration 🌟,Fake
34025,220,412,2.07,243,97,0,3,Personal blog | Stay positive ✨,Real
46019,4065,123,5.13,835,40,0,6,Fitness enthusiast 💪 | Health advocate,Real
12319,4111,103,6.316870918957017,672,81,0,7,Check out my website for more updates!,Real
41677,2423,293,10.0,725,28,1,4,Entrepreneur & lifestyle blogger,Fake
38502,2737,303,6.523357378915564,0,24,1,5,Aspiring artist | Drawing my dreams,Real
28518,2295,300,6.88,112,24,0,2,Business inquiries? Contact below 👇,Real
37981,949,78,0.31,97,50,0,5,Check out my website for more updates!,Fake
23246,1490,467,9.61,48,97,0,9,Foodie | Reviews and recipes,Real
30921,4166,442,4.304593511205687,653,80,0,7,Aspiring artist | Drawing my dreams,Fake
38499,4245,142,2.94,694,6,0,5,Foodie | Reviews and recipes,Real
24024,2744,425,6.15,453,29,0,8,DM for collaborations or inquiries!,Fake
13863,616,200,9.55,795,74,0,10,Personal blog | Stay positive ✨,Real
37238,4246,38,5.1,334,36,1,3,Foodie | Reviews and recipes,Fake
41514,449,237,2.31,123,65,0,4,DM for collaborations or inquiries!,Real
38218,10,259,0.9730657457926196,421,80,0,11,Photographer and content creator 📸,Real
25280,2378,316,5.001543420428679,803,54,1,4,Love exploring new places 🌎,Real
17184,4791,28,6.75,832,46,0,5,Fitness enthusiast 💪 | Health advocate,Fake
27701,3713,153,6.79,133,60,1,3,Nature lover | Saving the planet 🌍,Real
40250,3234,286,8.608702929195282,316,23,0,1,Love exploring new places 🌎,Fake
364,2075,268,2.97,506,9,0,3,Follow for daily inspiration 🌟,Real
48468,3009,264,1.0945326090344865,557,59,1,5,Check out my website for more updates!,Fake
33754,2201,10,4.56,767,24,1,5,Business inquiries? Contact below 👇,Real
45732,2621,189,0.51,312,46,0,4,Foodie | Reviews and recipes,Fake
36647,3042,222,8.72,650,99,0,4,Check out my website for more updates!,Real
46997,2087,353,1.06,622,88,0,2,Follow for daily inspiration 🌟,Real
24171,1876,391,5.11,315,56,0,2,Entrepreneur & lifestyle blogger,Real
37788,2571,272,8.52,719,52,0,4,Nature lover | Saving the planet 🌍,Fake
16266,3425,357,1.78,442,18,0,2,Photographer and content creator 📸,Fake
42934,3329,34,5.13,58,3,0,7,Passionate traveler and food lover,Fake
6566,1323,267,1.3536963405307805,674,62,0,10,Passionate traveler and food lover,Real
22291,2075,314,4.427956070230638,806,95,1,11,Passionate traveler and food lover,Fake
20990,3209,273,6.148485062693006,749,38,0,6,Sharing moments from my journey,Real
36490,3979,198,2.31,590,22,0,4,Nature lover | Saving the planet 🌍,Real
49998,2723,127,6.780743045313001,155,21,1,5,Foodie | Reviews and recipes,Fake
11716,4820,59,7.94,321,29,0,9,Follow for daily inspiration 🌟,Fake
7563,4068,135,1.83,936,56,0,7,Aspiring artist | Drawing my dreams,Fake
25393,549,372,10.0,642,55,0,8,Foodie | Reviews and recipes,Fake
43332,1294,18,4.58,68,22,0,7,Follow for daily inspiration 🌟,Fake
48396,884,393,5.51,438,8,0,9,Digital nomad living my best life 🌴,Fake
24788,2536,68,0.0,396,69,1,3,Love exploring new places 🌎,Real
9318,941,248,0.06,574,65,0,5,Nature lover | Saving the planet 🌍,Real
43195,4120,233,6.48,368,38,0,7,Photographer and content creator 📸,Real
22805,1396,292,7.83,705,62,0,11,DM for collaborations or inquiries!,Fake
25754,264,100,6.14,835,52,0,9,Foodie | Reviews and recipes,Fake
49455,256,346,9.26,429,15,0,10,Passionate traveler and food lover,Real
6694,2094,11,7.59,528,93,0,6,Foodie | Reviews and recipes,Real
30583,3780,344,2.8827930231669945,699,4,0,5,Love exploring new places 🌎,Real
32676,2825,85,2.41,389,54,0,8,Fitness enthusiast 💪 | Health advocate,Fake
26769,2226,82,0.65,331,25,1,8,Business inquiries? Contact below 👇,Fake
43599,3538,480,6.68,545,48,0,2,Check out my website for more updates!,Fake
19110,1936,200,4.246231495353593,51,14,1,2,Digital nomad living my best life 🌴,Real
18699,1446,276,4.898823660117207,406,52,1,8,Digital nomad living my best life 🌴,Fake
46396,3834,224,5.86,136,40,0,4,Foodie | Reviews and recipes,Real
12242,427,340,0.92,297,89,1,1,Personal blog | Stay positive ✨,Fake
20793,10,263,2.77095210923833,469,35,0,1,Follow for daily inspiration 🌟,Real
1672,1599,409,3.2,787,32,0,2,Digital nomad living my best life 🌴,Fake
46375,132,236,7.9563934864858386,298,0,1,8,Sharing moments from my journey,Real
25399,4959,417,7.42,769,95,0,3,Entrepreneur & lifestyle blogger,Fake
29145,1997,267,2.236940386031758,206,24,0,10,Aspiring artist | Drawing my dreams,Real
3734,2685,474,9.29,616,73,0,5,DM for collaborations or inquiries!,Real
38226,956,269,3.474945673542272,705,56,1,3,Aspiring artist | Drawing my dreams,Real
24626,2058,0,4.42,125,5,0,3,Love exploring new places 🌎,Fake
13000,2851,66,1.64,88,65,1,5,Sharing moments from my journey,Fake
43448,4852,52,0.13,380,25,0,11,Entrepreneur & lifestyle blogger,Fake
17348,1381,132,5.37,350,25,0,5,Business inquiries? Contact below 👇,Real
29640,3412,459,5.81,830,67,1,4,Nature lover | Saving the planet 🌍,Fake
40355,4275,489,2.16,966,15,0,6,Personal blog | Stay positive ✨,Fake
43197,2127,345,6.67,4,55,0,4,Personal blog | Stay positive ✨,Fake
2408,2615,306,6.27,74,67,0,9,Photographer and content creator 📸,Fake
26948,3851,435,3.27,725,92,0,10,Check out my website for more updates!,Real
46686,650,264,4.34,635,58,0,8,Sharing moments from my journey,Fake
1857,4019,245,8.53,591,4,0,7,Foodie | Reviews and recipes,Real
11300,58,341,3.3,96,48,1,5,Photographer and content creator 📸,Fake
32560,185,117,9.22,102,4,1,5,DM for collaborations or inquiries!,Fake
10608,4191,0,4.8176226397561175,176,32,0,1,Digital nomad living my best life 🌴,Fake
947,3345,145,8.56,966,56,0,2,Digital nomad living my best life 🌴,Real
14567,3139,340,4.99,378,64,0,7,Sharing moments from my journey,Real
43621,4174,197,9.07,847,35,0,8,Nature lover | Saving the planet 🌍,Real
27093,2557,27,6.89,788,49,0,1,Sharing moments from my journey,Real
43683,2926,38,8.33817404918599,466,36,1,6,Follow for daily inspiration 🌟,Fake
38984,3988,264,7.98,700,69,0,9,Follow for daily inspiration 🌟,Real
7180,384,264,5.52,803,41,0,7,Follow for daily inspiration 🌟,Fake
658,3782,315,3.9015780879810777,994,95,1,9,Love exploring new places 🌎,Fake
25686,3177,447,2.7560912935318527,34,41,0,6,Entrepreneur & lifestyle blogger,Fake
10231,1870,54,3.31,976,18,1,3,Sharing moments from my journey,Real
13458,2397,222,6.327114019846355,446,0,0,10,Nature lover | Saving the planet 🌍,Real
29196,3931,468,5.089064634539742,309,91,1,1,Business inquiries? Contact below 👇,Fake
39829,2714,444,0.83,816,70,1,10,Love exploring new places 🌎,Real
13183,4013,227,1.78,101,93,0,5,Follow for daily inspiration 🌟,Fake
12189,218,188,8.9,77,57,0,6,Love exploring new places 🌎,Fake
24325,4017,406,5.68,802,68,0,8,Personal blog | Stay positive ✨,Fake
45651,4335,326,5.016564327215674,144,48,1,1,DM for collaborations or inquiries!,Fake
29305,833,219,4.22,676,99,0,1,Passionate traveler and food lover,Real
44446,2239,22,3.2301653098426244,266,38,0,8,Check out my website for more updates!,Real
45352,3491,327,3.294905201848893,962,91,1,5,DM for collaborations or inquiries!,Fake
596,3603,158,2.211063385799465,528,0,0,1,Sharing moments from my journey,Real
14604,3907,167,6.577710356302121,623,45,0,1,Love exploring new places 🌎,Fake
38111,4013,99,1.02,664,78,0,8,Follow for daily inspiration 🌟,Fake
46385,4629,151,5.19,983,46,0,4,DM for collaborations or inquiries!,Fake
23149,2470,84,5.43,190,68,0,11,Love exploring new places 🌎,Fake
36696,1694,2,4.54,558,20,0,9,Sharing moments from my journey,Real
17578,720,171,0.4898416940227621,887,64,1,3,Check out my website for more updates!,Real
640,3430,146,5.62,393,73,0,7,Photographer and content creator 📸,Fake
32851,3008,196,1.73,56,52,0,11,Photographer and content creator 📸,Real
8796,4729,294,2.95,429,87,0,5,Sharing moments from my journey,Fake
20091,4250,328,9.13,291,1,0,10,Nature lover | Saving the planet 🌍,Real
1876,636,365,9.59,374,21,0,2,Fitness enthusiast 💪 | Health advocate,Real
13437,1769,56,3.08,974,73,0,2,Fitness enthusiast 💪 | Health advocate,Real
31813,4999,355,5.77813771129997,897,57,0,5,Sharing moments from my journey,Fake
11058,3915,401,1.78,467,32,0,10,Aspiring artist | Drawing my dreams,Real
53,38,499,2.2142758333618837,916,22,1,1,Passionate traveler and food lover,Fake
15172,457,342,8.47,806,9,0,8,Business inquiries? Contact below 👇,Real
30226,1135,134,4.856344642843921,784,86,1,6,Photographer and content creator 📸,Real
15770,2120,72,9.96,181,97,1,9,Foodie | Reviews and recipes,Real
38853,4948,135,1.4286292195383603,462,30,1,5,Business inquiries? Contact below 👇,Real
10627,4173,246,2.47,698,29,0,6,Check out my website for more updates!,Real
22338,3183,143,2.970433423713628,288,35,1,8,Digital nomad living my best life 🌴,Fake
16607,464,142,6.4,360,85,1,8,DM for collaborations or inquiries!,Fake
12612,3388,194,0.22,264,49,0,6,Personal blog | Stay positive ✨,Real
42038,1753,147,4.27,426,21,0,9,Photographer and content creator 📸,Fake
8875,4843,260,5.28,266,85,0,8,Passionate traveler and food lover,Fake
32975,308,407,3.86,433,24,0,7,Aspiring artist | Drawing my dreams,Real
49998,2731,404,4.695512150598798,574,65,0,5,Fitness enthusiast 💪 | Health advocate,Real
9404,682,75,1.15,561,55,0,3,Fitness enthusiast 💪 | Health advocate,Real
40764,1532,45,6.8,856,72,0,7,Love exploring new places 🌎,Fake
19286,4859,151,1.11,327,97,0,9,Digital nomad living my best life 🌴,Fake
39309,3999,393,8.93,532,57,1,9,Follow for daily inspiration 🌟,Fake
10312,1711,282,2.99,895,73,0,11,Photographer and content creator 📸,Real
17756,3592,194,8.904206114254148,520,29,0,8,Business inquiries? Contact below 👇,Real
22244,3738,289,8.538719245687455,651,0,0,8,Nature lover | Saving the planet 🌍,Fake
8867,2257,229,7.97,461,87,1,1,Business inquiries? Contact below 👇,Fake
20237,31,293,9.04240867370964,163,99,1,11,Love exploring new places 🌎,Fake
2160,10,262,1.616425684674169,412,69,1,9,Foodie | Reviews and recipes,Real
9611,2232,480,3.03,667,67,0,7,Follow for daily inspiration 🌟,Fake
19175,1708,234,4.417992075241163,941,81,1,5,Passionate traveler and food lover,Real
841,846,371,6.14,682,18,0,6,Follow for daily inspiration 🌟,Fake
35029,3059,361,2.98,646,25,0,10,Foodie | Reviews and recipes,Fake
24087,1963,227,8.27,602,33,1,5,Entrepreneur & lifestyle blogger,Fake
43635,2836,253,9.07,650,42,0,11,Foodie | Reviews and recipes,Real
23822,3101,273,6.322776380748036,535,36,1,6,Foodie | Reviews and recipes,Real
22085,4911,62,2.62,490,83,0,5,Fitness enthusiast 💪 | Health advocate,Fake
6732,1440,486,1.25,550,93,0,10,Follow for daily inspiration 🌟,Fake
36945,2778,243,8.34,29,67,0,2,Personal blog | Stay positive ✨,Real
43522,3685,146,8.29,361,2,0,4,Business inquiries? Contact below 👇,Fake
11377,3953,416,6.89,61,99,0,8,Nature lover | Saving the planet 🌍,Real
44875,2284,12,5.84,186,90,0,6,Follow for daily inspiration 🌟,Real
32239,2793,144,4.739593222408004,838,48,1,10,Nature lover | Saving the planet 🌍,Fake
42037,4360,83,3.44,392,68,0,10,Follow for daily inspiration 🌟,Real
31285,904,61,4.12,988,3,0,10,Check out my website for more updates!,Fake
47474,1001,68,1.43,164,73,0,2,Business inquiries? Contact below 👇,Fake
53,3401,255,6.11274870046393,530,72,0,5,Business inquiries? Contact below 👇,Fake
23624,3322,433,4.86,948,93,0,2,Love exploring new places 🌎,Fake
36860,1022,170,7.667100118674469,276,89,1,10,Nature lover | Saving the planet 🌍,Fake
45965,2555,310,6.068681100148622,304,56,1,11,Sharing moments from my journey,Fake
37456,4664,132,6.07,889,32,0,6,Aspiring artist | Drawing my dreams,Fake
11282,2163,150,0.74,503,96,0,7,Digital nomad living my best life 🌴,Real
36501,1909,335,5.519535738316695,509,14,0,6,Personal blog | Stay positive ✨,Real
41335,1352,290,5.82,843,44,1,5,Sharing moments from my journey,Real
5348,2657,160,0.71,583,76,0,8,Business inquiries? Contact below 👇,Fake
19660,3449,432,6.533228073181265,23,0,0,6,Digital nomad living my best life 🌴,Real
36980,740,364,3.19,489,43,0,3,Personal blog | Stay positive ✨,Fake
4058,1897,72,2.37,750,66,1,3,Personal blog | Stay positive ✨,Real
32830,1497,113,3.87,988,23,0,6,DM for collaborations or inquiries!,Fake
23777,1941,136,9.64,519,20,0,6,Nature lover | Saving the planet 🌍,Fake
38535,2895,229,2.446354277482888,666,45,0,2,Personal blog | Stay positive ✨,Real
4700,1430,496,2.61,697,60,0,9,Passionate traveler and food lover,Real
31425,3228,499,3.715607139519256,649,52,1,7,Passionate traveler and food lover,Fake
43836,4371,189,6.69,704,77,0,7,Love exploring new places 🌎,Fake
33701,4313,133,9.58,473,8,0,2,Personal blog | Stay positive ✨,Real
2884,1978,104,1.03,911,41,0,4,Digital nomad living my best life 🌴,Fake
13956,2449,323,1.94,65,40,0,5,Fitness enthusiast 💪 | Health advocate,Real
33083,3422,496,5.64,98,75,0,7,Nature lover | Saving the planet 🌍,Real
26919,1727,213,0.28,582,42,0,4,Business inquiries? Contact below 👇,Real
30908,2450,95,7.25,952,91,0,5,Photographer and content creator 📸,Real
11391,4528,124,3.89,296,89,0,8,Entrepreneur & lifestyle blogger,Real
17115,1831,349,9.68560785112888,580,0,0,6,Business inquiries? Contact below 👇,Fake
40990,4987,310,3.09,705,88,0,3,Aspiring artist | Drawing my dreams,Real
37447,2183,378,8.199318240804377,269,33,0,5,Sharing moments from my journey,Fake
35523,2972,228,3.15092966825527,848,45,1,4,Love exploring new places 🌎,Fake
16067,3638,134,5.996347233276298,248,92,1,9,Passionate traveler and food lover,Real
29672,2761,366,5.948562030793458,524,99,0,7,Business inquiries? Contact below 👇,Fake
42197,2998,426,0.33,282,26,0,3,Business inquiries? Contact below 👇,Fake
30796,3897,466,6.22,415,20,1,5,Digital nomad living my best life 🌴,Real
40548,4720,265,4.994923888827718,725,99,1,4,Fitness enthusiast 💪 | Health advocate,Fake
4663,3729,286,4.474055540300044,514,66,0,8,Personal blog | Stay positive ✨,Fake
15075,2285,187,10.0,916,17,1,8,Entrepreneur & lifestyle blogger,Fake
30099,1158,65,3.41,399,68,0,1,Photographer and content creator 📸,Real
10568,436,129,1.81,966,51,0,8,Aspiring artist | Drawing my dreams,Real
34513,4064,462,8.83,454,82,0,10,Follow for daily inspiration 🌟,Fake
27735,3715,310,8.363580164022299,962,59,1,4,Nature lover | Saving the planet 🌍,Fake
29269,2355,150,2.4399867927879257,692,65,1,6,Love exploring new places 🌎,Real
31613,2746,71,8.38758674113011,69,99,1,1,Fitness enthusiast 💪 | Health advocate,Real
1712,3400,245,0.0,252,71,1,4,Love exploring new places 🌎,Fake
34816,2548,438,9.2,949,66,1,9,Photographer and content creator 📸,Fake
3850,2283,124,5.48,748,69,0,8,Digital nomad living my best life 🌴,Real
10758,2878,185,3.24,198,3,0,2,Personal blog | Stay positive ✨,Real
26241,433,263,4.96,356,0,0,11,Check out my website for more updates!,Fake
15619,3659,449,7.196446449769653,999,78,0,6,Love exploring new places 🌎,Fake
27666,1013,371,0.8705049184759526,408,44,0,4,Photographer and content creator 📸,Real
42302,1907,83,7.12,544,14,0,11,Business inquiries? Contact below 👇,Fake
11605,2701,29,1.91,628,45,0,2,Check out my website for more updates!,Fake
13396,72,81,5.78469611062359,0,99,0,11,Personal blog | Stay positive ✨,Fake
2442,389,227,3.77,770,70,0,9,Love exploring new places 🌎,Fake
16696,3305,499,7.77220846930874,432,58,1,11,Business inquiries? Contact below 👇,Real
20142,1929,178,4.77,467,26,1,2,Foodie | Reviews and recipes,Fake
29903,3469,27,8.424221006502638,188,54,0,5,Sharing moments from my journey,Real
17358,4999,155,6.294332185122583,171,44,0,4,Digital nomad living my best life 🌴,Real
33013,764,258,8.76,2,75,0,10,Digital nomad living my best life 🌴,Real
337,3428,382,3.47,884,37,0,6,Foodie | Reviews and recipes,Fake
49608,169,418,3.27,15,22,0,10,DM for collaborations or inquiries!,Real
750,4627,130,6.31,474,60,0,2,Nature lover | Saving the planet 🌍,Fake
26004,3231,425,4.68,234,34,0,9,Passionate traveler and food lover,Real
41155,1720,17,7.08,803,2,0,8,Love exploring new places 🌎,Real
37711,2340,318,6.69,888,58,0,8,Digital nomad living my best life 🌴,Real
53,2350,391,4.864364807400182,418,43,0,1,Fitness enthusiast 💪 | Health advocate,Fake
332,4910,422,5.71,183,75,0,7,Personal blog | Stay positive ✨,Fake
24692,10,316,3.4884608616159984,862,50,1,6,Nature lover | Saving the planet 🌍,Real
8785,3194,192,6.823852608028092,410,34,0,4,Personal blog | Stay positive ✨,Fake
45269,3578,378,6.07,676,4,0,9,Digital nomad living my best life 🌴,Fake
40250,751,0,7.369992113577556,400,99,1,4,Nature lover | Saving the planet 🌍,Real
13454,1638,177,8.95,728,19,0,3,Foodie | Reviews and recipes,Real
38314,2670,299,5.3,225,97,1,9,Entrepreneur & lifestyle blogger,Real
37609,1760,301,3.76,53,2,1,4,Business inquiries? Contact below 👇,Fake
5893,3876,102,6.971546833234838,799,79,1,1,Nature lover | Saving the planet 🌍,Fake
2702,2602,204,9.93,191,97,0,10,Passionate traveler and food lover,Fake
27432,2371,4,0.4127338035443317,760,62,0,9,DM for collaborations or inquiries!,Real
45493,3040,258,5.0745269207389,310,51,1,8,Entrepreneur & lifestyle blogger,Fake
13918,2659,450,8.527603428615548,738,79,1,10,Photographer and content creator 📸,Fake
13600,3601,145,6.55520005981638,99,18,0,9,Check out my website for more updates!,Fake
24974,4880,433,0.49,547,5,0,10,Sharing moments from my journey,Real
25522,4765,156,0.0721942836270344,334,54,1,6,Passionate traveler and food lover,Real
8034,1960,326,6.4,810,42,0,2,Sharing moments from my journey,Fake
23519,1133,135,5.41,156,15,0,2,Passionate traveler and food lover,Fake
27396,1854,232,1.5623783233026804,323,64,1,5,Personal blog | Stay positive ✨,Real
11076,10,231,3.558589364029185,803,82,1,5,Aspiring artist | Drawing my dreams,Fake
31771,706,437,7.925874690961042,608,32,1,8,Nature lover | Saving the planet 🌍,Fake
13140,1286,499,4.097394354892772,332,59,1,8,Digital nomad living my best life 🌴,Fake
37628,3512,429,9.58,571,54,0,7,Foodie | Reviews and recipes,Fake
2230,4257,176,1.83,244,5,0,9,Photographer and content creator 📸,Fake
33516,4030,402,7.516991257302239,572,63,1,3,Follow for daily inspiration 🌟,Real
53,4055,124,3.885085569804032,319,99,0,8,Foodie | Reviews and recipes,Real
43959,1638,438,4.632458372339117,680,13,1,6,Business inquiries? Contact below 👇,Fake
17132,10,401,7.53350687191593,357,55,0,7,Entrepreneur & lifestyle blogger,Fake
17438,2809,399,6.204895894080978,533,55,1,3,Nature lover | Saving the planet 🌍,Real
34186,4353,43,6.1,969,80,0,2,Nature lover | Saving the planet 🌍,Fake
26411,2663,106,2.110444754422629,244,49,0,1,Nature lover | Saving the planet 🌍,Real
18808,2793,225,6.24,824,71,0,9,Nature lover | Saving the planet 🌍,Real
23248,3149,126,4.224425773983484,523,29,0,7,Business inquiries? Contact below 👇,Fake
6551,920,147,1.8751653228953609,331,23,0,5,Love exploring new places 🌎,Fake
48676,3251,248,2.26,160,7,0,8,Business inquiries? Contact below 👇,Fake
10864,2872,72,4.681145532973193,810,98,0,8,DM for collaborations or inquiries!,Real
7079,3172,133,7.98,227,77,0,3,Nature lover | Saving the planet 🌍,Fake
36505,3135,130,2.37,115,70,0,3,Photographer and content creator 📸,Fake
5747,1031,274,5.29,825,55,0,8,Check out my website for more updates!,Real
5756,2524,478,5.58,83,77,0,11,Love exploring new places 🌎,Fake
39857,3473,140,3.004055612954519,575,6,0,2,Business inquiries? Contact below 👇,Real
8683,1612,40,7.94,88,89,0,7,Personal blog | Stay positive ✨,Real
21247,1169,308,7.59,747,91,0,2,Digital nomad living my best life 🌴,Real
19456,3776,276,8.23,480,67,0,2,Check out my website for more updates!,Real
3968,672,301,0.32,55,2,0,7,Foodie | Reviews and recipes,Fake
36906,316,332,7.5293785121008465,439,20,0,7,Foodie | Reviews and recipes,Real
37590,1421,149,2.67,976,9,0,5,Love exploring new places 🌎,Fake
19306,4012,499,2.6217134438704024,430,63,1,2,Sharing moments from my journey,Real
26300,4460,229,5.83,39,97,0,6,Check out my website for more updates!,Fake
36548,233,153,6.32,251,5,0,8,Fitness enthusiast 💪 | Health advocate,Real
46323,4982,20,9.36,408,84,0,3,Digital nomad living my best life 🌴,Real
33687,4020,148,9.2,805,86,0,2,Love exploring new places 🌎,Real
12545,1560,58,1.69,780,77,0,2,Check out my website for more updates!,Fake
892,697,333,0.14,797,97,0,7,Follow for daily inspiration 🌟,Fake
44379,4657,431,4.89,654,94,0,6,Aspiring artist | Drawing my dreams,Real
14649,3818,180,5.603295870385882,484,75,0,9,Nature lover | Saving the planet 🌍,Fake
28472,2878,55,8.579496700806049,548,34,1,8,Digital nomad living my best life 🌴,Fake
44674,903,448,2.23,382,66,0,11,Check out my website for more updates!,Fake
8085,1783,28,0.86,776,90,0,3,Digital nomad living my best life 🌴,Real
41509,880,161,2.58,936,3,0,9,Digital nomad living my best life 🌴,Fake
11223,2182,199,5.76,400,61,0,9,Aspiring artist | Drawing my dreams,Fake
35401,249,125,3.5264603809979294,383,99,0,4,DM for collaborations or inquiries!,Real
10230,4351,72,3.64,573,37,0,2,Aspiring artist | Drawing my dreams,Real
44822,4819,365,5.76,480,96,0,8,DM for collaborations or inquiries!,Real
6415,4042,231,1.0451964666292357,315,78,0,9,Love exploring new places 🌎,Real
18622,163,444,0.64,425,34,0,3,DM for collaborations or inquiries!,Fake
5758,267,200,3.13,772,35,0,3,DM for collaborations or inquiries!,Fake
38742,4999,220,1.7188027782601227,625,52,0,6,Check out my website for more updates!,Real
16115,2011,465,8.509810065310663,999,45,1,2,Follow for daily inspiration 🌟,Real
49785,4083,164,6.73,352,91,0,10,Entrepreneur & lifestyle blogger,Fake
11611,269,477,1.09,48,98,0,11,Personal blog | Stay positive ✨,Fake
22183,2491,162,7.84,456,58,0,5,DM for collaborations or inquiries!,Real
35325,3096,476,9.67,296,52,0,6,Entrepreneur & lifestyle blogger,Fake
16686,3171,85,2.72,260,21,0,1,Entrepreneur & lifestyle blogger,Real
6385,3564,432,1.61,737,77,0,6,Check out my website for more updates!,Real
8229,3522,497,5.323031238969112,294,38,0,5,Nature lover | Saving the planet 🌍,Fake
22493,1727,35,5.72,201,50,0,1,Digital nomad living my best life 🌴,Real
45188,669,306,4.408970817308713,248,0,1,3,Photographer and content creator 📸,Real
36038,2837,54,2.48,705,39,0,8,Entrepreneur & lifestyle blogger,Real
87,606,374,1.76,897,77,1,7,Digital nomad living my best life 🌴,Fake
49998,10,193,6.285675275620173,829,99,0,11,Business inquiries? Contact below 👇,Fake
15786,3638,473,5.61,993,42,0,9,Business inquiries? Contact below 👇,Fake
27702,3468,109,8.499300935601177,373,99,0,8,Photographer and content creator 📸,Fake
43742,4458,466,2.64,530,73,0,5,Digital nomad living my best life 🌴,Real
23555,2730,251,2.35,544,16,0,1,Check out my website for more updates!,Fake
23163,2873,162,4.075345547659191,378,99,0,7,Digital nomad living my best life 🌴,Fake
4951,4587,326,6.59,835,21,0,11,Check out my website for more updates!,Fake
27661,1971,47,5.93,27,2,0,2,DM for collaborations or inquiries!,Real
33950,3784,158,5.85,845,94,0,5,Entrepreneur & lifestyle blogger,Fake
42813,4285,163,4.987124679679978,615,49,0,11,Foodie | Reviews and recipes,Real
21033,941,78,8.760551067471566,644,72,0,8,Aspiring artist | Drawing my dreams,Real
43088,3371,129,1.97,354,74,0,5,Passionate traveler and food lover,Fake
7003,1457,435,3.8343280530123063,740,35,0,1,Digital nomad living my best life 🌴,Real
27597,3527,428,3.775458384116795,450,92,1,7,Business inquiries? Contact below 👇,Real
17061,4999,399,8.262852980785803,693,42,1,7,Fitness enthusiast 💪 | Health advocate,Fake
32854,4364,466,4.83,363,17,0,7,Entrepreneur & lifestyle blogger,Fake
13173,1865,499,7.033758056917571,891,72,0,4,Check out my website for more updates!,Fake
24972,983,117,5.70186365702315,596,42,1,3,Sharing moments from my journey,Real
28132,2992,182,9.94,538,75,0,4,Aspiring artist | Drawing my dreams,Fake
35652,574,327,5.62,565,6,0,1,Digital nomad living my best life 🌴,Fake
27428,1358,107,0.64,205,15,1,7,Photographer and content creator 📸,Real
16792,1175,26,5.17,93,53,0,3,Fitness enthusiast 💪 | Health advocate,Fake
41079,1269,0,3.142508498341967,459,65,1,1,Business inquiries? Contact below 👇,Fake
30657,4999,0,7.00635104332645,354,18,1,3,Follow for daily inspiration 🌟,Fake
21396,3601,112,1.7299601705088787,94,19,1,9,Love exploring new places 🌎,Real
37227,1556,51,5.82,346,89,1,11,Photographer and content creator 📸,Real
27380,3783,458,6.71,333,36,0,9,Check out my website for more updates!,Real
49771,2643,139,3.59,110,55,0,4,Check out my website for more updates!,Fake
14644,1383,308,3.86,83,28,1,9,Aspiring artist | Drawing my dreams,Real
3774,445,381,2.47,310,41,0,7,Aspiring artist | Drawing my dreams,Real
17679,3758,114,10.0,308,38,0,6,Follow for daily inspiration 🌟,Fake
42080,4650,180,4.94,93,62,0,4,Digital nomad living my best life 🌴,Fake
4283,3159,445,3.59,80,51,0,7,Check out my website for more updates!,Fake
30485,412,100,2.03,391,85,1,11,Business inquiries? Contact below 👇,Real
43889,1810,191,7.069505422129023,268,65,0,1,Check out my website for more updates!,Real
8884,1319,259,9.71,362,50,0,5,Digital nomad living my best life 🌴,Real
34674,3528,177,9.038653887139466,192,60,1,1,Fitness enthusiast 💪 | Health advocate,Real
21626,942,216,1.37,911,61,0,3,Follow for daily inspiration 🌟,Fake
1191,431,487,7.09,235,45,0,4,Check out my website for more updates!,Fake
9970,3636,314,7.54,860,48,0,5,Love exploring new places 🌎,Real
46249,4222,260,9.29,104,29,1,4,Love exploring new places 🌎,Fake
29195,337,190,7.81,48,59,0,8,Follow for daily inspiration 🌟,Fake
26637,10,499,0.1872169308123341,486,83,1,5,Digital nomad living my best life 🌴,Real
37037,2360,126,6.05,314,68,0,2,Sharing moments from my journey,Real
15099,553,213,6.05,599,46,0,2,Fitness enthusiast 💪 | Health advocate,Fake
35052,1104,494,9.37,293,18,0,4,Aspiring artist | Drawing my dreams,Fake
42105,2621,215,9.73566399292748,743,15,1,1,Love exploring new places 🌎,Real
10691,3936,88,1.62,787,83,0,2,Passionate traveler and food lover,Real
27300,1504,473,5.15,503,84,0,2,Fitness enthusiast 💪 | Health advocate,Fake
10065,2887,190,1.87,985,54,0,10,Business inquiries? Contact below 👇,Real
20033,3241,460,3.66,762,69,0,7,Passionate traveler and food lover,Fake
23826,18,385,0.98,412,58,0,10,Photographer and content creator 📸,Fake
43444,1385,438,3.5,932,30,0,7,Personal blog | Stay positive ✨,Fake
31181,1639,314,4.57,97,92,0,4,Follow for daily inspiration 🌟,Real
41272,2175,226,0.0,16,76,0,9,DM for collaborations or inquiries!,Fake
1188,4069,291,1.29,441,63,0,9,Business inquiries? Contact below 👇,Real
7343,1247,164,2.7615569418309134,349,85,1,6,Business inquiries? Contact below 👇,Real
35189,2421,39,2.42,33,77,0,11,DM for collaborations or inquiries!,Real
30164,949,458,9.68,883,63,0,11,Entrepreneur & lifestyle blogger,Fake
49305,4772,38,3.884024170953328,493,54,1,11,Entrepreneur & lifestyle blogger,Real
26269,990,57,4.43,33,91,0,8,Personal blog | Stay positive ✨,Fake
49698,3518,265,8.84,300,64,0,5,Business inquiries? Contact below 👇,Fake
5948,4565,286,3.38,553,37,0,9,Personal blog | Stay positive ✨,Real
49998,2300,15,6.3822188783124965,616,30,0,5,Personal blog | Stay positive ✨,Fake
11504,4423,193,2.98,879,72,0,7,Foodie | Reviews and recipes,Fake
12266,3225,274,1.16,453,26,0,8,Sharing moments from my journey,Fake
31773,3959,373,8.75,671,66,0,3,Sharing moments from my journey,Real
8316,2458,349,1.14,708,7,0,3,Foodie | Reviews and recipes,Fake
3751,4999,240,5.899908069648576,330,79,0,5,Sharing moments from my journey,Real
37051,128,370,6.773304538071948,437,0,0,1,Digital nomad living my best life 🌴,Real
53,803,209,6.039527518539508,416,45,1,8,Business inquiries? Contact below 👇,Real
27826,3922,282,1.74,494,93,0,10,Sharing moments from my journey,Real
49998,2829,354,2.3776716629956507,107,39,1,7,Sharing moments from my journey,Real
10656,837,18,9.35,98,37,0,5,Personal blog | Stay positive ✨,Real
308,1395,383,1.68,357,33,0,3,Photographer and content creator 📸,Real
40864,2331,171,2.59,92,55,0,7,Passionate traveler and food lover,Real
53,3286,207,10.0,523,49,1,5,Fitness enthusiast 💪 | Health advocate,Fake
38646,4625,116,4.26,87,86,0,7,DM for collaborations or inquiries!,Real
28998,3366,464,4.168646204785873,367,62,1,1,Sharing moments from my journey,Real
18437,4966,70,5.24,85,53,0,9,Passionate traveler and food lover,Real
2829,805,357,5.82,872,95,0,10,Aspiring artist | Drawing my dreams,Real
29247,4951,74,0.84,500,36,0,4,Passionate traveler and food lover,Fake
30883,4999,219,2.984528559475184,280,60,1,5,Follow for daily inspiration 🌟,Real
23524,4103,119,8.25,925,74,0,2,Follow for daily inspiration 🌟,Fake
40691,254,333,4.16,405,94,0,6,Sharing moments from my journey,Real
3392,3143,118,1.73,951,18,0,8,Business inquiries? Contact below 👇,Real
29960,3305,207,5.29,767,76,0,8,Follow for daily inspiration 🌟,Real
27294,1666,308,9.57,137,83,0,2,Fitness enthusiast 💪 | Health advocate,Fake
31697,3474,110,1.99,709,2,0,3,Check out my website for more updates!,Real
41037,2396,51,6.24,519,72,0,9,Fitness enthusiast 💪 | Health advocate,Fake
44945,4502,348,7.87,987,79,0,4,Personal blog | Stay positive ✨,Real
32190,3621,293,2.30074302214547,29,22,1,10,Photographer and content creator 📸,Fake
32333,4783,328,4.020211435287682,737,78,1,9,Digital nomad living my best life 🌴,Fake
44842,2520,283,3.745597942205917,248,41,0,4,Business inquiries? Contact below 👇,Real
39354,1637,461,7.308818838477057,748,78,0,3,Follow for daily inspiration 🌟,Real
11190,1292,180,1.02,32,31,0,2,Business inquiries? Contact below 👇,Fake
42014,940,279,6.630801142994018,542,9,1,6,Foodie | Reviews and recipes,Real
39279,3762,446,3.61,844,30,0,4,Nature lover | Saving the planet 🌍,Real
10547,3000,280,8.091099662702284,581,51,0,5,Fitness enthusiast 💪 | Health advocate,Real
21003,633,297,4.455988108334031,913,41,1,1,Personal blog | Stay positive ✨,Real
44577,2049,64,1.95,955,94,1,7,Aspiring artist | Drawing my dreams,Fake
44238,3397,120,6.5,332,65,0,2,Fitness enthusiast 💪 | Health advocate,Fake
36154,4224,157,8.11,765,33,0,6,Sharing moments from my journey,Fake
20959,969,110,0.67,150,27,0,10,Fitness enthusiast 💪 | Health advocate,Fake
12246,10,470,4.521872958255668,597,29,1,6,Check out my website for more updates!,Real
33455,4937,460,1.71,967,51,0,6,Love exploring new places 🌎,Real
28708,3465,326,9.093855873534096,659,56,1,8,Aspiring artist | Drawing my dreams,Real
49998,3415,208,1.0034598617268666,890,53,1,3,Follow for daily inspiration 🌟,Real
25381,1243,166,5.189898036111591,364,99,1,2,Fitness enthusiast 💪 | Health advocate,Fake
30318,2782,215,1.6024648646005013,947,8,1,4,Fitness enthusiast 💪 | Health advocate,Real
25171,4541,252,8.002670756840462,546,36,1,6,Follow for daily inspiration 🌟,Real
11241,1931,65,5.98,780,90,0,4,Check out my website for more updates!,Real
1032,1412,121,0.89,152,14,0,6,Fitness enthusiast 💪 | Health advocate,Real
31252,3475,214,3.14,725,2,0,4,Digital nomad living my best life 🌴,Fake
44906,2318,416,3.6,420,68,0,5,Nature lover | Saving the planet 🌍,Real
49998,3803,180,5.833792879864936,847,18,1,3,Fitness enthusiast 💪 | Health advocate,Fake
28513,1372,381,7.18,475,98,1,2,Nature lover | Saving the planet 🌍,Real
30432,3091,342,8.278560114070697,753,6,0,7,Nature lover | Saving the planet 🌍,Fake
40841,4234,358,6.64,157,19,0,8,Photographer and content creator 📸,Fake
20596,2909,87,1.56,29,48,0,9,Nature lover | Saving the planet 🌍,Fake
37798,320,464,7.97,205,99,0,5,Entrepreneur & lifestyle blogger,Real
31016,1430,277,9.08,953,33,0,7,Fitness enthusiast 💪 | Health advocate,Fake
8995,3059,300,7.71,94,91,0,3,Photographer and content creator 📸,Fake
40777,4954,72,9.36,949,25,0,3,Photographer and content creator 📸,Fake
30453,3903,301,8.482347262657822,712,47,0,9,Fitness enthusiast 💪 | Health advocate,Real
1646,2842,59,3.92,764,56,0,10,Passionate traveler and food lover,Fake
53,327,196,3.578914715426309,999,80,1,6,Foodie | Reviews and recipes,Real
45493,1673,374,6.5,847,72,0,11,Fitness enthusiast 💪 | Health advocate,Real
27581,2146,326,4.756586219462104,691,99,1,6,Foodie | Reviews and recipes,Fake
1607,2528,451,4.81,915,20,0,7,Business inquiries? Contact below 👇,Fake
8452,4090,464,8.64,647,85,0,5,Passionate traveler and food lover,Fake
6475,4689,107,5.67,967,90,0,11,Digital nomad living my best life 🌴,Fake
16036,4584,242,1.9249611881915096,437,66,1,4,Fitness enthusiast 💪 | Health advocate,Real
15435,4616,320,7.412809466797118,999,19,0,9,Aspiring artist | Drawing my dreams,Real
41887,4440,126,9.7,705,96,0,9,Love exploring new places 🌎,Fake
26304,1178,108,3.54,964,34,0,11,Fitness enthusiast 💪 | Health advocate,Real
22877,1911,164,1.0568799778973337,807,60,0,11,Love exploring new places 🌎,Fake
1900,10,126,1.49,781,69,0,6,Business inquiries? Contact below 👇,Fake
42838,1987,16,3.86,823,27,0,7,Photographer and content creator 📸,Real
28660,803,112,5.32,85,90,0,7,Foodie | Reviews and recipes,Fake
45285,402,229,4.83,292,3,0,10,Love exploring new places 🌎,Fake
4772,3760,120,7.87,380,34,0,5,Follow for daily inspiration 🌟,Real
1266,4522,496,5.1,755,94,0,9,Entrepreneur & lifestyle blogger,Fake
19356,3642,430,8.868780735073095,712,53,0,7,Love exploring new places 🌎,Real
14432,3352,322,9.63,798,84,0,10,Follow for daily inspiration 🌟,Fake
33928,3936,228,9.89,518,45,0,1,Fitness enthusiast 💪 | Health advocate,Real
20982,4266,106,5.46182440265735,871,50,0,4,Foodie | Reviews and recipes,Fake
7361,3349,358,2.17,696,99,0,5,Business inquiries? Contact below 👇,Fake
11825,4196,219,9.18,938,65,0,8,DM for collaborations or inquiries!,Fake
6685,614,338,0.56,315,12,0,1,Entrepreneur & lifestyle blogger,Real
53,2435,381,7.277713061792264,663,67,0,8,Sharing moments from my journey,Real
21082,3533,312,4.107860547474648,470,40,0,5,Foodie | Reviews and recipes,Real
42803,632,157,4.61,716,13,0,7,Business inquiries? Contact below 👇,Fake
16351,755,447,5.6,496,88,0,9,Digital nomad living my best life 🌴,Fake
40444,910,404,3.79,385,76,1,1,Entrepreneur & lifestyle blogger,Fake
34485,4249,185,1.3515361413049862,485,18,1,10,Nature lover | Saving the planet 🌍,Fake
30297,1625,386,8.3,950,55,0,4,Fitness enthusiast 💪 | Health advocate,Real
39471,4651,263,3.20787160345316,254,67,0,5,Business inquiries? Contact below 👇,Real
24949,1503,367,8.76,1,38,0,9,Photographer and content creator 📸,Real
18238,1995,119,5.93115402596796,515,67,0,9,Passionate traveler and food lover,Real
19930,2718,92,6.32,195,34,0,4,Check out my website for more updates!,Real
9137,213,19,6.99,441,40,0,3,Photographer and content creator 📸,Real
36801,10,499,3.9740240853334816,164,53,0,7,Check out my website for more updates!,Fake
39304,1598,353,4.88,267,56,0,9,Business inquiries? Contact below 👇,Real
12750,2915,133,7.43,554,30,0,5,Foodie | Reviews and recipes,Real
9894,3479,315,3.917870429879415,373,24,0,9,Photographer and content creator 📸,Fake
14983,4968,220,1.1545903548412646,556,48,0,6,Photographer and content creator 📸,Fake
31631,750,55,8.33,803,9,0,8,Personal blog | Stay positive ✨,Real
2510,1568,198,1.09,775,35,0,11,Personal blog | Stay positive ✨,Fake
4398,491,237,5.81,137,46,1,3,DM for collaborations or inquiries!,Real
39918,564,190,5.09,688,17,0,6,Photographer and content creator 📸,Fake
25767,1541,184,4.18,794,56,0,1,Nature lover | Saving the planet 🌍,Fake
32873,2330,356,5.97,654,98,0,7,DM for collaborations or inquiries!,Fake
14558,1302,200,9.76,788,42,0,3,Nature lover | Saving the planet 🌍,Real
20407,1257,286,3.79,512,77,0,11,Entrepreneur & lifestyle blogger,Fake
7697,826,471,5.87,699,18,0,6,Entrepreneur & lifestyle blogger,Fake
37726,53,6,2.42,942,65,0,6,DM for collaborations or inquiries!,Real
26697,4116,222,4.6349114484053535,386,62,1,5,Aspiring artist | Drawing my dreams,Fake
45378,605,412,4.424785399751095,706,57,0,5,Entrepreneur & lifestyle blogger,Fake
49990,1698,378,3.39,844,69,0,11,Photographer and content creator 📸,Fake
47670,3855,453,3.37,889,4,0,1,Aspiring artist | Drawing my dreams,Fake
6134,4141,193,2.4,26,10,0,5,DM for collaborations or inquiries!,Real
4997,1825,463,4.97,619,50,0,11,Personal blog | Stay positive ✨,Fake
39970,3961,339,7.567302517759808,585,66,1,4,Personal blog | Stay positive ✨,Real
13449,1742,220,2.78,116,63,0,3,Digital nomad living my best life 🌴,Fake
4612,1746,310,2.206492643013166,332,57,0,9,Follow for daily inspiration 🌟,Fake
28340,2918,134,6.65,530,50,0,7,Follow for daily inspiration 🌟,Fake
23445,2848,396,1.56,225,92,0,1,Nature lover | Saving the planet 🌍,Real
36335,4062,260,0.23,574,26,0,4,DM for collaborations or inquiries!,Real
36569,4884,227,1.73,136,95,0,5,Business inquiries? Contact below 👇,Real
31651,2088,242,7.312984913574004,612,62,0,7,Nature lover | Saving the planet 🌍,Fake
47285,836,361,8.91,580,32,0,3,Love exploring new places 🌎,Real
7324,3907,97,3.96287340154278,382,41,1,11,Photographer and content creator 📸,Fake
15738,3571,150,10.0,670,61,0,6,Digital nomad living my best life 🌴,Fake
49183,1397,499,0.7168700289557934,398,74,0,2,Entrepreneur & lifestyle blogger,Real
16192,169,185,5.49,885,40,0,10,Aspiring artist | Drawing my dreams,Real
39866,2517,263,6.400604881568661,252,58,0,4,Sharing moments from my journey,Fake
35072,799,290,8.66,223,22,0,3,DM for collaborations or inquiries!,Fake
1125,704,168,6.82,571,94,0,5,DM for collaborations or inquiries!,Fake
49252,1470,495,6.78,44,93,1,4,Fitness enthusiast 💪 | Health advocate,Real
48939,3043,168,8.81,452,56,0,4,Fitness enthusiast 💪 | Health advocate,Real
31132,4755,210,2.05,873,97,1,9,Check out my website for more updates!,Real
45465,1965,272,2.077301994993026,636,27,1,8,Foodie | Reviews and recipes,Real
22410,1536,40,4.610333996473425,688,92,0,11,Check out my website for more updates!,Fake
2281,4207,90,0.79,115,2,0,2,Love exploring new places 🌎,Real
23028,2484,135,9.109565386691774,141,55,1,8,Love exploring new places 🌎,Fake
646,255,140,5.13,164,43,0,7,Passionate traveler and food lover,Fake
33381,3187,332,2.056316748538301,264,55,0,8,Check out my website for more updates!,Fake
32386,2774,222,4.642887464943265,471,31,0,3,Love exploring new places 🌎,Fake
19002,1606,282,5.623910042338475,636,0,0,11,Business inquiries? Contact below 👇,Fake
19921,3936,119,5.369076882269626,409,60,0,5,Love exploring new places 🌎,Fake
36631,2777,494,8.11,871,12,0,4,Nature lover | Saving the planet 🌍,Real
44586,4088,34,9.34,471,93,0,5,Passionate traveler and food lover,Real
2188,4556,491,5.3,67,86,0,8,Passionate traveler and food lover,Real
5974,3037,149,4.028285547071221,685,40,1,9,DM for collaborations or inquiries!,Fake
25747,3290,265,2.290837350285112,552,99,0,5,Follow for daily inspiration 🌟,Real
15163,2990,310,7.01,177,75,0,3,Digital nomad living my best life 🌴,Real
44936,2685,59,5.93,170,28,0,1,Fitness enthusiast 💪 | Health advocate,Fake
18526,2915,305,1.42620545731405,521,62,0,2,Love exploring new places 🌎,Fake
25037,4078,395,1.74,456,41,0,10,Aspiring artist | Drawing my dreams,Fake
41553,4441,418,7.55,79,14,0,8,Digital nomad living my best life 🌴,Fake
12306,1688,81,7.84,818,98,0,9,Sharing moments from my journey,Real
15418,4545,294,6.24,478,88,0,6,Follow for daily inspiration 🌟,Real
45054,1397,392,8.0,616,25,0,4,Passionate traveler and food lover,Real
8003,4614,35,0.57,721,13,0,11,Check out my website for more updates!,Real
25974,4371,183,6.82,882,71,0,9,Love exploring new places 🌎,Real
11895,1958,96,1.34,455,92,0,9,Passionate traveler and food lover,Real
43888,3325,431,3.47,294,53,0,11,Digital nomad living my best life 🌴,Fake
19700,10,317,3.666240175815501,614,18,1,6,Fitness enthusiast 💪 | Health advocate,Fake
43616,2662,318,6.993899502669543,530,52,1,9,Digital nomad living my best life 🌴,Fake
45366,1467,270,5.513350441205365,494,34,1,1,Personal blog | Stay positive ✨,Real
37286,1833,75,0.93,256,16,0,11,Business inquiries? Contact below 👇,Real
17376,150,32,2.59,784,56,0,9,DM for collaborations or inquiries!,Fake
24484,3345,264,2.78,794,81,0,6,Foodie | Reviews and recipes,Fake
38268,3482,88,7.06,847,43,0,6,Sharing moments from my journey,Fake
4122,1429,313,4.060525521742212,354,60,1,1,Aspiring artist | Drawing my dreams,Real
53,2428,217,4.978965472113003,712,0,1,11,Entrepreneur & lifestyle blogger,Real
2426,2620,94,8.14,439,4,0,7,DM for collaborations or inquiries!,Fake
49998,1941,455,5.77,620,46,0,7,Fitness enthusiast 💪 | Health advocate,Real
38634,536,230,3.65,943,95,0,4,Love exploring new places 🌎,Real
46396,116,118,7.61,183,45,1,10,DM for collaborations or inquiries!,Real
19644,3677,124,3.0,329,2,0,11,DM for collaborations or inquiries!,Fake
40827,1143,114,7.705123459089732,26,49,0,10,Passionate traveler and food lover,Fake
43072,3399,68,2.13,205,13,1,7,Fitness enthusiast 💪 | Health advocate,Fake
37164,2719,433,3.44,550,53,0,8,DM for collaborations or inquiries!,Fake
43537,4178,102,5.380548687935847,427,57,0,5,Passionate traveler and food lover,Real
6647,3432,128,5.19,365,75,0,11,Sharing moments from my journey,Fake
1477,1427,112,5.58,644,83,1,3,Photographer and content creator 📸,Real
10065,1881,499,4.55,588,68,0,5,Follow for daily inspiration 🌟,Real
20945,1671,206,5.8253551979093,871,3,0,6,DM for collaborations or inquiries!,Fake
23476,2597,318,7.571829844651745,0,65,1,7,Entrepreneur & lifestyle blogger,Real
40025,435,224,4.09,170,17,0,6,Business inquiries? Contact below 👇,Fake
42282,3814,400,8.73,83,2,0,3,Sharing moments from my journey,Real
36804,1709,158,6.6601472637217,861,45,1,8,Love exploring new places 🌎,Real
3158,2311,72,8.621892851722922,322,17,1,7,Check out my website for more updates!,Real
12920,3937,222,9.18,483,73,0,6,Aspiring artist | Drawing my dreams,Fake
4292,4999,204,10.0,422,32,1,7,Nature lover | Saving the planet 🌍,Real
19584,265,492,3.61,914,26,0,8,Aspiring artist | Drawing my dreams,Real
13139,2204,252,8.68,864,29,0,9,Passionate traveler and food lover,Fake
44907,3985,112,6.89,56,85,0,4,Passionate traveler and food lover,Fake
15421,2916,363,7.06,620,19,0,9,Photographer and content creator 📸,Fake
40561,2536,273,3.492629786490768,664,70,0,10,Photographer and content creator 📸,Fake
13298,732,226,8.46954765481185,26,30,1,9,Foodie | Reviews and recipes,Real
30702,1075,398,9.21193890790652,726,23,0,5,Check out my website for more updates!,Fake
9561,2203,15,7.72,452,65,0,5,Follow for daily inspiration 🌟,Real
40025,3187,181,1.81,984,67,0,8,Business inquiries? Contact below 👇,Fake
44071,2538,499,7.049317114949201,339,85,1,7,Entrepreneur & lifestyle blogger,Fake
2299,1848,24,8.7,428,45,0,4,Aspiring artist | Drawing my dreams,Real
16102,585,101,7.69,590,52,0,11,Photographer and content creator 📸,Real
41222,417,260,3.48,231,60,0,5,Check out my website for more updates!,Fake
39067,217,437,0.45,511,74,0,11,Passionate traveler and food lover,Fake
1682,899,422,4.56,137,99,0,5,Check out my website for more updates!,Fake
19896,4915,219,4.64,817,3,1,2,Photographer and content creator 📸,Fake
49753,3127,354,0.33,367,41,0,11,Passionate traveler and food lover,Fake
29357,4641,93,4.7,422,12,0,7,Entrepreneur & lifestyle blogger,Fake
49998,4642,440,4.80142507421931,569,0,0,9,Entrepreneur & lifestyle blogger,Real
14591,701,499,4.628203474066442,643,61,1,8,Digital nomad living my best life 🌴,Real
19781,741,255,10.0,999,70,0,6,Personal blog | Stay positive ✨,Real
34882,4047,251,4.385219697600403,444,35,0,5,Sharing moments from my journey,Fake
22480,2170,190,5.76,505,86,1,2,Photographer and content creator 📸,Real
19705,4277,145,4.57,67,24,0,3,Nature lover | Saving the planet 🌍,Fake
19006,99,78,8.08,822,54,0,7,Aspiring artist | Drawing my dreams,Real
9921,2484,65,0.5653280643903242,213,60,1,7,Check out my website for more updates!,Real
79,429,359,3.16,558,61,1,6,Nature lover | Saving the planet 🌍,Real
36440,3049,431,1.92,620,22,0,10,DM for collaborations or inquiries!,Fake
33175,2806,474,5.6,795,30,0,7,Personal blog | Stay positive ✨,Real
8416,2532,419,9.03,474,45,0,3,Fitness enthusiast 💪 | Health advocate,Real
31879,3784,396,3.32,807,7,0,6,Follow for daily inspiration 🌟,Fake
40265,4778,434,7.69,362,64,0,10,Foodie | Reviews and recipes,Real
24824,4810,198,0.69,580,61,0,9,Business inquiries? Contact below 👇,Real
18019,2164,191,4.757148113250654,403,68,0,5,Foodie | Reviews and recipes,Real
12039,3062,265,3.39,288,54,0,10,Aspiring artist | Drawing my dreams,Fake
24833,1830,437,4.77770257132527,474,0,0,2,Digital nomad living my best life 🌴,Fake
43862,4593,433,1.72,727,41,0,8,Digital nomad living my best life 🌴,Fake
13680,3613,0,5.55292650930556,471,29,0,6,Sharing moments from my journey,Fake
21338,775,257,7.658250107151066,577,43,1,3,Fitness enthusiast 💪 | Health advocate,Real
24304,1661,58,0.94,591,72,0,10,Photographer and content creator 📸,Fake
18029,679,272,1.95784054636114,739,64,1,3,Entrepreneur & lifestyle blogger,Fake
20785,4018,5,6.31,667,54,0,3,Passionate traveler and food lover,Real
20358,880,326,6.56,718,33,0,10,Photographer and content creator 📸,Fake
48261,3473,193,8.31,514,78,0,7,DM for collaborations or inquiries!,Fake
40419,4251,200,8.29,631,50,0,4,Photographer and content creator 📸,Fake
23432,4155,54,7.63,529,11,0,4,Passionate traveler and food lover,Real
1033,4976,254,9.23,305,19,0,9,Nature lover | Saving the planet 🌍,Real
3944,3139,261,2.92,47,3,0,6,Photographer and content creator 📸,Fake
13781,3166,371,7.12,825,56,0,2,Business inquiries? Contact below 👇,Fake
10729,913,374,0.99,727,36,0,9,Sharing moments from my journey,Fake
35960,1081,260,1.03,620,35,0,10,Love exploring new places 🌎,Real
7545,3666,484,5.749690099654487,364,40,1,7,DM for collaborations or inquiries!,Real
24867,3826,274,5.87,567,86,0,9,Business inquiries? Contact below 👇,Fake
38231,2052,30,0.4711093849206129,632,42,0,9,Photographer and content creator 📸,Real
13022,2340,159,6.943915602690722,419,36,1,4,Entrepreneur & lifestyle blogger,Fake
18807,3978,14,4.73,678,15,1,11,Love exploring new places 🌎,Real
30582,2793,487,4.67,875,39,0,8,Business inquiries? Contact below 👇,Fake
24930,4433,287,7.84,496,57,0,2,Passionate traveler and food lover,Real
16223,2513,302,5.929770608130887,142,59,1,5,Fitness enthusiast 💪 | Health advocate,Fake
23230,1626,331,6.3963593611764775,603,34,0,5,Entrepreneur & lifestyle blogger,Real
26414,1670,336,0.44,750,46,0,11,Nature lover | Saving the planet 🌍,Real
36169,3131,261,4.71,928,58,0,3,Business inquiries? Contact below 👇,Real
28766,2370,24,6.784354571413317,751,46,0,2,Check out my website for more updates!,Real
40684,1320,439,5.29,626,80,0,2,Fitness enthusiast 💪 | Health advocate,Real
10151,3980,86,8.79,847,68,0,10,DM for collaborations or inquiries!,Fake
35131,308,473,6.89,470,75,0,2,Love exploring new places 🌎,Fake
23708,1893,447,6.24,265,1,0,10,Aspiring artist | Drawing my dreams,Fake
36945,1835,475,8.62,353,65,1,2,Digital nomad living my best life 🌴,Real
32814,3774,330,1.7477221672401797,640,54,0,3,Personal blog | Stay positive ✨,Real
31917,2675,229,0.2,781,13,0,2,Check out my website for more updates!,Real
25942,527,333,0.71,101,34,0,8,Business inquiries? Contact below 👇,Fake
8178,1358,12,6.49,958,92,1,4,Check out my website for more updates!,Fake
33360,4999,158,1.0010470746554303,249,54,1,4,Foodie | Reviews and recipes,Fake
11979,897,36,0.11,740,51,0,2,Follow for daily inspiration 🌟,Real
29837,2371,248,5.471147250824127,576,29,1,5,Love exploring new places 🌎,Fake
19801,3061,285,9.052501666225764,685,99,1,6,Love exploring new places 🌎,Fake
33580,537,241,3.2,575,1,0,6,Passionate traveler and food lover,Fake
43945,2663,167,1.31,29,24,0,8,Check out my website for more updates!,Fake
26773,2635,450,5.62,449,50,0,2,Digital nomad living my best life 🌴,Fake
32466,1792,302,4.568094561152148,529,32,1,7,Passionate traveler and food lover,Real
17898,3642,58,9.22,17,29,0,9,Foodie | Reviews and recipes,Real
31346,1721,346,2.964311850777505,714,59,1,1,Entrepreneur & lifestyle blogger,Real
15461,3596,182,0.85,873,37,1,6,Personal blog | Stay positive ✨,Real
37387,4400,201,0.39,486,9,0,9,Passionate traveler and food lover,Fake
29986,1160,364,5.943101549688577,408,60,0,4,Digital nomad living my best life 🌴,Real
17980,4879,371,2.02,162,89,0,9,Love exploring new places 🌎,Fake
28252,3210,235,8.48,318,69,0,8,Fitness enthusiast 💪 | Health advocate,Real
47812,3570,128,3.79,75,54,0,6,Digital nomad living my best life 🌴,Fake
44345,649,320,6.31,495,28,0,11,Nature lover | Saving the planet 🌍,Fake
49998,2829,209,7.499336948505176,49,54,0,7,Business inquiries? Contact below 👇,Fake
77,3526,240,1.01,519,44,0,8,Business inquiries? Contact below 👇,Fake
5566,1448,296,2.956498888779008,103,67,1,11,Entrepreneur & lifestyle blogger,Fake
5706,4035,316,2.24,450,90,0,9,Photographer and content creator 📸,Real
18004,4214,200,6.341171707228423,633,64,0,5,Sharing moments from my journey,Fake
29006,10,175,6.198361698781374,448,32,1,3,Personal blog | Stay positive ✨,Fake
17907,3267,187,5.4169164439674855,27,66,0,10,Nature lover | Saving the planet 🌍,Real
27318,4146,290,1.84,561,44,0,5,Check out my website for more updates!,Fake
8299,3881,378,8.95,819,74,0,5,Foodie | Reviews and recipes,Fake
25389,4789,268,3.02,926,28,0,2,DM for collaborations or inquiries!,Real
45845,1595,48,5.38,815,79,0,3,DM for collaborations or inquiries!,Fake
21412,1993,480,7.88,378,74,0,4,Personal blog | Stay positive ✨,Fake
31228,3394,349,8.5,773,99,0,9,Check out my website for more updates!,Real
43312,3975,225,2.47,410,38,0,8,Foodie | Reviews and recipes,Fake
40008,2865,338,3.49,87,38,0,11,DM for collaborations or inquiries!,Real
37061,84,0,1.932136321899081,527,21,0,4,Follow for daily inspiration 🌟,Fake
9984,340,273,1.5,461,49,0,9,Entrepreneur & lifestyle blogger,Real
34414,4688,229,6.02,336,21,0,5,Entrepreneur & lifestyle blogger,Real
7543,4325,8,6.42,584,74,0,3,Foodie | Reviews and recipes,Real
21033,3000,194,3.633021251095265,457,83,0,6,Check out my website for more updates!,Real
5769,4387,291,7.212368408639797,0,99,1,6,Photographer and content creator 📸,Real
27936,1977,155,1.1,68,66,0,10,Love exploring new places 🌎,Real
36187,1216,311,5.802491572241789,60,43,1,4,Passionate traveler and food lover,Fake
4715,4880,44,7.43,448,40,0,4,Business inquiries? Contact below 👇,Fake
17588,539,303,8.83,213,71,0,11,Passionate traveler and food lover,Real
27459,4999,193,7.200357414179401,379,7,1,1,DM for collaborations or inquiries!,Real
35773,1916,27,9.74,611,58,0,7,DM for collaborations or inquiries!,Real
15680,2309,435,4.43,593,62,0,4,DM for collaborations or inquiries!,Real
53,2430,192,7.472353644963007,186,61,1,5,Digital nomad living my best life 🌴,Fake
31976,4315,49,0.5,601,35,0,3,Passionate traveler and food lover,Fake
24509,1680,426,6.71918793667864,907,48,1,7,Aspiring artist | Drawing my dreams,Fake
33454,4471,164,9.53,900,13,1,7,Passionate traveler and food lover,Fake
23313,2868,428,0.93,14,0,0,11,Entrepreneur & lifestyle blogger,Real
3998,2574,162,3.56,836,87,0,6,Follow for daily inspiration 🌟,Real
20029,3450,274,8.05731032413421,359,99,1,8,DM for collaborations or inquiries!,Real
14923,1884,357,2.9974046641564973,883,77,1,11,Photographer and content creator 📸,Fake
18462,2260,347,7.436678942839772,539,77,1,9,Sharing moments from my journey,Fake
44863,2060,372,0.0,635,35,1,4,Digital nomad living my best life 🌴,Fake
21889,2979,298,8.837084791480978,422,25,0,4,Follow for daily inspiration 🌟,Fake
24797,4823,463,3.1284203508445705,505,51,0,10,Nature lover | Saving the planet 🌍,Fake
25245,2484,5,3.2,133,44,0,10,DM for collaborations or inquiries!,Real
53,4999,92,3.897502519192985,207,32,0,6,DM for collaborations or inquiries!,Real
32356,600,90,1.48,9,91,0,7,Love exploring new places 🌎,Fake
42835,2461,347,3.08,80,50,1,4,Entrepreneur & lifestyle blogger,Real
34568,3966,75,0.01,212,79,0,11,Check out my website for more updates!,Real
29016,1779,263,0.0147788033631135,629,52,1,5,Follow for daily inspiration 🌟,Real
21584,1492,165,1.62,794,25,0,10,Fitness enthusiast 💪 | Health advocate,Real
9596,2943,467,2.87,703,62,1,5,Entrepreneur & lifestyle blogger,Fake
7264,4050,376,5.73,747,99,0,4,Entrepreneur & lifestyle blogger,Fake
765,1533,333,9.12,62,72,0,6,Follow for daily inspiration 🌟,Real
5572,3958,38,8.310180176883287,0,50,1,8,Fitness enthusiast 💪 | Health advocate,Fake
32112,3015,279,5.877838007726187,583,17,1,9,Aspiring artist | Drawing my dreams,Real
16240,1989,220,1.7373834205563905,666,52,0,9,Foodie | Reviews and recipes,Fake
48603,3207,118,1.46,2,41,0,9,Personal blog | Stay positive ✨,Real
26554,3766,88,2.17,542,59,0,7,Entrepreneur & lifestyle blogger,Fake
37812,4999,212,2.708850210770492,616,67,0,4,Sharing moments from my journey,Real
49998,3174,319,5.791556325703284,746,54,0,7,Nature lover | Saving the planet 🌍,Real
53,3158,330,4.964857516981767,686,40,1,8,Personal blog | Stay positive ✨,Fake
24493,1065,162,1.76,637,34,0,8,Nature lover | Saving the planet 🌍,Fake
23039,3562,184,0.92,880,62,0,7,Follow for daily inspiration 🌟,Real
38959,1978,340,9.38,288,82,0,11,Fitness enthusiast 💪 | Health advocate,Fake
49797,3888,312,2.27,572,2,0,4,DM for collaborations or inquiries!,Real
11170,1432,340,5.7556916912003,679,80,0,3,Digital nomad living my best life 🌴,Fake
48274,821,416,5.71,970,24,0,5,Aspiring artist | Drawing my dreams,Real
647,1073,309,6.821375412430318,669,61,1,8,Foodie | Reviews and recipes,Real
39545,1598,223,0.22,532,66,0,9,Digital nomad living my best life 🌴,Fake
36046,2339,383,6.9,856,47,0,7,Fitness enthusiast 💪 | Health advocate,Real
11340,4616,313,3.02,538,55,0,6,Passionate traveler and food lover,Fake
38190,3478,332,4.58,121,91,0,10,Follow for daily inspiration 🌟,Fake
22668,2352,467,9.60616419833069,561,66,0,7,Love exploring new places 🌎,Real
9290,3635,317,0.04,819,63,0,4,Personal blog | Stay positive ✨,Real
34827,3379,170,6.7159129846932615,378,99,0,5,Sharing moments from my journey,Real
38973,2058,173,6.543416296611442,444,19,0,7,Entrepreneur & lifestyle blogger,Real
4043,3186,363,9.53,626,25,0,2,DM for collaborations or inquiries!,Real
15714,2629,229,1.6328730794072714,666,21,1,11,Follow for daily inspiration 🌟,Fake
1479,591,83,0.92,309,9,0,3,Business inquiries? Contact below 👇,Fake
25421,2712,217,3.07,473,18,0,9,Love exploring new places 🌎,Fake
35733,1999,290,6.64,282,5,0,11,Fitness enthusiast 💪 | Health advocate,Real
16343,610,165,5.88,817,76,1,1,Nature lover | Saving the planet 🌍,Fake
19484,1848,232,9.71,767,51,0,4,Passionate traveler and food lover,Fake
28699,3392,203,0.65,789,82,0,9,Photographer and content creator 📸,Fake
28224,1910,13,9.35,144,36,0,4,Photographer and content creator 📸,Real
19264,3129,192,8.1,28,80,0,6,Follow for daily inspiration 🌟,Real
33500,3011,400,8.704648605795418,413,0,1,7,Photographer and content creator 📸,Fake
35751,710,207,6.75,365,37,0,7,Check out my website for more updates!,Real
42483,3187,75,0.1,679,53,0,6,Aspiring artist | Drawing my dreams,Fake
24784,3346,211,10.0,205,4,0,8,Nature lover | Saving the planet 🌍,Real
15224,980,313,4.9,692,10,0,7,Photographer and content creator 📸,Real
39120,3041,34,9.38,104,31,0,11,Business inquiries? Contact below 👇,Fake
38282,4630,263,0.14,536,97,0,6,Photographer and content creator 📸,Real
37260,1208,120,9.14,576,45,0,6,Check out my website for more updates!,Real
3701,4853,272,4.25,565,64,0,11,Nature lover | Saving the planet 🌍,Fake
12030,495,76,8.03,355,3,0,7,Aspiring artist | Drawing my dreams,Real
4183,554,92,5.25,229,26,0,10,Entrepreneur & lifestyle blogger,Fake
30874,1283,30,2.8097009470249605,999,45,0,5,DM for collaborations or inquiries!,Real
31524,3175,191,5.980488280233441,412,19,0,1,Love exploring new places 🌎,Real
38889,688,347,2.05,938,19,0,5,Fitness enthusiast 💪 | Health advocate,Fake
7923,1190,290,4.41,398,98,0,9,Nature lover | Saving the planet 🌍,Fake
156,2910,266,8.42317992165677,598,11,0,3,Foodie | Reviews and recipes,Real
1372,2048,487,1.36,692,48,0,4,Digital nomad living my best life 🌴,Real
12958,3067,430,10.0,999,18,1,2,Entrepreneur & lifestyle blogger,Real
39182,2136,194,4.039580847506376,766,28,0,6,Follow for daily inspiration 🌟,Fake
20387,1992,241,10.0,118,60,1,9,Love exploring new places 🌎,Fake
10343,2626,382,5.4440194089266685,127,11,0,11,Aspiring artist | Drawing my dreams,Fake
18112,4250,265,1.576757136254956,0,43,0,4,Business inquiries? Contact below 👇,Fake
38359,3182,432,9.33,580,61,0,10,Entrepreneur & lifestyle blogger,Real
16298,3743,250,5.165350402472,632,86,1,5,DM for collaborations or inquiries!,Fake
8592,4102,71,7.38,785,30,1,3,DM for collaborations or inquiries!,Fake
30553,3398,353,6.344746804098303,193,39,0,7,Foodie | Reviews and recipes,Real
12343,4311,371,8.33,193,41,0,3,DM for collaborations or inquiries!,Real
10599,2969,244,5.026451291698,69,72,0,8,Personal blog | Stay positive ✨,Real
40738,2861,364,1.53,588,39,0,5,Business inquiries? Contact below 👇,Real
18853,4050,3,0.16,577,95,0,5,Fitness enthusiast 💪 | Health advocate,Real
37918,641,499,4.766989564351641,599,68,1,6,DM for collaborations or inquiries!,Real
16902,10,204,6.200923626410267,512,69,0,1,Foodie | Reviews and recipes,Fake
3956,4584,177,9.785492739522024,738,36,0,3,Digital nomad living my best life 🌴,Real
26456,3730,181,8.7342331977482,330,84,0,6,Digital nomad living my best life 🌴,Fake
9832,4561,204,1.08,619,12,0,4,Love exploring new places 🌎,Fake
37966,999,213,2.92,150,51,0,8,DM for collaborations or inquiries!,Fake
24189,4033,187,10.0,679,14,0,4,Check out my website for more updates!,Fake
25793,4935,54,3.72,554,30,0,2,Business inquiries? Contact below 👇,Fake
31519,415,241,4.5,89,13,0,11,Follow for daily inspiration 🌟,Fake
22705,413,202,1.33,547,41,0,1,Aspiring artist | Drawing my dreams,Fake
2343,4696,458,4.753326024340638,523,45,1,2,DM for collaborations or inquiries!,Real
13937,1207,115,2.99,652,18,0,3,Love exploring new places 🌎,Fake
31913,3602,214,7.50013905922547,833,61,1,11,Digital nomad living my best life 🌴,Fake
24794,4677,80,0.16,669,89,1,11,Nature lover | Saving the planet 🌍,Fake
33729,1496,175,1.11,871,85,0,10,Follow for daily inspiration 🌟,Fake
18382,1670,230,3.8278333768353328,999,99,0,4,Foodie | Reviews and recipes,Real
24695,4017,373,0.66,312,2,0,9,Follow for daily inspiration 🌟,Real
28766,3782,138,5.272508865274029,78,79,0,2,Entrepreneur & lifestyle blogger,Fake
2900,4345,264,0.0,251,68,1,7,Passionate traveler and food lover,Real
18880,2127,451,4.922799968330123,626,37,1,7,Foodie | Reviews and recipes,Fake
53,1568,136,6.313164509816667,372,66,1,10,Aspiring artist | Drawing my dreams,Fake
42116,515,164,4.52,290,97,0,6,Digital nomad living my best life 🌴,Fake
21171,3711,465,3.939970811255042,391,84,1,4,Passionate traveler and food lover,Real
3624,2601,216,6.344297539058504,350,45,0,3,Foodie | Reviews and recipes,Fake
19400,1116,456,0.83,552,66,0,5,Foodie | Reviews and recipes,Fake
13125,3861,118,6.386936888699955,674,95,1,11,Check out my website for more updates!,Real
33455,4732,396,3.66,271,81,0,8,Photographer and content creator 📸,Real
11756,4383,96,3.16,536,40,0,3,Nature lover | Saving the planet 🌍,Fake
25218,1304,163,6.838927619721661,500,22,0,4,Aspiring artist | Drawing my dreams,Fake
17805,1832,127,4.990872119103492,450,0,1,2,Entrepreneur & lifestyle blogger,Fake
14161,2038,202,0.21,860,71,0,11,Personal blog | Stay positive ✨,Fake
43851,1464,375,7.63,678,3,0,11,Love exploring new places 🌎,Real
29761,1895,60,6.53015843158598,211,69,1,9,Love exploring new places 🌎,Fake
24813,3231,305,8.62406069288571,522,0,0,7,DM for collaborations or inquiries!,Fake
11282,4925,68,3.3396138757149565,0,83,1,7,DM for collaborations or inquiries!,Fake
2462,1905,380,7.32,231,27,1,4,Check out my website for more updates!,Real
20069,4999,439,2.0833260946467247,325,79,1,5,Business inquiries? Contact below 👇,Real
19241,2436,321,4.370353972938974,203,0,1,11,Foodie | Reviews and recipes,Fake
31421,458,0,2.8203882877968085,212,99,1,9,Passionate traveler and food lover,Fake
44164,3624,285,7.23,759,29,0,8,Love exploring new places 🌎,Fake
7983,2392,320,5.04,770,93,0,5,Passionate traveler and food lover,Fake
23463,597,443,6.98,109,59,0,3,Digital nomad living my best life 🌴,Real
12274,72,93,1.38,874,13,0,5,Passionate traveler and food lover,Fake
28698,3801,121,3.2223521365895675,313,62,1,10,DM for collaborations or inquiries!,Real
9077,879,5,2.53,944,57,0,4,Entrepreneur & lifestyle blogger,Real
44252,1455,277,1.99,122,30,0,3,Sharing moments from my journey,Real
46284,1177,106,3.54,124,96,0,9,DM for collaborations or inquiries!,Fake
48309,594,5,3.5,24,13,0,6,Personal blog | Stay positive ✨,Real
27463,2941,203,0.8386219660399421,269,64,0,4,Personal blog | Stay positive ✨,Fake
38270,766,464,6.41,125,45,0,9,Fitness enthusiast 💪 | Health advocate,Real
13285,4187,485,3.02,57,97,0,9,DM for collaborations or inquiries!,Real
38303,4867,366,8.65,895,69,0,11,Digital nomad living my best life 🌴,Real
7947,3342,224,4.856208389834416,999,65,0,1,Business inquiries? Contact below 👇,Fake
40740,871,341,1.11,130,76,0,2,Entrepreneur & lifestyle blogger,Fake
39130,2772,397,2.24,810,85,0,7,DM for collaborations or inquiries!,Real
31340,2829,160,6.293334905701279,387,98,1,6,Love exploring new places 🌎,Fake
25639,361,99,7.996120428778971,698,99,0,9,Follow for daily inspiration 🌟,Real
3045,419,315,9.28,646,0,0,5,Digital nomad living my best life 🌴,Real
36855,3692,174,3.06,72,61,1,6,DM for collaborations or inquiries!,Real
14273,359,406,1.45,53,73,1,2,Passionate traveler and food lover,Real
39999,4246,275,9.71,152,97,1,10,Follow for daily inspiration 🌟,Real
20067,2824,477,5.01,955,65,0,11,Sharing moments from my journey,Real
31914,3444,375,6.13,652,60,0,5,Aspiring artist | Drawing my dreams,Real
38303,4920,376,8.72,426,57,0,10,Digital nomad living my best life 🌴,Real
43794,3294,309,0.82,875,26,0,8,Sharing moments from my journey,Fake
14738,474,379,8.795419890097982,256,32,1,8,Passionate traveler and food lover,Real
19172,4631,87,5.316796686218616,345,78,1,10,Business inquiries? Contact below 👇,Fake
15274,1009,155,2.8654151574825995,736,55,1,8,Fitness enthusiast 💪 | Health advocate,Real
49998,4942,449,7.931319086668443,305,38,1,4,Check out my website for more updates!,Real
4069,4840,379,3.73,528,21,0,9,Business inquiries? Contact below 👇,Fake
40545,1351,266,6.8,791,67,0,9,Foodie | Reviews and recipes,Real
29172,3574,22,5.09,31,6,0,9,Business inquiries? Contact below 👇,Fake
14970,1945,80,8.176384358608324,0,18,1,6,Nature lover | Saving the planet 🌍,Real
39421,2449,355,2.29,359,71,0,3,Photographer and content creator 📸,Fake
1188,1588,497,5.83,47,65,0,5,Sharing moments from my journey,Real
7917,3392,197,0.96,626,45,0,7,Fitness enthusiast 💪 | Health advocate,Real
22451,2848,478,3.9303080884058472,249,0,0,7,Business inquiries? Contact below 👇,Real
31962,3536,90,4.75,83,97,1,5,Follow for daily inspiration 🌟,Real
22279,3299,339,6.03,841,86,0,7,Photographer and content creator 📸,Fake
40472,176,199,9.3,453,54,0,5,Entrepreneur & lifestyle blogger,Real
29099,4999,451,3.281567966107243,417,66,0,1,Business inquiries? Contact below 👇,Real
6432,3180,153,8.41,232,41,0,6,Business inquiries? Contact below 👇,Fake
22446,4209,115,5.14,713,71,0,11,Entrepreneur & lifestyle blogger,Fake
6869,3872,266,7.902862266462664,484,89,0,5,Foodie | Reviews and recipes,Fake
35729,2110,293,3.910516065293585,0,15,0,9,Fitness enthusiast 💪 | Health advocate,Fake
23647,4999,286,2.697246049517415,436,70,0,6,Entrepreneur & lifestyle blogger,Fake
10787,2620,339,3.21,565,1,0,7,Photographer and content creator 📸,Fake
47714,263,355,0.22,656,40,0,8,Fitness enthusiast 💪 | Health advocate,Real
49455,4620,339,1.12,81,29,0,9,Fitness enthusiast 💪 | Health advocate,Real
14388,1306,451,4.2792935651350525,407,81,0,5,Personal blog | Stay positive ✨,Fake
29159,937,464,3.16,463,52,0,8,Entrepreneur & lifestyle blogger,Real
49962,4249,180,4.0,484,51,0,5,Check out my website for more updates!,Real
49869,4389,499,3.344770112691902,211,13,0,7,Passionate traveler and food lover,Fake
42710,434,14,6.86,26,55,1,8,Check out my website for more updates!,Real
24244,2881,328,8.36,530,74,0,2,Entrepreneur & lifestyle blogger,Fake
46847,3541,221,9.02,814,16,0,9,Sharing moments from my journey,Fake
41886,10,99,3.38262450281494,999,59,0,6,Aspiring artist | Drawing my dreams,Fake
28686,864,138,3.24,915,50,0,8,Digital nomad living my best life 🌴,Real
49998,4155,224,6.450526706984018,710,49,0,8,Personal blog | Stay positive ✨,Real
29572,149,376,7.98,356,67,0,3,Digital nomad living my best life 🌴,Fake
13204,1360,18,4.73,650,15,0,2,Business inquiries? Contact below 👇,Real
20442,4059,155,6.7,277,68,0,6,Passionate traveler and food lover,Fake
19304,4191,245,2.8,146,19,0,8,Love exploring new places 🌎,Fake
9829,1430,422,6.775943786385146,223,39,0,4,Follow for daily inspiration 🌟,Fake
17108,4814,142,3.2233198961151013,377,17,1,5,Check out my website for more updates!,Real
20919,1676,363,4.307130849579439,159,29,0,6,Entrepreneur & lifestyle blogger,Fake
31152,2943,0,4.689609329804415,429,21,0,5,Aspiring artist | Drawing my dreams,Fake
17585,1319,27,7.97,858,8,0,4,Follow for daily inspiration 🌟,Fake
26183,2889,230,9.16,770,3,0,9,Nature lover | Saving the planet 🌍,Real
45438,1255,426,1.3,156,44,0,4,Follow for daily inspiration 🌟,Fake
12282,4324,345,3.94,316,41,0,8,Entrepreneur & lifestyle blogger,Fake
27380,88,451,1.37,79,54,0,10,Passionate traveler and food lover,Fake
22444,4213,227,3.3713931825046317,575,55,0,9,Love exploring new places 🌎,Real
15381,4154,310,9.68,303,42,0,7,Personal blog | Stay positive ✨,Fake
4442,1705,467,2.33,854,70,1,2,Fitness enthusiast 💪 | Health advocate,Real
43138,3796,91,6.58,730,54,0,6,Business inquiries? Contact below 👇,Fake
14818,4697,19,0.0,547,45,1,6,Fitness enthusiast 💪 | Health advocate,Fake
34985,3599,343,5.61,913,89,0,7,Love exploring new places 🌎,Fake
15302,1417,450,5.35,178,52,0,10,Love exploring new places 🌎,Fake
24856,2124,433,9.438101471442751,509,10,0,8,Business inquiries? Contact below 👇,Fake
28819,2947,357,5.849239954763815,461,84,1,4,Passionate traveler and food lover,Real
13394,3059,240,0.0,39,76,0,4,Fitness enthusiast 💪 | Health advocate,Real
12457,2429,296,5.38,249,2,1,9,Love exploring new places 🌎,Real
4760,2294,123,7.09,636,2,0,8,Photographer and content creator 📸,Fake
13962,4827,393,0.98,157,25,0,3,Personal blog | Stay positive ✨,Fake
819,3092,47,9.58,528,38,0,3,Business inquiries? Contact below 👇,Fake
23121,10,222,4.746110540255432,152,18,1,6,Personal blog | Stay positive ✨,Fake
39612,4346,236,3.03,56,94,0,5,Aspiring artist | Drawing my dreams,Fake
16868,1689,33,5.56,329,13,0,4,Love exploring new places 🌎,Real
31279,3131,155,5.01,456,85,0,11,Sharing moments from my journey,Real
2547,3479,474,5.2,381,45,0,11,Nature lover | Saving the planet 🌍,Fake
19278,3473,429,8.7,154,56,0,4,Personal blog | Stay positive ✨,Fake
40387,1280,353,0.0,507,90,0,6,Passionate traveler and food lover,Fake
31091,502,271,5.890090676480788,507,26,0,7,Digital nomad living my best life 🌴,Real
7435,1749,239,5.899991898669201,201,66,0,7,Love exploring new places 🌎,Fake
27725,2124,124,3.91,997,0,0,4,Follow for daily inspiration 🌟,Fake
8719,2629,197,5.4,955,50,1,10,Love exploring new places 🌎,Real
24963,3206,123,3.75,780,23,0,4,Business inquiries? Contact below 👇,Fake
19758,76,204,7.72,804,2,1,8,Personal blog | Stay positive ✨,Real
1596,574,206,5.04,568,46,0,3,Foodie | Reviews and recipes,Real
44028,2577,360,9.83,573,89,0,6,Digital nomad living my best life 🌴,Fake
26183,3986,312,4.76,524,41,0,8,Foodie | Reviews and recipes,Real
17035,3837,260,0.944774123701344,376,44,0,11,Fitness enthusiast 💪 | Health advocate,Real
28286,1578,347,0.17,378,81,0,10,DM for collaborations or inquiries!,Real
23950,672,223,2.71,821,24,1,5,Passionate traveler and food lover,Real
4301,2373,170,6.88,973,45,0,11,Digital nomad living my best life 🌴,Real
11866,4885,319,8.33,192,15,0,4,Love exploring new places 🌎,Real
641,1720,146,0.87,232,74,0,6,Nature lover | Saving the planet 🌍,Real
44770,4847,380,6.6,454,55,0,2,Follow for daily inspiration 🌟,Fake
11596,3768,69,4.593369910795783,824,16,1,3,Fitness enthusiast 💪 | Health advocate,Real
35444,2423,39,5.859304268098698,578,59,1,10,Check out my website for more updates!,Real
49822,10,259,6.113544464806623,865,0,0,11,DM for collaborations or inquiries!,Fake
11799,4896,383,3.99,596,29,0,5,Check out my website for more updates!,Real
9549,1844,278,5.73,407,48,0,8,Follow for daily inspiration 🌟,Fake
29436,4807,380,7.704012404078568,385,45,0,7,Check out my website for more updates!,Real
36987,1684,83,6.47,175,46,0,8,Check out my website for more updates!,Real
27452,3641,376,8.78,957,9,0,5,Aspiring artist | Drawing my dreams,Fake
19741,3556,1,3.6,130,69,0,4,Check out my website for more updates!,Real
8785,4934,359,1.27,456,72,0,3,Check out my website for more updates!,Fake
12909,1461,96,3.54,437,71,1,8,Passionate traveler and food lover,Real
24306,1877,171,1.8549279904035645,511,0,1,9,DM for collaborations or inquiries!,Real
8204,400,38,1.13,26,23,0,3,Fitness enthusiast 💪 | Health advocate,Fake
44276,3486,489,9.35,365,19,1,10,Personal blog | Stay positive ✨,Fake
25337,3555,473,3.813740751440724,899,11,0,8,DM for collaborations or inquiries!,Real
49424,2912,406,2.78,636,21,0,9,Digital nomad living my best life 🌴,Real
27895,3117,225,3.8757271660340216,626,61,0,7,Digital nomad living my best life 🌴,Real
29998,2151,499,5.813970801165982,999,69,0,4,Love exploring new places 🌎,Real
21027,1910,2,6.14,942,76,0,2,Check out my website for more updates!,Fake
16440,1623,355,6.12382878039789,0,70,1,8,Love exploring new places 🌎,Real
13954,4194,378,8.47,872,27,0,5,Photographer and content creator 📸,Real
20209,910,43,0.49,325,88,0,6,Love exploring new places 🌎,Real
48248,4019,490,3.3,202,11,0,1,Photographer and content creator 📸,Fake
38678,3140,288,4.2,92,78,1,5,Photographer and content creator 📸,Real
1704,1967,461,2.38,13,45,0,2,Follow for daily inspiration 🌟,Fake
31071,1929,60,4.245968318090665,714,96,1,9,Love exploring new places 🌎,Real
53,4724,184,8.237508262210458,714,0,1,6,Follow for daily inspiration 🌟,Real
40947,218,65,3.8,153,22,0,4,Aspiring artist | Drawing my dreams,Fake
24298,3923,437,7.16,181,40,0,5,Personal blog | Stay positive ✨,Real
31555,3429,356,7.07,560,43,0,6,Sharing moments from my journey,Real
25121,1524,299,7.105583102900516,841,65,0,9,Passionate traveler and food lover,Real
2125,4813,388,8.89,914,69,0,7,Love exploring new places 🌎,Real
23028,2990,335,5.03,426,20,0,5,Personal blog | Stay positive ✨,Real
27668,1356,166,7.188008724051496,351,46,0,7,Love exploring new places 🌎,Real
28309,1252,255,8.61,478,66,0,7,Photographer and content creator 📸,Real
44144,4665,207,1.378243176318685,402,86,1,7,Passionate traveler and food lover,Real
5503,1751,265,8.58,614,7,1,9,Aspiring artist | Drawing my dreams,Fake
34045,2684,114,3.470119010566984,620,2,0,7,Aspiring artist | Drawing my dreams,Fake
42917,1701,127,8.12,684,52,0,3,Aspiring artist | Drawing my dreams,Fake
36689,484,287,2.47,235,87,0,8,Nature lover | Saving the planet 🌍,Real
30672,3119,310,6.923440843828044,596,77,1,2,Fitness enthusiast 💪 | Health advocate,Fake
36127,4888,217,0.87,243,91,0,2,Follow for daily inspiration 🌟,Fake
29536,2005,193,2.161796855637349,599,53,0,11,Foodie | Reviews and recipes,Fake
1925,644,142,1.06,680,6,0,5,Fitness enthusiast 💪 | Health advocate,Real
39083,408,99,9.74,160,69,0,9,Sharing moments from my journey,Fake
12664,1094,451,6.6,515,89,0,3,Fitness enthusiast 💪 | Health advocate,Fake
27923,2552,204,7.480993667108843,569,75,1,6,Nature lover | Saving the planet 🌍,Fake
45194,301,303,0.42,648,74,0,2,Entrepreneur & lifestyle blogger,Fake
31631,1242,90,4.48,28,91,0,2,Photographer and content creator 📸,Fake
15108,1355,274,0.53,444,93,0,10,Aspiring artist | Drawing my dreams,Real
541,1540,302,5.98,931,41,0,11,DM for collaborations or inquiries!,Fake
46920,236,271,7.727441688766174,730,50,0,11,Love exploring new places 🌎,Fake
13367,4999,450,8.152167993444326,998,19,0,5,Aspiring artist | Drawing my dreams,Real
2980,3236,388,6.263174747603514,297,49,0,6,Fitness enthusiast 💪 | Health advocate,Fake
14211,414,140,7.81,240,64,0,5,Digital nomad living my best life 🌴,Real
11578,95,59,1.27,294,98,0,7,DM for collaborations or inquiries!,Fake
25112,2888,346,6.450826004019636,714,20,1,7,Digital nomad living my best life 🌴,Real
4430,10,361,3.1474951552745547,954,76,0,8,Follow for daily inspiration 🌟,Real
4625,4469,80,0.53,87,70,0,8,Foodie | Reviews and recipes,Fake
49998,1406,35,8.772528315575649,744,68,1,2,Check out my website for more updates!,Fake
38384,3465,240,2.46,816,86,0,6,Aspiring artist | Drawing my dreams,Fake
49998,2043,114,10.0,445,4,0,8,Check out my website for more updates!,Fake
22397,934,61,9.61,586,60,0,2,Business inquiries? Contact below 👇,Fake
36743,3909,103,1.71,985,61,0,6,DM for collaborations or inquiries!,Real
3043,1201,381,7.19,450,87,1,7,Fitness enthusiast 💪 | Health advocate,Real
53,2414,139,1.53092338793792,581,71,0,8,Check out my website for more updates!,Real
38789,4089,314,5.96,580,51,0,4,Digital nomad living my best life 🌴,Fake
13034,597,382,6.69,261,78,0,7,Love exploring new places 🌎,Real
25133,255,430,0.15,408,23,0,3,Entrepreneur & lifestyle blogger,Real
24333,2171,3,4.49,939,58,0,7,Entrepreneur & lifestyle blogger,Real
13404,2709,293,9.95,212,12,0,8,Entrepreneur & lifestyle blogger,Fake
22655,652,287,3.27,249,96,0,6,Love exploring new places 🌎,Fake
20271,999,203,0.5,437,30,0,6,DM for collaborations or inquiries!,Fake
32162,3374,223,0.6,396,48,0,6,Foodie | Reviews and recipes,Real
13510,3394,154,7.49,946,56,0,4,Personal blog | Stay positive ✨,Real
33830,514,350,3.66,702,20,0,9,Entrepreneur & lifestyle blogger,Fake
26401,2018,435,3.865465205978964,289,77,1,11,Nature lover | Saving the planet 🌍,Real
32978,3295,107,4.95,173,81,0,7,Photographer and content creator 📸,Fake
46548,1877,360,7.53,705,78,1,8,Follow for daily inspiration 🌟,Fake
17318,4864,17,8.97,73,82,0,4,Entrepreneur & lifestyle blogger,Real
5314,3713,381,3.23,107,76,0,1,Fitness enthusiast 💪 | Health advocate,Real
36596,3269,417,9.63,237,94,0,3,Fitness enthusiast 💪 | Health advocate,Real
32386,4180,193,3.23,820,32,0,2,Personal blog | Stay positive ✨,Real
8678,2161,394,3.8501407019464895,487,86,0,8,Passionate traveler and food lover,Real
33278,4999,174,10.0,521,24,1,11,DM for collaborations or inquiries!,Fake
44697,2673,388,6.58,537,7,0,2,Business inquiries? Contact below 👇,Fake
49765,310,336,4.43,570,48,0,2,Photographer and content creator 📸,Fake
24552,4999,245,9.737426276101136,932,37,0,1,Digital nomad living my best life 🌴,Fake
7613,2926,499,9.395810133726012,762,36,0,5,Aspiring artist | Drawing my dreams,Real
4328,230,245,4.72,875,2,0,3,Entrepreneur & lifestyle blogger,Real
13343,2420,104,9.19,222,68,0,3,Business inquiries? Contact below 👇,Real
33544,2071,75,0.34,760,83,0,4,Passionate traveler and food lover,Real
2726,2712,184,3.81,662,32,0,7,Photographer and content creator 📸,Real
29466,4062,22,7.8092068478985155,64,34,0,3,Foodie | Reviews and recipes,Fake
6797,2314,235,8.51,595,81,0,5,DM for collaborations or inquiries!,Fake
23097,762,22,8.28,705,51,0,9,Aspiring artist | Drawing my dreams,Real
49908,1737,228,2.93,607,65,0,10,Passionate traveler and food lover,Real
36027,201,473,6.81,613,52,0,7,Aspiring artist | Drawing my dreams,Fake
2457,2724,255,2.87,163,0,0,3,DM for collaborations or inquiries!,Fake
22067,3887,306,3.6067042238346585,565,26,1,6,Passionate traveler and food lover,Fake
11795,1302,154,9.92,58,17,0,7,Fitness enthusiast 💪 | Health advocate,Fake
41502,2225,452,7.77,327,85,0,11,Entrepreneur & lifestyle blogger,Real
46110,10,145,6.115000027543496,708,0,1,6,Aspiring artist | Drawing my dreams,Fake
5015,782,227,1.5,462,36,0,7,Business inquiries? Contact below 👇,Real
26942,188,150,10.0,465,45,1,2,Photographer and content creator 📸,Fake
12245,2947,57,0.43,449,97,1,6,Sharing moments from my journey,Fake
32757,461,156,3.3,290,19,0,11,Follow for daily inspiration 🌟,Real
44365,2468,9,0.7524153661853719,835,47,0,6,DM for collaborations or inquiries!,Fake
38129,670,232,1.57,24,25,0,6,Nature lover | Saving the planet 🌍,Real
17623,3049,308,3.8169552872034207,448,73,0,2,Check out my website for more updates!,Real
36909,3940,468,7.33,4,81,0,8,Passionate traveler and food lover,Fake
23888,3563,186,7.73,366,34,0,3,Foodie | Reviews and recipes,Fake
37513,4351,105,8.3,964,21,0,6,Sharing moments from my journey,Fake
44401,1641,330,3.6748726985050935,305,41,1,2,Passionate traveler and food lover,Real
18294,943,290,3.6318641706816055,921,32,1,3,Digital nomad living my best life 🌴,Fake
43992,909,63,2.98,977,62,0,10,Photographer and content creator 📸,Real
5273,4893,423,8.07,514,61,0,8,Digital nomad living my best life 🌴,Real
48475,2933,96,4.704244935077244,421,15,0,4,Business inquiries? Contact below 👇,Fake
44834,3341,491,1.95,838,41,1,3,Digital nomad living my best life 🌴,Fake
30303,2124,309,9.631540224369104,163,63,0,8,DM for collaborations or inquiries!,Fake
16972,1731,476,5.163791802935467,470,74,1,7,Foodie | Reviews and recipes,Fake
40020,95,259,6.418364702981357,211,55,1,3,Digital nomad living my best life 🌴,Fake
43269,53,409,4.18,442,69,0,4,Digital nomad living my best life 🌴,Fake
39194,3671,154,1.96,385,71,0,2,Nature lover | Saving the planet 🌍,Fake
26812,2520,236,6.440962976429088,0,46,0,7,Digital nomad living my best life 🌴,Real
28332,4716,391,4.41,871,50,0,8,Digital nomad living my best life 🌴,Real
37671,2478,161,5.99238172850319,131,71,0,5,Photographer and content creator 📸,Fake
15714,4134,54,9.8,939,42,0,11,Check out my website for more updates!,Fake
40447,2171,132,0.0,700,0,1,4,Check out my website for more updates!,Fake
23841,2356,410,1.55,102,2,0,9,Photographer and content creator 📸,Real
25694,205,484,4.398423845391194,80,56,1,5,Passionate traveler and food lover,Fake
24737,2903,16,4.32,139,13,0,11,DM for collaborations or inquiries!,Real
45041,3921,372,2.961557198990353,560,78,1,1,Personal blog | Stay positive ✨,Fake
9601,1008,0,5.343058895377197,431,48,0,11,DM for collaborations or inquiries!,Real
12599,1477,457,2.17,568,39,0,10,Business inquiries? Contact below 👇,Fake
29697,3677,228,8.341027577774991,133,45,1,7,Follow for daily inspiration 🌟,Real
32558,3610,153,8.0,228,73,0,11,Personal blog | Stay positive ✨,Real
15945,3422,115,7.677026921039603,594,99,0,8,Photographer and content creator 📸,Real
22883,3877,270,9.63,973,91,0,3,Passionate traveler and food lover,Real
33746,630,253,3.35,303,0,0,3,Aspiring artist | Drawing my dreams,Fake
30332,166,82,9.75,22,67,0,5,DM for collaborations or inquiries!,Fake
47215,462,412,7.83,240,37,0,3,Sharing moments from my journey,Real
22370,4386,366,2.190038609294245,523,93,0,5,Sharing moments from my journey,Real
15822,527,472,9.61,281,28,0,11,Photographer and content creator 📸,Fake
6405,3054,128,5.460678230053374,688,99,0,11,Check out my website for more updates!,Real
34849,4063,381,5.373484095165773,749,6,1,7,Passionate traveler and food lover,Real
45405,4734,443,3.69,636,55,0,3,Sharing moments from my journey,Fake
2398,2733,453,1.73,182,22,0,9,Personal blog | Stay positive ✨,Real
16304,903,446,8.76,824,57,0,2,Entrepreneur & lifestyle blogger,Real
7504,10,68,1.062227269300001,826,42,0,5,Photographer and content creator 📸,Real
27870,2145,336,2.9244066833489617,432,99,1,6,Aspiring artist | Drawing my dreams,Real
12097,445,164,0.87,379,30,0,7,Check out my website for more updates!,Real
40743,2681,30,5.073574441124768,681,99,1,1,Check out my website for more updates!,Fake
44477,185,424,9.16,576,24,0,4,Entrepreneur & lifestyle blogger,Fake
37800,3493,73,0.87,53,25,0,8,Foodie | Reviews and recipes,Fake
33497,334,175,8.8,357,7,0,3,Foodie | Reviews and recipes,Fake
21801,2620,295,1.43765993423161,339,85,0,6,Digital nomad living my best life 🌴,Real
44815,4571,427,4.06,13,87,0,8,Follow for daily inspiration 🌟,Real
40775,1919,111,6.57,302,62,0,5,Aspiring artist | Drawing my dreams,Fake
31142,2732,335,9.1,47,97,0,5,Business inquiries? Contact below 👇,Fake
8282,394,303,8.62,828,33,0,5,Business inquiries? Contact below 👇,Real
15473,4427,140,8.43,353,14,0,7,Photographer and content creator 📸,Fake
26117,3029,277,1.4779378121450315,615,81,1,8,Entrepreneur & lifestyle blogger,Real
29538,3884,274,5.223490243538946,635,39,0,1,Nature lover | Saving the planet 🌍,Real
37589,1797,230,4.6834515397065735,327,46,1,9,Foodie | Reviews and recipes,Fake
34421,1398,30,2.92,934,65,0,2,Nature lover | Saving the planet 🌍,Real
15403,259,157,4.93,809,45,0,7,Love exploring new places 🌎,Real
28083,2979,405,5.481186447678307,467,2,1,8,Nature lover | Saving the planet 🌍,Real
41739,1373,160,5.190352766804401,588,0,0,3,Check out my website for more updates!,Real
5393,4687,250,6.15,96,40,0,11,Sharing moments from my journey,Real
10995,2827,346,1.16,745,16,0,2,Entrepreneur & lifestyle blogger,Fake
42607,1119,169,6.61,451,9,0,2,Entrepreneur & lifestyle blogger,Fake
25844,2980,190,4.2,886,65,0,4,Aspiring artist | Drawing my dreams,Real
39777,3800,329,5.88,382,19,0,6,Personal blog | Stay positive ✨,Fake
48817,2421,271,0.2356865819369504,505,25,1,3,DM for collaborations or inquiries!,Fake
13716,2656,281,6.71,790,90,0,11,Follow for daily inspiration 🌟,Real
53,1952,278,5.708650016992435,574,32,0,5,Fitness enthusiast 💪 | Health advocate,Real
39484,844,136,7.74,269,0,0,11,Fitness enthusiast 💪 | Health advocate,Real
1424,4704,485,1.45,361,68,0,3,Photographer and content creator 📸,Real
24147,1106,345,8.109397215416607,652,82,1,7,Entrepreneur & lifestyle blogger,Fake
49998,591,236,4.494750479320701,459,80,1,5,Passionate traveler and food lover,Real
36359,548,472,6.03,789,81,0,9,Nature lover | Saving the planet 🌍,Fake
16921,403,485,1.5146115799736355,324,41,1,7,Fitness enthusiast 💪 | Health advocate,Real
26311,1627,253,0.0,97,18,0,11,Business inquiries? Contact below 👇,Real
40902,4784,66,5.72,721,44,0,5,Sharing moments from my journey,Fake
16668,4790,59,4.15,547,25,0,9,Follow for daily inspiration 🌟,Fake
10064,3921,142,5.283000385500925,362,47,1,4,Fitness enthusiast 💪 | Health advocate,Fake
14081,2456,402,9.5,934,3,1,9,Sharing moments from my journey,Fake
27098,3963,280,8.52,456,2,0,7,Entrepreneur & lifestyle blogger,Real
8556,4555,340,8.262482752477906,487,30,0,6,Entrepreneur & lifestyle blogger,Fake
19726,28,127,2.56,718,9,0,7,DM for collaborations or inquiries!,Real
41411,4817,492,1.02,155,10,0,5,Check out my website for more updates!,Fake
35346,1643,249,2.76,930,42,0,11,DM for collaborations or inquiries!,Fake
33697,3565,499,0.8433302626427928,663,62,1,8,Passionate traveler and food lover,Fake
21430,1876,292,8.599622301166272,631,58,1,3,Photographer and content creator 📸,Real
48886,4050,125,2.93,106,7,0,8,Entrepreneur & lifestyle blogger,Fake
12350,4269,377,9.05,408,30,0,5,Business inquiries? Contact below 👇,Fake
32076,4822,12,5.432072265292783,153,23,0,8,Photographer and content creator 📸,Fake
9482,3456,380,1.69,640,27,0,2,Photographer and content creator 📸,Fake
16576,4510,269,4.51,164,81,0,11,Passionate traveler and food lover,Real
6678,3388,181,3.596864294838556,469,59,1,6,Follow for daily inspiration 🌟,Real
28140,3989,290,4.42,72,58,0,6,Business inquiries? Contact below 👇,Fake
26625,4683,453,6.71,832,78,0,8,Foodie | Reviews and recipes,Fake
41605,1490,496,1.07,275,31,0,6,Nature lover | Saving the planet 🌍,Real
6900,1172,301,3.16,750,21,1,2,Follow for daily inspiration 🌟,Fake
16998,601,146,5.75,428,64,0,11,Follow for daily inspiration 🌟,Fake
46997,1677,462,5.9,139,35,0,6,Aspiring artist | Drawing my dreams,Fake
34117,1735,463,5.756681553303094,0,99,1,8,Digital nomad living my best life 🌴,Real
34504,2213,268,1.58,342,27,0,4,Digital nomad living my best life 🌴,Fake
31773,735,220,2.85,175,41,0,2,Personal blog | Stay positive ✨,Real
867,3356,492,2.39,955,85,0,5,Sharing moments from my journey,Real
15702,1294,341,5.802089843976331,979,35,1,4,Aspiring artist | Drawing my dreams,Real
44307,1092,386,3.661376712490168,801,0,0,9,Photographer and content creator 📸,Fake
5903,3973,30,5.73,450,74,0,10,Digital nomad living my best life 🌴,Fake
23499,3446,395,7.75,84,91,0,6,Photographer and content creator 📸,Real
27551,3814,223,6.77,994,28,0,10,Love exploring new places 🌎,Real
15221,4189,135,0.43,166,51,0,6,Passionate traveler and food lover,Fake
18368,3412,399,8.16,735,82,0,10,Personal blog | Stay positive ✨,Fake
45917,1899,396,2.73,603,7,0,9,Aspiring artist | Drawing my dreams,Fake
6803,4582,255,6.85,10,12,0,10,Passionate traveler and food lover,Real
17435,1099,34,0.4633822383374202,682,24,0,7,Business inquiries? Contact below 👇,Real
25319,3957,456,4.41,973,39,0,3,Nature lover | Saving the planet 🌍,Fake
39412,4057,414,7.71,81,22,0,5,Love exploring new places 🌎,Fake
11984,2774,76,4.332411457665722,298,80,1,6,Sharing moments from my journey,Real
47682,1031,343,7.77,553,90,0,3,Passionate traveler and food lover,Fake
11086,3603,108,6.33,196,76,0,8,DM for collaborations or inquiries!,Real
100,1480,401,6.33,190,45,0,3,Check out my website for more updates!,Real
48443,1167,107,9.03,312,66,0,3,Passionate traveler and food lover,Fake
21442,10,80,4.237042304508608,738,86,1,8,Sharing moments from my journey,Real
44649,2517,363,7.566155934635189,669,46,0,7,Foodie | Reviews and recipes,Real
15782,954,180,7.37,190,15,0,9,Foodie | Reviews and recipes,Fake
29669,373,382,1.6942336477731872,172,62,0,3,Love exploring new places 🌎,Fake
32316,3828,323,0.49,697,79,0,10,Aspiring artist | Drawing my dreams,Real
14333,2747,321,4.44,762,65,0,3,Digital nomad living my best life 🌴,Fake
19308,901,294,9.42,206,5,1,8,Check out my website for more updates!,Fake
9786,177,94,6.96,899,34,0,10,Check out my website for more updates!,Real
1606,130,265,8.04,358,26,0,8,Digital nomad living my best life 🌴,Real
19811,1251,337,6.7,342,57,0,9,Aspiring artist | Drawing my dreams,Fake
19480,1811,134,6.275934068961989,418,24,1,11,Check out my website for more updates!,Real
39758,1057,334,4.826984362054055,784,36,0,1,Love exploring new places 🌎,Fake
44723,3917,44,9.11,330,43,0,9,Foodie | Reviews and recipes,Real
39276,124,217,6.837409178659573,451,17,1,4,DM for collaborations or inquiries!,Real
26692,3599,466,0.57,571,79,0,5,Digital nomad living my best life 🌴,Real
17927,3222,312,2.31,739,66,0,2,Entrepreneur & lifestyle blogger,Real
49998,2128,79,1.1554682226455135,424,52,0,5,Love exploring new places 🌎,Real
12315,4571,320,6.02,593,93,0,10,Personal blog | Stay positive ✨,Real
13322,3994,246,7.66,566,14,0,6,Check out my website for more updates!,Real
13142,4791,282,9.01,883,1,0,8,Entrepreneur & lifestyle blogger,Fake
31518,2632,287,2.2695825737207245,309,20,1,7,DM for collaborations or inquiries!,Real
19654,928,164,6.594139157566347,364,29,0,8,Foodie | Reviews and recipes,Real
43525,4063,324,7.7,841,86,0,10,Personal blog | Stay positive ✨,Fake
48320,3275,313,0.53,607,61,0,1,Aspiring artist | Drawing my dreams,Fake
7006,4690,354,3.9067961624518,308,68,1,5,Passionate traveler and food lover,Real
14322,1720,199,3.33,616,80,0,9,Foodie | Reviews and recipes,Real
32110,3309,105,2.34,680,10,0,9,Check out my website for more updates!,Real
29157,3601,355,1.12,488,21,0,2,Foodie | Reviews and recipes,Real
24470,4207,482,8.41,51,5,0,8,Love exploring new places 🌎,Real
29781,1196,131,6.594983053746152,568,43,1,2,Fitness enthusiast 💪 | Health advocate,Fake
33911,3233,445,7.17,690,55,0,3,Fitness enthusiast 💪 | Health advocate,Fake
49978,2554,203,2.27,676,44,0,6,Personal blog | Stay positive ✨,Fake
8957,2031,376,4.235821108790332,280,70,0,8,Foodie | Reviews and recipes,Real
26683,3308,319,1.8867376824684112,508,59,0,6,Check out my website for more updates!,Real
2943,964,436,5.63,267,8,0,4,Entrepreneur & lifestyle blogger,Fake
49998,2789,367,6.9192459891095375,218,39,0,5,Sharing moments from my journey,Real
9247,198,89,5.02,540,3,1,6,Digital nomad living my best life 🌴,Real
23826,4458,262,2.3,750,54,0,2,Digital nomad living my best life 🌴,Real
41671,1300,285,4.182436019584262,778,0,0,6,Entrepreneur & lifestyle blogger,Real
24268,1334,58,9.2,62,4,1,2,Fitness enthusiast 💪 | Health advocate,Fake
13539,3055,352,4.46,837,4,0,2,Personal blog | Stay positive ✨,Fake
18303,3189,330,2.1169851637215986,492,67,0,6,Passionate traveler and food lover,Real
27851,400,114,2.2,153,73,0,7,Check out my website for more updates!,Real
44896,3457,217,6.51,262,23,0,4,Follow for daily inspiration 🌟,Fake
7527,1245,236,0.36,443,28,0,6,Photographer and content creator 📸,Fake
30405,3084,260,4.147026121529172,624,99,0,8,Photographer and content creator 📸,Real
17593,832,467,3.6892552302182047,451,51,0,10,Nature lover | Saving the planet 🌍,Fake
35269,1366,335,5.871121361748326,571,59,0,10,Fitness enthusiast 💪 | Health advocate,Fake
5636,4986,55,3.12,567,83,0,8,Photographer and content creator 📸,Real
8894,119,78,4.46,926,82,1,4,Entrepreneur & lifestyle blogger,Fake
7330,565,367,3.33,986,27,0,11,DM for collaborations or inquiries!,Real
18193,4942,415,7.90160737873315,29,99,0,4,Follow for daily inspiration 🌟,Fake
49998,4270,211,2.4222987922674006,319,81,1,7,Love exploring new places 🌎,Real
11754,3661,485,7.110630034397131,386,22,1,3,Personal blog | Stay positive ✨,Real
4094,3266,132,9.4,299,36,0,8,Fitness enthusiast 💪 | Health advocate,Real
8161,460,128,9.45,701,42,0,5,Digital nomad living my best life 🌴,Fake
35990,10,104,7.136214567076611,230,96,1,7,Check out my website for more updates!,Fake
41137,1777,160,10.0,985,99,0,6,Follow for daily inspiration 🌟,Real
20484,2150,199,0.29,385,87,0,10,DM for collaborations or inquiries!,Real
20449,4066,348,5.722950138194373,149,49,1,9,Nature lover | Saving the planet 🌍,Fake
53,10,139,7.6552767441163905,530,52,0,6,Love exploring new places 🌎,Fake
38428,1877,6,4.35,156,70,0,7,Aspiring artist | Drawing my dreams,Real
37204,63,330,4.294116740694495,472,51,0,6,Sharing moments from my journey,Fake
23726,4999,5,5.112654078736441,711,31,0,8,Personal blog | Stay positive ✨,Real
49683,684,369,4.51,977,92,0,4,Personal blog | Stay positive ✨,Real
30363,14,479,7.68,430,52,0,4,Follow for daily inspiration 🌟,Real
25201,3148,423,2.84,151,61,0,9,Business inquiries? Contact below 👇,Real
16113,3923,206,4.87780017236435,869,90,0,8,Check out my website for more updates!,Real
30232,2218,300,6.233179011790302,194,12,0,7,Nature lover | Saving the planet 🌍,Real
1055,4729,17,0.38,776,73,0,3,Sharing moments from my journey,Fake
40457,2366,344,7.611530893539972,551,74,0,10,Business inquiries? Contact below 👇,Real
17354,189,97,7.34,181,74,0,2,DM for collaborations or inquiries!,Fake
26028,2715,67,3.5,308,86,1,5,Passionate traveler and food lover,Real
21973,3464,120,6.576157559859116,344,53,1,7,Foodie | Reviews and recipes,Fake
41692,759,252,3.78,762,5,1,6,Follow for daily inspiration 🌟,Fake
4129,1843,216,2.03,699,56,0,7,Photographer and content creator 📸,Real
31521,2848,156,7.251825063972353,999,98,1,6,DM for collaborations or inquiries!,Real
34293,4742,294,6.25,860,52,0,9,Sharing moments from my journey,Real
9719,3055,475,7.76299827268069,663,10,1,1,Digital nomad living my best life 🌴,Fake
34668,3259,225,10.0,859,64,0,2,Personal blog | Stay positive ✨,Real
2715,3218,431,7.48,875,81,0,2,Nature lover | Saving the planet 🌍,Fake
13299,528,91,7.33,212,88,0,10,Aspiring artist | Drawing my dreams,Fake
3056,2425,284,6.258865508231981,466,26,1,5,Business inquiries? Contact below 👇,Real
43459,1982,360,2.85,29,80,0,7,Sharing moments from my journey,Real
23211,1770,282,9.09,366,45,0,4,Check out my website for more updates!,Real
49998,3420,135,3.4416674751252145,999,44,0,7,Fitness enthusiast 💪 | Health advocate,Fake
53,1274,431,3.0504089354319794,374,72,0,6,Foodie | Reviews and recipes,Fake
20774,1809,60,0.5,840,34,0,11,Check out my website for more updates!,Fake
3677,2995,151,4.49,710,59,0,5,Foodie | Reviews and recipes,Real
20950,2782,229,0.13,300,48,0,9,Sharing moments from my journey,Real
40227,2657,390,4.44,764,14,0,5,Nature lover | Saving the planet 🌍,Real
38523,1599,307,7.983216356350351,999,11,0,9,Aspiring artist | Drawing my dreams,Real
49841,4758,168,5.9,192,29,0,8,Check out my website for more updates!,Real
38365,1936,342,2.301317824232248,397,62,1,6,Sharing moments from my journey,Fake
22921,4263,140,7.25,255,92,1,2,Follow for daily inspiration 🌟,Fake
25337,194,196,0.99,341,1,1,6,Fitness enthusiast 💪 | Health advocate,Real
29809,2038,285,2.94,23,74,0,5,Business inquiries? Contact below 👇,Fake
27444,487,306,3.052468107368394,865,31,0,6,Fitness enthusiast 💪 | Health advocate,Fake
27952,2719,196,7.38,886,83,0,10,Check out my website for more updates!,Real
34711,1298,158,6.72,494,10,0,2,Personal blog | Stay positive ✨,Fake
14535,4251,289,9.16,424,40,0,4,Personal blog | Stay positive ✨,Real
35976,2259,65,8.78,630,90,0,5,Aspiring artist | Drawing my dreams,Real
27384,4999,410,8.845929223388172,304,98,1,11,Follow for daily inspiration 🌟,Real
29220,260,269,2.10459548909868,297,74,1,11,Passionate traveler and food lover,Fake
23032,4424,342,8.67,136,21,0,9,Nature lover | Saving the planet 🌍,Real
27599,4597,225,2.5781170511911533,433,29,1,5,Love exploring new places 🌎,Fake
47233,3048,185,5.25,599,12,0,10,Love exploring new places 🌎,Real
25000,2171,143,8.98,767,23,0,1,Sharing moments from my journey,Real
17423,1753,306,4.49,965,99,0,1,Follow for daily inspiration 🌟,Fake
40511,1622,285,7.563883725498307,119,50,1,9,Nature lover | Saving the planet 🌍,Real
21495,1914,294,5.82,564,37,0,7,Business inquiries? Contact below 👇,Fake
42566,1253,288,2.85,553,96,0,9,Photographer and content creator 📸,Real
25474,129,255,2.62,227,71,1,3,Business inquiries? Contact below 👇,Fake
41167,2975,270,6.570274875250474,661,91,1,7,Aspiring artist | Drawing my dreams,Fake
29523,1366,305,9.92,757,4,0,11,Nature lover | Saving the planet 🌍,Real
2950,2330,71,4.15,352,79,0,7,Love exploring new places 🌎,Real
45159,1067,428,0.33,34,13,0,10,Entrepreneur & lifestyle blogger,Fake
2493,2610,441,5.57,132,76,0,11,Fitness enthusiast 💪 | Health advocate,Real
10238,4031,434,5.96,884,97,0,6,Passionate traveler and food lover,Real
43807,3567,407,7.47,394,72,0,4,Business inquiries? Contact below 👇,Fake
32641,290,190,2.89,537,77,0,5,Foodie | Reviews and recipes,Real
15218,4939,278,3.763944813719846,830,5,1,5,Follow for daily inspiration 🌟,Fake
18520,1770,357,6.557834910045446,990,22,0,8,Nature lover | Saving the planet 🌍,Fake
27053,4214,320,10.0,561,53,1,10,Follow for daily inspiration 🌟,Real
49998,1843,41,9.970364893865456,151,57,1,7,Aspiring artist | Drawing my dreams,Real
46501,3718,406,9.72,579,79,0,9,Fitness enthusiast 💪 | Health advocate,Real
28400,2564,324,4.8460477878890105,459,56,0,5,Check out my website for more updates!,Real
32564,3815,124,3.61,172,57,0,8,Check out my website for more updates!,Real
11053,4845,36,4.84,209,53,0,3,Business inquiries? Contact below 👇,Fake
23009,2655,205,8.65,813,43,0,5,Photographer and content creator 📸,Real
30646,2272,426,6.77,800,99,0,5,Passionate traveler and food lover,Fake
27998,117,274,6.153435700004162,816,28,1,4,Photographer and content creator 📸,Fake
36255,2670,269,5.865867168724836,0,31,1,2,Passionate traveler and food lover,Real
36433,1592,499,8.433604181689322,484,24,0,8,Nature lover | Saving the planet 🌍,Real
39854,1608,126,0.07,997,67,0,6,Follow for daily inspiration 🌟,Fake
19985,3508,354,6.0722109101802815,908,33,0,10,Passionate traveler and food lover,Real
41136,4197,351,9.02,334,76,0,3,Foodie | Reviews and recipes,Real
42551,1420,395,4.67,754,21,0,8,Business inquiries? Contact below 👇,Fake
6991,2155,379,8.03,935,3,0,6,Personal blog | Stay positive ✨,Real
18777,81,208,0.9,761,25,0,5,Personal blog | Stay positive ✨,Real
38772,1843,169,9.53,409,33,0,3,Follow for daily inspiration 🌟,Real
23372,3163,190,4.8,741,47,0,5,Digital nomad living my best life 🌴,Real
42093,395,371,2.11,950,65,0,10,DM for collaborations or inquiries!,Fake
14080,236,158,5.11,636,71,0,6,Entrepreneur & lifestyle blogger,Fake
30692,1851,387,8.95,263,65,0,11,Fitness enthusiast 💪 | Health advocate,Fake
28269,2751,108,7.162125320784339,275,31,1,5,Personal blog | Stay positive ✨,Fake
17886,2289,339,5.1,159,36,0,3,Entrepreneur & lifestyle blogger,Fake
31844,3064,31,3.32,985,71,0,4,Nature lover | Saving the planet 🌍,Real
5063,3106,438,2.61,984,81,0,4,Nature lover | Saving the planet 🌍,Fake
1804,1564,129,4.685384172803737,0,44,0,9,Personal blog | Stay positive ✨,Real
49146,1231,134,10.0,584,25,0,5,Nature lover | Saving the planet 🌍,Real
46025,3754,38,6.17,375,10,0,7,Business inquiries? Contact below 👇,Real
14676,3072,196,7.945509123367641,999,26,0,4,Check out my website for more updates!,Fake
7659,2166,209,0.77,775,52,0,1,Foodie | Reviews and recipes,Fake
34923,1970,153,8.150509479940201,704,74,1,6,Fitness enthusiast 💪 | Health advocate,Fake
28165,3818,499,6.538707974815477,755,76,0,2,Aspiring artist | Drawing my dreams,Fake
33348,723,338,4.379721282600265,578,43,1,4,Passionate traveler and food lover,Real
42291,1429,397,3.44,245,66,0,4,Business inquiries? Contact below 👇,Real
19489,4213,298,7.940117941433899,999,55,1,5,Aspiring artist | Drawing my dreams,Real
17072,2800,114,7.18,688,90,0,6,Passionate traveler and food lover,Real
38270,1548,470,8.265005225270004,0,74,0,9,Nature lover | Saving the planet 🌍,Real
24968,4565,136,2.14,462,34,0,5,DM for collaborations or inquiries!,Real
24623,3360,79,1.18,398,80,0,3,Love exploring new places 🌎,Fake
32701,4737,391,4.8,689,66,0,3,Personal blog | Stay positive ✨,Real
42247,1178,425,8.41,463,31,0,2,Foodie | Reviews and recipes,Fake
18086,4097,175,7.2,12,67,0,5,DM for collaborations or inquiries!,Fake
36489,3072,210,6.046905361586599,131,42,0,5,Love exploring new places 🌎,Fake
41788,52,10,1.43,318,79,0,10,Sharing moments from my journey,Real
5999,3657,277,8.31,120,97,0,7,Photographer and content creator 📸,Fake
15715,787,125,5.29,826,34,0,4,Sharing moments from my journey,Real
34646,2020,470,6.03,527,55,0,7,DM for collaborations or inquiries!,Fake
53,2238,72,6.353881078015308,376,37,0,4,Love exploring new places 🌎,Real
1484,2584,190,3.5146496294935123,395,79,1,7,DM for collaborations or inquiries!,Real
3669,2974,340,1.99,909,94,0,8,Photographer and content creator 📸,Real
28029,2365,267,5.799310427547916,952,6,1,5,Follow for daily inspiration 🌟,Real
41694,1661,405,5.6,298,2,0,9,Aspiring artist | Drawing my dreams,Fake
15199,3296,171,6.18,571,79,0,6,Digital nomad living my best life 🌴,Fake
13608,2401,186,1.497459871659013,489,48,1,11,DM for collaborations or inquiries!,Fake
49456,4962,188,6.02,582,31,0,6,Entrepreneur & lifestyle blogger,Real
47395,378,366,5.1,903,54,0,10,Sharing moments from my journey,Real
39363,2894,285,4.11,611,18,1,11,Photographer and content creator 📸,Real
39378,2054,36,8.65,198,66,0,11,Photographer and content creator 📸,Fake
28794,2192,173,8.02,304,48,0,3,Foodie | Reviews and recipes,Real
25674,3288,132,5.99,772,91,0,9,Foodie | Reviews and recipes,Fake
25212,767,239,3.88,336,37,0,11,Check out my website for more updates!,Real
4595,4149,393,0.19,572,91,0,3,Business inquiries? Contact below 👇,Real
43065,1582,493,2.69,689,62,1,11,Entrepreneur & lifestyle blogger,Fake
28637,2365,451,9.38,400,20,0,10,Follow for daily inspiration 🌟,Fake
48899,4842,282,4.63,383,69,0,4,Fitness enthusiast 💪 | Health advocate,Real
32884,4950,456,2.33,558,45,0,8,Fitness enthusiast 💪 | Health advocate,Fake
43774,4371,130,3.15,212,80,0,4,Digital nomad living my best life 🌴,Fake
9493,1004,183,7.84,179,9,0,4,Fitness enthusiast 💪 | Health advocate,Fake
48393,1414,210,1.95,526,58,1,5,Photographer and content creator 📸,Fake
3082,1324,161,4.08,840,29,1,9,Check out my website for more updates!,Real
20823,2931,338,4.990483725209637,265,64,1,6,Digital nomad living my best life 🌴,Fake
10498,1055,123,5.4,699,84,0,7,Nature lover | Saving the planet 🌍,Real
1868,10,67,9.200071636118132,530,29,1,9,Personal blog | Stay positive ✨,Fake
28302,2134,128,3.3061734892718064,796,40,1,7,Digital nomad living my best life 🌴,Fake
22086,1899,98,8.44,837,31,1,5,DM for collaborations or inquiries!,Fake
20884,3547,302,8.4920691125817,660,5,1,4,Follow for daily inspiration 🌟,Fake
38023,2132,305,3.513635632312318,840,55,0,5,Photographer and content creator 📸,Real
23819,1127,13,9.02,967,57,0,6,Love exploring new places 🌎,Real
28792,3422,3,5.949730345041335,104,44,0,6,Foodie | Reviews and recipes,Real
21194,4505,477,4.1,867,90,0,9,Nature lover | Saving the planet 🌍,Fake
18858,2546,499,7.657808993143186,806,39,0,8,Sharing moments from my journey,Real
43093,1789,148,3.952236229636573,999,37,0,6,Nature lover | Saving the planet 🌍,Fake
37246,2116,490,7.5,694,32,0,8,Passionate traveler and food lover,Real
48398,2471,157,5.85,541,85,0,4,Photographer and content creator 📸,Fake
18131,1498,21,4.91,945,89,0,2,Foodie | Reviews and recipes,Fake
14289,2266,216,6.179027753782748,290,38,1,4,Love exploring new places 🌎,Real
34546,875,300,5.59,381,81,0,5,DM for collaborations or inquiries!,Fake
2384,365,53,8.07,532,61,0,10,Aspiring artist | Drawing my dreams,Fake
39359,1161,6,3.65,546,45,0,8,Business inquiries? Contact below 👇,Fake
25175,4999,404,4.481748845418185,434,46,1,8,Aspiring artist | Drawing my dreams,Fake
21320,4070,163,6.850497342580232,725,99,1,8,Love exploring new places 🌎,Real
46272,3058,325,8.144787291355216,832,82,0,3,Foodie | Reviews and recipes,Fake
10922,134,272,6.79,943,75,0,3,Passionate traveler and food lover,Fake
47285,4684,498,8.52,142,62,0,8,Foodie | Reviews and recipes,Fake
27718,2229,499,4.763104352088515,526,57,1,6,Follow for daily inspiration 🌟,Fake
43846,3119,128,2.53,329,82,0,11,Digital nomad living my best life 🌴,Real
41788,1647,75,6.095702270787968,360,68,1,7,Aspiring artist | Drawing my dreams,Fake
49370,3751,251,9.37,793,93,0,11,Follow for daily inspiration 🌟,Real
9817,3598,67,4.4103311122155695,735,51,0,5,Personal blog | Stay positive ✨,Real
45852,4428,415,8.22,217,32,0,7,Follow for daily inspiration 🌟,Real
47296,449,217,4.65,184,58,0,6,Personal blog | Stay positive ✨,Real
37772,371,498,4.39,318,28,0,5,Follow for daily inspiration 🌟,Real
6297,2666,202,4.31,645,3,0,4,DM for collaborations or inquiries!,Real
37170,3623,311,3.2935625745946,79,11,1,3,Love exploring new places 🌎,Fake
31158,1934,276,3.23,26,27,0,10,Follow for daily inspiration 🌟,Real
44916,640,499,9.93,442,93,0,11,Foodie | Reviews and recipes,Real
42095,2315,216,2.5667134690189943,336,20,0,11,DM for collaborations or inquiries!,Fake
32923,2689,126,10.0,534,87,1,3,Nature lover | Saving the planet 🌍,Fake
43003,1546,116,0.09,271,59,0,4,Follow for daily inspiration 🌟,Real
49998,1763,0,3.369639261491142,829,87,1,11,Nature lover | Saving the planet 🌍,Fake
721,1008,32,4.04,455,87,1,3,DM for collaborations or inquiries!,Real
38852,3367,4,5.61,937,7,0,6,DM for collaborations or inquiries!,Fake
18099,4017,48,7.28,102,59,1,9,Foodie | Reviews and recipes,Real
14185,2069,19,5.54,46,90,0,10,Foodie | Reviews and recipes,Fake
49258,3564,300,3.28,739,75,0,2,Nature lover | Saving the planet 🌍,Fake
18143,4805,459,8.15,249,56,0,7,DM for collaborations or inquiries!,Fake
32907,1890,177,9.975585280670574,530,65,1,7,Aspiring artist | Drawing my dreams,Fake
6324,977,5,6.79,197,72,0,10,Aspiring artist | Drawing my dreams,Fake
47104,2854,302,7.1,53,48,0,5,Sharing moments from my journey,Fake
32177,3988,297,6.69406301410973,597,89,0,3,Entrepreneur & lifestyle blogger,Real
281,2427,310,0.21,726,1,1,3,Business inquiries? Contact below 👇,Real
28382,3255,74,4.274047687635028,183,48,1,7,Sharing moments from my journey,Fake
17180,4122,266,6.899126430004954,618,70,0,7,Entrepreneur & lifestyle blogger,Fake
5940,87,426,6.66,222,93,0,2,Photographer and content creator 📸,Fake
45034,4568,408,4.49,90,85,0,11,DM for collaborations or inquiries!,Real
28226,2388,433,8.48,780,33,0,2,Fitness enthusiast 💪 | Health advocate,Fake
49146,3831,191,5.18,64,12,0,5,Fitness enthusiast 💪 | Health advocate,Fake
46555,441,490,1.68,473,21,0,9,Love exploring new places 🌎,Real
41254,777,89,6.71,267,18,0,9,Passionate traveler and food lover,Real
1160,2156,151,7.195658646684083,467,0,0,3,Fitness enthusiast 💪 | Health advocate,Fake
22219,3007,377,1.09,939,20,1,9,Entrepreneur & lifestyle blogger,Real
35630,4591,410,9.87,974,52,0,6,Business inquiries? Contact below 👇,Fake
13691,189,408,4.57,156,61,0,2,Love exploring new places 🌎,Real
30312,1358,285,4.7,369,24,0,4,Check out my website for more updates!,Fake
31669,2119,104,8.24,35,77,0,6,Digital nomad living my best life 🌴,Fake
42465,1718,488,10.0,658,81,1,6,Passionate traveler and food lover,Real
16935,431,47,8.473406467118366,488,51,0,6,Entrepreneur & lifestyle blogger,Fake
45912,52,102,2.32,680,92,0,10,Personal blog | Stay positive ✨,Fake
26099,1641,226,7.84,260,87,0,11,Aspiring artist | Drawing my dreams,Fake
26235,4868,113,4.306951463082525,688,25,0,9,Follow for daily inspiration 🌟,Real
21124,3393,455,7.08,820,78,0,10,DM for collaborations or inquiries!,Real
6220,1549,222,4.09,559,13,0,7,Check out my website for more updates!,Real
49822,3134,499,3.997020664267568,889,39,0,6,Entrepreneur & lifestyle blogger,Fake
12516,4444,22,8.42,955,69,0,2,Personal blog | Stay positive ✨,Real
25527,2955,482,3.52,687,51,0,4,Follow for daily inspiration 🌟,Real
44692,2679,214,6.62,17,55,0,3,DM for collaborations or inquiries!,Fake
9550,4493,18,9.99,355,37,0,4,Personal blog | Stay positive ✨,Fake
17981,4994,142,7.71,56,64,0,9,Nature lover | Saving the planet 🌍,Fake
25875,3255,306,3.0288524533592964,999,73,1,7,Foodie | Reviews and recipes,Real
43434,2075,415,4.42,296,69,0,2,Check out my website for more updates!,Fake
37458,1477,297,3.02,817,91,0,2,Aspiring artist | Drawing my dreams,Real
41495,930,295,0.07,166,70,1,3,Personal blog | Stay positive ✨,Real
40156,2571,336,3.78,370,84,0,2,Passionate traveler and food lover,Real
34706,2397,109,4.693520622601219,649,25,1,4,DM for collaborations or inquiries!,Fake
33288,2202,488,4.95,876,6,0,2,Entrepreneur & lifestyle blogger,Fake
580,4481,135,8.26,877,25,0,4,Love exploring new places 🌎,Fake
22071,1087,82,8.32,350,40,1,1,Sharing moments from my journey,Fake
7679,3975,76,0.85,664,57,0,10,Follow for daily inspiration 🌟,Real
38631,626,1,4.04,837,86,0,8,Business inquiries? Contact below 👇,Real
34967,2316,379,0.58,95,52,0,9,Aspiring artist | Drawing my dreams,Real
3376,4622,396,4.37,535,70,0,5,Nature lover | Saving the planet 🌍,Fake
15054,4073,335,6.17,295,34,0,4,Business inquiries? Contact below 👇,Real
31772,3892,157,4.1,940,49,0,8,Fitness enthusiast 💪 | Health advocate,Fake
15268,4191,338,3.74,940,19,0,3,Business inquiries? Contact below 👇,Fake
40826,3183,241,1.12,581,62,1,4,Photographer and content creator 📸,Fake
16478,532,260,9.17,402,13,1,9,Photographer and content creator 📸,Fake
5509,325,155,3.5610760470182585,597,73,0,5,Entrepreneur & lifestyle blogger,Real
22877,3381,400,2.805144466872864,251,83,0,10,Digital nomad living my best life 🌴,Fake
24435,939,0,7.111697295730031,558,65,1,5,Nature lover | Saving the planet 🌍,Real
10350,2657,391,2.981259776860481,771,1,0,10,Nature lover | Saving the planet 🌍,Real
31456,2881,62,8.57,443,94,0,10,Aspiring artist | Drawing my dreams,Fake
39597,1354,388,5.01,970,14,0,10,Nature lover | Saving the planet 🌍,Real
2507,4999,416,9.217881114749693,350,0,0,5,Photographer and content creator 📸,Real
24570,1244,297,9.54,889,87,0,4,Business inquiries? Contact below 👇,Real
49239,4045,395,4.57,389,89,0,4,Fitness enthusiast 💪 | Health advocate,Real
45303,3932,436,3.53,458,33,1,11,Follow for daily inspiration 🌟,Fake
11847,4520,59,3.42,793,42,0,5,Photographer and content creator 📸,Real
37280,1492,412,7.038408652243488,526,41,1,7,Check out my website for more updates!,Fake
22285,3554,130,3.548901534657025,394,60,1,8,Passionate traveler and food lover,Fake
32721,1764,411,4.6639982603522725,331,50,1,11,Entrepreneur & lifestyle blogger,Fake
53,2825,168,5.186419458030591,670,44,1,11,Business inquiries? Contact below 👇,Real
17805,2902,308,5.648013491024093,463,45,0,8,Love exploring new places 🌎,Fake
4078,3305,405,0.95,725,69,0,6,Follow for daily inspiration 🌟,Real
9599,4310,292,8.618399384114706,412,11,1,9,Fitness enthusiast 💪 | Health advocate,Real
11465,4327,178,6.46,106,46,0,7,Business inquiries? Contact below 👇,Fake
53,4432,158,2.6802656589107827,445,68,1,6,Business inquiries? Contact below 👇,Fake
27851,264,228,4.614000658411722,328,28,0,8,Business inquiries? Contact below 👇,Real
11140,1874,80,5.749088864660166,999,0,1,4,Follow for daily inspiration 🌟,Real
47805,2081,330,4.03,85,70,0,4,Follow for daily inspiration 🌟,Fake
49444,3239,29,9.21,222,92,0,6,Sharing moments from my journey,Real
39835,1315,274,3.51,269,81,0,3,Love exploring new places 🌎,Real
12161,4612,464,7.94,28,73,0,6,DM for collaborations or inquiries!,Fake
3113,646,13,1.12,20,12,0,7,Digital nomad living my best life 🌴,Fake
29435,3216,252,9.1,819,17,0,11,Passionate traveler and food lover,Fake
48473,961,100,3.57,183,89,0,7,DM for collaborations or inquiries!,Fake
27984,3793,65,9.43,210,34,0,3,Nature lover | Saving the planet 🌍,Real
10712,1782,232,0.0,380,53,0,7,Foodie | Reviews and recipes,Fake
23560,1577,62,2.21,589,61,0,10,Digital nomad living my best life 🌴,Real
33096,4275,452,8.53,631,3,0,5,Entrepreneur & lifestyle blogger,Real
37256,4603,340,7.945407001856259,784,73,0,6,Entrepreneur & lifestyle blogger,Fake
23361,3144,348,8.51,926,61,1,3,Photographer and content creator 📸,Fake
19889,3190,68,0.98,941,5,0,7,Digital nomad living my best life 🌴,Real
25004,1896,0,4.349583744390545,374,11,0,7,Passionate traveler and food lover,Real
34102,3230,327,1.07,469,32,0,9,Photographer and content creator 📸,Real
39208,1796,391,6.16,194,64,0,3,Passionate traveler and food lover,Real
42936,1411,223,2.91,770,82,0,4,Love exploring new places 🌎,Real
11498,2214,360,6.814826834957743,235,51,1,1,Digital nomad living my best life 🌴,Real
13683,3930,405,5.58,514,99,0,5,Personal blog | Stay positive ✨,Fake
11806,985,342,2.88,81,21,0,7,Business inquiries? Contact below 👇,Real
36771,4998,173,10.0,584,24,0,3,Business inquiries? Contact below 👇,Real
19276,3946,364,7.3,217,6,0,6,Photographer and content creator 📸,Real
10109,929,57,3.9,372,58,0,7,Passionate traveler and food lover,Fake
21304,3553,158,3.47,417,67,0,5,Love exploring new places 🌎,Fake
22438,4972,282,1.05,246,91,0,8,Fitness enthusiast 💪 | Health advocate,Real
1655,1325,297,7.010626060719746,686,45,1,7,Follow for daily inspiration 🌟,Fake
8346,2474,359,4.08,898,44,0,2,Nature lover | Saving the planet 🌍,Fake
33940,3698,53,2.02,752,82,0,8,Digital nomad living my best life 🌴,Fake
13109,1111,392,7.2,329,48,1,8,DM for collaborations or inquiries!,Fake
9761,866,318,9.48,404,43,0,5,Business inquiries? Contact below 👇,Fake
44390,4407,65,6.97,257,61,1,8,Digital nomad living my best life 🌴,Real
8244,4248,339,6.646593662798399,408,68,0,6,Fitness enthusiast 💪 | Health advocate,Fake
45218,3270,444,8.239934966893768,506,69,1,1,Digital nomad living my best life 🌴,Fake
39661,4401,440,8.82,56,98,0,10,Photographer and content creator 📸,Fake
28018,1765,428,7.49,767,25,0,5,Entrepreneur & lifestyle blogger,Fake
12343,473,85,7.6,238,77,0,6,Fitness enthusiast 💪 | Health advocate,Real
17797,3108,123,1.4273658292412166,622,43,0,5,Aspiring artist | Drawing my dreams,Fake
1567,1183,333,1.27,535,20,0,4,Love exploring new places 🌎,Fake
11692,901,307,5.370986795138227,567,36,0,6,Personal blog | Stay positive ✨,Fake
44559,558,1,8.82,291,33,0,3,Business inquiries? Contact below 👇,Fake
44630,3145,344,6.23,528,1,0,3,Nature lover | Saving the planet 🌍,Real
5839,1295,408,6.318753639765716,465,58,0,8,Photographer and content creator 📸,Fake
39852,1553,99,0.0,878,99,0,5,Personal blog | Stay positive ✨,Fake
23856,32,42,5.61,364,65,0,11,Passionate traveler and food lover,Real
16599,2869,230,9.86,793,10,0,2,Check out my website for more updates!,Real
19294,2527,337,5.477718080167489,146,52,0,2,Entrepreneur & lifestyle blogger,Fake
42451,3183,421,3.8,753,53,0,2,Foodie | Reviews and recipes,Real
36779,3832,14,8.12,290,24,1,9,Nature lover | Saving the planet 🌍,Real
32107,3786,333,1.13,521,44,0,10,DM for collaborations or inquiries!,Fake
12153,2767,418,6.11,405,16,0,10,DM for collaborations or inquiries!,Fake
27891,4846,499,3.351628343608234,406,48,0,7,Love exploring new places 🌎,Fake
23121,2308,175,0.7870700597992872,462,57,0,5,Check out my website for more updates!,Fake
42379,2198,196,0.02,578,56,0,2,Check out my website for more updates!,Real
25640,376,59,3.2,445,96,0,8,Fitness enthusiast 💪 | Health advocate,Real
49998,4135,310,6.986137446710219,143,81,0,8,Fitness enthusiast 💪 | Health advocate,Real
23883,3165,493,3.39,96,41,0,6,Check out my website for more updates!,Real
12590,3783,400,7.15,973,31,0,3,Sharing moments from my journey,Fake
5139,3710,309,9.98,146,61,0,5,Aspiring artist | Drawing my dreams,Fake
15486,4953,418,2.56,664,63,0,3,Follow for daily inspiration 🌟,Fake
9662,1622,30,9.78,257,38,0,3,Aspiring artist | Drawing my dreams,Fake
26870,4776,298,8.96,931,21,0,11,Aspiring artist | Drawing my dreams,Real
35303,3379,157,7.64,44,37,1,7,Photographer and content creator 📸,Fake
39335,2124,332,1.05,244,53,0,2,Passionate traveler and food lover,Real
35959,3542,166,4.68,400,13,0,2,Digital nomad living my best life 🌴,Real
49982,2112,399,0.59,179,76,0,5,Business inquiries? Contact below 👇,Real
13249,4097,125,8.32,80,59,0,3,Digital nomad living my best life 🌴,Fake
23274,4954,0,5.558921782805303,0,34,0,8,Check out my website for more updates!,Fake
9030,419,339,2.44,97,39,0,7,Aspiring artist | Drawing my dreams,Real
29838,276,146,7.63,314,12,0,7,Nature lover | Saving the planet 🌍,Fake
20790,3651,368,3.46,192,60,0,3,Follow for daily inspiration 🌟,Fake
14868,643,68,2.173545744730336,144,38,1,5,Sharing moments from my journey,Fake
34816,4640,314,4.13,160,20,0,9,Photographer and content creator 📸,Real
32035,4064,192,4.565372076817831,284,79,1,7,Passionate traveler and food lover,Fake
24210,1836,90,4.42,249,20,0,6,Check out my website for more updates!,Real
35249,3548,19,4.42,690,59,0,4,Nature lover | Saving the planet 🌍,Real
20036,3001,400,6.12,123,22,0,7,Check out my website for more updates!,Fake
29460,4733,244,5.13,844,56,0,5,Sharing moments from my journey,Fake
9241,1263,376,2.78,194,31,0,11,Love exploring new places 🌎,Fake
1446,2085,196,5.8,498,84,0,6,Business inquiries? Contact below 👇,Real
48672,2791,329,7.05,645,6,0,3,Passionate traveler and food lover,Real
24633,877,0,2.301838610696693,322,97,1,3,Business inquiries? Contact below 👇,Real
38150,3528,44,8.36,683,97,0,6,Nature lover | Saving the planet 🌍,Real
34742,696,210,10.0,786,59,0,6,Fitness enthusiast 💪 | Health advocate,Fake
25610,2768,397,5.94,884,97,0,7,Photographer and content creator 📸,Fake
46310,1226,123,0.01,155,86,1,11,Fitness enthusiast 💪 | Health advocate,Fake
43248,1385,232,9.748756463785554,0,56,1,1,Nature lover | Saving the planet 🌍,Real
31186,2509,62,0.91,588,39,0,2,Fitness enthusiast 💪 | Health advocate,Fake
5356,123,241,1.13,678,67,0,5,Entrepreneur & lifestyle blogger,Fake
42832,400,160,6.29,563,83,0,2,Passionate traveler and food lover,Fake
22001,3353,168,6.0,618,2,0,9,Aspiring artist | Drawing my dreams,Fake
33115,4922,328,5.6,647,90,0,9,Foodie | Reviews and recipes,Real
20287,2779,426,8.8,4,42,0,3,Love exploring new places 🌎,Fake
20737,2740,223,6.42,598,11,0,6,Passionate traveler and food lover,Real
7509,2526,416,4.52,490,49,0,3,Love exploring new places 🌎,Fake
25483,1643,267,2.3943160470847555,732,39,0,4,Entrepreneur & lifestyle blogger,Fake
21455,3133,239,7.56,917,81,0,1,Digital nomad living my best life 🌴,Real
37486,4203,0,6.697685595397005,609,69,1,4,Sharing moments from my journey,Fake
17889,3761,239,0.4783421516875528,765,29,0,9,Foodie | Reviews and recipes,Real
9232,10,499,7.41885840881783,797,99,1,1,Check out my website for more updates!,Real
42962,4678,237,0.8,984,5,0,2,Passionate traveler and food lover,Real
40216,536,62,2.41,550,39,0,10,Check out my website for more updates!,Fake
24061,3806,432,0.88,372,43,1,6,Business inquiries? Contact below 👇,Real
36953,593,66,7.21,531,37,0,2,Aspiring artist | Drawing my dreams,Real
17381,3412,69,0.23,373,57,0,9,Follow for daily inspiration 🌟,Real
3150,2827,85,4.27,992,83,0,10,Sharing moments from my journey,Real
35574,1153,63,4.47,767,52,1,2,Sharing moments from my journey,Real
49998,1968,307,7.616059288592575,0,70,0,5,Sharing moments from my journey,Fake
43877,1850,224,9.48,939,59,0,6,Digital nomad living my best life 🌴,Real
5592,2445,260,6.02,56,64,0,8,Fitness enthusiast 💪 | Health advocate,Fake
41431,3135,81,6.34,834,6,0,11,Love exploring new places 🌎,Fake
7313,2739,202,7.078410251298434,604,84,0,4,Digital nomad living my best life 🌴,Fake
31835,1139,365,7.17339169465405,260,7,0,11,Personal blog | Stay positive ✨,Real
885,4463,499,6.882576222658148,803,55,0,1,Photographer and content creator 📸,Real
13169,951,92,4.31,607,76,0,2,Photographer and content creator 📸,Real
34960,1758,14,10.0,999,88,1,6,Foodie | Reviews and recipes,Real
3373,4048,170,3.0523900720488117,819,51,1,6,Follow for daily inspiration 🌟,Fake
27456,204,429,9.100203867146574,778,93,1,8,Fitness enthusiast 💪 | Health advocate,Fake
12257,4759,376,6.11,463,47,0,6,DM for collaborations or inquiries!,Real
49026,3487,411,7.88,370,75,0,9,Love exploring new places 🌎,Fake
33446,3871,168,1.1285714968066456,175,83,0,9,Check out my website for more updates!,Real
9246,2390,430,8.34,60,30,0,4,Nature lover | Saving the planet 🌍,Fake
31194,4999,136,0.5599597318960967,999,79,1,1,Passionate traveler and food lover,Fake
19932,2565,495,4.470262120973852,492,31,0,7,Business inquiries? Contact below 👇,Fake
49998,3975,331,1.801895559402786,422,82,0,6,Foodie | Reviews and recipes,Fake
5906,2716,385,2.79,958,6,0,10,Follow for daily inspiration 🌟,Fake
4424,4620,196,3.42442895642288,411,54,0,4,Nature lover | Saving the planet 🌍,Real
43030,960,265,9.81,655,33,0,8,Aspiring artist | Drawing my dreams,Fake
345,1657,306,2.97,596,57,0,10,Love exploring new places 🌎,Fake
20066,3668,367,6.58,786,60,0,2,DM for collaborations or inquiries!,Fake
4563,4840,24,4.02,354,5,0,4,Foodie | Reviews and recipes,Real
12257,1022,336,4.37,60,36,0,8,Nature lover | Saving the planet 🌍,Fake
42760,2206,262,2.99,17,66,0,5,Sharing moments from my journey,Real
3407,2444,418,2.99,207,12,0,2,Photographer and content creator 📸,Fake
2945,4059,208,9.02,499,36,0,8,Passionate traveler and food lover,Fake
16258,350,255,2.51,156,47,0,3,Sharing moments from my journey,Fake
27322,4564,445,7.990989942489601,828,35,1,1,DM for collaborations or inquiries!,Real
33224,2322,254,7.72,558,59,0,11,Entrepreneur & lifestyle blogger,Fake
2728,1943,84,6.587370872204317,253,38,1,10,Fitness enthusiast 💪 | Health advocate,Fake
29133,4941,49,0.57,686,42,0,3,Foodie | Reviews and recipes,Real
520,2640,101,2.47,77,2,0,11,Business inquiries? Contact below 👇,Fake
41697,4084,156,3.47,680,33,0,11,Fitness enthusiast 💪 | Health advocate,Real
23069,4481,399,10.0,740,64,0,9,Sharing moments from my journey,Fake
48935,3627,183,7.013312474781637,0,20,1,10,Nature lover | Saving the planet 🌍,Real
18910,4965,247,2.87,244,1,1,10,Digital nomad living my best life 🌴,Real
28232,4816,202,1.43,853,73,0,7,Business inquiries? Contact below 👇,Fake
16583,1754,51,9.14,0,69,0,4,Passionate traveler and food lover,Fake
37579,3401,177,0.78,701,54,1,3,Foodie | Reviews and recipes,Real
23000,248,94,7.47,123,5,0,8,Digital nomad living my best life 🌴,Fake
6616,2858,81,1.5270027318543904,350,67,1,4,Business inquiries? Contact below 👇,Real
22730,1911,330,6.15,189,66,0,3,Follow for daily inspiration 🌟,Fake
33411,4106,484,7.9,8,85,1,5,Sharing moments from my journey,Fake
18308,2811,368,5.685687251921483,551,73,0,7,Digital nomad living my best life 🌴,Real
43322,1618,222,7.1748951265120935,576,86,0,10,Check out my website for more updates!,Real
1401,2250,275,3.64,516,95,0,8,Nature lover | Saving the planet 🌍,Fake
23899,1620,179,0.66,622,11,0,3,Aspiring artist | Drawing my dreams,Real
49141,1025,92,9.03,760,39,0,10,Passionate traveler and food lover,Real
17251,4086,323,3.71,771,1,0,8,Business inquiries? Contact below 👇,Fake
25012,4872,422,0.22,943,35,0,3,Foodie | Reviews and recipes,Real
9000,10,115,3.857950600504737,494,78,0,9,Check out my website for more updates!,Real
30178,4982,353,8.68,734,11,0,5,Check out my website for more updates!,Fake
9187,4612,325,4.83,520,60,0,8,Nature lover | Saving the planet 🌍,Real
11456,1398,408,3.441524637323946,467,31,1,8,Digital nomad living my best life 🌴,Fake
46923,3364,420,6.4,763,77,0,7,Sharing moments from my journey,Fake
7598,2303,0,0.0,999,67,0,7,Foodie | Reviews and recipes,Real
2990,4526,330,1.1,805,11,0,11,Passionate traveler and food lover,Fake
1927,4363,183,4.44,776,71,0,9,Photographer and content creator 📸,Real
23551,3443,200,7.41,941,56,0,9,Nature lover | Saving the planet 🌍,Fake
11645,708,51,7.616159237043968,999,32,0,7,Entrepreneur & lifestyle blogger,Fake
13473,3200,244,6.35,236,91,1,9,Foodie | Reviews and recipes,Fake
22792,2870,462,0.62,396,63,0,6,Aspiring artist | Drawing my dreams,Real
8192,3831,263,8.22,18,86,0,4,Aspiring artist | Drawing my dreams,Fake
35800,1513,30,6.85,768,22,0,8,Passionate traveler and food lover,Real
28238,1228,252,0.3736753035649975,329,52,1,4,Check out my website for more updates!,Real
2501,4485,344,6.24,768,86,0,5,Passionate traveler and food lover,Real
37186,2352,206,4.24,109,75,1,7,Entrepreneur & lifestyle blogger,Real
15778,2744,54,7.7,85,18,0,3,Nature lover | Saving the planet 🌍,Fake
19518,4812,334,0.45,651,8,0,3,Follow for daily inspiration 🌟,Real
26019,4277,49,9.66,321,49,0,4,Entrepreneur & lifestyle blogger,Fake
45197,1728,224,4.8,819,94,0,7,Check out my website for more updates!,Real
11177,1759,288,7.11,922,13,0,2,Digital nomad living my best life 🌴,Fake
10703,569,395,7.42,63,32,0,9,Entrepreneur & lifestyle blogger,Real
20211,1957,178,6.890916482732808,530,53,1,9,Check out my website for more updates!,Real
26815,1181,116,2.684077332622068,736,26,1,8,Business inquiries? Contact below 👇,Fake
35875,4251,420,3.95,0,19,0,9,Sharing moments from my journey,Fake
21500,3552,140,6.57,6,35,0,8,Nature lover | Saving the planet 🌍,Fake
22494,4404,332,2.192494801586931,957,7,1,1,Foodie | Reviews and recipes,Fake
28564,3126,141,4.92,168,7,1,9,Follow for daily inspiration 🌟,Fake
26185,4158,166,1.48,232,14,0,7,DM for collaborations or inquiries!,Fake
40590,2913,267,0.86,499,29,0,2,Love exploring new places 🌎,Real
16081,1574,463,4.28,671,74,0,5,Fitness enthusiast 💪 | Health advocate,Real
34669,2634,364,5.7,596,67,0,11,Fitness enthusiast 💪 | Health advocate,Fake
13017,10,81,4.785760138338055,797,16,0,4,Love exploring new places 🌎,Fake
3314,1874,332,4.71,949,60,0,6,Digital nomad living my best life 🌴,Real
32332,4453,89,6.08,403,14,0,3,Entrepreneur & lifestyle blogger,Real
8985,1320,244,1.21,258,40,0,7,Foodie | Reviews and recipes,Fake
35679,90,47,6.97,278,14,0,10,Personal blog | Stay positive ✨,Fake
24956,2327,0,1.024260891471232,350,37,0,3,DM for collaborations or inquiries!,Fake
44137,2626,175,1.09,732,6,0,7,Sharing moments from my journey,Fake
9401,2124,103,3.966640578800376,400,58,1,11,Love exploring new places 🌎,Real
31110,3613,279,8.26,820,15,0,7,Passionate traveler and food lover,Real
19517,3083,137,3.8164053313558433,539,48,0,4,Entrepreneur & lifestyle blogger,Fake
9998,3434,127,0.8207862962098433,917,45,0,7,Photographer and content creator 📸,Fake
31527,180,171,9.46,878,27,0,8,Business inquiries? Contact below 👇,Fake
46220,4184,460,7.58,265,67,0,6,Photographer and content creator 📸,Real
36978,3520,290,1.11,411,3,0,3,Business inquiries? Contact below 👇,Real
35926,3385,457,7.11,287,65,0,10,DM for collaborations or inquiries!,Fake
25792,4381,238,6.84,558,70,0,6,Aspiring artist | Drawing my dreams,Real
4892,1659,491,2.7,797,37,0,9,Passionate traveler and food lover,Fake
27599,4892,417,7.05,148,77,0,5,Nature lover | Saving the planet 🌍,Real
12513,3778,269,5.452146746776255,341,53,1,5,Nature lover | Saving the planet 🌍,Fake
16754,3409,217,4.861951693367797,691,79,0,4,Foodie | Reviews and recipes,Real
40660,1172,380,8.77,203,39,0,4,Personal blog | Stay positive ✨,Fake
24528,3221,59,10.0,579,16,0,2,Check out my website for more updates!,Real
34089,10,180,4.522396529884448,852,67,1,5,DM for collaborations or inquiries!,Real
29386,3676,306,0.42,640,73,0,5,Photographer and content creator 📸,Fake
35406,2486,253,6.196174938816306,461,0,1,3,DM for collaborations or inquiries!,Fake
46550,2860,212,1.83,349,32,0,9,Love exploring new places 🌎,Real
40216,3925,57,7.66,567,86,0,3,Personal blog | Stay positive ✨,Real
34644,2505,99,5.72,918,54,0,2,Follow for daily inspiration 🌟,Fake
37809,1575,237,6.55,23,68,0,5,Passionate traveler and food lover,Fake
14786,4987,45,8.77,748,70,0,8,Follow for daily inspiration 🌟,Real
44799,292,499,5.588909786852316,415,90,1,7,Photographer and content creator 📸,Real
19213,3637,61,0.02,287,80,0,10,Check out my website for more updates!,Real
22903,895,305,7.025040759322058,667,36,1,3,Check out my website for more updates!,Fake
32195,3438,341,4.029945160787177,714,0,0,11,Aspiring artist | Drawing my dreams,Real
31155,1366,349,9.27,26,14,0,3,Aspiring artist | Drawing my dreams,Real
9934,3320,355,0.38,65,42,0,10,Follow for daily inspiration 🌟,Fake
44991,4241,266,5.13,187,46,0,10,Foodie | Reviews and recipes,Real
29559,2716,84,3.23,332,15,0,4,Business inquiries? Contact below 👇,Fake
5661,1018,205,2.648450952031792,25,81,1,8,Aspiring artist | Drawing my dreams,Real
10065,1743,230,6.954688727929989,887,63,0,3,Passionate traveler and food lover,Fake
6784,2647,77,0.41,521,74,1,10,Follow for daily inspiration 🌟,Real
44938,1053,241,7.22,934,73,0,8,Business inquiries? Contact below 👇,Real
30484,3292,297,3.35,290,8,0,8,Foodie | Reviews and recipes,Real
190,10,251,5.631829874014955,618,50,1,6,Aspiring artist | Drawing my dreams,Fake
27699,1055,119,2.6446728619221864,439,88,1,7,Follow for daily inspiration 🌟,Fake
30341,3932,451,9.12,120,57,0,4,Love exploring new places 🌎,Real
19194,3102,269,3.66,467,13,0,5,DM for collaborations or inquiries!,Real
20225,2302,375,2.205379256069631,494,0,0,6,Digital nomad living my best life 🌴,Real
18391,4484,315,1.81,423,86,0,11,Love exploring new places 🌎,Fake
35956,4557,191,8.37,811,80,0,8,Sharing moments from my journey,Real
43013,321,312,0.1,907,74,0,1,Check out my website for more updates!,Fake
15623,2217,306,6.65570281598691,792,6,0,4,Nature lover | Saving the planet 🌍,Fake
33738,4999,145,1.752839266680359,793,0,1,7,Entrepreneur & lifestyle blogger,Fake
16009,1839,372,2.97,869,96,0,9,Fitness enthusiast 💪 | Health advocate,Fake
30426,2850,86,5.310358325698309,299,19,1,3,Check out my website for more updates!,Real
42696,2981,360,5.88,473,79,0,5,DM for collaborations or inquiries!,Real
10988,4935,240,3.23,151,47,0,9,Love exploring new places 🌎,Fake
10890,4209,488,2.52,972,31,0,7,Aspiring artist | Drawing my dreams,Fake
37409,2241,136,0.0,0,99,0,9,Check out my website for more updates!,Fake
15326,3102,420,5.304751793763905,376,38,0,6,Foodie | Reviews and recipes,Fake
26543,734,231,4.520861015763387,572,26,0,4,Personal blog | Stay positive ✨,Real
1139,2718,196,1.86,332,21,0,8,Foodie | Reviews and recipes,Fake
26221,10,286,4.751799003550572,0,36,0,6,Follow for daily inspiration 🌟,Fake
20832,685,411,2.29,173,64,0,7,Passionate traveler and food lover,Fake
23106,2618,274,9.279557250633903,357,9,0,3,Love exploring new places 🌎,Fake
49998,1014,196,8.339588498235571,424,34,1,7,Photographer and content creator 📸,Real
20126,1294,323,0.45,170,15,0,7,Sharing moments from my journey,Fake
36654,693,408,5.32,915,41,0,5,Love exploring new places 🌎,Fake
3536,328,299,8.07,477,53,0,5,Foodie | Reviews and recipes,Fake
17001,4149,133,0.96,130,29,0,7,Passionate traveler and food lover,Real
11578,1762,458,7.69,84,92,0,2,Follow for daily inspiration 🌟,Fake
45819,884,393,2.23,528,84,0,8,Follow for daily inspiration 🌟,Real
31729,1618,20,1.18,784,41,0,10,Passionate traveler and food lover,Fake
22298,2526,230,5.52,7,65,0,8,Check out my website for more updates!,Fake
22406,3779,266,1.53,246,83,0,10,Entrepreneur & lifestyle blogger,Real
47278,507,183,4.65,99,76,0,2,Digital nomad living my best life 🌴,Real
17835,4431,241,9.88,893,98,0,10,Sharing moments from my journey,Real
8512,786,381,5.84,458,15,0,2,Check out my website for more updates!,Fake
9113,1222,0,5.37,402,17,0,9,Business inquiries? Contact below 👇,Real
43284,1048,126,6.91,857,92,0,6,Photographer and content creator 📸,Real
53,4102,173,0.0,805,45,1,8,Foodie | Reviews and recipes,Real
811,339,382,9.01,464,40,1,7,Nature lover | Saving the planet 🌍,Real
37612,1632,396,1.80062631141505,304,17,0,4,Fitness enthusiast 💪 | Health advocate,Real
47772,4091,492,8.6,290,2,0,3,DM for collaborations or inquiries!,Real
16200,1742,155,0.13,119,38,0,10,Love exploring new places 🌎,Fake
15297,1684,211,1.76,596,15,0,4,Fitness enthusiast 💪 | Health advocate,Real
44451,2478,376,2.49,49,97,0,11,Passionate traveler and food lover,Real
44136,875,86,2.27,882,30,0,7,Foodie | Reviews and recipes,Real
6075,3211,371,1.5493875737642997,777,34,0,7,Digital nomad living my best life 🌴,Real
25812,1737,486,5.05,343,45,1,8,Sharing moments from my journey,Fake
31935,4259,312,9.52,941,60,0,3,Fitness enthusiast 💪 | Health advocate,Fake
41325,2500,60,0.56,442,24,0,3,Digital nomad living my best life 🌴,Real
25918,517,262,0.77,79,79,0,4,Digital nomad living my best life 🌴,Real
15214,856,363,1.0999701677975011,893,12,1,4,Entrepreneur & lifestyle blogger,Real
24713,1587,177,2.15,448,96,0,5,Digital nomad living my best life 🌴,Real
1970,4349,106,6.25,183,96,1,4,Sharing moments from my journey,Fake
17649,2201,238,7.11,60,42,0,8,Foodie | Reviews and recipes,Fake
17286,2386,259,2.47,707,2,0,2,Fitness enthusiast 💪 | Health advocate,Real
19297,1545,177,3.9697886525253407,595,29,1,3,Fitness enthusiast 💪 | Health advocate,Real
24274,1994,181,10.0,802,68,1,8,Love exploring new places 🌎,Real
32025,2618,55,4.4,828,47,0,8,Entrepreneur & lifestyle blogger,Real
53,1392,253,5.489703687446635,876,8,1,4,Sharing moments from my journey,Fake
28326,2773,337,9.961641429598648,489,40,1,9,Fitness enthusiast 💪 | Health advocate,Real
28960,4049,474,6.930122489771991,371,31,1,2,Nature lover | Saving the planet 🌍,Real
21566,3654,470,7.63,689,50,0,3,Personal blog | Stay positive ✨,Real
25416,50,181,2.1,236,35,0,4,Business inquiries? Contact below 👇,Fake
36543,2160,173,3.15,689,74,0,5,Follow for daily inspiration 🌟,Real
29823,2416,123,3.2407822120028387,351,57,0,6,Fitness enthusiast 💪 | Health advocate,Real
18878,1519,148,8.42,303,38,0,2,Sharing moments from my journey,Fake
20039,2453,362,3.75,325,72,0,6,Sharing moments from my journey,Fake
27521,2723,394,7.38,253,9,0,11,Digital nomad living my best life 🌴,Real
18252,851,256,0.15,828,43,0,8,Entrepreneur & lifestyle blogger,Real
1015,4858,482,2.05,475,97,0,7,Business inquiries? Contact below 👇,Real
24654,3576,403,4.35,67,26,0,8,Follow for daily inspiration 🌟,Fake
30791,3359,271,5.500255774928073,271,50,1,6,Fitness enthusiast 💪 | Health advocate,Fake
48791,4459,489,3.78,125,23,0,10,Passionate traveler and food lover,Fake
21802,2427,499,5.179193314469676,457,67,1,5,Follow for daily inspiration 🌟,Real
48934,3084,222,6.91,741,5,0,9,Foodie | Reviews and recipes,Real
28866,3756,317,4.485420008015007,329,67,0,5,Entrepreneur & lifestyle blogger,Fake
49998,1326,350,0.0,696,44,0,5,Aspiring artist | Drawing my dreams,Real
2110,1725,7,8.1,751,89,0,1,Passionate traveler and food lover,Real
21564,4779,56,1.862062307506477,634,75,1,7,Follow for daily inspiration 🌟,Fake
13242,4516,321,9.33,740,11,0,4,Entrepreneur & lifestyle blogger,Real
44456,3605,196,1.15,373,23,0,5,Nature lover | Saving the planet 🌍,Real
9096,3234,2,7.17,48,65,0,4,Fitness enthusiast 💪 | Health advocate,Fake
4471,1736,117,4.81,386,4,0,6,Foodie | Reviews and recipes,Real
44241,1106,117,4.22,138,38,0,9,Personal blog | Stay positive ✨,Real
40761,3501,120,1.3617498923841969,445,68,0,3,Follow for daily inspiration 🌟,Fake
34144,2658,493,9.7,508,8,1,6,Love exploring new places 🌎,Real
40282,1669,409,6.09,660,96,0,3,Love exploring new places 🌎,Fake
24491,2158,189,4.74,887,93,0,10,Nature lover | Saving the planet 🌍,Real
53,3430,127,6.406725704399888,511,0,1,7,Aspiring artist | Drawing my dreams,Real
49998,1460,4,0.0,824,7,0,7,Business inquiries? Contact below 👇,Fake
37197,1979,346,4.839668516673934,61,25,0,4,Nature lover | Saving the planet 🌍,Fake
44948,4190,440,3.42,279,85,0,8,Passionate traveler and food lover,Fake
7841,3055,324,6.615374031574881,794,62,0,7,Business inquiries? Contact below 👇,Real
42098,3511,369,4.26,412,70,0,3,Business inquiries? Contact below 👇,Fake
44008,4258,187,5.49,512,44,0,9,Sharing moments from my journey,Fake
36150,2006,18,3.19,515,53,0,7,Fitness enthusiast 💪 | Health advocate,Fake
49288,3983,209,0.9,513,96,0,8,Check out my website for more updates!,Fake
46945,713,183,10.0,162,43,0,6,Entrepreneur & lifestyle blogger,Fake
9176,1071,146,2.77,414,56,0,8,Digital nomad living my best life 🌴,Real
9059,2360,286,0.07,563,63,0,9,Love exploring new places 🌎,Real
24510,1308,278,10.0,406,99,0,11,Personal blog | Stay positive ✨,Real
27370,960,489,9.32,345,55,0,5,Photographer and content creator 📸,Real
21706,1643,336,1.3484019959647044,737,0,1,4,Business inquiries? Contact below 👇,Fake
48374,4950,165,5.34,625,92,0,10,Aspiring artist | Drawing my dreams,Fake
24786,4267,297,7.84,549,19,0,5,Digital nomad living my best life 🌴,Real
32972,307,470,4.32,248,49,0,7,Check out my website for more updates!,Real
44890,641,69,3.85,352,28,0,11,Sharing moments from my journey,Real
13353,4463,167,4.94,511,25,0,9,Follow for daily inspiration 🌟,Fake
24709,1591,223,7.0832741986062775,242,50,0,5,Foodie | Reviews and recipes,Fake
5609,2221,296,4.110991603859248,721,46,0,10,Love exploring new places 🌎,Real
12384,4198,15,0.35,862,40,0,7,Foodie | Reviews and recipes,Fake
17817,571,186,6.51,9,8,0,6,Foodie | Reviews and recipes,Real
35164,671,460,6.9,947,90,0,5,Check out my website for more updates!,Real
25077,4999,403,3.5377791565680954,381,53,1,6,Digital nomad living my best life 🌴,Real
36156,757,435,0.8,478,76,0,3,Love exploring new places 🌎,Fake
14436,14,247,6.94,327,65,0,8,Passionate traveler and food lover,Real
25631,2886,152,3.75,783,97,0,1,Passionate traveler and food lover,Fake
7970,413,325,9.31,30,58,0,3,Passionate traveler and food lover,Fake
18894,4232,60,1.13,9,75,0,8,Photographer and content creator 📸,Real
17632,2764,236,9.48,661,57,0,5,Photographer and content creator 📸,Fake
39192,4776,187,4.188842184839658,513,39,1,5,Sharing moments from my journey,Fake
11266,4072,265,6.81,125,83,0,8,Fitness enthusiast 💪 | Health advocate,Fake
12773,2160,279,2.83,395,99,0,2,Follow for daily inspiration 🌟,Fake
2444,4507,131,5.39,690,11,0,5,Digital nomad living my best life 🌴,Real
3316,1566,305,8.25715163496016,540,80,1,4,Love exploring new places 🌎,Fake
25419,2766,140,6.84686492408299,827,54,1,8,Follow for daily inspiration 🌟,Real
49429,2276,12,3.25,927,64,0,3,Personal blog | Stay positive ✨,Fake
35014,1255,202,8.09849052774005,393,43,0,4,Business inquiries? Contact below 👇,Fake
21980,2785,315,3.811447675818444,111,66,1,5,Entrepreneur & lifestyle blogger,Fake
11834,2729,233,6.205173399792533,363,64,0,2,Sharing moments from my journey,Real
26898,2825,297,1.2413432339408668,76,94,0,11,Personal blog | Stay positive ✨,Fake
26437,1218,323,1.38,521,72,0,8,Follow for daily inspiration 🌟,Real
40129,3763,305,9.15,488,50,0,2,Passionate traveler and food lover,Real
29724,218,322,0.0,570,29,1,2,Digital nomad living my best life 🌴,Real
23434,4779,198,0.92,469,71,0,4,Passionate traveler and food lover,Real
16066,2650,191,3.45,54,91,0,2,Passionate traveler and food lover,Fake
27351,1842,385,2.69,814,69,0,3,Nature lover | Saving the planet 🌍,Fake
7486,10,499,0.4923106955790137,475,54,1,8,Sharing moments from my journey,Fake
11776,2331,262,3.0887089436871795,736,0,1,4,Follow for daily inspiration 🌟,Real
45122,1802,22,8.78,138,48,0,11,Follow for daily inspiration 🌟,Fake
37211,418,383,7.97,651,49,0,10,Aspiring artist | Drawing my dreams,Fake
11776,84,311,5.84,45,53,0,7,DM for collaborations or inquiries!,Real
28765,2606,184,1.87,278,83,0,2,Photographer and content creator 📸,Fake
33156,283,133,2.75,860,70,0,8,Business inquiries? Contact below 👇,Fake
49915,1480,227,6.03,235,58,0,11,Passionate traveler and food lover,Real
4680,2966,140,1.35,546,90,1,7,Fitness enthusiast 💪 | Health advocate,Fake
1064,1223,3,1.57,893,81,0,8,Business inquiries? Contact below 👇,Fake
19936,2761,330,4.2,309,73,0,3,Nature lover | Saving the planet 🌍,Real
27868,1376,61,5.66,215,37,0,3,Passionate traveler and food lover,Real
35737,319,219,6.425429726486626,604,76,0,4,Foodie | Reviews and recipes,Fake
18632,2715,359,1.08,318,84,0,10,Sharing moments from my journey,Fake
18248,2183,201,1.4478741073134072,304,44,1,8,Love exploring new places 🌎,Fake
6900,660,284,1.7,717,24,0,5,Nature lover | Saving the planet 🌍,Real
23422,2170,143,4.388690930032721,0,48,0,6,Foodie | Reviews and recipes,Fake
49664,715,176,8.35,810,30,0,7,Nature lover | Saving the planet 🌍,Fake
35007,3139,499,10.0,169,59,1,7,Love exploring new places 🌎,Real
47324,854,375,8.61,130,23,0,7,Digital nomad living my best life 🌴,Real
39750,3857,116,3.98305260552044,610,55,1,6,Check out my website for more updates!,Real
13205,1663,97,3.92,243,57,0,4,Follow for daily inspiration 🌟,Real
53,2172,132,3.96046714173616,315,83,0,3,Entrepreneur & lifestyle blogger,Real
7563,4438,110,5.25,505,87,0,1,Personal blog | Stay positive ✨,Real
10088,2459,119,2.06,241,45,0,6,Digital nomad living my best life 🌴,Fake
26764,3603,270,5.82,12,46,0,10,Check out my website for more updates!,Fake
1144,2759,196,6.66,667,63,0,9,Aspiring artist | Drawing my dreams,Real
16782,4478,351,0.52,670,59,0,10,Check out my website for more updates!,Fake
12691,2330,473,6.42,657,75,0,9,Digital nomad living my best life 🌴,Fake
2937,3726,100,3.78,574,1,0,8,Check out my website for more updates!,Real
31264,4882,320,7.11,434,2,1,6,Love exploring new places 🌎,Fake
12428,959,151,4.25303460159256,764,51,1,9,Nature lover | Saving the planet 🌍,Real
14976,1562,84,5.65,223,81,1,8,Entrepreneur & lifestyle blogger,Fake
2572,4008,114,5.57,619,67,0,4,DM for collaborations or inquiries!,Real
37447,1419,230,3.2,273,70,0,2,Digital nomad living my best life 🌴,Real
36756,2579,216,2.038061796902592,999,62,1,5,Passionate traveler and food lover,Real
45987,75,499,4.39,217,60,0,8,Business inquiries? Contact below 👇,Fake
6257,2318,334,8.42,181,49,0,9,Sharing moments from my journey,Fake
21033,1307,399,4.89,895,92,0,10,Love exploring new places 🌎,Real
26545,1861,165,4.04,318,87,1,10,Photographer and content creator 📸,Fake
25054,10,224,4.750363978678918,377,99,1,4,Sharing moments from my journey,Fake
33235,10,242,5.298731986300555,434,30,1,1,Love exploring new places 🌎,Fake
26861,3752,326,5.06,855,9,0,8,DM for collaborations or inquiries!,Fake
7142,3391,398,2.91,652,45,0,11,Fitness enthusiast 💪 | Health advocate,Real
39453,3575,377,7.090657481470064,284,0,1,6,Love exploring new places 🌎,Real
10229,4607,477,5.3,478,19,0,2,Aspiring artist | Drawing my dreams,Fake
3542,1787,439,8.16,493,89,0,4,Love exploring new places 🌎,Fake
20518,1522,382,6.856991945028792,266,95,0,8,Digital nomad living my best life 🌴,Fake
11092,2919,344,6.19,103,98,0,10,Digital nomad living my best life 🌴,Fake
39712,187,431,4.98,124,3,0,6,Passionate traveler and food lover,Real
39638,2775,156,7.98,620,41,0,7,Digital nomad living my best life 🌴,Fake
29877,3495,371,3.2,616,57,0,3,Business inquiries? Contact below 👇,Fake
13955,2121,335,8.650613078286348,869,62,1,8,DM for collaborations or inquiries!,Fake
43544,4637,434,1.68,130,62,0,3,Follow for daily inspiration 🌟,Real
32523,1014,499,3.440924670999125,761,54,1,5,Business inquiries? Contact below 👇,Real
53,3001,263,6.3680240122982505,722,25,1,7,Photographer and content creator 📸,Real
22166,3701,327,5.362952166692533,471,39,1,6,Follow for daily inspiration 🌟,Fake
39454,3864,143,2.83,434,47,0,3,Nature lover | Saving the planet 🌍,Real
40014,4531,321,6.38,936,31,0,1,Love exploring new places 🌎,Fake
15137,1496,225,2.256139874233699,341,91,0,5,Photographer and content creator 📸,Fake
25162,10,283,3.6791058653185895,821,19,1,8,Follow for daily inspiration 🌟,Fake
15548,4041,435,8.19,386,97,0,5,Sharing moments from my journey,Real
36874,2181,55,0.3,927,34,0,2,Aspiring artist | Drawing my dreams,Fake
33604,297,177,2.403774684226256,237,30,0,4,Love exploring new places 🌎,Real
7980,1693,315,0.3,689,67,0,7,Business inquiries? Contact below 👇,Real
49998,688,166,2.758580644546765,571,66,0,8,Passionate traveler and food lover,Real
7440,3216,494,4.87,274,28,0,2,Digital nomad living my best life 🌴,Real
47257,4208,319,7.35,523,31,0,9,Passionate traveler and food lover,Fake
9311,3310,209,1.526547454048742,575,9,1,9,Sharing moments from my journey,Fake
41307,473,271,8.93,984,49,0,6,Fitness enthusiast 💪 | Health advocate,Fake
38469,3030,220,7.13,568,45,0,4,Business inquiries? Contact below 👇,Fake
40187,1547,175,4.38,384,59,0,9,Love exploring new places 🌎,Real
29051,223,475,3.19,897,16,0,7,Fitness enthusiast 💪 | Health advocate,Real
48436,4461,50,0.85,144,11,0,3,Business inquiries? Contact below 👇,Fake
37181,1529,130,10.0,632,74,0,3,Personal blog | Stay positive ✨,Fake
38572,2519,395,5.59,9,89,1,6,Foodie | Reviews and recipes,Fake
41066,2660,213,2.92,99,29,0,5,Photographer and content creator 📸,Real
34274,2564,378,5.727512431043693,699,65,0,8,Entrepreneur & lifestyle blogger,Fake
45603,3347,375,6.43,536,43,0,11,Aspiring artist | Drawing my dreams,Fake
44295,803,44,9.44,417,67,0,11,Check out my website for more updates!,Real
30244,2010,499,2.574779026208447,646,32,0,4,Personal blog | Stay positive ✨,Fake
4051,3705,315,8.4,22,4,0,4,Nature lover | Saving the planet 🌍,Real
24363,10,280,6.644281311162574,321,61,0,4,Personal blog | Stay positive ✨,Fake
11706,10,2,5.836250420037063,955,62,0,11,Digital nomad living my best life 🌴,Fake
11752,3745,296,1.6,160,5,0,3,Follow for daily inspiration 🌟,Real
49856,3478,90,3.77,681,64,0,9,Business inquiries? Contact below 👇,Real
14982,3349,395,0.85,408,21,0,2,Fitness enthusiast 💪 | Health advocate,Real
30127,4810,138,0.42,220,92,0,4,Follow for daily inspiration 🌟,Fake
36204,1937,59,5.76,101,0,0,6,Personal blog | Stay positive ✨,Fake
49998,1694,377,1.222037840454004,410,78,0,5,Photographer and content creator 📸,Real
7923,510,255,9.448619092847732,642,21,1,6,Follow for daily inspiration 🌟,Real
27681,2362,383,7.265990329461285,720,56,0,7,Nature lover | Saving the planet 🌍,Real
18891,1115,384,7.233125228217263,559,81,0,8,Nature lover | Saving the planet 🌍,Fake
49979,1214,384,1.25,323,12,0,3,Sharing moments from my journey,Real
22138,415,10,1.35,849,25,0,3,Sharing moments from my journey,Fake
21514,4280,246,8.7,243,30,0,8,Photographer and content creator 📸,Fake
35744,1020,44,5.05,265,84,0,9,Nature lover | Saving the planet 🌍,Fake
35623,1985,442,6.77,978,78,0,10,Business inquiries? Contact below 👇,Fake
34927,181,92,1.69,839,99,0,3,Check out my website for more updates!,Real
472,97,451,0.7,369,70,0,5,Foodie | Reviews and recipes,Fake
16325,250,43,4.32,977,37,0,4,Entrepreneur & lifestyle blogger,Real
31352,1572,44,2.58,718,85,1,10,Photographer and content creator 📸,Fake
26196,606,473,3.59,924,70,0,3,Fitness enthusiast 💪 | Health advocate,Fake
36948,81,89,5.72,327,46,0,2,Follow for daily inspiration 🌟,Fake
29956,2616,125,5.49,521,22,0,6,Business inquiries? Contact below 👇,Fake
36782,3944,55,5.61,907,40,0,6,Aspiring artist | Drawing my dreams,Real
6496,708,303,2.675186357423546,719,99,1,2,Foodie | Reviews and recipes,Fake
49998,2991,166,7.377321354028485,552,72,0,5,Love exploring new places 🌎,Real
35415,3543,477,0.5750813334876099,596,52,1,6,Entrepreneur & lifestyle blogger,Fake
8941,869,322,4.370874667467454,521,59,1,11,Aspiring artist | Drawing my dreams,Real
21961,1668,337,1.23,904,70,0,6,Sharing moments from my journey,Fake
2239,595,132,1.45,555,48,0,3,Entrepreneur & lifestyle blogger,Fake
34565,3881,234,5.74,106,59,0,10,Sharing moments from my journey,Real
44063,4662,138,7.58,659,12,0,8,Business inquiries? Contact below 👇,Fake
32320,268,240,4.71,476,94,0,6,Digital nomad living my best life 🌴,Fake
12529,353,194,3.3,923,59,0,2,Check out my website for more updates!,Real
43264,565,107,3.04,79,21,0,5,Nature lover | Saving the planet 🌍,Real
36208,3210,255,5.19,405,47,0,10,Foodie | Reviews and recipes,Real
44887,3424,208,3.52,546,90,0,11,Digital nomad living my best life 🌴,Fake
20732,1233,115,1.7025341125625175,507,23,0,2,Foodie | Reviews and recipes,Fake
34038,1514,166,4.87,371,23,1,5,Entrepreneur & lifestyle blogger,Fake
3029,2651,370,0.02,629,55,0,9,Foodie | Reviews and recipes,Real
14664,1814,484,1.01,425,67,0,10,Personal blog | Stay positive ✨,Fake
12022,2756,498,3.3,216,54,0,2,Follow for daily inspiration 🌟,Real
27649,4676,217,8.580323746102142,281,17,0,10,Passionate traveler and food lover,Real
82,4683,56,6.38,788,37,0,6,Sharing moments from my journey,Fake
34044,4128,307,6.137244268282269,539,20,0,1,Nature lover | Saving the planet 🌍,Fake
22358,10,499,9.41477777681423,502,70,0,11,Follow for daily inspiration 🌟,Fake
42568,10,208,2.8644654664044054,999,38,0,5,Foodie | Reviews and recipes,Fake
45853,3711,496,8.899369177919194,951,24,1,9,Business inquiries? Contact below 👇,Real
32515,3654,462,0.86,227,12,0,4,DM for collaborations or inquiries!,Fake
19082,162,128,0.38,266,56,0,10,Digital nomad living my best life 🌴,Real
4812,1456,274,5.41,609,35,0,4,Aspiring artist | Drawing my dreams,Real
32566,3587,217,7.038305612276138,485,25,1,4,Fitness enthusiast 💪 | Health advocate,Real
12060,1677,191,9.43,447,4,0,9,Personal blog | Stay positive ✨,Fake
3647,4593,309,6.32,724,65,0,3,Check out my website for more updates!,Fake
33399,839,373,0.91,811,13,0,11,Love exploring new places 🌎,Fake
6721,2130,499,5.457490716504957,833,14,0,8,Photographer and content creator 📸,Real
31614,4280,307,0.0,623,23,0,10,Digital nomad living my best life 🌴,Real
14220,4098,117,3.3169299128290715,541,29,0,8,Business inquiries? Contact below 👇,Real
39991,3411,336,7.676181403607846,487,78,1,1,Personal blog | Stay positive ✨,Fake
39754,3812,416,3.34,428,67,0,6,Nature lover | Saving the planet 🌍,Real
30368,2972,429,0.2,479,79,0,4,Love exploring new places 🌎,Real
22914,1193,133,4.04,329,43,0,8,Sharing moments from my journey,Fake
25465,2757,147,3.547691383557277,293,18,1,1,DM for collaborations or inquiries!,Fake
26044,2926,373,4.148314848965311,648,6,1,5,Check out my website for more updates!,Real
9299,1371,164,4.86,599,72,0,3,Follow for daily inspiration 🌟,Real
25821,2266,352,2.65,909,64,0,11,Entrepreneur & lifestyle blogger,Fake
35948,3120,13,2.72,261,52,0,10,Nature lover | Saving the planet 🌍,Real
41055,1835,260,5.503964903239026,479,83,1,7,Aspiring artist | Drawing my dreams,Fake
49998,4809,191,7.362972859929686,262,51,1,8,Sharing moments from my journey,Fake
26760,4939,274,0.0,437,15,1,5,Entrepreneur & lifestyle blogger,Real
40105,1065,251,9.87,392,58,0,7,Digital nomad living my best life 🌴,Fake
40599,3059,54,10.0,297,3,0,4,Check out my website for more updates!,Real
11805,1307,112,2.63,318,70,0,9,Passionate traveler and food lover,Real
18156,2290,231,7.57,450,75,0,7,DM for collaborations or inquiries!,Fake
26938,2794,209,9.034354359874383,400,51,0,5,Digital nomad living my best life 🌴,Fake
11906,1445,96,9.71,692,26,1,4,Check out my website for more updates!,Fake
28861,4102,351,6.3,57,68,0,6,Entrepreneur & lifestyle blogger,Real
33592,973,0,1.4716934706651008,683,81,0,11,Aspiring artist | Drawing my dreams,Real
41934,367,1,6.88,844,83,0,5,Photographer and content creator 📸,Fake
37318,2339,257,8.991318359780793,376,53,0,9,Business inquiries? Contact below 👇,Fake
29776,1360,429,6.75,877,21,0,6,Personal blog | Stay positive ✨,Fake
12231,3525,287,6.424213629616386,627,7,1,8,Digital nomad living my best life 🌴,Real
39416,1107,472,3.94,707,47,0,11,Fitness enthusiast 💪 | Health advocate,Fake
53,1616,324,5.966523107272266,904,33,1,6,Aspiring artist | Drawing my dreams,Real
23648,1007,466,3.67,398,35,0,7,Follow for daily inspiration 🌟,Real
2127,2315,15,6.13,170,83,0,3,Nature lover | Saving the planet 🌍,Real
36090,1628,85,2.061009880935342,475,76,0,6,Business inquiries? Contact below 👇,Fake
29069,3320,391,2.7953863683245053,380,99,1,8,DM for collaborations or inquiries!,Real
40611,740,373,0.1,971,69,0,2,Follow for daily inspiration 🌟,Real
46461,2473,22,0.38,874,2,0,5,Entrepreneur & lifestyle blogger,Real
48878,2441,128,0.03,705,26,0,6,Digital nomad living my best life 🌴,Real
10077,3243,307,8.57,750,12,0,9,Foodie | Reviews and recipes,Real
27803,2072,190,7.606947902042568,800,5,1,7,Love exploring new places 🌎,Fake
1138,1360,245,7.06,428,72,0,11,Personal blog | Stay positive ✨,Real
23698,3921,18,7.256099014077924,568,17,0,4,Personal blog | Stay positive ✨,Real
32975,1359,499,4.328765129908831,329,5,1,6,Fitness enthusiast 💪 | Health advocate,Fake
35165,4528,317,9.998772758659412,618,62,1,8,Passionate traveler and food lover,Fake
5229,999,291,7.88,514,50,0,10,DM for collaborations or inquiries!,Fake
30899,4394,499,5.461367520939018,349,99,0,3,Sharing moments from my journey,Real
29639,3783,198,4.57,561,44,0,4,Digital nomad living my best life 🌴,Real
23980,2403,379,5.35,620,3,0,7,Love exploring new places 🌎,Real
38181,4999,35,7.307967904255081,860,0,0,6,Passionate traveler and food lover,Fake
27354,2258,24,5.78,240,19,0,3,Personal blog | Stay positive ✨,Real
47870,2375,291,1.59,852,39,0,4,Foodie | Reviews and recipes,Fake
3020,1335,233,1.31,553,69,0,4,Entrepreneur & lifestyle blogger,Real
25999,1152,50,0.18,541,65,0,5,Foodie | Reviews and recipes,Fake
15525,4673,499,0.0,752,18,0,4,Digital nomad living my best life 🌴,Real
9352,1237,149,5.14,44,67,0,11,Follow for daily inspiration 🌟,Real
17154,2139,282,8.46,702,58,0,5,Sharing moments from my journey,Real
38195,3781,357,6.15,125,80,0,10,Check out my website for more updates!,Real
13397,1069,433,6.7,572,50,0,5,Foodie | Reviews and recipes,Real
27758,4733,222,6.02,493,20,0,11,Aspiring artist | Drawing my dreams,Fake
32864,4953,437,0.8,835,2,0,3,Sharing moments from my journey,Real
39599,4106,72,7.523739377658989,870,29,1,11,Photographer and content creator 📸,Real
27903,3642,450,9.11,193,38,0,2,Follow for daily inspiration 🌟,Fake
22642,1079,91,7.75,398,78,1,3,Follow for daily inspiration 🌟,Real
37120,3753,157,8.26,460,75,0,2,Aspiring artist | Drawing my dreams,Fake
28879,2611,196,0.36,991,32,0,9,Business inquiries? Contact below 👇,Real
24998,4429,149,3.56,250,43,0,4,Fitness enthusiast 💪 | Health advocate,Real
16596,3423,313,5.715804173565287,406,36,0,5,Nature lover | Saving the planet 🌍,Fake
20496,4216,340,3.56,8,73,0,3,Business inquiries? Contact below 👇,Real
14832,648,312,8.05,659,92,0,6,Foodie | Reviews and recipes,Real
25291,2056,116,5.93,211,66,0,3,Personal blog | Stay positive ✨,Fake
14993,2638,147,6.12,198,58,0,7,Passionate traveler and food lover,Real
40631,368,406,5.99,966,90,0,6,Sharing moments from my journey,Fake
31632,2502,300,4.307151597982634,0,0,0,9,Foodie | Reviews and recipes,Fake
47540,1238,448,3.68,436,72,0,1,Entrepreneur & lifestyle blogger,Fake
17606,4395,373,3.34,285,22,0,9,Business inquiries? Contact below 👇,Real
22982,4048,41,5.274701008451356,361,41,1,11,Nature lover | Saving the planet 🌍,Fake
939,1630,369,3.76,21,17,0,10,Aspiring artist | Drawing my dreams,Fake
33120,1629,346,4.507106393680044,456,70,1,8,Entrepreneur & lifestyle blogger,Real
8578,4146,189,9.77,329,43,0,2,Entrepreneur & lifestyle blogger,Fake
9491,1626,310,5.26,85,5,0,8,Business inquiries? Contact below 👇,Fake
12725,10,139,5.8488349635863806,507,71,0,7,DM for collaborations or inquiries!,Fake
25863,3416,499,7.139127599321254,279,43,1,9,Follow for daily inspiration 🌟,Real
36863,3370,200,0.6060163962216336,705,36,0,5,Passionate traveler and food lover,Fake
7005,4640,37,8.93,843,58,0,9,Business inquiries? Contact below 👇,Real
27222,2982,238,3.102204257662704,999,25,0,1,Foodie | Reviews and recipes,Fake
1707,1028,286,1.7,134,96,0,8,Sharing moments from my journey,Fake
33183,2462,328,6.33,126,82,0,9,Fitness enthusiast 💪 | Health advocate,Fake
43123,425,264,4.8,317,35,0,1,Aspiring artist | Drawing my dreams,Real
40141,429,251,1.69,856,44,0,5,Sharing moments from my journey,Fake
31883,3690,232,3.810524428095919,422,51,0,6,Follow for daily inspiration 🌟,Fake
15394,1482,298,0.0,246,0,1,10,Follow for daily inspiration 🌟,Real
22334,1293,58,3.169721396749493,5,42,1,8,Foodie | Reviews and recipes,Fake
26165,4999,233,5.287236042339644,661,53,1,4,Business inquiries? Contact below 👇,Fake
10053,450,394,7.38,628,2,0,5,Nature lover | Saving the planet 🌍,Fake
17095,3580,472,8.22,690,4,0,9,Personal blog | Stay positive ✨,Fake
30817,3433,306,1.3747667498703464,628,59,1,4,Business inquiries? Contact below 👇,Real
23611,4709,347,3.3,419,69,0,9,Aspiring artist | Drawing my dreams,Real
17148,3392,137,5.94,195,49,1,8,Foodie | Reviews and recipes,Real
47590,2450,318,7.78,393,8,0,2,Aspiring artist | Drawing my dreams,Real
43233,2669,173,3.4,443,30,0,7,Love exploring new places 🌎,Fake
2538,2423,311,1.33,281,33,0,4,Foodie | Reviews and recipes,Fake
41584,3209,484,1.4,854,89,0,3,Fitness enthusiast 💪 | Health advocate,Fake
36916,2414,276,0.24,598,92,0,7,Business inquiries? Contact below 👇,Fake
24623,1295,112,9.971773435693535,557,0,0,9,Love exploring new places 🌎,Real
11750,633,168,6.7,389,40,0,10,Digital nomad living my best life 🌴,Fake
26377,2250,414,6.31,352,42,1,7,Business inquiries? Contact below 👇,Fake
6304,3620,302,4.56,916,8,0,7,Love exploring new places 🌎,Fake
15282,380,394,7.24,369,47,0,4,Photographer and content creator 📸,Real
46830,1531,63,8.34,935,80,1,7,Aspiring artist | Drawing my dreams,Real
21208,2644,39,2.24,611,85,0,7,Personal blog | Stay positive ✨,Real
37362,4999,499,2.886466177619538,0,46,0,7,Entrepreneur & lifestyle blogger,Fake
44745,50,193,6.18,29,82,0,7,Entrepreneur & lifestyle blogger,Real
1759,3424,302,1.22,67,43,0,3,DM for collaborations or inquiries!,Real
7330,2130,255,1.07,288,52,0,2,Love exploring new places 🌎,Real
31015,2497,26,2.44,988,29,0,11,Digital nomad living my best life 🌴,Fake
34124,1918,117,6.25,708,57,0,4,Sharing moments from my journey,Fake
39056,697,361,0.23,440,87,0,7,Business inquiries? Contact below 👇,Real
46087,4665,313,5.99,905,96,0,5,DM for collaborations or inquiries!,Fake
16166,2178,215,1.32,162,24,0,11,DM for collaborations or inquiries!,Fake
1849,420,149,9.33,736,1,0,8,Digital nomad living my best life 🌴,Real
15795,4793,392,4.24,111,91,0,2,Photographer and content creator 📸,Fake
2851,1527,49,4.07,76,26,0,6,Passionate traveler and food lover,Fake
29446,3105,256,2.39,968,55,0,3,Entrepreneur & lifestyle blogger,Fake
22327,4140,304,4.58,971,40,0,4,Foodie | Reviews and recipes,Fake
26641,2600,219,1.3358301029963933,844,37,1,6,Entrepreneur & lifestyle blogger,Real
26981,3004,362,0.4122370355308709,8,55,1,6,Check out my website for more updates!,Real
11720,3210,463,9.92,81,74,0,2,Check out my website for more updates!,Fake
39935,2621,374,2.82,286,83,0,6,Personal blog | Stay positive ✨,Real
16191,2470,207,3.72,283,93,0,7,Passionate traveler and food lover,Fake
32301,1319,351,4.170181100008462,988,80,0,5,Passionate traveler and food lover,Real
22792,1188,296,7.75,421,22,0,3,Foodie | Reviews and recipes,Fake
14509,4196,480,4.75,462,84,0,3,Digital nomad living my best life 🌴,Fake
17556,2490,264,9.51475661595839,486,20,1,8,Business inquiries? Contact below 👇,Fake
42971,2406,473,5.83,479,70,0,4,Sharing moments from my journey,Real
47692,2671,48,6.75,236,12,0,7,Business inquiries? Contact below 👇,Fake
25412,734,207,5.94,386,34,0,6,Passionate traveler and food lover,Real
40763,3684,1,3.71,140,25,0,2,Love exploring new places 🌎,Real
19100,1814,220,4.853444203194456,330,40,0,5,Aspiring artist | Drawing my dreams,Real
35356,1171,29,3.77,972,13,0,2,Check out my website for more updates!,Real
27914,4116,16,2.414550699581811,213,0,1,8,Entrepreneur & lifestyle blogger,Real
14326,4141,333,3.52,980,41,0,4,Photographer and content creator 📸,Fake
26600,2973,293,6.957820593917912,796,61,0,4,Follow for daily inspiration 🌟,Fake
48154,1872,7,0.82,511,21,0,11,Love exploring new places 🌎,Real
47540,3652,150,6.95,674,33,0,11,Entrepreneur & lifestyle blogger,Real
18259,1657,266,5.61,726,10,0,5,Business inquiries? Contact below 👇,Real
24637,3795,499,3.4012769108756222,540,95,1,3,Digital nomad living my best life 🌴,Fake
17588,2688,378,8.63616670620878,245,26,1,7,Photographer and content creator 📸,Real
15085,4300,392,9.16,708,31,0,7,Entrepreneur & lifestyle blogger,Fake
804,2067,301,2.9,535,1,0,10,Check out my website for more updates!,Real
39269,4112,318,4.707269124891725,621,52,1,9,Sharing moments from my journey,Real
29818,3615,428,2.26,673,44,0,10,Aspiring artist | Drawing my dreams,Fake
49198,4757,191,2.32,422,11,0,10,Entrepreneur & lifestyle blogger,Real
31766,194,491,7.4,612,28,0,5,Fitness enthusiast 💪 | Health advocate,Fake
53,599,385,3.3672841608878152,422,53,1,1,Follow for daily inspiration 🌟,Fake
4243,4588,87,3.6,909,38,0,5,Follow for daily inspiration 🌟,Fake
34279,1152,406,2.7,531,2,0,4,Digital nomad living my best life 🌴,Real
8808,3608,4,5.88,414,1,0,3,Personal blog | Stay positive ✨,Real
21420,3661,295,6.19,804,98,0,8,Love exploring new places 🌎,Real
35882,1022,68,8.15,91,79,0,3,Sharing moments from my journey,Real
2694,95,486,8.22,509,39,1,10,Check out my website for more updates!,Real
46007,1821,351,2.37,506,9,0,3,Follow for daily inspiration 🌟,Fake
14443,1886,412,6.672287499356697,573,99,0,8,Sharing moments from my journey,Fake
33959,3343,197,5.622467274553561,690,42,1,2,Follow for daily inspiration 🌟,Fake
31670,2588,297,1.7510805238074356,999,36,1,5,Fitness enthusiast 💪 | Health advocate,Real
19763,3941,0,3.4446961692926026,428,26,0,7,Sharing moments from my journey,Real
28771,3078,390,9.241226044998369,966,51,1,6,DM for collaborations or inquiries!,Fake
37479,1159,450,0.37,966,58,1,9,Nature lover | Saving the planet 🌍,Real
49933,1540,197,1.19,864,40,0,8,Personal blog | Stay positive ✨,Real
8944,4594,472,1.42,921,32,0,8,Foodie | Reviews and recipes,Fake
27921,3139,383,4.151327905959361,674,54,0,10,Sharing moments from my journey,Real
11551,3142,257,4.22,188,1,0,9,Digital nomad living my best life 🌴,Fake
38070,2391,45,1.62,109,48,0,2,Entrepreneur & lifestyle blogger,Real
32314,887,452,2.34,205,89,0,4,Nature lover | Saving the planet 🌍,Fake
18737,2829,113,5.33,409,26,0,10,Follow for daily inspiration 🌟,Fake
38071,3706,453,2.06,53,89,0,3,Entrepreneur & lifestyle blogger,Real
21715,1531,33,2.64,650,69,0,10,Check out my website for more updates!,Real
38280,1735,404,4.12,968,35,1,10,Check out my website for more updates!,Real
35889,588,135,0.76,519,15,0,8,DM for collaborations or inquiries!,Real
26403,1241,380,7.32,109,61,0,8,Love exploring new places 🌎,Real
36815,4053,103,5.49,977,82,0,7,Love exploring new places 🌎,Real
49693,1824,453,6.7201370037240205,991,78,0,10,Foodie | Reviews and recipes,Real
26178,702,231,6.51,877,87,0,4,Digital nomad living my best life 🌴,Fake
39333,1164,248,3.2,925,17,0,7,Love exploring new places 🌎,Real
13985,2656,499,6.419733164131185,432,90,0,3,Business inquiries? Contact below 👇,Real
14258,865,373,5.78,49,63,0,6,DM for collaborations or inquiries!,Fake
29665,420,400,5.61,860,56,0,6,Love exploring new places 🌎,Real
23938,150,375,2.04,603,69,1,11,Nature lover | Saving the planet 🌍,Fake
10223,526,419,9.91,246,19,0,7,Digital nomad living my best life 🌴,Real
40924,489,9,2.56,592,3,0,5,Love exploring new places 🌎,Fake
49986,4569,136,2.05,957,73,0,5,Sharing moments from my journey,Fake
35106,275,392,6.36,677,16,0,9,Personal blog | Stay positive ✨,Fake
49998,2043,272,5.389302299298583,174,73,1,7,DM for collaborations or inquiries!,Fake
23624,1492,31,6.88,607,9,0,4,Check out my website for more updates!,Real
2493,1219,327,3.55,257,56,0,10,Entrepreneur & lifestyle blogger,Fake
10364,734,204,4.84,481,6,0,3,Follow for daily inspiration 🌟,Real
36484,1001,60,6.88,907,56,0,4,Personal blog | Stay positive ✨,Real
37931,4677,200,8.744462685043413,827,44,1,6,Digital nomad living my best life 🌴,Real
32076,310,154,1.19,12,11,0,10,Fitness enthusiast 💪 | Health advocate,Real
2682,3371,317,4.55,531,27,0,10,Photographer and content creator 📸,Real
33595,2859,310,0.0,167,79,0,8,Personal blog | Stay positive ✨,Fake
15918,4999,306,1.3932379896233495,642,6,0,1,Entrepreneur & lifestyle blogger,Fake
5689,3489,454,8.201552657713517,720,42,1,6,Business inquiries? Contact below 👇,Fake
15316,2826,422,3.86,423,22,0,8,Digital nomad living my best life 🌴,Fake
4437,1467,258,5.48,981,60,0,6,Digital nomad living my best life 🌴,Fake
31885,761,425,4.44,854,32,1,3,Love exploring new places 🌎,Fake
46173,1197,338,4.548970302018587,668,60,1,5,Passionate traveler and food lover,Real
19452,2873,497,4.12,462,70,0,6,Business inquiries? Contact below 👇,Fake
11717,4002,489,6.43,464,92,0,2,Digital nomad living my best life 🌴,Real
32610,1843,30,10.0,574,70,1,6,Photographer and content creator 📸,Real
15793,4862,159,6.073262616980886,305,99,0,9,Passionate traveler and food lover,Fake
16171,1494,480,8.63,93,70,0,8,Fitness enthusiast 💪 | Health advocate,Real
3222,2688,95,1.8,285,83,0,11,DM for collaborations or inquiries!,Real
46776,3263,169,6.16259381914292,108,90,1,1,Nature lover | Saving the planet 🌍,Fake
13904,3996,127,8.63,741,26,0,6,Aspiring artist | Drawing my dreams,Real
15640,19,239,2.487644936896754,283,47,1,7,Fitness enthusiast 💪 | Health advocate,Real
28386,3180,56,0.0,388,17,0,6,Aspiring artist | Drawing my dreams,Fake
23667,467,407,2.76,442,73,0,3,Aspiring artist | Drawing my dreams,Fake
27888,1492,88,8.54,524,57,0,2,Digital nomad living my best life 🌴,Real
9245,4030,194,5.78,450,2,0,3,DM for collaborations or inquiries!,Fake
35909,1357,47,3.5646952633193307,783,73,1,2,Business inquiries? Contact below 👇,Real
972,1771,28,6.99,637,82,0,3,Passionate traveler and food lover,Real
29780,1251,275,0.6,868,77,0,7,Love exploring new places 🌎,Real
33860,3422,15,9.69,149,70,0,8,Sharing moments from my journey,Fake
3182,939,118,3.4,526,81,0,4,Business inquiries? Contact below 👇,Real
26592,3691,244,3.84,816,69,0,7,Follow for daily inspiration 🌟,Real
29271,672,266,4.69,101,78,0,9,Passionate traveler and food lover,Real
48799,3222,393,0.93,658,32,0,3,Foodie | Reviews and recipes,Fake
37023,2069,397,8.74,150,82,0,3,Business inquiries? Contact below 👇,Fake
45614,3052,102,3.43,685,94,0,7,DM for collaborations or inquiries!,Real
39449,4958,229,0.45,471,55,0,3,Follow for daily inspiration 🌟,Fake
26881,1758,183,7.46,997,80,0,5,Photographer and content creator 📸,Fake
24917,2275,234,3.23,222,13,0,6,Digital nomad living my best life 🌴,Fake
1638,3352,371,5.24,87,26,0,7,Sharing moments from my journey,Real
534,2884,209,0.7,810,49,1,5,Business inquiries? Contact below 👇,Fake
6287,2209,377,0.4486341181128193,834,47,0,6,Business inquiries? Contact below 👇,Real
29395,3740,348,0.19,509,28,0,5,Photographer and content creator 📸,Fake
6838,498,69,9.51,872,17,0,9,Sharing moments from my journey,Real
14446,1044,429,8.32,416,33,0,5,Nature lover | Saving the planet 🌍,Real
34652,2897,318,2.73,783,48,0,10,Sharing moments from my journey,Fake
10319,4465,75,1.24,127,24,0,6,Photographer and content creator 📸,Real
26052,3047,177,9.53,617,68,0,4,Follow for daily inspiration 🌟,Real
10232,2584,107,7.88,718,45,0,7,Photographer and content creator 📸,Real
19791,1128,359,6.89,779,53,0,10,Entrepreneur & lifestyle blogger,Fake
4720,2474,330,5.692680915105573,358,0,1,8,Love exploring new places 🌎,Real
29653,2055,410,7.74,436,67,0,5,Foodie | Reviews and recipes,Real
26451,4999,188,3.968185147648237,0,57,1,9,Foodie | Reviews and recipes,Real
7367,3392,337,2.85,905,20,0,2,Sharing moments from my journey,Real
2277,2265,494,4.05,261,16,0,9,Entrepreneur & lifestyle blogger,Fake
10235,415,99,3.89,636,53,0,3,Sharing moments from my journey,Fake
30543,3729,321,3.86,184,92,0,4,Love exploring new places 🌎,Real
23054,3891,246,0.9456681196719874,546,23,1,4,Photographer and content creator 📸,Real
9750,2478,404,9.43,50,65,0,3,Sharing moments from my journey,Real
7957,4115,402,9.38,128,4,0,10,Photographer and content creator 📸,Fake
23198,3925,85,7.220868617736914,880,33,1,6,Check out my website for more updates!,Real
240,2631,230,4.521415751367134,414,33,0,8,Digital nomad living my best life 🌴,Real
7369,2065,377,5.47,47,87,0,4,Personal blog | Stay positive ✨,Fake
31402,4941,397,8.11,672,43,0,2,Fitness enthusiast 💪 | Health advocate,Fake
53,1485,347,0.94605993322077,683,58,0,3,Fitness enthusiast 💪 | Health advocate,Real
30755,1334,483,2.95837292337897,652,23,0,4,Photographer and content creator 📸,Fake
53,3317,190,5.8972607860281165,334,75,1,7,Sharing moments from my journey,Real
43803,2706,195,0.0,682,21,0,7,Photographer and content creator 📸,Fake
35364,1573,282,1.06,89,30,0,7,Business inquiries? Contact below 👇,Real
5792,4897,391,2.25,749,61,0,7,Personal blog | Stay positive ✨,Fake
27319,215,195,9.77,731,4,0,3,Passionate traveler and food lover,Fake
24355,4930,299,1.73,499,57,0,10,Personal blog | Stay positive ✨,Fake
39282,299,406,1.29,116,77,0,6,DM for collaborations or inquiries!,Fake
32454,2014,430,7.69,994,56,0,4,Passionate traveler and food lover,Fake
16472,550,379,5.39258074385312,0,85,0,5,Sharing moments from my journey,Real
814,788,427,9.73,587,16,0,1,Foodie | Reviews and recipes,Fake
29516,1529,259,6.32,437,89,0,11,Love exploring new places 🌎,Real
14289,3526,278,4.528169239403412,233,68,1,2,Photographer and content creator 📸,Fake
23977,1521,424,1.48,764,38,0,5,Check out my website for more updates!,Fake
18439,4505,158,4.28,561,73,0,4,Follow for daily inspiration 🌟,Fake
6360,2874,370,3.9560902201908736,484,67,1,10,Fitness enthusiast 💪 | Health advocate,Real
5585,4047,345,0.0488093219536382,805,34,1,6,DM for collaborations or inquiries!,Real
47083,2218,204,1.26,712,31,0,10,Nature lover | Saving the planet 🌍,Fake
18202,157,31,0.2,477,91,0,4,DM for collaborations or inquiries!,Fake
5920,3669,414,3.032283146609108,569,19,1,4,Fitness enthusiast 💪 | Health advocate,Fake
5074,4878,170,6.21,914,82,0,3,Nature lover | Saving the planet 🌍,Fake
34518,3114,79,6.55,980,79,0,11,Fitness enthusiast 💪 | Health advocate,Real
21386,4311,442,0.54,858,19,0,3,Passionate traveler and food lover,Real
15661,1548,419,7.730444466026559,809,10,1,4,Foodie | Reviews and recipes,Fake
13988,3088,42,2.89,320,98,0,4,Aspiring artist | Drawing my dreams,Fake
32767,4753,263,5.166025374338318,674,72,1,4,Personal blog | Stay positive ✨,Real
45384,3963,432,8.87,1,30,0,6,Aspiring artist | Drawing my dreams,Real
13765,157,153,9.07,219,59,0,8,Aspiring artist | Drawing my dreams,Real
46311,2984,76,0.76,88,24,1,10,Photographer and content creator 📸,Fake
26075,2010,190,7.773598025942963,838,49,1,8,Entrepreneur & lifestyle blogger,Real
29905,2751,328,10.0,230,69,0,11,Entrepreneur & lifestyle blogger,Real
17850,1827,366,1.52,440,44,0,11,Check out my website for more updates!,Fake
13096,1426,225,4.464057470930176,174,30,0,7,Aspiring artist | Drawing my dreams,Real
23072,984,457,3.11,863,29,0,7,Entrepreneur & lifestyle blogger,Fake
9243,1822,130,3.49,333,49,0,4,Personal blog | Stay positive ✨,Real
31172,2235,264,8.177817580060818,92,53,1,6,Entrepreneur & lifestyle blogger,Real
6755,79,310,7.88,440,26,0,9,Passionate traveler and food lover,Real
31047,3307,245,5.81,247,13,0,3,Foodie | Reviews and recipes,Real
18999,4877,373,1.09,196,72,0,3,DM for collaborations or inquiries!,Real
19524,3251,197,6.6142426839650295,596,35,1,5,DM for collaborations or inquiries!,Fake
47129,3189,203,6.069749938607336,465,37,1,7,Digital nomad living my best life 🌴,Fake
41466,3311,458,5.7,236,45,0,3,Sharing moments from my journey,Real
24667,1579,298,6.720766206186648,558,30,0,10,Sharing moments from my journey,Fake
47276,4342,0,0.0,198,34,0,10,Business inquiries? Contact below 👇,Fake
27955,4891,154,5.18,521,87,0,6,Aspiring artist | Drawing my dreams,Real
48277,3325,64,6.22,238,35,0,9,Personal blog | Stay positive ✨,Real
166,4037,259,0.95,935,51,0,3,Fitness enthusiast 💪 | Health advocate,Fake
22564,895,396,8.15,556,40,0,6,Photographer and content creator 📸,Fake
53,2315,329,2.694902496917912,274,65,1,1,Foodie | Reviews and recipes,Fake
39231,4116,228,3.36,514,32,0,4,Digital nomad living my best life 🌴,Real
28808,1817,125,6.8,678,0,0,5,Passionate traveler and food lover,Real
23583,272,312,7.67,470,91,0,2,Passionate traveler and food lover,Real
32690,2208,303,2.2743487046372994,717,91,0,6,Love exploring new places 🌎,Fake
22076,2070,165,4.79,662,63,0,4,Foodie | Reviews and recipes,Real
10103,2369,408,4.875392148586476,0,0,0,10,Photographer and content creator 📸,Real
24173,1094,405,5.54,933,40,0,2,Photographer and content creator 📸,Real
26577,1986,146,3.4900613436711225,762,46,1,6,Photographer and content creator 📸,Fake
26162,1430,57,1.65,446,92,0,8,Foodie | Reviews and recipes,Real
18057,2617,29,6.32,635,19,0,7,Digital nomad living my best life 🌴,Fake
1013,597,218,9.82,759,63,0,3,Digital nomad living my best life 🌴,Fake
24704,3789,308,8.11,834,5,0,6,Entrepreneur & lifestyle blogger,Real
49696,422,164,6.32,995,68,0,6,Passionate traveler and food lover,Fake
9448,10,488,3.4312008280381594,190,74,0,7,Digital nomad living my best life 🌴,Real
15545,2939,361,5.81949604202482,491,75,0,5,Entrepreneur & lifestyle blogger,Fake
17116,3791,470,2.2190847839481256,758,20,1,6,Sharing moments from my journey,Real
36014,1468,215,5.864361586149185,795,10,1,5,Nature lover | Saving the planet 🌍,Fake
43506,10,273,0.8325042590698848,485,47,0,8,Check out my website for more updates!,Fake
5464,563,196,2.96,985,10,0,3,Photographer and content creator 📸,Real
43210,4000,460,0.38,250,41,0,6,Aspiring artist | Drawing my dreams,Fake
18678,126,403,8.24,179,79,0,9,Nature lover | Saving the planet 🌍,Real
29878,1288,400,8.36,811,76,0,9,Sharing moments from my journey,Real
7917,1709,405,4.81,744,87,1,10,Passionate traveler and food lover,Real
8244,3496,375,6.63,13,46,0,1,Personal blog | Stay positive ✨,Fake
44342,1129,65,5.52,323,97,0,8,Digital nomad living my best life 🌴,Real
9473,4054,12,9.67,797,17,0,11,Nature lover | Saving the planet 🌍,Fake
45927,3222,331,6.79,820,83,0,10,Digital nomad living my best life 🌴,Fake
26589,1451,344,5.024168696452576,269,52,1,11,Sharing moments from my journey,Real
5967,540,99,6.260058037763313,730,43,0,8,Entrepreneur & lifestyle blogger,Fake
49998,2157,115,5.614725568571987,400,92,1,9,Foodie | Reviews and recipes,Fake
37198,21,366,9.15,722,78,0,10,Personal blog | Stay positive ✨,Fake
20206,3163,42,4.37,906,81,0,1,Aspiring artist | Drawing my dreams,Real
14788,2072,460,10.0,250,16,0,9,Personal blog | Stay positive ✨,Fake
49998,2046,451,4.540360900329522,795,18,1,1,Fitness enthusiast 💪 | Health advocate,Real
41112,1322,345,1.29,341,20,0,3,Passionate traveler and food lover,Fake
28569,3948,157,1.42,258,94,0,2,Follow for daily inspiration 🌟,Real
29714,3903,329,8.88,672,15,0,3,Check out my website for more updates!,Fake
6914,2607,309,8.439411923776008,35,17,1,5,Sharing moments from my journey,Fake
53,1844,311,5.036048114111569,423,40,0,6,DM for collaborations or inquiries!,Real
17937,1975,349,9.73,671,76,0,8,Personal blog | Stay positive ✨,Real
32202,2017,5,4.470649233822648,207,0,0,6,Entrepreneur & lifestyle blogger,Real
25069,526,160,7.135908209703219,781,46,0,11,Follow for daily inspiration 🌟,Real
29099,3429,419,1.18,952,37,0,8,Foodie | Reviews and recipes,Fake
33990,1881,186,1.18,968,31,0,5,Check out my website for more updates!,Real
19265,3991,487,3.6,190,4,0,3,Check out my website for more updates!,Real
19146,3456,264,3.7656499569165,555,59,1,10,Sharing moments from my journey,Real
28001,118,249,2.33,169,19,0,4,Follow for daily inspiration 🌟,Real
33778,2842,0,4.186588633997797,315,85,0,5,Fitness enthusiast 💪 | Health advocate,Real
46238,893,35,3.7,639,94,0,10,Follow for daily inspiration 🌟,Fake
36006,4429,178,4.60056993039585,462,55,0,4,Passionate traveler and food lover,Real
36484,2634,229,1.0878076454410577,782,94,1,6,Aspiring artist | Drawing my dreams,Real
3526,1964,83,6.4,485,56,0,5,DM for collaborations or inquiries!,Fake
5575,404,194,2.0,241,37,0,1,Digital nomad living my best life 🌴,Fake
22849,458,282,9.01,828,94,0,10,Check out my website for more updates!,Real
15519,1909,38,6.82,233,42,0,8,Passionate traveler and food lover,Fake
12939,4294,325,6.74,328,87,0,2,Nature lover | Saving the planet 🌍,Fake
36307,2528,475,4.82955710850338,398,47,0,11,Passionate traveler and food lover,Real
42136,4110,366,2.53,698,68,0,8,Aspiring artist | Drawing my dreams,Real
18341,3910,418,2.89,115,29,1,10,Love exploring new places 🌎,Fake
42136,4331,446,0.43,440,17,0,2,Fitness enthusiast 💪 | Health advocate,Real
24901,1911,66,0.5993916943639714,412,88,0,6,Check out my website for more updates!,Real
11140,907,331,0.36,977,60,0,7,Foodie | Reviews and recipes,Real
43684,2926,360,3.33,425,68,0,9,Nature lover | Saving the planet 🌍,Real
19680,2806,192,8.77,56,65,0,7,Check out my website for more updates!,Real
5503,3162,81,5.23,656,80,0,6,Love exploring new places 🌎,Real
33339,1359,365,9.798439963815216,7,27,0,3,Love exploring new places 🌎,Fake
15769,2923,276,9.14,37,82,0,2,Love exploring new places 🌎,Fake
16062,930,104,7.610180392502572,999,99,0,4,Love exploring new places 🌎,Fake
2793,2892,406,0.35,134,36,0,7,Personal blog | Stay positive ✨,Fake
20292,3794,169,2.7576704663245555,417,64,1,8,Personal blog | Stay positive ✨,Real
24452,3792,180,2.6,687,23,0,5,Personal blog | Stay positive ✨,Real
31488,3136,232,2.935708541082488,654,28,1,8,Digital nomad living my best life 🌴,Fake
39680,1996,131,4.09,408,96,0,6,Business inquiries? Contact below 👇,Fake
43923,4250,461,3.87,332,63,0,7,Love exploring new places 🌎,Fake
19884,2250,96,5.434084805478824,492,50,0,3,Sharing moments from my journey,Fake
24802,1866,362,2.66,77,62,0,2,Photographer and content creator 📸,Fake
22565,3878,55,2.78,953,57,0,9,Passionate traveler and food lover,Real
21643,4627,178,8.899833750303443,664,39,0,8,Foodie | Reviews and recipes,Real
22348,4999,206,7.48745237541542,369,24,0,3,Passionate traveler and food lover,Fake
16227,3670,410,10.0,776,27,1,8,Business inquiries? Contact below 👇,Fake
3789,1758,304,3.82,291,59,0,10,Photographer and content creator 📸,Fake
48127,4122,225,7.67,923,68,0,7,Photographer and content creator 📸,Real
21143,2837,0,6.072674278914055,297,32,1,4,Digital nomad living my best life 🌴,Real
49998,3139,276,2.264337692982722,262,28,1,2,Check out my website for more updates!,Fake
30481,684,225,3.65,2,81,0,2,Follow for daily inspiration 🌟,Real
10126,1713,155,4.6,673,32,0,6,Love exploring new places 🌎,Real
35301,3963,473,5.78,410,10,0,5,Photographer and content creator 📸,Fake
41515,4592,206,8.58,543,23,0,8,Entrepreneur & lifestyle blogger,Fake
22969,1474,399,8.201582890833205,204,0,0,6,Follow for daily inspiration 🌟,Fake
647,4390,329,3.49,128,32,0,4,Love exploring new places 🌎,Real
11596,1017,234,1.84,596,79,1,7,Business inquiries? Contact below 👇,Fake
11676,1212,109,0.98,392,99,0,9,DM for collaborations or inquiries!,Real
16330,2477,311,2.33,386,33,0,10,Entrepreneur & lifestyle blogger,Real
33521,4892,279,4.47,923,29,0,2,Entrepreneur & lifestyle blogger,Fake
49998,2104,322,0.0,71,99,0,6,Love exploring new places 🌎,Real
4697,2555,104,4.2505607474391685,387,23,0,11,Love exploring new places 🌎,Fake
23007,3194,309,5.48,602,73,0,3,Check out my website for more updates!,Real
53,2844,118,10.0,425,62,1,5,Photographer and content creator 📸,Fake
37146,974,176,3.9,670,59,0,2,Sharing moments from my journey,Real
32032,653,223,2.34,142,98,0,9,Nature lover | Saving the planet 🌍,Fake
33539,773,242,5.71223385131006,259,23,0,8,Love exploring new places 🌎,Real
11808,1834,438,6.6,373,34,1,9,Sharing moments from my journey,Real
14272,4606,499,7.8823503250252624,496,5,0,6,Foodie | Reviews and recipes,Real
24545,3289,229,8.662097178498382,333,13,1,7,Check out my website for more updates!,Real
43923,1399,172,9.67,466,22,0,10,Passionate traveler and food lover,Fake
4451,1014,291,3.63,940,39,0,6,Business inquiries? Contact below 👇,Fake
5205,4758,186,8.21,423,48,0,7,Nature lover | Saving the planet 🌍,Real
702,2227,252,2.05,49,59,0,1,Business inquiries? Contact below 👇,Fake
49998,2577,387,8.589455260553981,546,52,0,7,Nature lover | Saving the planet 🌍,Real
4556,454,481,0.99,352,56,0,3,Photographer and content creator 📸,Fake
909,2623,11,0.26,556,75,0,2,Follow for daily inspiration 🌟,Fake
34565,3614,239,9.92,600,38,0,3,Digital nomad living my best life 🌴,Real
46229,1222,95,4.35,928,68,0,11,Sharing moments from my journey,Real
49381,1767,142,6.408958356280555,486,0,0,9,Follow for daily inspiration 🌟,Fake
32921,3699,267,9.55,792,16,0,3,Love exploring new places 🌎,Real
15023,3234,305,2.76,895,97,0,5,Digital nomad living my best life 🌴,Real
12576,2825,298,5.32,885,29,0,5,Aspiring artist | Drawing my dreams,Fake
31959,275,212,0.58,147,77,0,6,Personal blog | Stay positive ✨,Fake
48458,3037,249,6.79,860,58,0,11,Business inquiries? Contact below 👇,Real
8607,3117,308,5.28,524,52,0,9,Love exploring new places 🌎,Fake
44028,4221,74,1.4,442,14,0,5,Fitness enthusiast 💪 | Health advocate,Fake
47803,442,172,7.3,964,53,0,7,Follow for daily inspiration 🌟,Fake
27382,3835,297,7.124464564041819,316,13,1,6,Sharing moments from my journey,Real
40460,151,313,7.734693694118842,0,99,0,6,Personal blog | Stay positive ✨,Real
38674,4473,467,6.7,202,2,0,2,Sharing moments from my journey,Real
29754,2322,202,2.733955995005678,387,62,1,7,Love exploring new places 🌎,Fake
1758,1947,180,3.49,367,97,0,10,Passionate traveler and food lover,Fake
26977,3050,202,0.7856213948501134,776,63,1,4,Follow for daily inspiration 🌟,Fake
41808,681,414,2.72,80,18,0,8,Fitness enthusiast 💪 | Health advocate,Real
20046,2754,225,0.4455431473718443,201,48,1,10,Passionate traveler and food lover,Real
35385,3625,49,5.502403746194816,290,33,1,8,Business inquiries? Contact below 👇,Real
10739,1648,136,7.099447398102443,741,28,0,7,Love exploring new places 🌎,Fake
22710,1593,327,1.3,986,72,0,7,DM for collaborations or inquiries!,Real
25032,1286,1,2.04,874,94,1,10,Sharing moments from my journey,Real
7713,472,443,1.05,836,31,0,11,Check out my website for more updates!,Fake
21256,4926,0,8.0,538,23,0,9,Aspiring artist | Drawing my dreams,Fake
16945,347,31,0.86,637,49,0,11,Digital nomad living my best life 🌴,Fake
4374,2898,350,6.67,27,9,0,8,Photographer and content creator 📸,Fake
23316,3289,419,4.95,601,88,0,11,Foodie | Reviews and recipes,Real
31067,327,79,9.86,625,34,0,11,Follow for daily inspiration 🌟,Fake
35665,1044,134,2.45,480,0,1,8,DM for collaborations or inquiries!,Real
40183,3415,461,1.43,449,89,0,5,Personal blog | Stay positive ✨,Real
11540,10,258,5.486688884332204,295,19,0,1,Entrepreneur & lifestyle blogger,Real
33157,3995,209,8.05,683,21,0,2,Entrepreneur & lifestyle blogger,Fake
14940,4509,354,2.66,294,62,0,7,Digital nomad living my best life 🌴,Real
45308,749,182,5.93,873,50,0,10,Nature lover | Saving the planet 🌍,Fake
27948,3732,64,5.35,938,57,0,7,Passionate traveler and food lover,Fake
31999,3190,235,5.149285669151314,511,39,0,11,Photographer and content creator 📸,Real
45272,1021,278,7.53,97,51,0,11,Foodie | Reviews and recipes,Real
4513,1487,227,8.79,512,67,0,11,Passionate traveler and food lover,Fake
9817,2189,307,4.87,946,86,1,8,Love exploring new places 🌎,Fake
23439,126,277,2.0130232279160034,699,9,0,5,Passionate traveler and food lover,Real
21227,1922,333,2.7154207596254936,94,85,1,1,Digital nomad living my best life 🌴,Real
48190,3819,33,5.66,998,8,0,5,DM for collaborations or inquiries!,Real
2553,2984,193,4.32,286,0,0,10,Fitness enthusiast 💪 | Health advocate,Fake
9986,4177,366,6.68,692,82,0,3,Entrepreneur & lifestyle blogger,Real
13284,3063,94,5.0,5,82,0,7,Check out my website for more updates!,Fake
6835,644,359,9.0,507,29,0,8,Sharing moments from my journey,Real
3625,1457,338,5.89,887,32,1,3,Follow for daily inspiration 🌟,Fake
26710,2998,469,3.92,647,23,0,3,Sharing moments from my journey,Real
34307,4301,423,5.81,974,57,0,2,Aspiring artist | Drawing my dreams,Fake
15720,634,382,0.63,568,29,0,9,Sharing moments from my journey,Fake
42203,3643,128,4.03,579,19,0,8,Business inquiries? Contact below 👇,Real
29213,1037,321,3.6518081683183854,255,46,0,6,Passionate traveler and food lover,Fake
3320,854,278,9.73,821,0,0,8,Fitness enthusiast 💪 | Health advocate,Fake
20962,1529,33,0.7884165094865905,48,15,0,8,Foodie | Reviews and recipes,Real
45279,1346,179,2.9644695584404643,449,30,0,7,DM for collaborations or inquiries!,Fake
20020,3978,40,1.84,417,69,0,6,Love exploring new places 🌎,Real
25417,1531,460,7.32,342,76,0,2,Business inquiries? Contact below 👇,Real
3223,2747,236,9.01229444328028,355,53,0,1,Entrepreneur & lifestyle blogger,Fake
17083,3532,82,3.72,193,37,0,10,Entrepreneur & lifestyle blogger,Fake
43409,4663,470,7.75,206,30,0,5,DM for collaborations or inquiries!,Fake
17580,4557,28,2.76,368,41,0,2,Entrepreneur & lifestyle blogger,Real
34673,4626,276,9.02,830,67,0,5,Fitness enthusiast 💪 | Health advocate,Real
21912,1554,202,0.35,232,0,0,11,Passionate traveler and food lover,Fake
48958,208,234,4.79,128,31,1,10,Fitness enthusiast 💪 | Health advocate,Real
2416,3105,330,3.9,115,1,0,10,DM for collaborations or inquiries!,Fake
13354,2717,448,8.54,647,38,0,2,DM for collaborations or inquiries!,Fake
48776,2747,17,0.36,130,92,0,4,Passionate traveler and food lover,Real
36257,3540,134,6.32,982,50,0,5,Passionate traveler and food lover,Fake
19409,3298,158,6.78,782,28,0,7,Aspiring artist | Drawing my dreams,Fake
5223,3037,39,9.96,962,52,0,7,Aspiring artist | Drawing my dreams,Fake
1029,3866,472,8.35,896,79,0,10,Check out my website for more updates!,Real
49729,3772,104,4.63,943,43,0,6,Follow for daily inspiration 🌟,Fake
25364,10,27,5.060331851498949,33,53,0,8,Sharing moments from my journey,Real
1078,3670,78,2.13,431,71,1,2,Check out my website for more updates!,Real
40051,1840,167,3.74,141,81,0,10,Check out my website for more updates!,Real
1723,697,402,3.36,604,33,0,3,Digital nomad living my best life 🌴,Real
15223,4288,152,3.63,726,94,0,9,Foodie | Reviews and recipes,Fake
774,1819,353,2.05,460,7,0,5,Sharing moments from my journey,Real
12291,1376,146,0.94,423,62,0,11,Personal blog | Stay positive ✨,Fake
3968,3709,168,3.1,379,88,0,5,Photographer and content creator 📸,Real
13400,14,17,8.35,41,89,1,10,Aspiring artist | Drawing my dreams,Fake
14308,4298,388,4.15,607,8,0,11,Passionate traveler and food lover,Real
42138,2562,366,3.93,833,69,0,1,Personal blog | Stay positive ✨,Real
47955,1617,417,4.39,452,10,1,4,Fitness enthusiast 💪 | Health advocate,Real
7203,1003,265,7.350534825500372,621,43,0,5,Check out my website for more updates!,Fake
3193,4976,150,1.61,341,29,0,10,Personal blog | Stay positive ✨,Fake
10987,1189,90,4.95,337,5,0,11,Digital nomad living my best life 🌴,Real
33720,3490,267,7.000422655083222,768,99,1,9,Entrepreneur & lifestyle blogger,Fake
35658,1913,281,5.666013143116677,186,82,0,5,Nature lover | Saving the planet 🌍,Fake
17225,4738,51,3.08,160,43,0,10,Passionate traveler and food lover,Real
26362,2870,54,6.87,442,33,1,4,Check out my website for more updates!,Real
9800,835,28,3.92,392,59,0,8,Aspiring artist | Drawing my dreams,Fake
3010,3202,228,5.4,411,18,0,5,Sharing moments from my journey,Real
36591,3976,237,5.69,103,18,0,4,Digital nomad living my best life 🌴,Real
39041,2040,16,4.16,425,66,0,1,Fitness enthusiast 💪 | Health advocate,Real
49941,3187,327,0.5,511,30,1,3,Photographer and content creator 📸,Real
11168,718,215,9.44,290,28,0,5,Personal blog | Stay positive ✨,Fake
7080,3544,336,3.59,142,3,0,5,Entrepreneur & lifestyle blogger,Real
22638,1268,475,3.55,635,33,0,10,Love exploring new places 🌎,Real
39765,2008,322,5.92,205,93,0,8,Passionate traveler and food lover,Real
9590,2427,433,2.76,398,89,0,5,Sharing moments from my journey,Fake
49998,787,159,4.504455356245321,866,71,0,1,Follow for daily inspiration 🌟,Real
19272,10,371,4.81569502521209,797,14,0,6,Aspiring artist | Drawing my dreams,Fake
34798,2171,59,7.99,540,70,0,8,Check out my website for more updates!,Real
10332,2873,444,2.1578155081011348,352,21,1,10,Digital nomad living my best life 🌴,Real
16880,3001,56,0.61,445,24,1,1,DM for collaborations or inquiries!,Fake
26815,3741,247,3.43,775,64,0,7,Business inquiries? Contact below 👇,Real
11328,4797,297,1.69,609,33,0,9,Business inquiries? Contact below 👇,Real
19184,1466,10,3.66,409,70,0,11,Sharing moments from my journey,Real
20962,134,25,3.66,491,42,0,8,Photographer and content creator 📸,Fake
16629,1816,308,9.81,295,56,0,2,Passionate traveler and food lover,Fake
17512,1436,102,6.19,694,85,1,2,Check out my website for more updates!,Fake
19284,1710,158,1.9816055004201103,810,57,1,9,Entrepreneur & lifestyle blogger,Real
31260,2010,232,6.49478758571839,276,76,0,4,Fitness enthusiast 💪 | Health advocate,Real
9582,4651,347,2.06,497,9,0,9,Fitness enthusiast 💪 | Health advocate,Real
7840,4059,39,7.78,699,14,0,10,DM for collaborations or inquiries!,Fake
12640,4666,248,6.46,745,38,0,10,Follow for daily inspiration 🌟,Real
30053,951,172,5.82,132,19,0,11,Check out my website for more updates!,Fake
43858,3058,325,6.98,446,89,1,2,Love exploring new places 🌎,Fake
25435,1872,11,7.593773005845998,458,96,1,3,Personal blog | Stay positive ✨,Fake
19101,2655,362,8.01,471,86,0,4,Sharing moments from my journey,Fake
30258,2131,84,4.7,192,96,0,11,Check out my website for more updates!,Fake
15558,641,112,9.3,488,77,0,8,Passionate traveler and food lover,Fake
19683,2395,113,3.039680251572386,678,30,0,3,Personal blog | Stay positive ✨,Fake
33232,795,231,7.42,123,80,0,10,Business inquiries? Contact below 👇,Real
45961,2383,277,4.167790315989996,649,16,1,8,Aspiring artist | Drawing my dreams,Real
34509,4343,332,4.96,645,5,0,3,Love exploring new places 🌎,Real
31037,2686,71,8.31,359,30,0,10,Foodie | Reviews and recipes,Real
24323,1089,228,3.2892560932755828,321,99,0,6,Aspiring artist | Drawing my dreams,Fake
49998,4568,277,7.339424271168241,490,99,1,9,Nature lover | Saving the planet 🌍,Real
1626,3057,44,4.65,521,85,0,9,Nature lover | Saving the planet 🌍,Real
14464,3843,439,2.07,854,60,0,6,Love exploring new places 🌎,Real
37607,2503,273,8.681931958058874,154,88,0,8,Digital nomad living my best life 🌴,Fake
44653,4599,353,5.99,521,1,0,11,Business inquiries? Contact below 👇,Fake
14971,2758,249,7.0,424,4,0,5,Aspiring artist | Drawing my dreams,Fake
16010,4105,457,6.164150919537981,99,54,1,7,Foodie | Reviews and recipes,Fake
32633,3221,456,10.0,0,52,0,6,Personal blog | Stay positive ✨,Real
24462,1546,238,1.67,152,72,0,11,DM for collaborations or inquiries!,Fake
44426,4360,236,0.23,112,70,0,10,Digital nomad living my best life 🌴,Real
10612,466,420,0.57,123,23,0,9,Foodie | Reviews and recipes,Fake
35578,2890,71,0.0278028041223095,728,70,0,6,Foodie | Reviews and recipes,Fake
27033,1621,383,3.83,487,74,0,9,Follow for daily inspiration 🌟,Real
21076,4821,188,1.04,75,25,0,9,DM for collaborations or inquiries!,Real
34118,1565,242,3.03,755,15,0,2,Follow for daily inspiration 🌟,Real
8966,319,333,0.64,370,96,0,9,Passionate traveler and food lover,Fake
38117,1626,130,4.78,47,15,0,8,Aspiring artist | Drawing my dreams,Fake
44523,2000,234,9.238932275138396,301,54,1,7,Aspiring artist | Drawing my dreams,Real
6348,4574,118,4.38,45,9,0,11,Check out my website for more updates!,Real
40965,932,380,3.91,343,10,0,4,Follow for daily inspiration 🌟,Real
24267,318,6,2.54,594,31,0,7,Personal blog | Stay positive ✨,Fake
48277,4257,136,6.71,346,58,0,2,Photographer and content creator 📸,Fake
53,1821,137,4.669450219472127,401,74,1,6,Foodie | Reviews and recipes,Fake
9703,589,229,6.56,138,71,0,3,Fitness enthusiast 💪 | Health advocate,Fake
24874,2588,350,0.0,760,56,1,7,Photographer and content creator 📸,Real
2561,3772,159,3.15,538,7,1,3,Love exploring new places 🌎,Real
53,3719,152,4.209456010555278,419,34,1,8,Nature lover | Saving the planet 🌍,Real
35250,3154,123,4.01,871,57,0,5,Check out my website for more updates!,Fake
11044,2052,334,3.21,495,1,0,10,Foodie | Reviews and recipes,Real
27052,1428,420,3.82,193,90,0,9,Passionate traveler and food lover,Fake
8798,3211,351,1.69,549,79,0,7,Business inquiries? Contact below 👇,Real
36045,1317,41,7.3515740299659456,455,77,1,8,Foodie | Reviews and recipes,Real
5353,1673,123,1.04,144,80,0,5,Personal blog | Stay positive ✨,Real
39391,1951,265,0.67,906,12,0,4,Foodie | Reviews and recipes,Real
37877,2697,114,0.19,268,26,0,4,Entrepreneur & lifestyle blogger,Real
9865,684,362,1.1,196,71,0,3,Photographer and content creator 📸,Fake
2622,3483,393,9.08,731,24,0,9,Aspiring artist | Drawing my dreams,Fake
18811,3598,387,9.61,935,67,0,5,Passionate traveler and food lover,Real
18924,3720,179,2.270282383900218,332,47,0,10,Check out my website for more updates!,Real
53,2659,490,2.019199282973096,363,35,1,8,Digital nomad living my best life 🌴,Fake
49998,1428,396,0.0,379,0,1,8,Aspiring artist | Drawing my dreams,Real
33323,1961,52,4.326250682990758,640,7,0,10,Photographer and content creator 📸,Real
19024,1309,97,4.45,537,6,0,9,Foodie | Reviews and recipes,Real
30764,1177,30,8.25,518,76,0,2,Aspiring artist | Drawing my dreams,Real
15747,4847,215,8.6,88,57,0,9,Love exploring new places 🌎,Real
14081,4731,2,9.12,961,31,0,7,Follow for daily inspiration 🌟,Real
20862,1045,365,4.69,967,72,1,3,Passionate traveler and food lover,Real
35614,3018,256,9.52,533,19,0,11,Entrepreneur & lifestyle blogger,Fake
27371,2710,263,7.86149599368126,533,64,1,9,Passionate traveler and food lover,Real
16683,4506,423,6.29,95,28,0,5,DM for collaborations or inquiries!,Fake
29371,2027,454,7.789892605761747,848,21,0,10,Passionate traveler and food lover,Real
5494,1212,407,9.22,496,74,0,5,Photographer and content creator 📸,Real
42950,4124,407,2.37,373,45,0,7,Check out my website for more updates!,Real
49998,4999,194,8.013587370477605,697,89,1,5,Personal blog | Stay positive ✨,Real
45969,941,335,4.050635446514013,239,55,1,4,Personal blog | Stay positive ✨,Fake
17241,3104,192,10.0,0,60,0,6,Love exploring new places 🌎,Real
48484,3501,378,1.8,47,93,0,10,Digital nomad living my best life 🌴,Fake
49740,1640,70,5.46,754,39,0,4,Business inquiries? Contact below 👇,Fake
21620,1339,266,5.931102199325369,357,62,1,9,Sharing moments from my journey,Fake
41795,1331,397,6.82,500,62,1,11,Nature lover | Saving the planet 🌍,Real
49998,2503,199,3.9943446868312766,203,34,0,7,Fitness enthusiast 💪 | Health advocate,Fake
7565,1556,389,0.37,119,69,0,7,Entrepreneur & lifestyle blogger,Fake
895,2810,200,2.3539206698373296,389,86,1,7,Passionate traveler and food lover,Fake
13468,1454,255,3.76,805,78,0,8,Love exploring new places 🌎,Real
5900,3417,182,8.779354336930389,243,96,1,5,Personal blog | Stay positive ✨,Fake
11510,3773,459,4.76,525,89,0,8,Aspiring artist | Drawing my dreams,Real
25040,1496,212,4.906209265183578,377,78,1,11,Fitness enthusiast 💪 | Health advocate,Fake
38964,1909,74,4.99,166,28,0,1,Business inquiries? Contact below 👇,Fake
3551,4524,449,2.84,972,99,0,4,Sharing moments from my journey,Fake
35057,3814,249,3.609610838918053,746,28,1,1,Nature lover | Saving the planet 🌍,Real
19067,767,370,0.67,201,50,1,3,Follow for daily inspiration 🌟,Real
16379,1683,165,6.83,314,51,0,11,Digital nomad living my best life 🌴,Real
19728,675,239,4.25,464,90,0,8,Photographer and content creator 📸,Fake
43621,3503,95,9.15776897317441,432,96,1,6,Aspiring artist | Drawing my dreams,Real
49998,10,73,4.791910962240049,376,39,0,9,DM for collaborations or inquiries!,Fake
49187,3287,90,7.5,550,44,0,5,Love exploring new places 🌎,Real
16317,2352,467,9.26,413,16,0,7,Aspiring artist | Drawing my dreams,Fake
49998,371,0,3.3847033975718146,878,87,0,4,Follow for daily inspiration 🌟,Real
20213,1946,65,8.79,516,49,0,7,Passionate traveler and food lover,Fake
31154,4811,314,0.0,524,25,1,10,Check out my website for more updates!,Fake
35041,4722,398,3.0,28,50,0,10,Entrepreneur & lifestyle blogger,Real
26656,3018,376,5.478563358669492,223,54,1,4,Nature lover | Saving the planet 🌍,Real
1049,4182,439,9.29,206,28,0,11,Nature lover | Saving the planet 🌍,Fake
39418,1479,418,9.57,335,36,0,4,DM for collaborations or inquiries!,Fake
33921,503,294,4.82,412,17,0,7,Nature lover | Saving the planet 🌍,Fake
17884,462,314,5.77,594,6,0,2,Digital nomad living my best life 🌴,Real
17577,414,50,6.77,659,14,0,9,Aspiring artist | Drawing my dreams,Fake
9736,3178,115,0.57,987,45,0,5,Personal blog | Stay positive ✨,Real
22622,1768,108,6.51,903,89,0,10,Nature lover | Saving the planet 🌍,Real
21983,4645,25,9.94,737,75,1,11,Foodie | Reviews and recipes,Fake
8916,1550,137,3.58,731,14,1,9,Entrepreneur & lifestyle blogger,Real
36364,2307,437,7.7,120,36,0,2,Check out my website for more updates!,Real
889,4534,12,0.32,610,63,0,1,Sharing moments from my journey,Fake
3951,4005,175,1.89,583,49,0,4,Passionate traveler and food lover,Real
27041,3269,71,8.38,42,76,0,10,DM for collaborations or inquiries!,Fake
41395,4822,287,9.18,405,76,0,7,Sharing moments from my journey,Real
24568,3773,479,8.72,643,87,0,4,Nature lover | Saving the planet 🌍,Real
46859,4399,65,9.83,473,76,0,2,Nature lover | Saving the planet 🌍,Real
42581,2320,273,8.02,93,85,0,11,Passionate traveler and food lover,Fake
34477,1908,172,8.14,15,65,0,2,Check out my website for more updates!,Real
23067,1498,244,8.876490910399475,541,44,1,4,Passionate traveler and food lover,Fake
34853,1661,478,1.22,225,48,0,5,Fitness enthusiast 💪 | Health advocate,Fake
53,2346,208,4.218002138566353,374,67,1,9,Follow for daily inspiration 🌟,Real
31727,4253,451,9.97998057359036,290,25,0,1,Personal blog | Stay positive ✨,Real
37446,3098,358,6.03,642,32,0,4,Foodie | Reviews and recipes,Fake
45253,1821,439,8.13,762,24,0,5,Love exploring new places 🌎,Fake
14245,1899,317,4.58,622,71,0,6,Digital nomad living my best life 🌴,Real
10889,3252,481,6.59,972,35,0,7,Follow for daily inspiration 🌟,Fake
47508,1140,383,7.66,522,97,0,8,Digital nomad living my best life 🌴,Fake
4846,629,73,7.93,216,20,0,7,DM for collaborations or inquiries!,Real
17491,4312,293,7.66,90,68,0,4,DM for collaborations or inquiries!,Fake
19209,3975,253,8.53,44,45,0,7,Digital nomad living my best life 🌴,Real
30751,731,387,2.0279793536618085,374,43,0,5,Aspiring artist | Drawing my dreams,Real
48267,1690,13,3.79004872505063,104,59,0,10,Nature lover | Saving the planet 🌍,Real
26768,2567,192,2.4075568678032058,385,96,0,9,Entrepreneur & lifestyle blogger,Real
48325,200,405,1.93,731,52,0,9,Foodie | Reviews and recipes,Fake
4924,3114,137,8.27,506,58,1,3,Business inquiries? Contact below 👇,Real
5821,4716,242,0.85,286,33,0,7,Nature lover | Saving the planet 🌍,Fake
35134,1605,243,7.15,341,25,0,3,DM for collaborations or inquiries!,Real
53,2380,499,6.362756511640033,645,93,1,8,DM for collaborations or inquiries!,Real
48338,1324,488,2.62,291,23,0,2,Personal blog | Stay positive ✨,Fake
36266,881,194,2.0,536,21,0,10,Digital nomad living my best life 🌴,Fake
27742,4342,384,9.9,858,68,0,7,Personal blog | Stay positive ✨,Real
49405,3106,42,8.5,563,15,0,7,Personal blog | Stay positive ✨,Fake
46356,2504,331,4.61,111,22,0,6,Sharing moments from my journey,Real
15960,1263,365,7.875068241942181,503,37,1,6,DM for collaborations or inquiries!,Real
40598,1254,404,10.0,677,90,1,6,DM for collaborations or inquiries!,Real
42803,4489,186,1.91,127,15,0,3,Passionate traveler and food lover,Fake
17520,260,118,5.471201202046379,582,93,0,10,Personal blog | Stay positive ✨,Fake
9848,4556,414,9.02,962,40,0,10,Entrepreneur & lifestyle blogger,Real
37370,2121,36,6.8345438132197165,717,23,1,3,Passionate traveler and food lover,Real
48891,2930,392,4.65,149,94,0,10,Follow for daily inspiration 🌟,Fake
16260,2755,168,5.5768677530726505,392,27,1,11,Follow for daily inspiration 🌟,Fake
42274,3181,131,8.7,76,52,0,1,Business inquiries? Contact below 👇,Fake
40022,1735,38,9.81,680,77,0,6,Business inquiries? Contact below 👇,Real
21786,1300,114,0.6,639,52,0,10,Follow for daily inspiration 🌟,Real
26320,2620,316,3.76,19,54,0,7,Personal blog | Stay positive ✨,Fake
30529,3758,248,5.04,945,67,0,9,Love exploring new places 🌎,Real
32935,3382,102,6.24,656,13,1,10,Personal blog | Stay positive ✨,Real
40256,657,90,5.071454540594063,91,78,1,5,Love exploring new places 🌎,Fake
35640,291,3,4.17,848,81,0,8,Entrepreneur & lifestyle blogger,Fake
47407,1841,397,7.34,164,81,0,11,Sharing moments from my journey,Fake
22841,3635,195,7.44,495,99,0,2,Follow for daily inspiration 🌟,Real
13337,4036,381,6.031102685938668,296,64,0,9,Digital nomad living my best life 🌴,Fake
23802,3963,152,9.8,861,46,0,4,Nature lover | Saving the planet 🌍,Real
16286,2138,21,5.12,992,41,0,3,Entrepreneur & lifestyle blogger,Real
11591,2363,499,8.050650460060387,738,30,0,8,Sharing moments from my journey,Fake
25050,1301,277,3.797098312034167,998,12,0,1,Fitness enthusiast 💪 | Health advocate,Real
34199,739,161,3.077902117531148,270,38,1,11,Photographer and content creator 📸,Real
39762,2529,394,8.23,506,87,0,4,Entrepreneur & lifestyle blogger,Fake
37234,1568,395,3.0,455,80,0,7,Sharing moments from my journey,Fake
16552,3238,68,1.6682638719995992,802,83,0,7,Sharing moments from my journey,Fake
49513,1231,243,6.63,645,71,0,8,Personal blog | Stay positive ✨,Real
27175,816,326,7.48,919,32,0,5,Follow for daily inspiration 🌟,Fake
36053,2996,142,5.13,731,52,0,11,Love exploring new places 🌎,Fake
35117,1706,3,3.1125401604228013,839,50,1,8,Follow for daily inspiration 🌟,Real
23618,2311,230,10.0,769,69,0,8,Foodie | Reviews and recipes,Real
33689,269,204,7.34,796,21,0,2,Check out my website for more updates!,Fake
19451,2263,433,4.07,464,38,0,5,Nature lover | Saving the planet 🌍,Real
42130,2838,471,9.04418925578288,768,23,1,7,Sharing moments from my journey,Fake
9055,220,73,8.23,100,72,0,1,Fitness enthusiast 💪 | Health advocate,Fake
3817,1454,307,3.0,252,2,0,9,DM for collaborations or inquiries!,Real
49998,1631,499,7.487762394236453,398,29,0,6,Business inquiries? Contact below 👇,Real
29643,1001,411,10.0,518,53,1,5,Digital nomad living my best life 🌴,Fake
6910,3725,168,6.31,477,15,0,3,Photographer and content creator 📸,Real
53,4025,245,1.4398595152342146,784,83,0,10,Business inquiries? Contact below 👇,Fake
10604,656,340,7.93,817,41,1,1,Check out my website for more updates!,Fake
35646,3061,280,2.221510177207046,256,34,1,8,Entrepreneur & lifestyle blogger,Real
31403,3686,288,1.4529911597368637,756,13,1,5,Sharing moments from my journey,Fake
11416,299,133,4.91,37,7,0,9,Nature lover | Saving the planet 🌍,Real
8076,1391,287,2.14,679,50,0,3,DM for collaborations or inquiries!,Real
23887,2292,156,6.184876922270378,152,79,1,3,Aspiring artist | Drawing my dreams,Fake
2278,3443,207,9.23,165,57,0,10,Love exploring new places 🌎,Real
53,2429,240,5.026964138160255,679,36,1,9,Personal blog | Stay positive ✨,Fake
31374,2990,151,0.16,108,94,0,5,Personal blog | Stay positive ✨,Fake
30496,2721,482,9.62,797,60,0,6,Personal blog | Stay positive ✨,Real
19142,3828,240,0.23,158,91,0,11,Check out my website for more updates!,Fake
49152,705,14,0.37,16,65,0,4,Business inquiries? Contact below 👇,Real
35950,160,58,6.09,540,85,0,11,Foodie | Reviews and recipes,Fake
24744,4477,280,7.570121140688359,522,56,1,5,Digital nomad living my best life 🌴,Fake
43682,4663,306,5.835496656370288,736,75,1,10,Sharing moments from my journey,Fake
20263,3315,140,1.96,388,12,0,5,Entrepreneur & lifestyle blogger,Fake
44174,2250,288,6.535765875906669,124,65,0,5,Digital nomad living my best life 🌴,Real
31624,4303,351,0.1,747,8,0,6,Entrepreneur & lifestyle blogger,Fake
33778,2628,305,6.120232891960932,707,0,0,8,Check out my website for more updates!,Real
334,2565,134,6.79,329,68,0,2,DM for collaborations or inquiries!,Fake
43210,4540,169,8.39,571,95,1,5,Personal blog | Stay positive ✨,Fake
12762,3422,322,0.7085531753579604,578,78,0,4,Passionate traveler and food lover,Real
39158,4448,323,7.03,321,76,0,1,Personal blog | Stay positive ✨,Real
21657,4935,473,6.76,868,50,0,7,DM for collaborations or inquiries!,Fake
12407,4999,423,10.0,494,65,1,4,Aspiring artist | Drawing my dreams,Fake
19576,3896,371,1.92,589,42,0,9,DM for collaborations or inquiries!,Real
2521,2786,403,0.1,219,22,1,11,Follow for daily inspiration 🌟,Fake
25727,1547,341,4.8206198629570105,410,49,1,6,Business inquiries? Contact below 👇,Fake
7477,2220,242,8.52,961,60,0,11,Digital nomad living my best life 🌴,Fake
14672,2181,225,8.54,869,53,0,2,Sharing moments from my journey,Real
53,2498,114,10.0,382,43,1,4,Check out my website for more updates!,Real
24125,3273,288,7.355908708387931,419,65,1,7,Photographer and content creator 📸,Fake
6318,4460,268,5.6,495,46,0,2,Digital nomad living my best life 🌴,Fake
2858,742,489,4.32,920,15,0,5,Sharing moments from my journey,Real
43880,1908,338,6.98,523,48,0,6,Aspiring artist | Drawing my dreams,Real
14233,2559,448,6.65,31,25,1,10,Aspiring artist | Drawing my dreams,Fake
45162,2962,432,7.16,427,81,0,5,Aspiring artist | Drawing my dreams,Real
12084,356,352,0.47,410,76,0,8,Nature lover | Saving the planet 🌍,Fake
37427,1946,308,6.2576153132978725,0,64,1,9,Fitness enthusiast 💪 | Health advocate,Fake
13167,4279,30,7.79,513,12,1,8,Check out my website for more updates!,Real
39380,2727,394,1.8987306327177285,465,45,0,6,Follow for daily inspiration 🌟,Real
29875,2309,441,1.775470670869225,448,72,1,6,Love exploring new places 🌎,Fake
34729,4999,422,3.43,80,87,0,5,Personal blog | Stay positive ✨,Fake
37147,593,98,9.25169426153802,770,23,1,6,Check out my website for more updates!,Fake
28396,1406,394,4.21,922,75,0,10,Follow for daily inspiration 🌟,Real
49998,65,271,5.366341376762543,704,52,1,3,Sharing moments from my journey,Real
28199,2882,315,6.213398147848817,762,78,1,11,Sharing moments from my journey,Real
4731,1908,475,9.4,22,78,1,10,Personal blog | Stay positive ✨,Real
43621,3660,17,0.14,293,16,0,7,Fitness enthusiast 💪 | Health advocate,Fake
43469,1016,281,8.03,102,88,0,7,Personal blog | Stay positive ✨,Real
5429,2309,41,4.57,147,25,0,10,Aspiring artist | Drawing my dreams,Fake
28843,2884,279,9.94,405,67,0,9,Nature lover | Saving the planet 🌍,Fake
9887,3807,94,4.38,128,9,0,5,Entrepreneur & lifestyle blogger,Fake
2185,1543,321,8.239028976553053,484,0,1,8,Fitness enthusiast 💪 | Health advocate,Real
28671,1303,330,1.408442877417773,572,30,1,3,Sharing moments from my journey,Real
16857,679,231,7.79,382,13,0,10,Fitness enthusiast 💪 | Health advocate,Real
23781,1268,478,3.6731725215881257,462,27,1,6,Love exploring new places 🌎,Real
26308,3009,363,2.03,352,65,0,9,Check out my website for more updates!,Fake
8810,4118,290,2.3,153,94,0,7,Digital nomad living my best life 🌴,Fake
32379,3170,84,0.84,496,48,0,11,Entrepreneur & lifestyle blogger,Fake
38904,4404,336,2.34,627,83,0,5,Love exploring new places 🌎,Real
48298,398,159,3.21,425,87,0,5,Passionate traveler and food lover,Fake
27476,4413,58,3.81,311,97,0,5,Digital nomad living my best life 🌴,Real
18697,2937,332,9.16,894,34,1,4,Sharing moments from my journey,Real
1029,873,215,9.92,976,30,0,10,Entrepreneur & lifestyle blogger,Fake
34365,2108,282,7.42352996374607,917,11,1,4,Sharing moments from my journey,Real
7055,1416,263,8.92,906,50,0,6,Entrepreneur & lifestyle blogger,Real
27274,1411,457,3.1772111664558955,182,49,0,8,Fitness enthusiast 💪 | Health advocate,Real
5740,385,283,1.58,777,2,0,2,Personal blog | Stay positive ✨,Real
4191,4873,335,9.72,16,38,0,8,Nature lover | Saving the planet 🌍,Fake
48329,2444,211,8.2,793,21,0,10,Follow for daily inspiration 🌟,Real
30088,4979,124,4.24,909,41,0,9,Passionate traveler and food lover,Fake
9114,3901,204,3.89,844,89,0,2,Aspiring artist | Drawing my dreams,Real
34189,1191,176,6.43,721,10,0,9,Sharing moments from my journey,Real
44914,3015,352,3.74,763,71,0,2,DM for collaborations or inquiries!,Fake
29297,2448,134,4.6,271,57,0,11,Passionate traveler and food lover,Real
30685,2273,289,0.3878678973808824,762,99,1,9,Sharing moments from my journey,Real
26063,4593,435,5.28,668,39,0,4,Follow for daily inspiration 🌟,Real
34037,3153,0,10.0,52,15,1,3,Personal blog | Stay positive ✨,Fake
31814,3602,393,8.77,755,76,0,9,Foodie | Reviews and recipes,Fake
49437,604,497,3.49,402,41,0,5,Love exploring new places 🌎,Real
25098,3642,345,9.698957963429336,253,80,1,3,Entrepreneur & lifestyle blogger,Real
23289,3551,496,5.98,979,60,0,4,Digital nomad living my best life 🌴,Real
9083,3252,238,7.79,957,50,0,10,Foodie | Reviews and recipes,Fake
7889,930,354,8.08,274,99,0,1,Digital nomad living my best life 🌴,Real
45558,4703,397,9.06,350,66,0,4,Fitness enthusiast 💪 | Health advocate,Real
40769,4999,499,6.608449182590456,181,62,1,8,Entrepreneur & lifestyle blogger,Real
28412,606,374,2.53,456,60,0,8,Check out my website for more updates!,Fake
13739,808,216,9.59,596,63,0,6,Sharing moments from my journey,Real
13648,3190,366,7.299870572587221,125,87,1,8,Sharing moments from my journey,Real
10562,10,384,7.866266046242197,593,15,0,2,Personal blog | Stay positive ✨,Real
36644,4248,211,4.06,65,83,0,5,Nature lover | Saving the planet 🌍,Real
29772,1194,52,5.29,958,10,0,7,Passionate traveler and food lover,Real
13070,956,130,1.44,796,79,0,9,Foodie | Reviews and recipes,Real
6323,71,261,5.899963874252128,232,36,0,7,Photographer and content creator 📸,Fake
30664,3900,68,2.3608332535522982,367,46,0,4,Passionate traveler and food lover,Fake
11395,1516,446,5.110944348421942,322,99,1,10,Sharing moments from my journey,Real
8320,1466,413,7.15,704,39,1,8,Entrepreneur & lifestyle blogger,Fake
33432,4722,0,4.81646841614138,701,66,0,4,Digital nomad living my best life 🌴,Fake
3731,3064,367,8.69,409,89,0,3,Sharing moments from my journey,Fake
28158,1253,307,7.76,114,71,0,10,Photographer and content creator 📸,Fake
7344,1348,332,5.572050917318338,299,20,1,4,Love exploring new places 🌎,Real
15840,430,23,7.73,297,50,0,6,Digital nomad living my best life 🌴,Real
42289,1915,345,4.08,802,24,0,10,Nature lover | Saving the planet 🌍,Real
6486,496,105,4.16,410,68,0,10,Entrepreneur & lifestyle blogger,Real
9261,4752,418,5.87,251,18,0,9,Business inquiries? Contact below 👇,Fake
14820,2625,134,7.89,638,64,0,7,Entrepreneur & lifestyle blogger,Real
27364,696,315,3.65,918,2,0,8,Foodie | Reviews and recipes,Fake
9610,632,384,8.6,693,12,0,6,Nature lover | Saving the planet 🌍,Fake
35054,4661,7,8.5,677,20,0,5,Foodie | Reviews and recipes,Real
41739,2995,191,7.39,808,40,0,8,Fitness enthusiast 💪 | Health advocate,Real
28005,1897,144,2.7,872,98,0,4,DM for collaborations or inquiries!,Real
20648,372,52,6.13,414,13,0,5,Love exploring new places 🌎,Fake
13452,2003,190,9.838014372318444,582,34,0,8,Foodie | Reviews and recipes,Real
39932,2041,499,2.22,279,82,0,6,Foodie | Reviews and recipes,Fake
39455,2241,299,5.607477997871853,439,68,0,5,Digital nomad living my best life 🌴,Fake
34735,1471,87,7.67,565,57,0,8,DM for collaborations or inquiries!,Fake
16994,10,281,5.473349661647801,999,53,1,5,DM for collaborations or inquiries!,Real
17433,2898,237,4.75,473,49,0,10,Digital nomad living my best life 🌴,Fake
8927,2500,483,3.25,460,50,0,7,Photographer and content creator 📸,Real
3506,1862,278,4.03,953,88,0,2,Fitness enthusiast 💪 | Health advocate,Real
3973,2939,401,0.4,337,82,0,3,Aspiring artist | Drawing my dreams,Real
49636,1450,182,4.77,369,27,0,4,Nature lover | Saving the planet 🌍,Real
4620,3412,64,5.91,369,38,0,4,Foodie | Reviews and recipes,Fake
21123,3490,254,6.23864141848447,669,73,0,5,DM for collaborations or inquiries!,Real
49998,1402,361,10.0,583,62,1,9,DM for collaborations or inquiries!,Fake
15382,2072,455,5.489174113440204,385,85,1,3,Digital nomad living my best life 🌴,Real
24632,3608,436,6.5,445,61,0,9,Passionate traveler and food lover,Fake
15604,3808,377,8.49,885,90,0,3,Sharing moments from my journey,Fake
8220,2388,267,3.67,658,42,0,3,Follow for daily inspiration 🌟,Fake
24417,2417,364,8.43,660,8,0,5,Sharing moments from my journey,Fake
32108,2905,280,4.099775352393039,811,55,1,9,Check out my website for more updates!,Real
19072,2791,317,7.09,297,33,0,2,Photographer and content creator 📸,Fake
43601,4445,341,6.68,568,96,1,3,DM for collaborations or inquiries!,Fake
1820,3640,225,6.92,179,8,0,8,Entrepreneur & lifestyle blogger,Fake
30861,3741,11,1.58,619,21,1,4,Personal blog | Stay positive ✨,Real
1916,2323,97,8.67,904,53,0,9,Nature lover | Saving the planet 🌍,Fake
27950,1071,166,0.59,760,8,0,5,Check out my website for more updates!,Fake
15275,2975,374,6.760233785820702,944,10,0,10,Follow for daily inspiration 🌟,Fake
21820,4281,339,0.3,40,86,0,1,Personal blog | Stay positive ✨,Fake
18881,2994,235,4.394160985078019,444,20,0,7,Digital nomad living my best life 🌴,Real
38327,3005,205,7.5159872230072065,216,36,0,3,DM for collaborations or inquiries!,Real
32567,4317,259,1.968911022769924,167,40,0,8,Follow for daily inspiration 🌟,Fake
38264,3091,160,4.07,542,80,0,1,Check out my website for more updates!,Real
11250,3381,249,5.08,238,99,0,11,Fitness enthusiast 💪 | Health advocate,Real
21471,1276,250,5.081519754052309,329,81,0,6,Entrepreneur & lifestyle blogger,Real
31198,4919,71,3.64,936,69,0,2,Foodie | Reviews and recipes,Fake
15605,2957,94,9.11,691,2,0,4,Business inquiries? Contact below 👇,Fake
17293,1176,277,0.99,171,5,0,10,Nature lover | Saving the planet 🌍,Real
17135,4048,120,0.41,85,74,0,7,Nature lover | Saving the planet 🌍,Fake
677,913,418,9.29,50,92,0,2,Personal blog | Stay positive ✨,Real
6782,2687,205,5.808245156722881,689,0,1,4,Sharing moments from my journey,Fake
19105,2293,206,7.282409887172736,495,49,1,8,Personal blog | Stay positive ✨,Fake
24556,1009,220,1.5398234059143523,498,46,1,4,Business inquiries? Contact below 👇,Fake
8275,1019,382,7.68,673,61,0,2,Fitness enthusiast 💪 | Health advocate,Real
46005,745,397,3.03,743,48,0,6,Sharing moments from my journey,Fake
41735,4999,497,6.706751651869143,867,12,0,11,Love exploring new places 🌎,Fake
9401,3716,282,5.284047149031106,973,0,1,7,Personal blog | Stay positive ✨,Real
28744,682,122,0.4,630,24,0,7,Business inquiries? Contact below 👇,Fake
41542,1131,409,8.71,783,44,1,10,Entrepreneur & lifestyle blogger,Real
30694,3163,232,3.1,526,32,0,7,DM for collaborations or inquiries!,Real
25359,765,479,9.52,775,13,0,3,Passionate traveler and food lover,Real
442,549,188,7.92,104,73,0,4,Check out my website for more updates!,Fake
39427,3646,201,8.33,295,33,0,4,Entrepreneur & lifestyle blogger,Fake
25063,3320,233,8.11,277,44,0,1,Love exploring new places 🌎,Fake
12132,2207,326,8.037874563363122,581,6,0,7,Digital nomad living my best life 🌴,Fake
22210,2934,287,9.62,107,70,0,8,Passionate traveler and food lover,Fake
25187,3850,120,3.393891063850768,0,69,0,9,Passionate traveler and food lover,Real
21721,4508,237,2.536068050784697,700,21,1,5,Follow for daily inspiration 🌟,Real
29134,4459,112,7.97,819,88,0,5,Foodie | Reviews and recipes,Real
14399,1940,339,3.875350275544117,539,50,1,5,Love exploring new places 🌎,Fake
7237,1024,465,0.19,637,17,0,3,Check out my website for more updates!,Real
12948,1375,103,9.14,849,18,0,7,Fitness enthusiast 💪 | Health advocate,Real
32819,1321,184,2.374782141989797,633,42,1,9,Passionate traveler and food lover,Fake
49073,3666,155,5.22,691,56,0,5,Nature lover | Saving the planet 🌍,Real
39775,3796,201,6.189920994270831,613,50,0,2,Personal blog | Stay positive ✨,Fake
39915,2353,234,8.340003636437519,766,35,1,8,Love exploring new places 🌎,Fake
38678,802,405,5.3,810,55,0,11,Passionate traveler and food lover,Fake
30350,3322,254,1.63,519,5,0,2,Check out my website for more updates!,Real
13023,966,41,2.6090130574803,489,21,0,7,Fitness enthusiast 💪 | Health advocate,Fake
38806,2942,174,7.65,908,8,0,4,Business inquiries? Contact below 👇,Fake
13260,2383,432,8.742238553264835,799,80,1,11,Personal blog | Stay positive ✨,Real
5258,4257,178,6.86,784,49,0,3,Passionate traveler and food lover,Fake
27882,10,57,8.384204393097086,230,75,0,8,Entrepreneur & lifestyle blogger,Fake
1262,2949,250,5.846840137154802,249,72,1,4,Digital nomad living my best life 🌴,Fake
15562,4065,499,5.268004145227515,506,99,0,7,Business inquiries? Contact below 👇,Real
24046,1651,476,3.385880250859692,0,0,0,3,Entrepreneur & lifestyle blogger,Real
46661,1282,489,7.51,450,16,0,4,Business inquiries? Contact below 👇,Real
11420,4305,88,4.85,271,51,0,10,Follow for daily inspiration 🌟,Real
27885,10,258,4.684704942599434,847,19,1,4,Digital nomad living my best life 🌴,Fake
36810,598,409,3.74,854,26,0,2,Fitness enthusiast 💪 | Health advocate,Real
43799,3193,369,1.7494334896779913,789,91,0,6,Fitness enthusiast 💪 | Health advocate,Fake
30585,1659,13,5.26,12,54,0,6,Foodie | Reviews and recipes,Fake
37362,1732,343,6.553936713346175,582,68,0,8,DM for collaborations or inquiries!,Fake
43437,604,472,4.53,14,64,0,5,Fitness enthusiast 💪 | Health advocate,Real
22577,2262,329,3.18,375,23,1,4,Love exploring new places 🌎,Fake
33097,4029,41,4.75,163,94,0,9,Photographer and content creator 📸,Fake
34364,3434,19,6.2,973,18,0,11,Foodie | Reviews and recipes,Fake
23643,658,431,9.52,572,32,0,10,Aspiring artist | Drawing my dreams,Real
43769,4079,25,0.0,591,69,1,9,Foodie | Reviews and recipes,Real
27259,1571,476,3.434355775117511,556,32,0,9,Personal blog | Stay positive ✨,Fake
8984,405,473,6.13,582,72,1,4,Follow for daily inspiration 🌟,Real
26852,3839,318,5.524115708079496,179,27,0,8,Fitness enthusiast 💪 | Health advocate,Real
21155,3757,95,5.74,853,5,0,3,DM for collaborations or inquiries!,Real
38431,2430,437,4.66,268,94,0,9,Sharing moments from my journey,Real
11068,640,346,2.56,613,32,0,10,Fitness enthusiast 💪 | Health advocate,Fake
8612,1224,197,6.23,291,51,0,10,Sharing moments from my journey,Real
42988,371,309,8.04,714,83,0,1,Aspiring artist | Drawing my dreams,Real
42149,4169,309,7.7,713,81,0,7,Entrepreneur & lifestyle blogger,Fake
35811,2824,478,6.8,374,92,0,7,Sharing moments from my journey,Real
23465,461,206,8.33,50,13,0,7,Sharing moments from my journey,Fake
4655,1848,6,1.14,438,31,0,3,Foodie | Reviews and recipes,Real
38531,2567,25,9.66,575,20,0,9,Digital nomad living my best life 🌴,Real
38636,437,200,5.829563335986958,209,74,0,5,DM for collaborations or inquiries!,Real
3454,2442,174,3.46,715,9,0,9,Follow for daily inspiration 🌟,Real
45525,4298,439,1.95,394,68,0,7,Photographer and content creator 📸,Fake
6243,4753,192,0.07,782,52,0,10,Nature lover | Saving the planet 🌍,Real
30135,3319,210,0.0,534,9,0,2,Love exploring new places 🌎,Real
20012,1479,349,4.889603746336006,139,99,0,6,Aspiring artist | Drawing my dreams,Fake
27401,3616,333,7.148625799945626,405,28,1,7,Foodie | Reviews and recipes,Real
19759,724,13,2.95,507,90,0,8,Digital nomad living my best life 🌴,Fake
9007,3248,201,8.585017554130564,999,16,0,9,Personal blog | Stay positive ✨,Real
20671,2464,458,8.27,711,11,0,10,Passionate traveler and food lover,Real
7213,3064,269,6.05,375,0,0,6,Nature lover | Saving the planet 🌍,Fake
53,3427,241,5.873317661872183,769,53,0,6,Aspiring artist | Drawing my dreams,Fake
34971,3928,210,0.0,327,47,0,6,Love exploring new places 🌎,Real
9801,1996,262,5.496754655772845,58,14,0,7,Photographer and content creator 📸,Fake
3200,4159,396,6.77,517,84,0,10,Aspiring artist | Drawing my dreams,Fake
44634,442,390,2.67,332,8,1,4,Check out my website for more updates!,Fake
15439,2906,418,9.86,37,68,0,8,Fitness enthusiast 💪 | Health advocate,Real
4609,2394,182,5.7757797975312055,813,42,1,5,Aspiring artist | Drawing my dreams,Fake
33156,2867,178,10.0,543,99,0,2,Foodie | Reviews and recipes,Fake
15654,4999,499,0.8903473145367808,162,13,1,5,Aspiring artist | Drawing my dreams,Real
2182,807,41,6.76,991,38,0,2,Foodie | Reviews and recipes,Real
20152,524,352,7.05,460,73,0,11,Photographer and content creator 📸,Real
17592,4115,250,6.857855692174841,682,14,1,3,Love exploring new places 🌎,Fake
49237,2340,288,8.228772523367063,485,19,1,4,Foodie | Reviews and recipes,Fake
4078,4999,251,7.942648553419159,722,74,1,6,DM for collaborations or inquiries!,Real
28811,1724,203,8.538477547776868,453,66,0,5,Follow for daily inspiration 🌟,Fake
38134,2845,483,1.81,288,85,0,2,Follow for daily inspiration 🌟,Real
6120,4999,265,3.442126319021925,798,7,0,11,Sharing moments from my journey,Fake
6038,1688,288,7.18,137,5,0,2,Photographer and content creator 📸,Fake
28670,3800,289,7.92,5,98,0,4,Personal blog | Stay positive ✨,Real
35389,1946,177,2.93,128,15,0,2,Aspiring artist | Drawing my dreams,Fake
13045,1540,199,9.97,662,41,0,6,Digital nomad living my best life 🌴,Real
44591,1417,99,6.48,279,62,0,4,Fitness enthusiast 💪 | Health advocate,Fake
18885,2634,139,8.028219458375538,934,64,1,4,Entrepreneur & lifestyle blogger,Fake
12828,2531,127,4.245351732211537,762,68,0,9,Digital nomad living my best life 🌴,Fake
43955,719,0,5.4387361040879485,999,99,1,8,Sharing moments from my journey,Fake
900,2020,391,4.56,997,94,0,3,Aspiring artist | Drawing my dreams,Fake
49998,1349,0,8.45459148889174,999,59,0,3,Passionate traveler and food lover,Real
32928,2432,166,1.24,620,92,0,3,Aspiring artist | Drawing my dreams,Fake
45513,3997,123,8.13,883,55,0,11,Love exploring new places 🌎,Real
3832,3737,426,8.95,119,30,0,10,Entrepreneur & lifestyle blogger,Fake
10483,1744,360,5.014604777298006,735,0,0,6,Aspiring artist | Drawing my dreams,Real
32789,3825,131,7.726255207823589,468,83,0,7,DM for collaborations or inquiries!,Fake
25667,3343,223,4.194291866729437,0,7,1,11,Business inquiries? Contact below 👇,Real
49739,3621,81,7.21,369,3,0,3,Aspiring artist | Drawing my dreams,Fake
27909,680,214,2.045402317898969,900,63,0,11,Passionate traveler and food lover,Fake
39439,789,355,5.73,60,87,0,2,Aspiring artist | Drawing my dreams,Fake
17330,4309,43,1.32,716,75,1,9,Photographer and content creator 📸,Real
9954,1654,411,3.376897042462893,534,84,0,9,Follow for daily inspiration 🌟,Fake
6348,3108,141,6.414997533662897,562,73,1,3,Aspiring artist | Drawing my dreams,Real
5883,2494,340,9.130272272043278,597,64,0,3,Check out my website for more updates!,Real
16987,1435,50,8.42,19,17,0,1,Check out my website for more updates!,Fake
30418,1839,130,6.70826871941269,402,21,0,3,Follow for daily inspiration 🌟,Real
42155,1528,182,4.707536641502058,410,30,1,4,Fitness enthusiast 💪 | Health advocate,Real
6392,4708,491,3.25,242,97,0,9,Nature lover | Saving the planet 🌍,Real
35094,2884,459,7.76,987,68,1,10,Entrepreneur & lifestyle blogger,Fake
7131,1476,242,6.98,379,7,1,4,DM for collaborations or inquiries!,Real
49965,2953,392,10.0,135,73,0,10,Entrepreneur & lifestyle blogger,Fake
42844,1473,407,0.1808184308389657,114,1,1,7,Personal blog | Stay positive ✨,Fake
20025,4154,114,8.64,311,87,0,8,Follow for daily inspiration 🌟,Real
49998,1746,174,3.11440312190925,102,36,0,3,Nature lover | Saving the planet 🌍,Fake
15867,2132,341,6.47,686,5,0,8,Nature lover | Saving the planet 🌍,Real
4105,1604,499,8.6,302,25,0,3,Love exploring new places 🌎,Real
46054,1770,491,1.53,887,67,0,4,Entrepreneur & lifestyle blogger,Real
13445,3039,205,4.41,950,14,0,7,DM for collaborations or inquiries!,Fake
35751,1431,50,5.33,365,17,0,5,Photographer and content creator 📸,Real
37592,4504,320,1.92,275,28,0,9,Nature lover | Saving the planet 🌍,Real
362,2681,412,1.52,466,4,0,9,Personal blog | Stay positive ✨,Fake
1738,3646,309,2.84,916,58,0,11,Entrepreneur & lifestyle blogger,Fake
5220,1565,332,5.61,944,52,0,11,Love exploring new places 🌎,Real
12256,2608,48,6.85,614,3,1,4,Passionate traveler and food lover,Fake
16535,2904,345,3.54,729,18,1,11,Entrepreneur & lifestyle blogger,Real
5702,178,133,3.48,617,49,0,3,Digital nomad living my best life 🌴,Fake
40546,1985,294,5.68,235,53,0,7,Entrepreneur & lifestyle blogger,Fake
34903,965,273,0.0,769,75,0,9,Fitness enthusiast 💪 | Health advocate,Fake
53,1178,172,7.8769455977560385,350,91,1,7,Entrepreneur & lifestyle blogger,Real
45209,4034,474,2.96,935,20,0,9,Business inquiries? Contact below 👇,Real
41356,4666,191,0.11,508,12,0,5,Aspiring artist | Drawing my dreams,Fake
12995,78,186,8.271245856431943,700,66,1,4,Fitness enthusiast 💪 | Health advocate,Fake
3112,4514,184,4.33,804,39,0,10,Foodie | Reviews and recipes,Fake
49436,786,476,2.42,12,84,0,2,Foodie | Reviews and recipes,Real
12830,4431,359,6.85,180,97,0,3,Foodie | Reviews and recipes,Real
36864,3831,273,2.7,330,97,0,8,Entrepreneur & lifestyle blogger,Fake
8635,4193,220,8.67,769,50,0,11,Passionate traveler and food lover,Fake
53,1219,244,6.811161639031337,999,94,0,7,Entrepreneur & lifestyle blogger,Real
7109,2999,368,3.66,502,42,0,4,Business inquiries? Contact below 👇,Fake
21815,3295,391,2.4,23,94,0,5,Personal blog | Stay positive ✨,Fake
36131,1561,266,8.982354254416165,999,33,1,1,Foodie | Reviews and recipes,Real
14104,1337,301,9.12,742,91,0,8,Love exploring new places 🌎,Real
10214,3794,406,4.26,444,20,0,10,Follow for daily inspiration 🌟,Fake
22760,2917,68,6.17345986318778,120,0,0,4,Nature lover | Saving the planet 🌍,Real
26416,4784,236,0.05,458,47,0,11,Nature lover | Saving the planet 🌍,Real
13595,1700,499,5.709197029774334,190,80,0,6,Photographer and content creator 📸,Real
33654,2213,85,6.85,975,30,0,5,Fitness enthusiast 💪 | Health advocate,Fake
20021,2581,51,4.685023407701175,0,66,0,6,Entrepreneur & lifestyle blogger,Real
42181,4618,323,4.83076081801595,484,35,0,5,Foodie | Reviews and recipes,Real
2155,3657,408,2.77,45,41,0,8,Sharing moments from my journey,Real
25610,1973,430,9.34,104,9,0,2,Nature lover | Saving the planet 🌍,Fake
19374,2695,255,6.973598895210223,438,4,0,10,Nature lover | Saving the planet 🌍,Fake
1323,1557,498,5.18,831,46,0,8,Passionate traveler and food lover,Fake
1702,3897,216,4.0,428,67,0,11,Passionate traveler and food lover,Real
21448,3064,178,2.648056272933524,590,0,1,8,Love exploring new places 🌎,Real
42020,1295,40,1.85,454,26,0,8,Fitness enthusiast 💪 | Health advocate,Real
330,3415,423,4.87,860,4,0,2,Personal blog | Stay positive ✨,Fake
49665,2484,218,5.38,567,15,0,2,Foodie | Reviews and recipes,Real
37356,1521,433,4.38,339,58,0,8,Entrepreneur & lifestyle blogger,Fake
9572,2664,409,7.9,786,38,0,3,Business inquiries? Contact below 👇,Real
36410,2977,306,5.74753592281087,582,99,1,4,Check out my website for more updates!,Real
35509,3909,96,8.31,170,90,0,8,Digital nomad living my best life 🌴,Fake
4866,899,139,0.43,244,91,1,9,Fitness enthusiast 💪 | Health advocate,Fake
21584,64,455,0.0,0,23,1,6,Love exploring new places 🌎,Fake
27483,1706,202,5.665919461282398,999,65,0,11,Sharing moments from my journey,Fake
49998,4878,181,1.2706716049187516,505,84,1,7,Love exploring new places 🌎,Fake
29261,4043,192,8.42,938,47,1,7,Entrepreneur & lifestyle blogger,Fake
7973,2747,25,2.96,722,63,0,10,Foodie | Reviews and recipes,Fake
14954,2421,0,7.166334981326703,134,33,0,7,Digital nomad living my best life 🌴,Real
17404,2507,439,4.64,103,14,0,5,DM for collaborations or inquiries!,Fake
21198,3112,386,0.1959666421340378,449,21,1,6,Sharing moments from my journey,Fake
31422,3765,10,7.52,300,70,0,2,DM for collaborations or inquiries!,Fake
15782,2964,353,5.612826040762005,0,29,1,6,Check out my website for more updates!,Fake
7406,1579,413,4.01,542,73,0,5,DM for collaborations or inquiries!,Real
29520,4256,158,6.51,77,87,1,11,Nature lover | Saving the planet 🌍,Fake
47326,1265,209,4.06,870,74,0,7,Sharing moments from my journey,Real
6826,772,42,4.22,315,26,0,5,Passionate traveler and food lover,Fake
39337,1682,4,9.65,695,77,0,9,Nature lover | Saving the planet 🌍,Real
25395,2804,135,3.73,861,28,0,8,Photographer and content creator 📸,Real
36810,1139,354,6.709122767874765,283,57,0,7,Follow for daily inspiration 🌟,Fake
16815,3691,388,0.99,776,59,0,8,Photographer and content creator 📸,Real
20748,2273,198,7.28,661,65,0,8,DM for collaborations or inquiries!,Real
27847,2889,193,4.710324268587372,609,51,0,8,Aspiring artist | Drawing my dreams,Fake
23382,3122,86,8.05,317,79,0,7,Sharing moments from my journey,Real
10826,4612,65,6.73,557,15,1,6,Digital nomad living my best life 🌴,Fake
48064,4017,291,4.77,619,27,0,10,Sharing moments from my journey,Fake
36197,3914,363,3.5124012495612025,423,63,0,3,Passionate traveler and food lover,Real
5186,239,230,0.05,167,21,0,3,Business inquiries? Contact below 👇,Fake
14917,2807,201,5.0,758,31,0,10,Photographer and content creator 📸,Fake
39431,445,52,7.386617691260898,931,18,0,7,DM for collaborations or inquiries!,Fake
35471,3046,415,4.84,862,69,0,3,Digital nomad living my best life 🌴,Fake
2948,3038,421,3.15,748,93,0,2,DM for collaborations or inquiries!,Real
18379,348,437,3.6648839027970297,541,40,1,8,Love exploring new places 🌎,Real
34370,4966,260,3.66,188,97,0,3,Follow for daily inspiration 🌟,Real
27273,4288,499,0.3594719346584618,124,35,0,5,Business inquiries? Contact below 👇,Fake
32005,438,221,9.39,663,71,0,7,Sharing moments from my journey,Real
44108,4218,347,0.16,666,13,0,2,Nature lover | Saving the planet 🌍,Fake
36192,4472,252,5.154566503938597,270,39,0,1,Aspiring artist | Drawing my dreams,Fake
3450,3277,320,2.241783261829552,646,62,1,1,Personal blog | Stay positive ✨,Real
20487,3578,289,8.39,188,51,0,7,Personal blog | Stay positive ✨,Real
10284,850,243,4.842787971562212,956,67,1,9,Nature lover | Saving the planet 🌍,Fake
30869,165,116,4.15,206,39,0,5,Digital nomad living my best life 🌴,Real
44154,1879,47,1.19,392,42,0,8,Passionate traveler and food lover,Fake
13831,2288,212,8.890689235257335,78,72,1,7,Passionate traveler and food lover,Real
4484,3061,297,1.383983749359563,270,60,1,3,Photographer and content creator 📸,Fake
29324,1591,102,5.48,707,23,0,2,Photographer and content creator 📸,Real
48695,3604,399,6.12,781,56,0,10,Follow for daily inspiration 🌟,Real
30906,1204,273,9.92,352,79,0,11,Business inquiries? Contact below 👇,Real
47942,4642,424,3.4168981647636816,660,54,1,2,Entrepreneur & lifestyle blogger,Fake
14590,1158,432,4.61,528,66,0,4,Entrepreneur & lifestyle blogger,Fake
33754,4620,277,7.29,319,75,0,6,Personal blog | Stay positive ✨,Real
46541,1396,283,5.58,881,85,0,8,Business inquiries? Contact below 👇,Real
4805,2633,277,1.16,918,23,0,7,Love exploring new places 🌎,Real
27473,1759,284,7.84,346,52,0,7,Digital nomad living my best life 🌴,Fake
27661,3785,199,7.480181802016999,999,30,0,2,Nature lover | Saving the planet 🌍,Real
1841,3984,123,0.49,711,43,0,11,Foodie | Reviews and recipes,Fake
17017,4057,11,8.143991387234381,667,39,1,2,Nature lover | Saving the planet 🌍,Fake
4074,3288,470,1.95,125,78,1,4,Fitness enthusiast 💪 | Health advocate,Real
18196,1041,267,3.872807459203482,584,99,1,3,Photographer and content creator 📸,Real
25768,2281,409,6.79,415,55,0,6,Entrepreneur & lifestyle blogger,Fake
10324,2982,196,7.579218449868707,302,99,0,7,DM for collaborations or inquiries!,Fake
26835,4999,130,6.199336368185344,312,23,1,3,Business inquiries? Contact below 👇,Real
49998,2230,297,2.061106045248084,194,20,1,9,Follow for daily inspiration 🌟,Fake
34866,4911,334,0.98,363,62,0,6,Sharing moments from my journey,Real
29868,2514,175,6.248326065453721,635,66,1,10,Passionate traveler and food lover,Fake
23766,3239,95,5.23,898,24,0,5,Digital nomad living my best life 🌴,Real
811,140,95,3.09,516,80,0,2,Passionate traveler and food lover,Real
18481,2153,447,10.0,759,18,0,7,Sharing moments from my journey,Real
46829,2377,403,8.98,549,48,0,3,Entrepreneur & lifestyle blogger,Real
23061,3578,231,9.6,843,23,0,6,Aspiring artist | Drawing my dreams,Fake
26081,3649,209,2.307110216955349,988,77,0,8,Follow for daily inspiration 🌟,Real
29017,1402,428,9.81,798,97,0,4,Business inquiries? Contact below 👇,Real
36830,2319,246,8.35,317,89,0,11,Passionate traveler and food lover,Real
36902,2397,98,2.948492661632641,716,95,0,8,Nature lover | Saving the planet 🌍,Fake
37803,4135,223,9.87,532,19,0,2,Foodie | Reviews and recipes,Fake
27690,2899,432,5.716581031089143,403,33,0,9,Fitness enthusiast 💪 | Health advocate,Real
28239,4650,119,2.56,678,23,0,9,Check out my website for more updates!,Real
33876,4534,65,7.18,824,93,0,4,Business inquiries? Contact below 👇,Fake
38438,2382,113,3.837068907213826,569,84,1,3,Foodie | Reviews and recipes,Real
10314,4895,360,9.43,667,84,0,7,Entrepreneur & lifestyle blogger,Fake
49198,4258,273,1.52,419,15,0,9,Love exploring new places 🌎,Fake
10174,2146,262,8.9,667,49,0,9,Digital nomad living my best life 🌴,Fake
39602,4600,213,5.87,156,94,0,11,Fitness enthusiast 💪 | Health advocate,Real
15428,1446,352,6.307677947468713,210,46,1,11,Fitness enthusiast 💪 | Health advocate,Real
19952,3924,238,5.828115013361179,765,68,0,7,Passionate traveler and food lover,Real
23051,999,132,1.26,129,56,0,2,Entrepreneur & lifestyle blogger,Real
44879,334,484,3.08,372,26,0,6,Business inquiries? Contact below 👇,Fake
10221,250,439,1.31,815,79,0,4,Follow for daily inspiration 🌟,Real
39440,4880,383,2.0,885,18,0,9,Photographer and content creator 📸,Fake
14257,1722,135,6.48,95,95,0,2,Fitness enthusiast 💪 | Health advocate,Fake
31293,4114,414,2.97,753,78,1,2,Aspiring artist | Drawing my dreams,Real
45929,3266,436,7.93,610,93,0,11,Digital nomad living my best life 🌴,Fake
39101,2176,393,5.1410674947938855,514,38,0,10,Follow for daily inspiration 🌟,Fake
29547,1757,233,5.006673541407675,703,26,0,4,Personal blog | Stay positive ✨,Real
33625,730,236,5.13,614,99,0,2,Nature lover | Saving the planet 🌍,Real
15501,1524,71,7.53,878,6,0,7,Sharing moments from my journey,Real
35904,3410,438,10.0,820,70,1,11,Fitness enthusiast 💪 | Health advocate,Fake
36342,876,234,4.6413325704996735,834,62,1,5,Fitness enthusiast 💪 | Health advocate,Fake
5483,2143,293,5.160821494669,708,25,0,7,Photographer and content creator 📸,Real
21112,1598,280,5.1,190,52,0,9,Personal blog | Stay positive ✨,Real
18263,1908,261,2.79,265,4,0,8,Nature lover | Saving the planet 🌍,Fake
2848,2682,402,7.88,516,91,0,7,Entrepreneur & lifestyle blogger,Fake
9791,3984,204,9.76,568,15,0,9,Check out my website for more updates!,Fake
27784,447,397,8.77,883,81,0,10,Business inquiries? Contact below 👇,Fake
3030,2649,141,9.952162553226232,293,35,0,10,Sharing moments from my journey,Real
44550,3070,245,4.920770930502155,464,52,1,4,Love exploring new places 🌎,Real
3294,4258,49,5.27,293,93,0,6,Business inquiries? Contact below 👇,Fake
31849,3362,29,2.21,219,21,0,4,Aspiring artist | Drawing my dreams,Fake
19358,2113,200,3.18,810,75,0,6,Aspiring artist | Drawing my dreams,Real
13501,894,97,1.75,76,11,0,3,Love exploring new places 🌎,Real
16587,2226,374,3.37,843,71,0,3,Passionate traveler and food lover,Fake
11451,308,479,9.199357163964258,701,71,0,6,Check out my website for more updates!,Real
22047,2561,490,6.63,806,86,0,7,Love exploring new places 🌎,Fake
27289,2872,0,3.77670536670174,555,78,1,11,Follow for daily inspiration 🌟,Real
786,4761,36,1.48,766,25,0,11,Personal blog | Stay positive ✨,Real
3661,1532,98,5.11,446,76,0,3,Digital nomad living my best life 🌴,Real
53,140,202,0.0,158,76,0,7,Aspiring artist | Drawing my dreams,Fake
44641,433,249,4.99,581,8,1,5,Check out my website for more updates!,Real
37408,2029,49,4.28,792,25,0,5,Passionate traveler and food lover,Fake
49353,3348,393,2.23,823,46,0,10,Follow for daily inspiration 🌟,Real
17898,3086,13,4.19411474570796,850,99,0,8,Business inquiries? Contact below 👇,Fake
18578,2900,0,9.560624734214024,699,27,1,7,Follow for daily inspiration 🌟,Fake
24266,2467,468,1.02,192,78,0,10,Passionate traveler and food lover,Fake
6917,1895,429,9.59,971,97,0,2,Check out my website for more updates!,Real
5858,3205,154,1.5862967238263166,438,56,1,1,DM for collaborations or inquiries!,Fake
31007,3764,169,6.172087431457728,519,13,1,5,Nature lover | Saving the planet 🌍,Real
43128,3676,437,3.68,527,45,0,5,Personal blog | Stay positive ✨,Real
21590,4266,406,4.79,452,47,0,9,Entrepreneur & lifestyle blogger,Real
23655,2620,166,5.59,370,39,1,2,Entrepreneur & lifestyle blogger,Real
30443,3504,286,6.3,215,87,0,11,Follow for daily inspiration 🌟,Real
23330,775,226,3.2,712,50,0,4,Nature lover | Saving the planet 🌍,Real
53,2603,245,3.2241376945363656,0,15,0,6,Personal blog | Stay positive ✨,Real
8018,10,141,8.489717760810779,365,34,0,2,Follow for daily inspiration 🌟,Fake
32116,1440,199,5.59,683,86,0,8,Foodie | Reviews and recipes,Real
17811,1859,414,4.397270350943511,810,55,0,7,Personal blog | Stay positive ✨,Real
35899,3895,441,2.9762573917579207,530,53,0,8,Follow for daily inspiration 🌟,Fake
44732,2980,377,7.94,581,77,0,4,Check out my website for more updates!,Real
27616,3674,467,7.385633968188708,0,82,1,6,Foodie | Reviews and recipes,Real
23312,4999,41,1.689563469638999,366,50,0,3,Love exploring new places 🌎,Fake
12945,3722,376,7.815292900428517,953,10,1,8,Business inquiries? Contact below 👇,Real
43101,1116,126,9.02,543,14,0,2,Nature lover | Saving the planet 🌍,Real
23333,1750,337,3.5292977830588543,537,5,0,9,Entrepreneur & lifestyle blogger,Fake
41749,669,241,4.75,124,24,0,8,Business inquiries? Contact below 👇,Fake
49460,135,366,3.77,689,8,0,2,Foodie | Reviews and recipes,Fake
14242,4687,219,4.58,305,39,0,10,Follow for daily inspiration 🌟,Fake
40138,3162,480,9.97,250,35,0,2,Entrepreneur & lifestyle blogger,Fake
39094,1994,69,9.14,161,81,0,4,Check out my website for more updates!,Real
43597,3535,367,4.02,24,30,0,5,Business inquiries? Contact below 👇,Fake
15017,4999,162,8.161777435083721,241,74,1,7,Entrepreneur & lifestyle blogger,Fake
17863,2509,196,4.82,891,73,0,3,Entrepreneur & lifestyle blogger,Fake
8945,3380,102,7.75,842,35,0,3,Foodie | Reviews and recipes,Real
40572,3458,171,3.56,96,31,0,6,Aspiring artist | Drawing my dreams,Real
27270,1863,0,6.700141746396407,838,5,0,3,Fitness enthusiast 💪 | Health advocate,Fake
35068,1526,27,3.55,457,47,0,8,Sharing moments from my journey,Fake
4970,4412,464,4.79,154,16,0,10,Fitness enthusiast 💪 | Health advocate,Fake
31821,2841,294,4.309172164030654,438,36,1,6,Digital nomad living my best life 🌴,Fake
38605,4131,30,4.01,363,83,1,8,Entrepreneur & lifestyle blogger,Fake
36373,3898,56,4.8,323,73,0,3,Love exploring new places 🌎,Fake
32859,4639,493,9.79,643,38,0,10,Check out my website for more updates!,Fake
22412,1503,110,6.61,671,0,0,2,Photographer and content creator 📸,Fake
1787,1115,198,8.17,844,70,0,3,Entrepreneur & lifestyle blogger,Fake
14760,2561,154,6.41,301,75,0,8,Love exploring new places 🌎,Real
11896,1170,185,0.2217764549438232,579,22,0,9,Foodie | Reviews and recipes,Fake
21604,1254,407,5.27,333,30,0,3,Passionate traveler and food lover,Real
25625,1325,196,7.68,3,12,0,8,Foodie | Reviews and recipes,Real
47604,1995,119,7.209601406903838,675,62,1,8,Passionate traveler and food lover,Fake
24095,4454,459,9.6,56,66,0,11,Fitness enthusiast 💪 | Health advocate,Real
22627,2277,324,5.69,438,54,0,11,Passionate traveler and food lover,Real
12446,203,72,4.51,953,50,0,11,Business inquiries? Contact below 👇,Real
45934,3544,322,8.34,536,62,0,10,Personal blog | Stay positive ✨,Real
21683,3779,123,5.391302032299653,569,12,0,5,Fitness enthusiast 💪 | Health advocate,Real
34265,2388,458,5.46,95,19,1,7,Aspiring artist | Drawing my dreams,Fake
1721,2828,62,3.87,9,23,0,10,Entrepreneur & lifestyle blogger,Fake
41583,2112,240,5.03,541,19,0,9,Passionate traveler and food lover,Fake
39323,1036,98,7.22,181,99,0,3,Passionate traveler and food lover,Fake
10496,2909,480,1.26,404,73,0,10,Nature lover | Saving the planet 🌍,Real
6215,3445,273,2.0287741721068957,350,39,0,6,DM for collaborations or inquiries!,Real
29202,4999,295,4.774467277485436,510,6,1,6,Personal blog | Stay positive ✨,Real
11769,3908,257,7.08,889,26,0,4,Entrepreneur & lifestyle blogger,Fake
33792,3561,150,2.85,800,31,0,7,Business inquiries? Contact below 👇,Fake
35346,4136,426,1.81,454,3,0,5,Entrepreneur & lifestyle blogger,Fake
30592,3780,479,6.27,378,78,0,9,Digital nomad living my best life 🌴,Fake
17913,2155,309,0.7639282800210978,321,67,0,9,Passionate traveler and food lover,Fake
23074,4015,226,7.74,437,28,0,11,Check out my website for more updates!,Real
31562,1381,166,0.99,934,50,0,9,Photographer and content creator 📸,Fake
7406,3872,367,9.92,242,22,1,10,Photographer and content creator 📸,Fake
23625,455,220,9.1,3,41,1,1,Nature lover | Saving the planet 🌍,Real
48913,1186,420,7.46,498,23,0,7,Nature lover | Saving the planet 🌍,Real
27928,2545,370,2.957144330685426,636,83,0,5,Check out my website for more updates!,Fake
43274,1742,251,1.45,559,70,0,9,Nature lover | Saving the planet 🌍,Real
1647,1607,330,7.49,686,58,0,6,Business inquiries? Contact below 👇,Real
4758,4163,298,0.467043799505678,615,99,0,9,Love exploring new places 🌎,Real
517,3225,401,3.01,283,99,0,7,Sharing moments from my journey,Fake
31277,96,358,3.32,55,46,0,3,Digital nomad living my best life 🌴,Real
40515,4303,499,7.676676035138595,331,50,1,6,Passionate traveler and food lover,Fake
41767,3698,293,5.881924259602195,323,2,0,7,Nature lover | Saving the planet 🌍,Fake
1357,2905,295,2.33,826,35,0,6,Nature lover | Saving the planet 🌍,Real
48624,2055,346,2.24,431,1,1,9,Foodie | Reviews and recipes,Fake
2113,2952,46,6.1938344474314615,200,40,0,9,Digital nomad living my best life 🌴,Real
1771,1983,94,9.46,282,13,0,4,Nature lover | Saving the planet 🌍,Real
3938,4999,212,4.485589934245455,114,69,0,8,Passionate traveler and food lover,Real
24499,4206,499,7.46,257,92,0,4,Nature lover | Saving the planet 🌍,Fake
3158,1492,212,2.91,400,80,0,2,Business inquiries? Contact below 👇,Real
25148,1958,352,3.75,249,31,0,4,Follow for daily inspiration 🌟,Fake
860,4221,34,7.48,655,76,0,5,Digital nomad living my best life 🌴,Fake
14311,1885,435,6.921632485930325,730,0,0,2,Digital nomad living my best life 🌴,Real
37954,4391,413,8.22,69,77,0,9,DM for collaborations or inquiries!,Real
15229,3752,310,0.54,836,82,0,2,Foodie | Reviews and recipes,Fake
19566,4999,382,4.981892246665797,846,50,1,10,Photographer and content creator 📸,Real
33718,2465,231,0.0444197413732716,0,65,0,3,Business inquiries? Contact below 👇,Fake
10893,2471,351,0.0,442,58,1,10,Business inquiries? Contact below 👇,Fake
48977,4684,488,3.38,592,88,0,7,Foodie | Reviews and recipes,Real
18434,702,81,5.0012114609460046,0,57,1,11,Sharing moments from my journey,Fake
18154,1724,31,5.79,324,68,0,4,Photographer and content creator 📸,Fake
3893,3960,489,2.15,881,74,0,6,Check out my website for more updates!,Fake
40388,4040,91,4.16,398,22,0,5,Foodie | Reviews and recipes,Real
39707,1024,307,4.18,212,44,0,2,Business inquiries? Contact below 👇,Real
33759,1201,300,0.29,932,15,0,5,Check out my website for more updates!,Real
37077,1770,278,8.57486983594575,497,9,1,5,Sharing moments from my journey,Fake
20064,3485,222,5.710866465737828,289,64,0,11,Check out my website for more updates!,Fake
11171,179,495,0.31,883,92,0,8,Personal blog | Stay positive ✨,Real
24406,3837,373,3.349526709752549,93,40,0,8,Foodie | Reviews and recipes,Fake
31881,2424,234,2.8712949275612827,931,55,0,7,Check out my website for more updates!,Fake
23307,979,73,2.04,553,16,0,4,Personal blog | Stay positive ✨,Fake
27632,3252,249,5.54,356,26,0,7,Digital nomad living my best life 🌴,Fake
10947,449,379,8.481726433583615,407,0,1,8,Business inquiries? Contact below 👇,Fake
28291,1662,433,4.52,272,39,0,10,Business inquiries? Contact below 👇,Fake
25687,1871,348,0.73,207,10,0,2,DM for collaborations or inquiries!,Real
21538,3684,406,6.1740388448427055,694,13,0,7,Love exploring new places 🌎,Real
18800,855,92,4.58,558,44,0,2,Aspiring artist | Drawing my dreams,Fake
28458,3636,50,0.92,505,70,0,6,Sharing moments from my journey,Fake
34233,4999,260,4.297016160862569,285,52,0,7,Foodie | Reviews and recipes,Real
33132,3744,235,6.599226348694974,406,21,0,11,Personal blog | Stay positive ✨,Fake
33932,2961,301,7.89,900,65,0,5,Sharing moments from my journey,Fake
20154,1482,84,7.141568397983447,316,74,0,10,Nature lover | Saving the planet 🌍,Real
21307,2591,59,6.02,225,37,0,8,Check out my website for more updates!,Real
3391,943,310,8.58,701,66,0,10,Entrepreneur & lifestyle blogger,Fake
9802,3005,239,9.708356808136244,165,0,1,5,Love exploring new places 🌎,Fake
10386,4892,65,8.09,662,18,0,5,Foodie | Reviews and recipes,Fake
45818,2351,215,6.0,38,70,0,2,Aspiring artist | Drawing my dreams,Real
23072,2075,265,5.350014341298089,641,51,1,1,DM for collaborations or inquiries!,Real
23855,1580,376,1.43,862,29,0,8,Follow for daily inspiration 🌟,Real
796,3187,430,2.5,498,65,0,6,Check out my website for more updates!,Fake
12293,4820,303,2.11,284,23,0,4,Love exploring new places 🌎,Real
28318,3362,282,5.63,520,28,0,4,Follow for daily inspiration 🌟,Real
8127,3816,279,7.1,536,86,0,1,Follow for daily inspiration 🌟,Real
4636,2509,117,4.88,75,48,0,8,Fitness enthusiast 💪 | Health advocate,Real
18309,402,174,6.55,270,57,0,10,Entrepreneur & lifestyle blogger,Fake
16194,102,123,6.42,898,26,0,3,Personal blog | Stay positive ✨,Fake
41443,1723,144,3.3665888092510747,524,71,0,5,Nature lover | Saving the planet 🌍,Fake
749,3527,147,6.46,917,74,0,5,Aspiring artist | Drawing my dreams,Real
49998,4271,375,8.021407591683715,365,55,1,10,Check out my website for more updates!,Fake
29624,3465,496,2.8745685366483427,652,28,1,5,Business inquiries? Contact below 👇,Fake
14689,2331,355,7.807515862246715,999,40,1,7,Passionate traveler and food lover,Fake
11417,1283,190,4.03,778,23,0,6,Business inquiries? Contact below 👇,Real
9018,3694,369,6.11,939,69,0,7,Sharing moments from my journey,Real
35028,4026,477,5.51,298,3,0,3,Photographer and content creator 📸,Real
33787,2476,129,1.9,608,56,0,7,DM for collaborations or inquiries!,Fake
27895,1730,177,2.62,41,41,0,10,Fitness enthusiast 💪 | Health advocate,Real
34120,1703,486,5.15,159,38,0,4,Check out my website for more updates!,Fake
21678,3680,239,7.89047054837208,731,71,0,11,Photographer and content creator 📸,Real
2110,1404,100,8.39,317,21,0,10,DM for collaborations or inquiries!,Real
42750,4825,393,2.97,35,27,1,4,Sharing moments from my journey,Real
16265,3880,329,5.330694130140051,681,13,0,9,Passionate traveler and food lover,Real
2506,3678,193,7.36,283,89,0,4,Follow for daily inspiration 🌟,Fake
4602,4124,182,8.27,252,96,0,9,Sharing moments from my journey,Fake
38783,2915,240,5.228000119229552,630,81,1,9,Business inquiries? Contact below 👇,Real
19657,4976,333,2.75,308,86,0,10,Business inquiries? Contact below 👇,Real
3612,1480,347,2.08,201,61,0,3,Personal blog | Stay positive ✨,Real
33066,3375,168,1.6118135942032326,817,68,1,7,Aspiring artist | Drawing my dreams,Fake
30615,3430,222,5.0621292417538974,809,60,1,7,Photographer and content creator 📸,Fake
18447,1554,48,2.9093250434937925,317,52,1,7,Nature lover | Saving the planet 🌍,Fake
28136,3934,13,7.75,509,45,1,7,Digital nomad living my best life 🌴,Real
16571,537,66,4.12,58,23,0,9,Business inquiries? Contact below 👇,Fake
31353,4133,486,0.5,771,41,0,5,Love exploring new places 🌎,Fake
42531,3821,31,6.96,598,3,0,8,Aspiring artist | Drawing my dreams,Fake
12602,1043,240,3.7304294406016183,83,79,0,8,Fitness enthusiast 💪 | Health advocate,Fake
37338,1589,230,5.278882693721124,897,40,1,7,Check out my website for more updates!,Real
25987,1303,42,5.806177774758166,315,57,0,6,Passionate traveler and food lover,Real
14147,187,90,2.36,541,13,0,3,Fitness enthusiast 💪 | Health advocate,Real
7745,4150,222,0.32,336,76,0,9,Fitness enthusiast 💪 | Health advocate,Fake
13671,3076,172,3.565453711033606,636,79,1,2,Love exploring new places 🌎,Fake
34234,3819,49,0.48,953,79,0,9,Follow for daily inspiration 🌟,Real
39421,2524,281,7.171386783094594,582,44,0,2,Photographer and content creator 📸,Fake
27408,812,390,8.05,868,75,0,9,Sharing moments from my journey,Real
27288,2615,264,4.14,890,85,1,3,Sharing moments from my journey,Fake
2839,1595,92,4.55,916,46,0,10,Personal blog | Stay positive ✨,Real
39185,3319,401,5.39,812,35,0,6,Personal blog | Stay positive ✨,Fake
37372,2121,402,3.89,648,34,0,6,Love exploring new places 🌎,Fake
23831,4209,300,2.9892169278427927,173,22,1,1,Sharing moments from my journey,Fake
34713,1094,223,5.9,661,26,0,6,Foodie | Reviews and recipes,Real
17302,4481,123,0.83,441,56,0,2,Photographer and content creator 📸,Fake
12908,297,295,0.4815121142393535,581,63,1,10,Foodie | Reviews and recipes,Fake
15845,3188,313,1.8,881,57,0,6,Aspiring artist | Drawing my dreams,Real
49063,4163,471,1.58,81,20,0,7,Fitness enthusiast 💪 | Health advocate,Fake
16155,4279,319,4.41,383,63,0,5,Sharing moments from my journey,Real
16340,2217,0,7.236381740662061,347,99,0,8,Entrepreneur & lifestyle blogger,Fake
37754,2261,200,1.113897496581547,682,32,1,9,Love exploring new places 🌎,Fake
19260,3932,486,5.680227028934964,675,69,0,6,Sharing moments from my journey,Fake
23759,311,114,2.5,667,11,0,4,Sharing moments from my journey,Fake
10227,4110,32,1.32,792,86,0,10,Fitness enthusiast 💪 | Health advocate,Fake
5892,3144,291,8.65187721093522,612,62,1,4,Love exploring new places 🌎,Real
29270,3927,146,8.95,256,77,0,2,Fitness enthusiast 💪 | Health advocate,Fake
32744,384,171,7.979817228220087,534,7,1,1,Photographer and content creator 📸,Real
45347,300,213,8.21,815,85,0,9,Sharing moments from my journey,Fake
21466,4999,264,3.626196388577847,540,9,0,6,Love exploring new places 🌎,Real
38198,3261,265,7.724117712189461,591,27,0,7,Business inquiries? Contact below 👇,Fake
5243,2146,133,9.86,44,44,0,4,Nature lover | Saving the planet 🌍,Fake
13593,1235,190,0.0,342,92,0,11,Entrepreneur & lifestyle blogger,Fake
22514,2183,305,3.86,54,60,0,3,Follow for daily inspiration 🌟,Fake
33446,1996,352,9.37,607,21,0,5,Love exploring new places 🌎,Fake
24970,687,149,6.54,85,83,0,10,Sharing moments from my journey,Real
24515,1583,106,7.904209118017153,504,56,0,11,DM for collaborations or inquiries!,Real
32932,3204,156,3.29,559,1,1,7,Photographer and content creator 📸,Fake
16708,2896,430,6.68,817,64,0,3,Business inquiries? Contact below 👇,Fake
44156,4663,89,3.67,899,62,0,10,Love exploring new places 🌎,Real
8913,4753,173,6.678692766705126,433,61,0,11,Business inquiries? Contact below 👇,Real
15758,1009,351,9.203306874217176,746,67,0,7,Business inquiries? Contact below 👇,Real
40087,2738,225,3.26,852,89,0,9,Follow for daily inspiration 🌟,Fake
17296,856,212,8.26,330,20,0,11,Personal blog | Stay positive ✨,Fake
38724,1714,498,9.88,960,79,0,4,Check out my website for more updates!,Real
34519,262,370,8.89,104,28,0,6,Love exploring new places 🌎,Fake
36363,2527,376,5.59,154,18,0,11,Follow for daily inspiration 🌟,Fake
22394,4748,454,4.32,608,96,0,3,Passionate traveler and food lover,Real
44564,3744,165,0.58,340,49,0,9,Foodie | Reviews and recipes,Real
31462,2696,163,4.645098856018079,489,13,0,9,Aspiring artist | Drawing my dreams,Fake
13210,4328,483,7.33,183,22,0,5,Aspiring artist | Drawing my dreams,Fake
10745,3819,441,7.88,294,69,0,3,Fitness enthusiast 💪 | Health advocate,Fake
19929,1194,384,9.73786817861573,674,58,1,7,Personal blog | Stay positive ✨,Fake
10775,3037,279,3.7828285289020833,411,53,0,3,Follow for daily inspiration 🌟,Fake
35973,289,98,5.85,587,22,0,6,Entrepreneur & lifestyle blogger,Real
29084,3601,82,6.54,691,22,0,3,Aspiring artist | Drawing my dreams,Fake
41597,2108,454,6.25,482,26,0,10,Love exploring new places 🌎,Fake
21043,1413,439,7.64,992,38,0,2,Sharing moments from my journey,Fake
33604,1322,194,6.64,352,47,0,6,Photographer and content creator 📸,Real
3869,4975,114,7.26,310,14,0,3,Nature lover | Saving the planet 🌍,Real
42988,2233,129,9.041681612448198,88,80,0,5,Entrepreneur & lifestyle blogger,Fake
36431,2236,0,8.266002453472469,631,48,1,4,Fitness enthusiast 💪 | Health advocate,Fake
19983,2696,28,1.43,139,90,0,5,Entrepreneur & lifestyle blogger,Real
25726,1155,344,4.28,270,72,1,3,Business inquiries? Contact below 👇,Real
13879,3216,262,2.46,343,56,0,3,Follow for daily inspiration 🌟,Fake
3421,648,229,0.57,907,94,0,2,Passionate traveler and food lover,Fake
12601,3858,17,9.06,881,46,0,7,Passionate traveler and food lover,Fake
14002,2030,78,4.857054491483757,481,22,0,5,Photographer and content creator 📸,Real
23147,1898,316,8.33,436,46,1,6,Nature lover | Saving the planet 🌍,Fake
38888,3225,313,2.15,818,13,0,6,Passionate traveler and food lover,Real
12606,1362,468,7.172678498615012,497,49,1,11,Personal blog | Stay positive ✨,Fake
35966,776,435,5.7,502,66,1,6,Entrepreneur & lifestyle blogger,Real
26120,3102,386,8.864902792553718,123,70,0,9,Foodie | Reviews and recipes,Real
25020,299,81,5.9,885,69,0,8,Follow for daily inspiration 🌟,Real
20849,2454,280,5.889373682031602,517,84,1,3,Passionate traveler and food lover,Fake
21151,3951,220,0.2,454,94,0,8,Sharing moments from my journey,Real
43518,798,401,3.53,20,67,0,10,Digital nomad living my best life 🌴,Real
25349,3946,140,5.33,624,5,0,5,Personal blog | Stay positive ✨,Fake
34413,3448,310,4.35,366,52,0,4,Digital nomad living my best life 🌴,Fake
22108,3551,345,2.43,870,51,0,10,Entrepreneur & lifestyle blogger,Fake
29568,4999,396,5.064563249073041,621,66,1,7,DM for collaborations or inquiries!,Real
43418,820,125,0.02,301,49,0,4,Check out my website for more updates!,Real
2829,388,29,0.61,511,54,1,1,Sharing moments from my journey,Fake
9434,2790,87,7.558662095672181,526,58,0,6,Fitness enthusiast 💪 | Health advocate,Fake
20850,3913,410,2.08,161,17,0,7,Business inquiries? Contact below 👇,Fake
46837,2085,392,6.04,407,86,0,1,Nature lover | Saving the planet 🌍,Real
17389,2195,90,1.42,774,31,0,4,Love exploring new places 🌎,Real
29062,3584,86,0.0,629,87,1,6,Personal blog | Stay positive ✨,Fake
43410,248,342,9.13,139,35,0,4,Foodie | Reviews and recipes,Real
11232,2469,100,9.971207461753195,647,21,1,1,Business inquiries? Contact below 👇,Real
24415,838,454,8.888738453137478,148,56,1,5,Love exploring new places 🌎,Fake
9328,3327,207,5.72,140,22,0,4,Photographer and content creator 📸,Fake
21182,4501,340,5.13,478,92,0,3,Sharing moments from my journey,Fake
42721,1382,71,8.48,370,20,0,11,Aspiring artist | Drawing my dreams,Fake
3339,42,75,7.36,262,1,0,9,Aspiring artist | Drawing my dreams,Real
32124,2859,423,9.67,648,42,0,6,Love exploring new places 🌎,Real
14722,4475,432,7.8826885669504385,657,99,0,3,Digital nomad living my best life 🌴,Real
26999,1827,67,5.49,117,23,0,5,Fitness enthusiast 💪 | Health advocate,Real
39427,926,286,1.08,403,91,0,4,Love exploring new places 🌎,Fake
37216,2218,499,4.299602990118918,201,0,1,3,Fitness enthusiast 💪 | Health advocate,Fake
6782,338,221,6.66,694,77,0,2,Personal blog | Stay positive ✨,Real
25337,2037,301,1.02,371,73,0,3,Foodie | Reviews and recipes,Real
41865,1663,179,1.45,605,52,0,5,Nature lover | Saving the planet 🌍,Fake
28187,2734,284,2.0525873978030824,628,91,0,2,Personal blog | Stay positive ✨,Fake
39311,2106,258,3.73,530,45,0,4,Photographer and content creator 📸,Fake
18256,544,448,4.550789733649669,778,6,0,9,Follow for daily inspiration 🌟,Fake
45392,795,232,9.84,812,74,1,3,Nature lover | Saving the planet 🌍,Fake
42438,2186,343,7.4,851,39,0,11,Photographer and content creator 📸,Fake
672,2657,419,4.378206207400186,811,42,1,4,Foodie | Reviews and recipes,Fake
21963,2755,167,4.653501478693889,441,57,1,7,Photographer and content creator 📸,Real
14962,4463,154,6.15,459,92,1,7,DM for collaborations or inquiries!,Fake
38377,1473,475,1.49,724,70,0,4,Business inquiries? Contact below 👇,Real
26345,2808,108,8.88,1,27,0,7,Passionate traveler and food lover,Fake
45121,1506,103,6.4,609,26,0,8,Digital nomad living my best life 🌴,Real
17935,549,452,3.68,888,37,0,11,Personal blog | Stay positive ✨,Fake
21456,10,366,2.494905928412455,318,14,0,3,Sharing moments from my journey,Fake
34434,4999,232,0.0,758,36,0,6,Sharing moments from my journey,Real
23081,3683,11,7.8,176,31,1,6,Foodie | Reviews and recipes,Fake
786,4701,259,0.01,607,74,0,10,DM for collaborations or inquiries!,Real
14935,3667,245,9.51,710,91,0,11,Digital nomad living my best life 🌴,Fake
38125,2335,297,2.76,227,34,0,11,Digital nomad living my best life 🌴,Real
7295,4950,362,1.65,242,54,0,6,Fitness enthusiast 💪 | Health advocate,Real
32030,4999,318,6.7386400064047205,323,30,1,4,Sharing moments from my journey,Fake
